,0,1,2,3,4,5
0,-1.6319906609207204,-1.2430668579791095,2.0496293147151317,2.383183104979805,-0.7920919959673904,-0.03355646829905057
1,-1.402964279874611,-1.2537712319857435,2.0657813501491358,2.3697811069038535,-1.0208986812096255,-0.02073867434661958
2,-1.1687332280736338,-1.258253724313257,2.0725073247418386,2.363392984474986,-1.2549615617349557,-0.010925766751666899
3,-0.9314910018710165,-1.25589050673915,2.0690143365460507,2.36284526836719,-1.4920581571656197,-0.002427666863940914
4,-0.69380221406941,-1.246749380047744,2.0553536605458103,2.3676951888571356,-1.7296064961960051,0.005768140343076045
5,-0.4582294102957407,-1.2314937621536401,2.0323047913175536,2.3778999766647715,-1.9650289747685883,0.014540071390610088
6,-0.2269763132658058,-1.2112714757726462,2.0012961985049316,2.3938398548669015,-2.1961022803638564,0.025030703261114784
7,-0.0016552843694195296,-1.187655443676731,1.9644207419927655,2.416788572253992,-2.421177979079997,0.03934316715795916
8,0.21678239599223836,-1.1628970983485782,1.9248769407453894,2.4508307264108105,-2.6392148007854312,0.0627200426346799
9,0.42798424873146335,-1.141980523237784,1.8898065742735497,2.513047705366467,-2.849526726659471,0.11455187242716258
10,-1.5987566070689987,-1.157528682122121,1.9167851804380893,2.4289858714922072,-0.8252887401936433,-0.03137963917184994
11,-1.372251260090591,-1.1679947975251201,1.9335764867286107,2.415485300287804,-1.051587340176642,-0.01931725398988071
12,-1.14138547325729,-1.1723750775322839,1.9405740401878795,2.4091416262553063,-1.2822916970258145,-0.009897617299893025
13,-0.9080876341056419,-1.1701378370991913,1.9370431849046108,2.409009783716373,-1.5154477209242556,-0.0016221417507122915
14,-0.6745630828065603,-1.1613432810869952,1.923041053856224,2.4147154015346715,-1.7488340040216608,0.006446414808269907
15,-0.4430002513392539,-1.146570184320999,1.8993203229377178,2.426201822074926,-1.9802475761029348,0.015156123868182991
16,-0.2152920074408109,-1.126842080935921,1.8672750909800815,2.4437939989186237,-2.2077760590819087,0.025644911477567867
17,0.007150608270249492,-1.1036126538602673,1.8289945760419606,2.4687002936911675,-2.429971865962581,0.040043487651057585
18,0.22346256920489882,-1.0790679366132485,1.7877841047789635,2.504971858864449,-2.645877832334195,0.06371937468562683
19,0.4332859823748909,-1.0583101006590594,1.7513607586431945,2.5699606056477204,-2.8547901273000558,0.11678213680075622
20,-1.5714580228237893,-1.072545728630613,1.7773429342980407,2.4823150855508294,-0.8525583444957614,-0.029688859152048774
21,-1.3471227020875352,-1.0830069142444367,1.7949563007128786,2.4685710291127796,-1.0766965958278982,-0.0181909749415623
22,-1.1190607182964225,-1.0873832386674493,1.8023000164701024,2.462197372628001,-1.3046022804608537,-0.009070664407321516
23,-0.8889880698960986,-1.0852044830713505,1.7986798143406126,2.462409771705052,-1.5345360468185614,-0.0009663355822873143
24,-0.6588349247680934,-1.0765249290902106,1.7841551966875908,2.468886039325506,-1.764552600240833,0.007004384543093156
25,-0.4305070157168909,-1.0618644619872555,1.7594564349184916,2.481566538617276,-1.9927320462667852,0.01566759892237579
26,-0.20566084523336503,-1.0421604969459288,1.7259520071269812,2.5007433834480883,-2.217398406345554,0.026159219325011307
27,0.014449814840853392,-1.0187877885430994,1.6857403122526815,2.5275789775391253,-2.4372609337366105,0.040634897630674516
28,0.2290326162381131,-0.9939095396281301,1.642261261678021,2.566087122153659,-2.6514332597724057,0.06457165533392972
29,0.43773263105561133,-0.9728267467195306,1.6039147872838573,2.633778347957672,-2.8592035533022537,0.11871500427429194
30,-1.5486297191038156,-0.9862664706423736,1.6294294338511737,2.5430708820707713,-0.8753634599431854,-0.028336206485738202
31,-1.32617490456654,-0.996948013584646,1.6481281927991507,2.5289143651460453,-1.0976286982664574,-0.017275169325191797
32,-1.1004829833288268,-1.001414003415587,1.6559249729083163,2.522430266180434,-1.3231683539053176,-0.008390175528293575
33,-0.873097064040044,-0.9992371442427941,1.6521549148823063,2.522951902786671,-1.55041771450535,-0.0004214111862754777
34,-0.6457304999462194,-0.9904661365332208,1.6368762793350395,2.5301991870619727,-1.777649013347031,0.00747189886611066
35,-0.4200685541920164,-0.975576267241244,1.6107966051717115,2.544117046996268,-2.0031631083895824,0.016099361376466614
36,-0.19758238451247623,-0.9554408144552613,1.575260244978189,2.564980266583474,-2.225469373899965,0.026596405428182646
37,0.020600336398262087,-0.9313810409041636,1.532381407248451,2.5939179427811485,-2.4434027759869723,0.04114116842570281
38,0.23374908074168177,-0.9055731276492396,1.4857668475912105,2.6348949893115092,-2.6561371047383173,0.06530732483130874
39,0.44151628122599185,-0.8836206981815597,1.4446684761672426,2.7054440832026074,-2.8629581275286218,0.12040658959442885
40,-1.5292552366082666,-0.8967202454206409,1.4703108692701354,2.6119414180743012,-0.8947189463495082,-0.027227963328762872
41,-1.3084402760885905,-0.9078801104917362,1.4904860226763645,2.5971482479452863,-1.1153503003729073,-0.016515077190752514
42,-1.0847770172904143,-0.9125424258676085,1.4988960747007631,2.590452139893598,-1.3388645464904587,-0.00781986020026304
43,-0.8596640839776901,-0.9103101077355813,1.4948953839725725,2.591278106725401,-1.5638428057345837,3.893802872312335e-05
44,-0.6346400110602839,-0.9012250770807424,1.478535674301778,2.5993825640126342,-1.7887326873983473,0.007869569940949006
45,-0.41121371209222524,-0.8857230960479381,1.4504930010807309,2.6147238048147177,-2.0120116176152236,0.016468889548604704
46,-0.19070736689063006,-0.8646213687254543,1.4120753899851417,2.63757585836305,-2.2323379410904907,0.02697275122954812
47,0.025854629828577558,-0.8391988506084003,1.3654047691174869,2.669048950647758,-2.4486495535174715,0.04157957227727627
48,0.23779485297692693,-0.8116751571384171,1.3142878541503205,2.7130440762098864,-2.6601718711072024,0.06594891193844266
49,0.44477533402276226,-0.7881069885462018,1.269104612317257,2.7869303647128003,-2.8661915166344945,0.12189963499458711
50,-1.512601026284285,-0.80135835157642,1.2956596208465214,2.690657650653452,-0.9113572933653389,-0.026302435316721606
51,-1.2932295261750761,-0.8133591574120378,1.3179615401952551,2.6748739984153946,-1.1305500569500984,-0.015873609621510187
52,-1.0713217122950782,-0.8183641079222088,1.3272444851985243,2.66781705407936,-1.3523115362207594,-0.007334634163135512
53,-0.8481569135363709,-0.8160043917539799,1.3228905033575957,2.6689767974508474,-1.5753432195995725,0.00043321493230052965
54,-0.6251299865981794,-0.806311101468284,1.3049344756337105,2.6781454424379927,-1.798236841534326,0.00821212468330712
55,-0.40360582508624665,-0.789672849856502,1.2739922089151428,2.695312087894094,-2.019614021139399,0.016788853435396156
56,-0.18478440677610797,-0.7668374744236299,1.2312880530606813,2.72078124192996,-2.2382552884308056,0.02730022155883205
57,0.030395964077027493,-0.7390262899535096,1.1788978069022438,2.7556788868215625,-2.453184314673772,0.04196297597751819
58,0.2413039049728405,-0.7085172626690737,1.1208369131663112,2.803837962339763,-2.6636712384665917,0.06651346178510709
59,0.4476120789732301,-0.6820670654253198,1.0690972729333454,2.8821759137644776,-2.8690054394200764,0.12322728909376224
60,-1.4981324072416544,-0.6961839103465315,1.0978852606150085,2.7827811679725762,-0.9258124600875792,-0.025517533570040385
61,-1.2800379886145257,-0.7096375093339935,1.123507776568986,2.765375462753026,-1.1437321874410695,-0.01532469951793658
62,-1.0596637328792413,-0.7152298671561219,1.134139296072881,2.757699764097059,-1.3639623512703491,-0.006916566559645787
63,-0.8381873082496938,-0.7126290602828158,1.1292151058484148,2.7592801192291816,-1.5853069705999552,0.0007748388606465539
64,-0.6168835688901431,-0.7018436037929279,1.108727501250832,2.7699533698307146,-1.8064781479799579,0.008510383855986792
65,-0.3969977342622615,-0.6831756521268462,1.0731413585906386,2.789787987999489,-2.026217316370346,0.017068675028579783
66,-0.1796278313041424,-0.6572303264077779,1.0234309569101656,2.8192097909720566,-2.243406934453265,0.027587816036113377
67,0.03436067108043295,-0.6250640267296355,0.961386986456267,2.8594890420658423,-2.457143223366002,0.042301169067587185
68,0.2443766573725319,-0.5889322363091694,0.8910485764815839,2.9144861829784547,-2.6667354015139284,0.0670141157320141
69,0.4501037709311646,-0.5567449031428975,0.8269378548756139,3.00015805498533,-2.8714766979473176,0.12441565492762718
70,-1.4854442139359127,-0.5732053599356695,0.860916484420633,2.896369378242296,-0.938489096385779,-0.0248431427764082
71,-1.2684875058152894,-0.5894872833145839,0.8926601120775945,2.8758785542680885,-1.155274525737177,-0.014849461203075176
72,-1.0494642479755463,-0.596196777521429,0.9057162320917698,2.8670167852137265,-1.3741555968603136,-0.006552479124358523
73,-0.8294652053431868,-0.5931166498519413,0.8997409813173549,2.8692474745944647,-1.5940239504042235,0.0010737938041613937
74,-0.6096636166709821,-0.5801901724227871,0.8745943858036425,2.8824951765385105,-1.813693608453321,0.008772486985587413
75,-0.3912037872403613,-0.5574588566695984,0.8302216725719282,2.9071000905856756,-2.0320070327647293,0.017315513906197122
76,-0.17509746090488276,-0.5250151854354552,0.7665674137380414,2.9440172829466773,-2.2479329396412546,0.027842439705318522
77,0.0378522963248602,-0.48305634496111605,0.6836806625053535,2.995420887812603,-2.4606296926464797,0.042601737361827485
78,0.24708985872172384,-0.43268797339011833,0.5832644512445171,3.0664239292551123,-2.669440924149468,0.06746118252543987
79,0.4523100689017783,-0.38308619204039607,0.48258309469938077,-3.1112996161065247,-2.87366456080947,0.12548572066118302
80,-1.4742273408997406,-0.4081999265108949,0.5347968657029547,3.0571399853135626,-0.9496959310316759,-0.02425730955324612
81,-1.2582890338468748,-0.4324795377477124,0.5833684178035656,3.027996676259847,-1.165465875126439,-0.01443385980014611
82,-1.0404648074583824,-0.4421904113755266,0.6027488203894364,3.0159167181928774,-1.3831495531839082,-0.006232457427030713
83,-0.8217694148540438,-0.4378037451884831,0.5940128260516757,3.0196698691126453,-1.6017152188581585,0.0013376703303080717
84,-0.6032890224122927,-0.4188824798041155,0.5562317050978463,3.039606730308291,-1.8200642229244155,0.009004680881846028
85,-0.3860817714051401,-0.3835900815330904,0.48545966391070294,3.078091472191587,-2.037125284010545,0.017534913990303824
86,-0.1710851515258729,-0.32601665995115026,0.3691753700071785,-3.140631831094466,-2.2519413211003383,0.02806953042384519
87,0.04095128387633373,-0.21301116389691765,0.1380122759411635,-3.011931986353302,-2.4637240651344,0.042870679679337886
88,3.6579828991521874,-2.905184791213786,0.2439277183279729,2.6100257074403124,-0.2068402885260833,-3.090988891716476
89,-2.429636215921262,-2.5742035973975987,-0.647526841970123,-1.3136473962269233,0.03481385045996532,1.3939573831519745
90,-1.4662044482172945,-0.3638466739922696,0.4587959418024596,3.0900433238292497,-0.9581589076036187,-0.02470285921677519
91,-1.2555964613249533,-0.4990436628768961,0.2963083957652382,0.23548380311990225,1.168923722470383,3.129032983658539
92,-1.0382866934853148,-0.22417259299179448,-0.2789921684927546,0.5329076485302687,1.3854367231376614,-3.146803419639362
93,-0.8151378449762929,-0.03916146711959434,-0.21973949994156078,-2.84830898847713,-1.608324757131688,0.0015684842971317523
94,-0.5984816495816547,-0.367517536463893,0.46593801763119913,3.0790542466105233,-1.8247065392152766,0.009299814438650831
95,-0.3898926404773709,-0.4888700442264084,0.2837530987859863,0.23745350353983796,2.031138378141305,-3.1268796394158476
96,-3.0506332510631764,-2.9146033406694114,-0.1785823676035197,-0.10948618758267692,0.6284498482546296,0.04972026052909585
97,3.4491958595967946,-2.910673092702619,0.23307013585710767,2.6469992576025456,-0.4165782167613876,-3.1131167443373493
98,-6.047498011143759,-0.2442309824149082,-0.1948674959398493,0.46289308837777465,2.651425452860472,3.1631115131195324
99,0.4398311945826037,-0.3806293129896825,0.10116867950627348,0.26773033822338155,2.855231630725504,-3.152559161299288
100,-1.6319901714733223,-1.5007378900602864,1.6550568077472914,-0.10616598196259952,0.7920924857709815,3.108036165878083
101,-1.4029642221566647,-1.5179464850470894,1.6733386537832313,-0.11519360112969457,1.0208987388889037,3.1208539869245966
102,-1.1687331615615055,-1.525512314088593,1.68127290764264,-0.1197066636539299,1.2549616281609843,3.1306668915786853
103,-0.9314909334551071,-1.5232685699463884,1.678900590614151,-0.12125557636481243,1.4920582255117445,3.1391649903712313
104,-0.6938021514507922,-1.5115005213684911,1.666446329029096,-0.1202389914140678,1.7296065587599294,-3.135824510058459
105,-0.45822935934530706,-1.490989413030907,1.6443933944642088,-0.11628562805335108,1.9650290256777732,-3.127052579140383
106,-0.22697627648915963,-1.4628605532085106,1.6134244376751141,-0.10829195858575691,2.196102317124744,-3.116561947069235
107,-0.0016552615142186866,-1.4282693311169885,1.5742114320889433,-0.09398088090955614,2.4211780020145035,-3.1022494822803557
108,0.2167824055789085,-1.3877429565314414,1.5267847342679453,-0.06782385557654314,2.6392148110524705,-3.0788726030076132
109,0.427984241561433,-1.3385599113857158,1.467629153911294,-0.009788089405752043,2.8495267305651977,-3.027040729251978
110,-1.5987566102114874,-1.39200835625139,1.531537619547052,-0.0928794901889316,0.8252887342858406,3.110212954245241
111,-1.372251218244172,-1.4086872003832813,1.5512373020703274,-0.1030757691832509,1.0515873819695187,3.12227540672575
112,-1.1413854258236666,-1.4159838337638804,1.5597602238978272,-0.10802845595035215,1.2822917443752013,3.1316950404986743
113,-0.9080875858256143,-1.4137523345696912,1.5571371742138584,-0.10906236187636376,1.515447769139164,3.1399705149742214
114,-0.6745630389877046,-1.4022365264227399,1.543582531444029,-0.10652548384349192,1.7488340477912985,-3.1351462360450153
115,-0.4430002162446445,-1.38210534805876,1.5195602651647304,-0.10009560896573833,1.9802476111641303,-3.1264365270209633
116,-0.21529198332347566,-1.3543219796855674,1.4857165256457066,-0.08876018882252223,2.207776083202523,-3.1159477390685075
117,0.007150620691040999,-1.319855996228288,1.4426462547641599,-0.07030069310145715,2.4299718785363487,-3.101549161707328
118,0.22346256852620483,-1.2790211996714775,1.3901676833820673,-0.03905110215634533,2.6458778327910046,-3.077873269638803
119,0.433285960064723,-1.2286602838240468,1.3238654240583312,0.026213540571267124,2.8547901237121547,-3.0248104439691565
120,-1.571458022358655,-1.282813665320071,1.3947631484969127,-0.06642948348733757,0.8525583466147308,3.1119034062798345
121,-1.347122671672363,-1.2993799947838847,1.416249785385748,-0.07794203174685466,1.076696626162824,3.123401685613482
122,-1.1190606852858558,-1.306591819747396,1.4255130143117736,-0.08339969868003472,1.3046023133799727,3.1325219931252297
123,-0.8889880375389541,-1.3043316799437186,1.4225957476746158,-0.08397161842752565,1.534536079108893,3.140626320834638
124,-0.6588348967801791,-1.2928116894506374,1.407702089743557,-0.07996674650949487,1.7645526281804527,-3.1345882666098577
125,-0.43050699528561154,-1.2726042775474162,1.3812582552086559,-0.07108811874549792,1.99273206667017,-3.1259250522182436
126,-0.20566083445852534,-1.2445249971419081,1.343835298486388,-0.0563680596279017,2.217398417147044,-3.115433431369408
127,0.014449814384842607,-1.209357425815367,1.2958831370522237,-0.033586860346349834,2.4372609335431346,-3.1009577516018334
128,0.22903260091750655,-1.1671626361519603,1.236874524556077,0.0031343116023871964,2.65143324631297,-3.0770209875151364
129,0.43773258560281025,-1.114166506733965,1.161088176986178,0.07635216006665768,2.8592035392713147,-3.022877551324559
130,-1.5486297187238505,-1.17062549527344,1.241408445903593,-0.026141598215772888,0.8753634617815926,3.1132562683959826
131,-1.326174880946293,-1.187562079415293,1.2653082921020573,-0.039244324914231576,1.0976287217613123,3.1243174913315404
132,-1.1004829606226991,-1.1948961116745862,1.2755677029618457,-0.045323010036044664,1.3231683765024167,3.133202481921833
133,-0.873097044489155,-1.1925516596771535,1.2722759143899038,-0.04544723489734981,1.550417733980768,3.1411712450556237
134,-0.6457304862491613,-1.1807138728613447,1.2556229128440197,-0.03989236328195611,1.7776490269909138,-3.1341207525000776
135,-0.4200685489074427,-1.1598574414045588,1.2259580424265417,-0.028355868832952158,2.0031631136471297,-3.125493289982355
136,-0.19758238985376586,-1.130634775299777,1.1836949318151566,-0.009853111487877708,2.225469368611428,-3.1149962454566436
137,0.020600317681464198,-1.0935947449059054,1.1289868023134106,0.0179336012077016,2.4434027576941597,-3.1004514808730708
138,0.23374904173361966,-1.048415263614832,1.060650821937834,0.06126050721916787,2.6561370687929697,-3.076285317252615
139,0.4415161957258391,-0.9902560166246315,0.9707069234419246,0.14444841441937362,2.8629580960306633,-3.021185947023833
140,-1.529253749125799,-1.0516941473930475,1.0652789410020933,0.030354239622141233,0.8947204355489724,3.1143651185116017
141,-1.3084402522331071,-1.0697033688313136,1.0927599677419906,0.015104904706205957,1.1153503240285332,3.1250775837421303
142,-1.0847769993364897,-1.0774507462487373,1.1044864386277453,0.00817744201009818,1.3388645643034467,3.133772797307654
143,-0.8596640736802392,-1.074933759937526,1.1006666072799085,0.008537882034911348,1.5638428159373658,-3.141553712993268
144,-0.6346400107311201,-1.0623085342273164,1.0814624158447828,0.01594662636603772,1.7887326876565357,-3.133723081616903
145,-0.41121372434572523,-1.0399166954040062,1.0470460912485882,0.030771660997572337,2.0120116053153154,-3.12512376212479
146,-0.190707394911938,-1.0081604871455507,0.9974555649864065,0.05414214909217563,2.2323379131202303,-3.114619900210291
147,0.025854580549076633,-0.9671654431402001,0.9321168901443162,0.0887107700884684,2.448649504840021,-3.100013078331829
148,0.23779476817244483,-0.915783050842558,0.8482401137689815,0.14160706032654113,2.660171791344238,-3.075643735682059
149,0.4447751587829125,-0.8466084245198982,0.7324586932905626,0.2404850843931916,2.8661914409726545,-3.01969299417109
150,-1.5126001979138284,-0.9190845470904057,0.8532839532840795,0.10916668468643742,0.9113581271153341,3.115290405446431
151,-1.29322948802806,-0.9395381600390644,0.8869681906777167,0.09045369415499493,1.130550094774219,3.125719051618489
152,-1.071321687499493,-0.948244693589448,0.9011912709359517,0.08215819971656613,1.3523115608211969,3.1342580235422783
153,-0.8481569047829955,-0.9453796954190348,0.8965036390980501,0.08314631171420883,1.5753432282172692,-3.141159436083621
154,-0.6251299973214093,-0.931048015279174,0.8729859258268187,0.09323825243157913,1.7982368306745107,-3.1333805271420294
155,-0.4036058600753347,-0.9053018410397518,0.8302879085806363,0.11305272529064547,2.0196139859534075,-3.1248037990813735
156,-0.18478447399966536,-0.8679134275779736,0.7672533774681822,0.1442992145585138,2.2382552208756703,-3.114292432566871
157,0.03039584729071132,-0.8176972285464807,0.6807048110496154,0.19095015504929824,2.453184197427486,-3.099629686525494
158,0.2413040341627708,-0.750127487978034,0.5609149674771481,0.2637774191638811,2.6636713683989104,-3.075079233611629
159,0.4476121722843578,-0.6426511479799641,0.3629298532756762,0.4073338353706002,2.869005387884604,-3.018366316504389
160,-1.4981318786327185,-0.7540730934759337,0.5675863285245839,0.22937661284924493,0.925812987450799,3.1160751461141647
161,-1.2800379111845825,-0.7813673603678484,0.616435337994965,0.2025850965306777,1.1437322643665997,3.1262679612632542
162,-1.059663671984409,-0.7926596994444561,0.6364548723644314,0.19122136589366168,1.3639624118832492,3.1346760915333274
163,-0.8381872767917158,-0.7889178155282086,0.6298204250468116,0.1933709012003586,1.5853070018234252,-3.1408178118693373
164,-0.6168835797210694,-0.7700310273332835,0.5961842743546666,0.20909136440775633,1.8064781366230287,-3.1330822686549533
165,-0.3969978092739592,-0.734652823289017,0.5323497193331965,0.24046413390273003,2.026217239132155,-3.124523983109412
166,-0.17962764733819458,-0.6782629066102812,0.4283211475576172,0.29375946891705684,2.243407103636069,-3.11400486297495
167,0.03436085469005201,-0.58144898241087,0.2430700480481427,0.3925982828169148,2.4571434060882824,-3.0992914852932225
168,-2.6023537453694274,-2.4763237287785214,-0.8862503122810841,0.03060291262327519,0.18207013801248406,0.1875827084895536
169,-2.402822510803414,-2.2831071301228834,-0.8676826729164651,-2.1043560091315663,0.04002410074409246,2.114184882637751
170,1.9501274655223009,-2.5291449427864405,-0.7908376539920123,0.1420568172172345,1.9093481657060218,-0.011794408400213285
171,2.1694776840124543,-2.5103911632382263,-0.8264154261765846,0.16069845109862824,1.6901343724862254,-0.003833520372737542
172,2.3895356525732945,-2.5023720526988287,-0.841569581653069,0.1679048976041959,1.470206147232087,0.003737581301589188
173,2.6091269719109516,-2.5050275448914547,-0.8365407968647505,0.16387172230437574,1.250750258610152,0.01164045835290839
174,2.8271116057857633,-2.5182252555896003,-0.8115319222042552,0.14825730622900712,1.0329214039812031,0.020730290757394965
175,3.042489431625784,-2.5416710531862967,-0.7668812350605698,0.1199810470941971,0.8177438862183593,0.032417116754551056
176,-3.028705843452877,-2.574608981073385,-0.7036411191458107,0.0764708153479825,0.6060512524704658,0.04976433078020692
177,-2.820624567688346,-2.614122476941119,-0.6268036443138065,0.010923404566013595,0.3985194047341194,0.08179122605510436
178,-2.6167105548101524,-2.641190255102893,-0.5712807916622289,-0.10581441738758457,0.19618586804530525,0.173648895292688
179,-2.4169869843427536,-2.3937823625739196,-0.7532755271759566,-1.7531477011401526,0.034883599597022474,1.7590019263743688
180,-1.4742271986208975,-0.014860437103728419,-0.42894334374021037,-2.655644614399969,-0.949696067903905,-0.024257297021799573
181,2.162362549573424,-2.68708337035182,-0.4847810900431946,-0.004274103314414468,1.697245204561396,-0.0040810722722541826
182,2.3810982652144403,-2.674504497074983,-0.5095768558588696,0.008072694126591617,1.4786385341749835,0.0034457856937684106
183,2.5994345564213557,-2.678669363226414,-0.5013624946523292,0.0024491388894936073,1.2604363778197794,0.011273051813992296
184,2.8163135226514022,-2.699925792580226,-0.4593511610502734,-0.021969866839649743,1.0437109452189537,0.020231841360748515
185,3.0308000756160105,-2.741365516371517,-0.3768687172768592,-0.06983120414541855,0.8294204923928228,0.03167284828489336
186,-3.041030842630442,-2.8169305011151096,-0.22442970787961158,-0.15937286675021145,0.6183544522610163,0.048485811516360666
187,0.03975933504582001,-0.3158181808890837,0.21298244538870154,-2.9826961686488267,-2.462024237530838,0.04391917197213269
188,3.6651904367277575,-2.6088800074706406,-0.25281893324804483,2.829514398004214,-0.1993900558926254,-3.1098493012678006
189,-2.429636205274105,-2.5717452725977386,-0.5104786178656351,-1.4531359945717415,0.03481422040239446,1.3939394544569943
190,1.9434462612790353,-2.907436598858972,-0.052608024423384525,-0.2201233962437413,1.915054337581591,-0.012786273017677485
191,-1.2501631180326513,-0.25430450753657585,0.0916213010159807,-2.9414728871651787,-1.173706748542391,-0.014210284781362995
192,2.383410666478835,-2.5947290602509216,-0.27268563697009096,2.839079524014305,-1.476085206621862,-3.1386428131672597
193,-0.8176597861380938,-0.03380644752484771,-0.36822759137479427,-2.704125459144878,-1.6055944592853746,0.0015204803621621304
194,2.807764252209215,-2.9043942759169337,-0.0573410589196125,-0.21968156423194823,1.0524514260745668,0.020022328848448515
195,-3.2510367890360476,-2.612219443407791,-0.24911060090503545,2.8278552505437045,-0.8311652609149964,3.1645142107412783
196,3.2334603113717484,-2.8676541018386983,-0.14231750286444877,-0.19443714825250719,0.6278411160505567,0.051160347851821414
197,0.04026022209032651,-0.2906695825419992,0.18328341356582545,-2.9732677807338366,-2.4613937074386847,0.0477259431474744
198,-2.615106188574221,-2.746665757824981,0.0016075206103066428,2.858265364386553,-0.19502749556095902,3.0308077085980227
199,0.45192147317052955,-0.05632067231623222,-0.30046006213790966,-2.6110688862019527,-2.870113479205465,0.1678950705410803
200,2.0266131141644212,-1.627119349342457,-1.5273599108750464,3.118997154518792,-1.8329117426809924,3.1326721330525213
201,2.263678250235853,-1.6112831988079734,-1.5440162217986306,3.121018636831046,-1.59598944839323,3.141006097478713
202,2.5014400728631188,-1.604767110718601,-1.5508016065083303,3.120510466147664,-1.358369144444739,-3.1339209865897137
203,2.7372868669440713,-1.6080604998134702,-1.5474072717196574,3.117441784387255,-1.1226780878366878,-3.1248333373467156
204,2.9688212668956844,-1.6211830511057113,-1.5337214292591401,3.1108451407570463,-0.8913358917993697,-3.113618761905688
205,-3.0889994444022406,-1.6438891543871414,-1.5096340921142213,3.0980561355083562,-0.6662443002195713,-3.0976928609403163
206,-2.8709511454203134,-1.676488923861443,-1.4742635150117729,3.071680339531671,-0.4486702505325102,-3.070041484899776
207,-2.6606584838070626,-1.7242105452320202,-1.4216356054127892,3.0009442771450496,-0.2395728188005557,-3.0004966489723355
208,-2.457982541517302,-1.890835105136831,-1.2803327410304721,2.3884800799536947,-0.04860533206477191,-2.35921861107535
209,-2.2623769239411056,-1.9093098935889206,-1.676534479766064,0.6547821186913594,-0.16469910072555471,-0.2074859276138632
210,2.009167164809684,-1.7379937839118609,-1.403096002460778,3.1054352128838447,-1.8503466796645416,3.132028153343059
211,2.2420906729787298,-1.7222670392465207,-1.4215143415185014,3.109473952116523,-1.6175643334618235,3.140265450933142
212,2.47576495353551,-1.7157870084466624,-1.4290360455367361,3.1099463913240424,-1.3840285704213509,-3.134836753827331
213,2.7079536089710965,-1.7189792725637172,-1.4253615761724718,3.1068275356301776,-1.1519904296303616,-3.126053814454785
214,2.9365739877065113,-1.7318610134487897,-1.4103831562616163,3.099281101925156,-0.9235526602523305,-3.115398881861714
215,-3.1232267598996657,-1.7542138221047914,-1.383997906494773,3.0850274911187494,-0.7004211530507254,-3.1006362773404494
216,-2.906177828659944,-1.7862432650728428,-1.3454074253240655,3.057922008891077,-0.4837943206978119,-3.0760224318819707
217,-2.695975494784606,-1.8317477367130546,-1.2895471490036337,2.9945838415854578,-0.2745661593710733,-3.0193026368996487
218,-2.492622913919723,-1.9448959046978616,-1.161344148123233,2.64548345561915,-0.07713717662078867,-2.681743684160974
219,-2.29574629344487,-1.81997931850692,-1.3108806851246995,-2.889469434720432,0.13224825063716494,2.8812064090905913
220,1.9948842623824818,-1.8508771152569514,-1.2630988121763764,3.0781709278312412,-1.8646204683054892,3.1314962715615025
221,2.2244638888871346,-1.8348793179228506,-1.283743850400437,3.0842820855398365,-1.63518073557859,3.1396596160234402
222,2.454813402852496,-1.8282890852130231,-1.2921790136667803,3.0857213484015986,-1.4049674282412665,-3.135577433131024
223,2.6839831268064485,-1.8314678817131453,-1.2881382569280329,3.0824782046518795,-1.1759442223856953,-3.1270276640760284
224,2.9101361286179586,-1.8444395833085425,-1.2715030540699486,3.0738065393697838,-0.9499665955582985,-3.1167947209941436
225,3.1317647398447637,-1.8670393541290593,-1.2421227316537407,3.057678276083058,-0.7285763752590118,-3.102887018454164
226,-2.935359269089872,-1.8994848725163824,-1.1991324296785975,3.0287362450352147,-0.5129006289399856,-3.0804023621302568
227,-2.7254098374665756,-1.9449475899892423,-1.1376922498508568,2.967847140250499,-0.3037867198445783,-3.031735937649898
228,-2.521669487647149,-2.0391634285874707,-1.0135997827544756,2.7162689037882224,-0.10395839835745369,-2.806504614364076
229,-2.323886542621038,-1.9184356481204017,-1.185947551709295,-2.8468336364242752,0.10532761638468902,2.811610008664254
230,1.9829720395123553,-1.9688221328456184,-1.102622524500143,3.0355076086719253,-1.8765250282943495,3.1310491202079573
231,2.209791974290039,-1.9520255618658426,-1.1263339495159799,3.043982219701677,-1.649843990856462,3.139154305909088
232,2.4373832394703054,-1.9451167870112773,-1.1360113826819083,3.0464772187272473,-1.4223871001843207,-3.1361896518500814
233,2.664019801386935,-1.9483902506901793,-1.1314520436310627,3.0430133366475207,-1.1958939015130627,-3.1278239488120296
234,2.8880611984098623,-1.9618896236788272,-1.1125011928316901,3.0328994116370396,-0.9720222334992568,-3.1179203506089177
235,3.1081348069589625,-1.9855499227523792,-1.0788589538092443,3.014238922711055,-0.7521758001725272,-3.104666668286329
236,-2.9599290153381315,-2.0197403396946143,-1.0293461436600504,2.982105021493843,-0.5374129009393536,-3.0837532919770623
237,-2.750316074632431,-2.0676086943497043,-0.9585566617024868,2.919775697626351,-0.3285410382394103,-3.0405765099694197
238,-2.546371380802975,-2.1580710383891994,-0.8246839905027441,2.7099988963040076,-0.1275350809543201,-2.870667396781426
239,-2.3479329478712336,-2.0162150539090486,-1.0556285174955464,-2.785086704298412,0.08296380366195244,2.716910580628441
240,1.9728815488012952,-2.0971002438631627,-0.9120858074929119,2.9731323717372495,-1.8866089828826063,3.1306677195220427
241,2.1973850379613253,-2.0785450145816817,-0.9406457300353215,2.9847769923647878,-1.6622435890887106,3.1387260948506714
242,2.4226506032236674,-2.0709474578389786,-0.9522487695042505,2.988617673378478,-1.4371109114662577,-3.1367046259161118
243,2.647131608148671,-2.0744911114071947,-0.9468620882459575,2.984762137504444,-1.2127707172235622,-3.1284878507897305
244,2.8693478456899486,-2.0892701260717015,-0.9242314533467475,2.972526041643773,-0.9907196818200319,-3.1188483228065613
245,3.0880415406198836,-2.1154475627146696,-0.883634519097499,2.949956688806683,-0.7722443121344025,-3.1061107315565506
246,-2.980900396154393,-2.1538778398636005,-0.822902546024928,2.912060579184981,-0.5583388455327514,-3.0864025928192578
247,-2.7716630486970453,-2.2087392911924693,-0.7341130377789331,2.8427006373446275,-0.34977439181744074,-3.0471909072063603
248,-2.5676330755351446,-2.311329292773775,-0.5644260556804666,2.6414503313476203,-0.14812095404646053,-2.909484497260573
249,-2.368715578589613,-2.112294264323708,-0.9252982998231847,-2.6862288061534407,0.06461322483845144,2.583445138623988
250,1.9642225218615437,-2.2478236804783394,-0.6674759336218399,2.8791424430720394,-1.8952623441541774,3.130338464269041
251,2.1867535379403638,-2.224998786760837,-0.705930086353296,2.8964795965169614,-1.6728687879042536,3.1383583901091328
252,2.410031281119518,-2.2157849704035426,-0.7213156149690834,2.9025778614683,-1.4497227024022474,-3.1371441025540605
253,2.632655959438453,-2.2200170054433563,-0.7142762204827182,2.8978954364443616,-1.2272367277857243,-3.129050259748274
254,2.8532803051641444,-2.237964516565043,-0.6841980432976729,2.88160863870241,-1.0067738749848378,-3.11962711180052
255,3.0707449950605232,-2.2706235218675737,-0.6286708475043072,2.851018657829428,-0.7895203531661745,-3.10730692545368
256,-2.9990100750829143,-2.321110242223852,-0.5408467038955891,2.7990494055393906,-0.5764116751418809,-3.0885514757239703
257,-2.7901617693551772,-2.4018007005248996,-0.39550488862197897,2.7019656822490017,-0.36818489364323925,-3.0523299949589875
258,0.24130403256253352,-0.4390724173376488,-0.2141804819139943,0.7278178076890405,2.6636713584930334,-3.0750792497595194
259,0.4476121818797223,-0.7665535458877195,0.9299936139991924,3.1057641314736033,-2.8690054810463277,0.12322534313368916
260,-1.4981318054213404,-0.7834376935390326,0.9619048194185442,3.0060153688320908,-0.9258130640223019,-0.02551749512226431
261,-1.2800379755943092,-0.7990455478232548,0.9896575871719433,2.9886336906396807,-1.1437322004484949,-0.01532469918792101
262,-1.0596637230349923,-0.8055174911906411,1.0011194278258158,2.9810072564396144,-1.3639623611121616,-0.006916566348830866
263,-0.8381873027220994,-0.8025132408569506,0.9958197284532089,2.9825596772744127,-1.5853069761207375,0.0007748389596562433
264,-0.6168835687921366,-0.7900277284987784,0.9736943118289751,2.993170683991834,-1.8064781480517704,0.008510383784986253
265,-0.3969977407136871,-0.7683379850435657,0.9349983740953496,3.013093305280508,-2.026217309842879,0.017068674648864857
266,-0.17962784547411648,-0.7379903623825013,0.8803177332956569,3.0430830499678923,-2.2434069200853433,0.027587815006849148
267,0.03436064797605898,-0.6999304187344246,0.8108536495824912,3.084888769006138,-2.457143199756237,0.04230116639550641
268,0.2443766249203465,-0.6563390703050827,0.730000956207288,-3.1402446771931842,-2.6667353676964995,0.06701410713419076
269,0.4501037372448251,-0.6161162217825717,0.653350771887268,-3.050068918791381,-2.871476656313844,0.12441558386762397
270,-1.4854442134382602,-0.6372113190502136,0.6947577514972121,3.126534074168167,-0.9384891023339303,-0.024843144715090304
271,-1.2684874800277044,-0.6571750703135439,0.7320645325318949,3.104161920604083,-1.1552745514720566,-0.014849460220467403
272,-1.04946422521291,-0.6653305480391687,0.7472375848771193,3.094629202991676,-1.3741556196054214,-0.006552478476470558
273,-0.8294651900778516,-0.6615976447825047,0.7403136721641301,3.097155778843148,-1.594023965636632,0.0010737941939811257
274,-0.6096636130297912,-0.6458268403020107,0.7109350469492082,3.1117911834539216,-1.8136936119326257,0.008772487001972973
275,-0.3912038005986971,-0.6176691618230716,0.6580978050840312,3.1394342633247856,-2.0320070187011425,0.017315513264042792
276,-0.1750975017223828,-0.5762472006445609,0.5794958570221591,-3.1008644516988397,-2.2479328957608,0.027842438219176202
277,0.03785254889608458,-0.5191954710617428,0.4695284884310871,-3.037473081718046,-2.460629928878849,0.04260177389105513
278,0.24709012982537315,-0.43987691274825824,0.3133375760662882,-2.939645136651755,-2.6694410728252014,0.06746156742228626
279,0.4523096258128758,-0.28279179678177657,-0.007453850626469194,-2.7215538804860895,-2.8736636842693857,0.1254887298889944
280,-1.474227199349449,-0.18398919667221003,-0.2154280271962672,-2.700031171175421,-0.9496960672763461,-0.024257297164852254
281,-1.2582890201309123,-0.13856258506321995,-0.3141574729612282,-2.6515796931848206,-1.165465888769843,-0.014433858435674018
282,-1.040464771831422,-0.12339993793004966,-0.34749177680314824,-2.635818465382124,-1.3831495886362306,-0.006232456223600913
283,-0.8217693687084839,-0.130069549238629,-0.33278563754174506,-2.644451169193903,-1.6017152648267243,0.001337671448644162
284,-0.6032890264095245,-0.16189285901518646,-0.26317373183827497,-2.6811627407788774,-1.8200642127101068,0.009004684726563017
285,-0.38608173359592834,-0.2765080744712005,-0.01888343513382118,-2.807832647824812,-2.037125276266227,0.017534957060746592
286,-0.17162146839744957,-0.05831238024782054,-0.4664852356601126,-2.572352689536543,-2.251221748741879,0.028254304681355615
287,0.026968971196521904,-0.5898849280567355,0.2390478157191137,0.3864628385252593,2.444887206066137,-3.1138711120322093
288,0.2323525969019945,-0.3765487501528945,-0.19016059583611827,0.5900176520076301,2.6483602222550897,-3.120544313775819
289,-2.4296362115137526,-2.877152466067289,0.261838931658938,-1.9200458262590807,0.03481422310092075,1.393938930392709
290,-1.4694340712480032,-0.4521725184515802,0.37380707518395695,-3.0177172741253098,-0.955606895579922,-0.02602907914245302
291,-1.2511049954264202,-0.3694547409173024,0.1990233143637773,-2.9327752730250007,-1.1728756774785374,-0.014610893783022055
292,-3.894895964752403,-2.775165753089681,0.21820964184262853,2.534941942419211,-1.471106430085201,3.1440534331707233
293,2.5925085233809764,-2.845001959896633,-0.04650031649922842,-0.2871100240711931,1.2674894797536729,0.011343103516291116
294,2.808748854780803,-2.819062906337795,-0.10309768441489225,-0.26052250627499507,1.051635055499432,0.020684816466462752
295,-0.3867167364727276,-0.0799010550965914,-0.39825455835294443,-2.6227777082681962,-2.0350814151442242,0.018541407381543782
296,-0.18739960206221623,-0.5149878253188693,0.11474341020096224,0.4232278597036564,2.2293221506155265,-3.1270966515525083
297,3.4451794927193116,-2.742685530843123,-0.27543333913492646,-0.22905347262168974,0.4180957625700644,0.09685738549884934
298,0.228488319457169,-0.4477747991715501,0.001576516036959805,0.4525372590967324,2.641491964154997,3.147626315579194
299,-2.439167047317287,-2.9364653493108444,0.27841567116336025,-1.6020715773247707,0.03711534728231844,-5.164485369075095
300,2.02661310629534,-2.9460482905142533,1.3771851547496778,1.5333809021341374,-1.8329117895456466,3.1326722437150503
301,2.2636782544489744,-2.9458699148867176,1.394119374373438,1.5174697567093798,-1.5959894441706957,3.141006097126132
302,2.501440076887941,-2.9457267898647577,1.4010068410493473,1.5096616977673794,-1.3583691404136764,-3.133920986789432
303,2.7372868704546223,-2.9458324656806054,1.3975662425329487,1.5102402360815823,-1.122678084324325,-3.124833337540709
304,2.9688212696177754,-2.9460944351445373,1.383669488541682,1.5183656071722522,-0.8913358890861289,-3.113618762187507
305,-3.088999442577439,-2.9461327532452817,1.3591431393637148,1.5315225032605024,-0.6662442984409775,-3.0976928614067667
306,-2.8709511444092306,-2.945364356515272,1.322982327773989,1.5433099304071032,-0.4486702497618591,-3.0700414859734018
307,-2.660658484108217,-2.943248850502312,1.2689549904897692,1.5293920228993745,-0.23957282322055784,-3.0004966851678145
308,0.21678244030508154,-1.3869037402678055,1.2415547581949387,0.21656693747695677,2.6392148438594596,-3.0788725456324837
309,0.42798423601273594,-1.334915074104046,1.178811210653433,0.27538501850958763,2.849526726672421,-3.0270407272788233
310,-1.5987566450931714,-1.3913038028032654,1.2464729788922195,0.19148059816642382,0.8252886994344144,3.1102129521241846
311,-1.3722512162003013,-1.4088063623529172,1.2671557914470606,0.18112490327760833,1.051587384007247,3.1222754072329675
312,-1.1413854248594313,-1.4164344292419604,1.2760646615726419,0.1761177018563802,1.282291745332481,3.131695040744818
313,-0.9080875860535733,-1.4140972898049509,1.2733191985342645,0.17510056907203575,1.5154477689060766,3.13997051512883
314,-0.6745630406650571,-1.402028638926824,1.2591146917181124,0.1777344684262836,1.7488340461103187,-3.135146235936343
315,-0.4430002196940279,-1.3808294361757294,1.2337965797900763,0.1843921645589095,1.9802476077137623,-3.126436526949899
316,-0.21529198883578893,-1.3513485368135278,1.1978000605346208,0.1961828334199569,2.2077760776981155,-3.115947739048096
317,0.007150612820437718,-1.3143985392249227,1.1514099218235874,0.215478182765227,2.429971870712378,-3.1015491617698836
318,0.2234625575811533,-1.2700528028638824,1.093959174508016,0.2481890097467554,2.645877822147864,-3.077873269776616
319,0.4332859430139555,-1.21455833015216,1.0198995749257787,0.31607743804631117,2.854790111457123,-3.02481044191135
320,-1.5714580230206385,-1.2740980856265773,1.098931953599518,0.2206861317343045,0.8525583459534283,3.111903406252405
321,-1.3471226685823392,-1.2921630376837674,1.1225656124264622,0.20852518405376497,1.0766966292363875,3.1234016862087994
322,-1.1190606854291154,-1.2999903124941958,1.1326955686511475,0.202816239816058,1.3046023132262574,3.132521993341715
323,-0.888988041089247,-1.2975338806075,1.1295033631923594,0.20232296680075645,1.5345360755522774,3.140626320905958
324,-0.6588349040331116,-1.2849966495147793,1.1131688546643144,0.20675144866395367,1.764552620923082,-3.1345882666372393
325,-0.43050700660128394,-1.2628688827116998,1.083942135629636,0.21649260592959685,1.9927320553531853,-3.1259250523645226
326,-0.20566085029336856,-1.2318095854247015,1.0420556695801348,0.23269615729567983,2.217398401326088,-3.1154334317206085
327,0.014449793162817137,-1.1923443731133379,0.9873999746839512,0.2578832485929574,2.4372609124178783,-3.100957752401166
328,0.22903257183980807,-1.1440494639101617,0.9184289870249485,0.2984666747385827,2.6514332179646525,-3.0770209896700353
329,0.4377325390877953,-1.08175742194042,0.8266487428494869,0.37838249549033387,2.85920350609289,-3.0228775651479802
330,-1.548629718262527,-1.1479317468630434,0.9236795011854904,0.26889359807640467,0.8753634622424453,3.1132562684192795
331,-1.3261748718165054,-1.1674422192274723,0.9518231755124784,0.2541209315201236,1.0976287308483972,3.124317492059551
332,-1.1004829591272776,-1.1758295205619063,0.9637959534303331,0.24738214856116603,1.3231683779772272,3.1332024821346973
333,-0.8730970510906602,-1.173146508674518,0.9599558073199965,0.24746772128302696,1.5504177273661117,3.1411712450209803
334,-0.6457305016175088,-1.159559461910614,0.9404442109698943,0.25413192758215564,1.7776490116071502,-3.1341207527643675
335,-0.420068574052308,-1.135382739473744,0.9052542431554995,0.26787322810282976,2.003163088478268,-3.1254932906014212
336,-0.19758242657365788,-1.1009285527043122,0.8540539316402858,0.2900816648871478,2.2254693318642342,-3.1149962468375114
337,0.02060026543437976,-1.0560937553835226,0.7855928562279648,0.32382655411672623,2.443402705518107,-3.100451484545299
338,0.23374896288765168,-0.9991289130365533,0.6956932699855285,0.37693169198492704,2.656136991369884,-3.076285333234278
339,0.44151603245961324,-0.9204989359702198,0.5667484173574979,0.4786495472457495,2.862957971956548,-3.021186234263847
340,-1.5292537466243947,-1.003186055345152,0.7017915146216533,0.3453334773893335,0.8947204607070685,3.1143650999035533
341,-1.308440220865518,-1.0262006917819724,0.7385023174047816,0.3258598782249469,1.115350355291886,3.1250775846110797
342,-1.0847769835177195,-1.035947610162257,0.7538773673150589,0.3172833775120609,1.3388645800749384,3.133772797660761
343,-0.8596640762146981,-1.032784576163965,0.7488824266888994,0.3181728789042326,1.5638428133619264,-3.1415537130602775
344,-0.6346400348286583,-1.0167946663747234,0.7235158843087133,0.3283792894969797,1.7887326634677168,-3.1337230822932978
345,-0.4112137753758569,-0.9877944574235742,0.6768242385130483,0.3488712735449293,2.01201155400779,-3.1251237641896665
346,-0.19070748446528762,-0.9449124756936693,0.6061421071185462,0.382207587312561,2.2323378225937747,-3.1146199071607796
347,0.02585441750368478,-0.8851707059980711,0.5043747606344895,0.4344581176582789,2.448649337064495,-3.1000131164594187
348,0.23779495029352749,-0.7966730697176501,0.3463263974776205,0.5244102028848601,2.6601719178159975,-3.075644253137057
349,-2.368715391608607,-2.843577310969568,0.7290665624237129,2.6738756381986057,0.06461353281940596,2.583444199223198
350,-1.5126001987373492,-0.8027627761353044,0.35703748103145516,0.48909155053542896,0.9113581196858789,3.115290244634008
351,-1.2932294136978708,-0.8400724919635829,0.4245892156949118,0.45336700247238015,1.1305501690295516,3.1257190507623536
352,-1.0713216155272676,-0.8547644010978543,0.45074309148315583,0.43912608734592684,1.3523116327014195,3.134258024298653
353,-0.8481568670945467,-0.8499922601282099,0.442262116844796,0.4420003982491667,1.5753432657516147,-3.1411594355757853
354,-0.6251300247213516,-0.8251350505698851,0.39770301386213136,0.46260819263434305,1.798236802083907,-3.133380529620273
355,-0.40360605234955926,-0.7745160787794556,0.30474826427860524,0.5078065394357543,2.0196137797503724,-3.124803833839853
356,-0.18478439086947374,-0.6455445010895757,0.053116165719665265,0.6360673705606552,2.238255271591706,-3.114292517727424
357,-2.790161769101638,-2.2737081373892685,-0.9650759627359395,0.0018510540067824266,0.36818488732938404,0.0892630922635913
358,-2.5861248312676994,-2.285964296772667,-0.9399865208370142,-0.12431457517642919,0.166161980139524,0.2061571327876952
359,0.44761217662212527,-0.0006090480821860922,-0.8174671899128865,-2.195902944677916,-2.8690055337410154,0.12322724126133933
360,1.9567092012510336,-2.3411803064648034,-0.8493034089310072,0.012641141033840064,1.902770763845429,-0.011541520157237528
361,2.1775401033478925,-2.3229141620930998,-0.8812581679895031,0.028096401733506582,1.6820767505975418,-0.0035535685892189584
362,2.399099084022744,-2.3150406158091053,-0.894947916880453,0.03391694710771764,1.4606483938821508,0.004068922850552603
363,2.620108553302268,-2.3176229125903234,-0.8904483575278994,0.03024060214984603,1.2397758600887538,0.012059597521494325
364,2.839333128408377,-2.330481768084116,-0.8680048590025757,0.01669073348586325,1.0207096838678709,0.02130225240822936
365,3.0556985755018484,-2.353099383598725,-0.8282126990323331,-0.007852051303377738,0.8045494991669431,0.0332780257332268
366,-3.0148062701621843,-2.384282710139124,-0.7726514467379615,-0.046082110209813454,0.5921773623749287,0.05126215062382178
367,-2.8063462360865787,-2.4204185059011643,-0.7070293665399681,-0.10566320086480863,0.3842987940107232,0.08515380796117578
368,-2.6023537840724096,-2.4416310388508684,-0.6650415153581086,-0.2253030129020246,0.1820697950350132,0.18758716494437344
369,-2.402823128117083,-2.350677980954437,-0.46124971988874597,-2.443219739431817,0.040023104641421,2.1141865055334668
370,-1.48544421260784,-0.633887592090002,0.546760979288266,-3.011978175782647,-0.9384891124660859,-0.024843152825375192
371,-1.2684874562452613,-0.6581138567922968,0.5920573123103727,-3.03807738014539,-1.1552745751825004,-0.014849459167189494
372,-1.0494641999677352,-0.667850742567254,0.6101475000303038,-3.0489458247890147,-1.37415564482574,-0.006552477725426886
373,-0.8294651710675152,-0.663410438316625,0.6019228265368568,-3.0458258889713483,-1.5940239846030095,0.0010737946993537584
374,-0.6096636077250421,-0.6444367268325961,0.5665858284396901,-3.028435018325997,-1.8136936169045341,0.008772487086400105
375,-0.391203822086549,-0.6095572357901,0.5009484514923734,-2.994713615196718,-2.0320069950062067,0.01731551271485765
376,-0.17509723445461578,-0.554500893662468,0.3955472211208768,-2.9386620968281725,-2.247933145604213,0.027842462932981427
377,0.037852529132022195,-0.4608189030950811,0.2111564031640727,-2.837477046239256,-2.4606296253340227,0.04260217356022045
378,-2.6167104693255174,-2.8272411042911294,0.09417283613756888,-0.5852141597795919,0.1961860791129677,0.1736458396330427
379,-2.4169870007799577,-2.7670983604121897,0.2920375211997004,-2.4251439784844844,0.03488359101785399,1.7590011531170333
380,4.808615367572671,-0.24866481601095294,-0.21463817530052348,-2.635983132094187,-0.9494251567019101,-0.024363507965264798
381,-1.271234149455827,-0.666350546441039,0.2483031834220667,0.446223618264605,1.1538582258229593,-3.1527627926587694
382,-1.0531003957376304,-0.6703103309467295,0.2533574971773813,0.4439343362528663,1.3707206890881611,3.1365020038083493
383,2.611988668467682,-2.7129553201578043,0.2487400267674693,2.4394387437282075,-1.248714646656031,3.1497461127776702
384,2.8294542533937475,-2.711163609473193,0.23943153758374836,2.4461108851531064,-1.0325959887958955,3.1550796967584724
385,-0.3887297356339231,-0.2003886379972537,-0.3111648469003732,-2.590593653892737,-2.033798616552006,0.01792558398271913
386,3.2456378089214017,-2.594164880642314,-0.4183413504646143,-0.1927169247064504,0.6159458077800171,0.052266118113498905
387,0.03887469460823509,-0.3846262800134464,0.09125314715544791,-2.7903981876259634,-2.460755726178969,0.045253881317599616
388,0.24662279737615816,-0.41589865546640536,0.1651506461089149,-2.8052196084471133,-2.6674221881437603,0.07653358472851034
389,0.4523283119948899,-0.44332328489461803,0.22509529222849967,-2.7529809479112144,-2.8716198555035692,0.16458351993707923
390,-1.485720688892935,-0.5231538638371988,0.008150399800331762,0.5334987163391038,0.9425421634131965,-3.152299705327535
391,-1.2527891463420548,-0.25364647832474996,-0.1716386093247496,-2.6782133575827425,-1.1713965630416079,-0.014555499729157581
392,0.8298566652687548,-2.664373643716753,2.229628305609433,2.170420472418018,3.093411769310941,-1.4017959182996333
393,2.594234728321575,-2.7289899050448243,-0.15910836807790663,-0.2914726095777927,1.2658931410140315,0.011692164016401026
394,-0.619738046032446,-0.5047939978755343,-0.03364578908445297,0.5560692556566329,1.8000731587985321,-3.1372115164318695
395,-0.40475863058590184,-0.5192768478572335,0.004748130739533098,0.5320549392981518,2.0128807979037195,-3.133672054639662
396,-3.04483600072021,-2.9528089950900385,0.2931311795858763,-0.5470534628354919,0.6245024184383597,0.05323923637109901
397,0.03497199474816216,-0.1922118405587212,-0.27613013089834637,-2.6119527650649967,-2.45402834875477,0.04782177156462704
398,-2.6252896589088635,-2.948526915289701,0.28428222378305684,-0.7232521056492889,0.20702728864056388,0.24122482802745782
399,0.4517171082104507,-0.43318244451129323,0.22947879308141167,-2.7154405702594433,-2.8680169316975253,0.21456347989433777
400,-1.6319901723518573,-1.5123305469108668,1.7251302699274067,2.9769458668258464,-0.7920924849740065,-0.03355648841583925
401,-1.4029642212372695,-1.5259719836828987,1.73963900364366,2.9681242045472356,-1.0208987397892146,-0.020738673271116337
402,-1.1687331603993043,-1.531683773210351,1.7456554628193848,2.96367489473292,-1.2549616293836563,-0.010925764971205787
403,-0.931490932000024,-1.5286990490243735,1.7425509656866378,2.962117181335687,-1.492058227012609,-0.002427664899159243
404,-0.6938021495732163,-1.5171043806619249,1.7303380488820101,2.9630658014168834,-1.729606560667067,0.005768142282633892
405,-0.4582293568216609,-1.49772690976513,1.7095788251906594,2.9668590910890877,-1.9650290282150449,0.014540073225417505
406,-0.22697627297672796,-1.4720034708891203,1.6813589380578655,2.97450911142925,-2.1961023206183037,0.02503070498154214
407,-0.0016552563815377397,-1.4419064223730602,1.6473641350286758,2.9880961591245683,-2.421178007009848,0.039343168765173964
408,0.21678241393418984,-1.410227857694717,1.6103402344900193,3.0126981930467647,-2.639214818555144,0.06272004380460139
409,0.4279842580257114,-1.382898011633671,1.5766525940376965,3.0671191683355,-2.8495267344486215,0.1145518665515648
410,-1.5987566087664409,-1.4036370133169112,1.6029167523907644,2.9889626875331787,-0.8252887357290435,-0.031379699198995414
411,-1.3722512172904051,-1.41699976420123,1.6187162597167628,2.979350493620596,-1.0515873829413174,-0.019317253244202526
412,-1.1413854244288082,-1.4225941688714612,1.625275907864209,2.9746588495654827,-1.282291745838825,-0.009897616059639791
413,-0.9080875837840598,-1.4197569429487609,1.6219831735790802,2.9736889008021894,-1.5154477712308005,-0.0016221403610314766
414,-0.6745630360650274,-1.4085678204296097,1.6088596942799835,2.976121300683787,-1.7488340507464295,0.006446416204868299
415,-0.4430002121274019,-1.3897608856935582,1.5864803425012655,2.9822325044046387,-1.9802476152950157,0.015156125212210103
416,-0.21529197751733165,-1.3646314619252038,1.5559606724697552,2.9928977991665944,-2.2077760889788114,0.025644912748678195
417,0.007150629206181591,-1.3350095436626068,1.5190636064255427,3.010028153989965,-2.429971886850642,0.04004348881320796
418,0.22346258252000695,-1.303603803841449,1.478752994491595,3.038538836968814,-2.6458778454957375,0.06371937534891048
419,0.43328598892478576,-1.2764973757767852,1.4422242598302253,3.097284373499515,-2.8547901324498386,0.11678213049147246
420,-1.5714580203416388,-1.2955397494334335,1.4686945459681064,3.0139574990873985,-0.8525583656734836,-0.029688865292069266
421,-1.3471226712181625,-1.3088906335648443,1.486011739162615,3.003399309799649,-1.0766966266759423,-0.01819097444689266
422,-1.1190606837486032,-1.314477380323101,1.493205370777674,2.9983861597829513,-1.304602315000559,-0.009070663568894854
423,-0.8889880347117818,-1.3117120010349281,1.4896745602804433,2.9979225437032753,-1.5345360819944405,-0.0009663346314185972
424,-0.6588348923850829,-1.300666047363615,1.4754438997107968,3.0017384547586783,-1.7645526326133496,0.007004385501646837
425,-0.4305069889038444,-1.2819980571678264,1.451089733561874,3.0100668355221707,-1.9927320730662688,0.015667599832160928
426,-0.20566082534218877,-1.256889248117032,1.41774226297892,3.0236818792538083,-2.2173984262173647,0.026159220138169292
427,0.01444982789384408,-1.2270580750704916,1.3772293779200435,3.0443601988585396,-2.4372609467529567,0.04063489823286348
428,0.22903262342042874,-1.1951702550275045,1.3327493969393265,3.076859702089088,-2.651433266825967,0.06457165510030105
429,0.43773263331976464,-1.1675712200461694,1.2924988289448285,3.1399387710788282,-2.859203554259841,0.11871499540176123
430,-1.5486297183457731,-1.1856502037525851,1.3197669951382505,3.052116838899382,-0.875363466018193,-0.028335929541225102
431,-1.326174882046125,-1.199314286321193,1.339013009980217,3.0403958206660366,-1.0976287207745354,-0.017275169007490376
432,-1.1004829594710261,-1.20502593688779,1.3470052364322846,3.034961936069891,-1.323168377760509,-0.008390174994572508
433,-0.8730970409461629,-1.202255367337598,1.343155310700399,3.0349697300937652,-1.5504177375956987,-0.0004214105898587839
434,-0.645730479979211,-1.1910634739075991,1.3274824497048785,3.0401903542059436,-1.7776490333078132,0.007471899437275997
435,-0.4200685392863299,-1.1720398660273448,1.3005436670303867,3.050833584131704,-2.0031631232853546,0.016099361848680438
436,-0.1975823756429831,-1.146261897586178,1.2634520258233453,3.0676095690338903,-2.2254693827540906,0.026596405690791247
437,0.020600339320418826,-1.115348819656739,1.2180681476505013,3.092198980953394,-2.4434027788802455,0.041141168188091104
438,0.23374907868815198,-1.081955600072849,1.167837432720348,3.1292068748302313,-2.656137102574289,0.06530732282094265
439,0.4415162761631968,-1.052859000617619,1.1222564583132009,-3.086090920092838,-2.862958121025115,0.1204065725751482
440,-1.52925374868006,-1.0707569384613072,1.1512804480504846,3.1050083571612754,-0.8947204402785234,-0.02722772033062837
441,-1.3084402572247582,-1.0852019225971077,1.1732138252369992,3.091742257573137,-1.1153503192282086,-0.01651507693409826
442,-1.0847770001096366,-1.0912268665464202,1.1823065580472418,3.085726097289217,-1.338864563672196,-0.007819859872357338
443,-0.8596640701204654,-1.0883544836912202,1.1779962825017645,3.0862215842417537,-1.5638428195907996,3.8938337530769473e-05
444,-0.6346400022969787,-1.0766286973375134,1.1602809356894586,3.0930409229810456,-1.7887326961549403,0.007869570139390714
445,-0.4112137098836435,-1.0565583354473356,1.12964793119653,3.106404114113648,-2.0120116198077644,0.016468889511036533
446,-0.19070737201236732,-1.0290946337272864,1.0871071109582164,3.1270174020840127,-2.2323379359383115,0.026972750702249026
447,0.025854617473147545,-0.99572623191799,1.034441934974816,-3.126646142396731,-2.4486495411049956,0.04157957055275574
448,0.2377948346906429,-0.9590945267462141,0.9752951086722215,-3.0837291211156295,-2.6601718526446305,0.06594890603214676
449,0.44477531464084397,-0.9266947065628317,0.9210127094489415,-3.0095753605390194,-2.8661914946839158,0.12189959465197697
450,-1.5126001971096266,-0.9455585872549568,0.9536892509643682,-3.1063571288995693,-0.9113581356185474,-0.02630232766681484
451,-1.293229502151613,-0.9616274299387557,0.9798892051469563,-3.1219707010641264,-1.1305500809577351,-0.01587360915413427
452,-1.0713216944797077,-0.9682985593392028,0.9907017088744281,-3.128891025186605,-1.3523115540360626,-0.007334633849169325
453,-0.8481569039252221,-0.9651665938024085,0.9856488884042189,-3.127804692557918,-1.5753432292050054,0.0004332150709487337
454,-0.625129987178366,-0.9522391213881738,0.9646648167127179,-3.1188421858285205,-1.7982368409266658,0.008212124522754216
455,-0.4036058376950451,-0.9298769979929151,0.9280082164837804,-3.1016850789658497,-2.019614008453661,0.01678885271860686
456,-0.18478443295750147,-0.8987723497344398,0.8762787176856053,-3.0754598556884343,-2.2382552620651692,0.027300219677635962
457,0.03039592326488183,-0.8600647198505125,0.8106932921244878,-3.03826347934853,-2.4531842734330986,0.041962971149066775
458,0.24130385036248247,-0.8161302422699994,0.7345324249312539,-2.9854298905587866,-2.663671182729092,0.06651344632714151
459,0.44761202341412965,-0.7756566258751887,0.661934713941926,-2.9002573817690736,-2.8690053750477382,0.12322717737436273
460,-1.4981318033403632,-0.7982527647713438,0.7036553392842104,-3.004105388595138,-0.9258130873940962,-0.025517492050903368
461,-1.280037940817708,-0.8181136525909212,0.7384897622482653,-3.0243156869410908,-1.1437322351729895,-0.015324698083779342
462,-1.0596636963419757,-0.8262542277734899,0.7526746489950518,-3.0329965351548402,-1.3639623877896938,-0.006916565706887923
463,-0.8381872886644981,-0.82248942513315,0.7461388348289018,-3.0309685517629865,-1.5853069901463743,0.0007748392245239266
464,-0.6168835716550851,-0.8067034664935506,0.7185695398175658,-3.018214113064711,-1.8064781450442093,0.008510383496370899
465,-0.3969977659516619,-0.7787311613607715,0.6691952424361012,-2.9938956943054107,-2.0262172840449835,0.017068673320380867
466,-0.17962790254921934,-0.7381101266837331,0.5963183900534386,-2.9559831512370645,-2.24340686088281,0.02758781150839873
467,0.03436053575462772,-0.6835624752834804,0.49625651676795757,-2.90006735006897,-2.457143078290231,0.04230116016540508
468,0.24437682976837571,-0.6115721501784765,0.36018334544612074,-2.8151938395376903,-2.666735517651241,0.06701424021613
469,0.4501039043983792,-0.5167895609745932,0.173263283722898,-2.6693089189163546,-2.871476676307427,0.12441473636446299
470,-1.4854442141297508,-0.5741138661003511,0.288290935161986,-2.813281873323959,-0.938489093169756,-0.024843143590096872
471,-1.268487437129522,-0.6135455197664079,0.3644876523758631,-2.855076057714382,-1.1552745941730775,-0.014849457735910399
472,-1.0494641587971176,-0.6280541699279691,0.39219136867997983,-2.8707862661285426,-1.374155685942651,-0.006552476397003737
473,-0.8294651307280567,-0.6215298873226227,0.3797749460695776,-2.865558559064076,-1.5940240248420399,0.001073795820682566
474,-0.6096636065557535,-0.5921249799965764,0.32332767386045314,-2.8374886077932073,-1.8136936154272008,0.00877248737934222
475,-0.39120359278593897,-0.5250634888468864,0.19170367814568356,-2.769962509312406,-2.032007150874679,0.01731555502403781
476,-3.0285620249979326,-2.77875500860574,0.13722209740158753,-0.560458867897127,0.6059469068864822,0.04994390651201637
477,0.01862096467090313,-0.5193600936998399,-0.17748965619081325,0.7204244755058252,2.4355842279763764,-3.1231752235120624
478,0.2253505717451329,-0.6431303814783513,0.09890553670977406,0.566343838712983,2.6405700698868237,3.1613982163570427
479,-2.4193439495915596,-2.4878634946613927,-0.1896874536615667,-2.1071250673608364,0.034123449087007186,1.6434525604718493
480,-1.4949893847662927,-0.5536471374403871,-0.08488800921323475,0.6578097399264385,0.9327488160878623,-3.1529137344128113
481,-1.2782986351838515,-0.6613951134609363,0.13176746750757623,0.5514799415565937,1.1474722244402482,-3.150341549676197
482,-1.0432460058791893,-0.6413512567423005,0.4675745004073496,-2.931986434591112,-1.3804193426580513,-0.006505709731724114
483,-3.6638456927513414,-2.6032489667604004,0.12618652972705954,2.4578448358926606,-1.2418209357174068,-3.135062635291205
484,2.8200324549643376,-2.5150426803681056,-0.4414207912727259,-0.22658510091657574,1.0405821701676405,0.02126789785096975
485,-0.40886859252420615,-0.5673629957792674,-0.05102875476243568,0.6366593980354314,2.009392807125935,-3.133418712153275
486,-3.037916761018605,-2.8026933778441956,0.14233559687008224,-0.5426309201731712,0.6162242208511687,0.050436133656243276
487,-2.826636603216321,-2.909661444614946,0.35756372755176274,-0.688582821124617,0.4066157242818327,0.09140460198331779
488,0.22303688021006243,-0.5702659046120386,-3.995159697640978e-05,0.5720725225484313,2.6359300122859715,3.143601983923645
489,-2.4340822052718023,-2.8491364508572716,0.3668430863658843,-1.6790978425734642,0.03550848127262993,-5.263006089486787
490,-1.4901586273046212,-0.5689341490486345,0.0005740363066132231,0.5817743908047325,0.938796901046602,3.133823499110571
491,-1.2566056024960388,-0.25782505256398436,-0.286489618047578,-2.558202868051547,-1.1680030960182632,-0.015078820930261872
492,-3.9024980914687624,-2.88376771916436,0.2883966199344158,-0.5819997910639734,1.4788691965185283,0.0035570392502778177
493,-3.6668107943987547,-2.568750320556602,-6.126538329812595e-05,2.5541341927307135,-1.2452605203610405,3.146610589691632
494,-0.6055788913456506,-0.257876191077793,-0.2835590916309919,-2.563139262596773,-1.8163827761791316,0.009332489307266933
495,-3.2537032920470548,-2.618669187632756,-0.2732388241862679,-0.30401493717654643,0.8330142237842827,0.036906388871108115
496,3.2584080472915584,-2.5811089141173538,-1.348564953060173e-08,2.5774684251910904,-0.6102835466827483,-3.1381682554716193
497,-2.83023164012175,-2.6395342844860537,-0.240733621624498,-0.386953378278018,0.41256516880757704,0.11550170861365361
498,0.2393950030297319,-0.47701565892135567,0.20257065904838056,-2.7576147024523228,-2.6552546824994887,0.09732676517985818
499,3.8502792161180537,-2.533893047232533,-0.2919745626366931,-1.5266713786017503,0.034458490036295794,1.2104074194310002
500,-1.6319902096144556,-0.011986944636886765,-1.6014832281192157,-1.479969573944932,-0.792092417800093,-0.033556483092275435
501,-1.4029641973055647,-0.012600743831038486,-1.6158236235925796,-1.4729697117322236,-1.0208987635506714,-0.02073867994247358
502,-1.1687331331676007,-0.012916151419029465,-1.6217632791782006,-1.470859291355055,-1.254961656634415,-0.01092576757191921
503,-0.9314909039437227,-0.012715798826577807,-1.6187034132599425,-1.475796996925834,-1.4920582550967512,-0.0024276660217252832
504,-0.6938021232546454,-0.012082917086413847,-1.6066467452840651,-1.4881561752009738,-1.7296065870036121,0.005768141647967351
505,-0.4582293342325485,-0.011370595946832207,-1.5861085952981844,-1.5069951096013334,-1.9650290508089765,0.014540072593447029
506,-0.22697625502244234,-0.011088737140239058,-1.5581012844727902,-1.530130707503132,-2.1961023385473992,0.025030703973333512
507,-0.0016552428693445975,-0.011748628142779438,-1.5242259320700566,-1.5536568766933205,-2.421178020388059,0.03934316668755722
508,0.21678242392130054,-0.013709310639416827,-1.4871484814304263,-1.5695169505680762,-2.6392148278206475,0.06272003770797552
509,0.4279842657845241,-0.017128656089777206,-1.4531533986404384,-1.5520295449437194,-2.84952673427262,0.11455182172925493
510,-1.5987573534321946,-0.013877329224340151,-1.4797488768695173,-1.6013167326411535,-0.8252879845907142,-0.03137963026874013
511,-1.3722511982913992,-0.01285519421327086,-1.4955984846837227,-1.5936646358527338,-1.051587401777688,-0.01931725979323673
512,-1.1413854023842118,-0.012485069681909433,-1.502170941513796,-1.591188706544834,-1.2822917679013577,-0.00989761885898277
513,-0.9080875608086849,-0.012641058373679126,-1.498876248465733,-1.59575286874189,-1.5154477942368219,-0.00162214175551334
514,-0.6745630142473544,-0.013393707476313299,-1.4857248007088555,-1.6076536245426691,-1.7488340725863862,0.006446415275954909
515,-0.4430001930849934,-0.01499470996904817,-1.4632464725680883,-1.6259921637388042,-1.9802476343454682,0.015156124250226721
516,-0.21529196201118994,-0.017786637793505644,-1.4324880310810422,-1.648683629381172,-2.2077761044563498,0.02564491130806834
517,0.007150641329673579,-0.022062369516929525,-1.3951372931631119,-1.6719034297967348,-2.4299718988052854,0.04004348601614405
518,0.22346259214651276,-0.02787368252082656,-1.3541051998698157,-1.687518403996392,-2.6458778541735053,0.06371936753093
519,0.43328599758124753,-0.034678855795085894,-1.3166138886084666,-1.668881357718162,-2.8547901306607764,0.11678207614008285
520,-1.5714580827557652,-0.029116632570666212,-1.343893522360259,-1.7230624993238324,-0.8525582859425169,-0.029689247154022436
521,-1.3471226570531485,-0.02643719837701264,-1.3615620613914179,-1.714665628846554,-1.0766966406674587,-0.018190980975308246
522,-1.1190606668595393,-0.025375165610838746,-1.3688902964397454,-1.7118056939922721,-1.304602331903317,-0.009070666586664444
523,-0.8889880169233062,-0.02587192533426874,-1.3652976795568923,-1.716130599168764,-1.534536099815219,-0.000966336304627724
524,-0.6588348753939126,-0.027989445622668807,-1.3507947161363474,-1.72788483844705,-1.7645526496303372,0.007004384261748431
525,-0.43050697400074744,-0.0319049152954034,-1.3259089086283429,-1.746212971783812,-1.9927320879797796,0.01566759849953403
526,-0.20566081311384243,-0.03783431895784606,-1.2916967247903943,-1.7691193703957753,-2.2173984384115593,0.026159218180437982
527,0.014449837683445654,-0.04589394409329328,-1.2499091915615974,-1.7928506725347986,-2.4372609563288314,0.040634894535875876
528,0.2290326318645679,-0.055848626817586844,-1.2037151292217323,-1.809182715881741,-2.65143327402731,0.06457164510638114
529,0.4377326426817105,-0.06636507028117355,-1.1615017859036623,-1.7904521338997446,-2.8592035499391977,0.11871493034309655
530,-1.5486297198199408,-0.058573535820641176,-1.1902406942822523,-1.8481370710168903,-0.8753634606883933,-0.028336385267329067
531,-1.3261748719414936,-0.054072412684457394,-1.2102977423677508,-1.8387206047520885,-1.097628730674188,-0.017275175437803103
532,-1.100482947233906,-0.0522545862233188,-1.2186093475750117,-1.8353801368382174,-1.3231683900013698,-0.008390178171183926
533,-0.8730970282191972,-0.05310931574630917,-1.2146100389239534,-1.839596278856649,-1.550417750353751,-0.0004214125070531871
534,-0.6457304681727134,-0.05669670576497765,-1.198298179444297,-1.8515810921252016,-1.7776490451411533,0.00747189789284608
535,-0.42006852942808237,-0.06315073523954906,-1.1701634347457817,-1.87053375262367,-2.0031631331529627,0.016099360113487116
536,-0.19758236813083396,-0.07261090625750821,-1.1312139081861359,-1.8945607968586367,-2.225469390219907,0.026596403119131473
537,0.020600344933952464,-0.08507415327074597,-1.0831953576859492,-1.919997490796825,-2.4434027842154418,0.041141163350750354
538,0.2337490840674339,-0.10004808679531951,-1.029519522460701,-1.938529001663867,-2.6561371063092096,0.06530730995722989
539,0.4415162853637593,-0.11522957312455695,-0.9801479105406132,-1.9213160543073997,-2.8629581121342023,0.12040649438219297
540,-1.5292537464256033,-0.10485466766072005,-1.0117798801983846,-1.9810187196486855,-0.8947204352535616,-0.02722793574133542
541,-1.3084402486634072,-0.09808014823132893,-1.0353589021127947,-1.969992093799564,-1.115350327524597,-0.01651508289130099
542,-1.08477699075158,-0.09533028703281188,-1.0451011472707594,-1.9659480831306755,-1.3388645730137687,-0.007819863002836325
543,-0.859664061596511,-0.09661494896543754,-1.040488553990914,-1.9702184209014086,-1.5638428281379553,3.893629730056247e-05
544,-0.6346399959312947,-0.1020067759452572,-1.0214792771907266,-1.9830060928155766,-1.788732702539977,0.00786956835233088
545,-0.4112137066440438,-0.11165470644982234,-0.9884271484632321,-2.0036097429903728,-2.012011623039536,0.016468887374940344
546,-0.1907073722899444,-0.12572556571321503,-0.9421121526109371,-2.030317711147195,-2.2323379355674726,0.026972747434491406
547,0.02585461424807267,-0.14424263319894104,-0.8840123976597862,-2.0596754127486316,-2.4486495374542123,0.04157956433570398
548,0.23779483114921218,-0.1665881030120917,-0.8175478784138908,-2.0833925718538926,-2.6601718467766373,0.0659488894640421
549,0.4447753193425683,-0.1891460498818307,-0.7550052551933324,-2.0711061476803514,-2.8661914743314076,0.12189949602848849
550,-1.5126001963782074,-0.17477120084686382,-0.792999444706016,-2.1304557523338037,-0.9113581219976101,-0.026302409026216722
551,-1.2932294875479695,-0.16448393364225922,-0.8228417060366153,-2.116383283962883,-1.1305500951922358,-0.015873613606439907
552,-1.0713216819249514,-0.16032741641542403,-0.8350699975585352,-2.111090460742732,-1.3523115665352028,-0.007334636380094572
553,-0.8481568956623051,-0.1622503576624652,-0.8293657722934458,-2.1157062675359524,-1.575343237465895,0.0004332132553819257
554,-0.6251299852460832,-0.17038492642282144,-0.8055510308818401,-2.130480532976983,-1.7982368428312925,0.008212122724981175
555,-0.4036058441735473,-0.18509151208097707,-0.7634530649485907,-2.1550092835310775,-2.0196140018316595,0.016788850360995866
556,-0.18478445020614798,-0.20697903482552427,-0.702789389914078,-2.188185063598969,-2.238255244307758,0.027300216092788432
557,0.03039589226237016,-0.2368814323855215,-0.6231711739729091,-2.227582301563469,-2.4531842406629094,0.0419629658131524
558,0.2413038030229533,-0.2754095488872639,-0.5252411809910429,-2.266376974521941,-2.663671128299077,0.06651344202453835
559,0.4476119813065331,-0.3181221892084398,-0.4226289122142197,-2.2732282548944123,-2.869005283883362,0.12322710305374107
560,-1.4981318051817203,-0.29214737062979834,-0.4831982291483574,-2.3233572016604764,-0.9258130603598276,-0.025517508846270687
561,-1.2800379057252886,-0.2729931869566111,-0.5305819188906988,-2.3003644709182005,-1.1437322697532988,-0.015324698597632302
562,-1.05966366131668,-0.2655288359081327,-0.5493093805009499,-2.2917378969228803,-1.363962422689209,-0.006916566193074125
563,-0.8381872636852821,-0.26892987069035224,-0.5407301852106654,-2.2976590852240353,-1.5853070150457527,0.0007748386488661829
564,-0.6168835673391992,-0.283742476935708,-0.5037939161840974,-2.318811644530829,-1.8064781488806974,0.008510382549557605
565,-0.39699780394467554,-0.3123823040906295,-0.43397728128640223,-2.3570720200956505,-2.026217242704899,0.017068673287529812
566,-0.1796276491172759,-0.362582836047038,-0.31604390274435223,-2.419148067657361,-2.2434070821975753,0.027587867491035478
567,0.0343602179925262,-0.5087409236799143,0.0037810213487849964,-2.5824129287739788,-2.4571425522713723,0.042301513754894327
568,3.6811149925491216,-2.714810234501161,0.16812342947574516,-0.7876386603090191,0.1818352171233141,0.18990771341214555
569,0.4487524962256222,-0.6058784512412931,0.23127842583820635,-2.6265857576353313,-2.8696168152065775,-6.147431083457982
570,1.9720735906315252,-2.5339295078613384,0.13195258956580308,2.3830749377353087,-1.8839131762945907,-3.1472432658833402
571,-1.2884884604303666,-0.599367928306485,-0.15711039797003626,0.7765654400868637,1.137081571037853,-3.1498209442870113
572,2.3899255720388646,-2.709056050416388,0.14184949468032265,-0.6089933002278657,1.469806901688961,0.0037672811872123844
573,-3.673796204418189,-2.5386600426423835,-0.21399107353247465,-0.4251310306515715,1.250505025667759,0.011676364066996615
574,-0.6122057085291205,-0.5866131830844133,0.18502816967303948,-2.704117319576198,-1.8107753563238584,0.008825349755696517
575,-0.41420070067500236,-0.6201737010916555,-0.09947783617036035,0.7383679157551675,2.00454064105894,-3.1333170637943386
576,-0.17656710362519104,-0.40516938760450555,-0.17229146244442556,-2.5198097507698343,-2.2459891747719354,0.0280141041993894
577,0.0116379940908077,-0.6520909964638898,-0.0015466429786442398,0.6699042386470992,2.426689823055711,3.1543436221887906
578,0.21988864191878935,-0.6437060656995867,-0.0002849847420342557,0.6494888691131189,2.6335375007597883,-3.1363295179763777
579,0.4499385978785516,-0.5849105758354401,0.2345432716318806,-2.6245987192055953,-2.8692592826409324,0.1608479423038766
580,4.782523610470264,-0.6420680366517556,-5.105204770470748e-05,0.656576995019319,0.9278894218279464,3.1330871395361473
581,-1.2844013512359262,-0.6457462076708191,-7.668273163823937e-05,0.6611198429980706,1.1418975855852478,-3.147743582036941
582,-1.0464411955040729,-0.6594802588756918,0.3825713928428519,-2.827841901065892,-1.3772752272840327,-0.006810047834090179
583,-0.8483197860357786,-0.646854756357946,7.354597265221699e-05,0.6619640721822566,1.5734746090813536,3.1419528807498405
584,-0.6094521440333507,-0.3013965042629698,-0.35744686343288423,-2.4463672892037387,-1.8129299088598314,0.009037579911335742
585,-0.3923767602033266,-0.32604604709137835,-0.29814655091441916,-2.4779286751210594,-2.029320401842667,0.017810335190095224
586,-0.17873848113152532,-0.32655319973126856,-0.2867638298479343,-2.482116697631688,-2.2418919393757823,0.029084211391787483
587,3.460065669257496,-2.8171584286128906,0.2850442986386513,-0.7129515288982864,0.40401665905518297,0.09560926944135748
588,0.23989167716612775,-0.5755421754857349,0.25264899536162594,-2.7187831401205513,-2.6576004136317875,0.08886950536365194
589,0.44716222484592133,-0.3346679184378718,-0.24294515854812193,-2.3827107008019914,-2.8642197215889973,0.17500712431595195
590,1.9711894863728183,-2.5261745337421746,8.38678095664884e-11,2.5164198130163853,-1.882386739857974,-3.1444386195942418
591,-4.115223034552204,-2.5680882375014837,-0.2528112090417348,-0.35986099684941386,1.690227493123294,-0.0044395534109502414
592,-1.0630207285750406,-0.6201348936192514,5.629134155345309e-12,0.6308728229005165,1.36112658196387,3.1396207765312507
593,0.27672707944722547,-1.4849992745030915,1.6968716282938965,2.2688018852958933,-2.8836845065811345,-0.677365771930014
594,2.8372786696919583,-2.524599253100494,1.69674357082005e-08,2.5154006472951176,-1.027365737116582,-3.1364546991538655
595,3.051451568448029,-2.5289193273261517,4.147539554949433e-13,2.5234399601749447,-0.8158550250079049,-3.1374148739074426
596,3.2632921536751294,-2.5345736334083946,-3.7812337201963467e-13,2.540373146894807,-0.606345077862104,3.137258319104811
597,0.009413679803495107,-0.5999896480639944,-2.643953866987263e-10,0.5981366998146364,2.420397281247124,3.140685255904639
598,-2.6045992268910885,-2.6889682184262487,-0.000426997537115177,-0.8156041036827697,0.1871648629633014,0.3575735101676306
599,-2.4305307425012184,-2.497779980826809,-0.26594401002353163,-1.5373803242794337,0.032887869495617277,1.1587333998453726
600,-1.6319902471739418,-0.14281407541501778,-1.459698123109635,-1.4909275207704364,-0.7920924111565872,-0.03355649832097374
601,-1.4029642004358815,-0.14327873372430133,-1.4741142310533397,-1.484001114527121,-1.0208987604343829,-0.020738679690627926
602,-1.168733136732918,-0.14353123716100358,-1.4800781869050166,-1.4819292979376972,-1.2549616530700896,-0.010925767467556913
603,-0.9314909074674351,-0.143363589215741,-1.477010877953232,-1.4868417418596103,-1.4920582515718745,-0.0024276659909179266
604,-0.6938021263502709,-0.14285738915091128,-1.4649041326240941,-1.4991243158026342,-1.729606583906812,0.005768141649051817
605,-0.4582293367532073,-0.14235613141061254,-1.4442304850741456,-1.517887684364595,-1.9650290482878463,0.014540072586350483
606,-0.2269762570421361,-0.14235871552769153,-1.415937092981888,-1.541024920611725,-2.1961023365288574,0.02503070395941087
607,-0.00165524454024224,-0.1433693335889452,-1.3815545521127788,-1.5647075512327109,-2.421178018721722,0.039343166644745686
608,0.2167824225159447,-0.1457395538489905,-1.343701001168436,-1.580934187752056,-2.639214826424842,0.06272003755425182
609,0.4279842647861485,-0.14958223721512143,-1.3086917274505516,-1.564037635926304,-2.849526733197584,0.11455182077735504
610,-1.5987583725690862,-0.1459875892391782,-1.3361820588398587,-1.612773288920785,-0.8252869699163092,-0.03137965797947739
611,-1.3722512002404739,-0.14478583933545996,-1.352394504985407,-1.6049379704639462,-1.051587399837493,-0.019317259634252792
612,-1.1413854048722802,-0.14434244348302272,-1.3591090519471212,-1.6023932222959842,-1.2822917654150245,-0.009897618802475971
613,-0.9080875636425376,-0.14453477418661143,-1.3557478474986084,-1.6069875538733462,-1.5154477914030036,-0.0016221417502726432
614,-0.674563017263293,-0.14543582002172162,-1.34230719198194,-1.619029120710043,-1.7488340695702937,0.006446415248596793
615,-0.44300019621034625,-0.14730304553904894,-1.3192697900451842,-1.6376605106994322,-1.980247631220466,0.015156124189577014
616,-0.21529196523677996,-0.15049052884960057,-1.2876120427431157,-1.6608557267195991,-2.2077761012324286,0.025644911188871244
617,0.007150638038190937,-0.15530697309394004,-1.248950047336242,-1.6848460722287044,-2.4299718955173177,0.04004348575967631
618,0.22346258897317517,-0.16180812815782453,-1.2061709938880385,-1.7015181649272444,-2.6458778509944567,0.06371936685538948
619,0.433285995180269,-0.1693673019848081,-1.1666822594160862,-1.6841245439979013,-2.854790127938773,0.11678207274539698
620,-1.5714582739683411,-0.16322879288415582,-1.1955412975118918,-1.7373025644958136,-0.8525580942375122,-0.029689247560347187
621,-1.3471226583717426,-0.1602297774814967,-1.2140226536231091,-1.728412457458188,-1.0766966393534871,-0.018190980861968686
622,-1.119060669343248,-0.15904093382242923,-1.2216721341843455,-1.7253580879562413,-1.3046023294221767,-0.00907066658229283
623,-0.8889880205494531,-0.15959887320864974,-1.2179268158544376,-1.7297745149317685,-1.5345360961904637,-0.0009663363584144768
624,-0.6588348801021064,-0.1619730090589666,-1.2027766102237518,-1.7419193808940545,-1.7645526449230178,0.007004384150938403
625,-0.43050697972581764,-0.16636339358423147,-1.1766854851974182,-1.7609779169635755,-1.9927320822554269,0.015667598303999775
626,-0.20566081975726913,-0.17302409900093396,-1.1406132290738915,-1.7850130862459213,-2.2173984317689968,0.026159217824467618
627,0.014449830341006553,-0.18211696095967067,-1.0962099169954516,-1.8103269307513772,-2.437260948985131,0.04063489381128749
628,0.2290326243893661,-0.19342413883941179,-1.0466269407779398,-1.8286953939185713,-2.651433266509423,0.06457164324359699
629,0.43773263686333586,-0.20543008436023547,-1.0006925954143617,-1.812196319346643,-2.8592035432187926,0.11871492098182035
630,-1.5486297351605873,-0.1965708273017608,-1.0321376058693108,-1.8682428672995626,-0.8753634453854722,-0.028336386205199293
631,-1.3261748713304575,-0.19142630740856736,-1.0537874661392932,-1.857876986165952,-1.0976287312828408,-0.017275175228961714
632,-1.1004829493220858,-0.1893551822626991,-1.0627296990167876,-1.8541591892093328,-1.3231683879153755,-0.00839017817014831
633,-0.8730970331813799,-0.1903300013289333,-1.0584325915384785,-1.8585530405360278,-1.550417745393071,-0.0004214126216757208
634,-0.6457304760940783,-0.1944275215506419,-1.0408575879500122,-1.8712908677788338,-1.7776490372188465,0.007471897652761239
635,-0.42006854033871255,-0.20183669887685385,-1.0103771823642558,-1.891634041452443,-2.003163122236622,0.016099359677165914
636,-0.1975823819814515,-0.21279148041647256,-0.9678054191834624,-1.9177887120910304,-2.225469376354406,0.02659640230747584
637,0.020600328417871516,-0.2274120793468617,-0.9146477958982073,-1.9462071276714081,-2.443402767660764,0.0411411616653492
638,0.233749065997082,-0.24528891681756004,-0.8541860106683159,-1.9686216872936282,-2.6561370880607806,0.06530730542790852
639,0.4415162704572335,-0.2637400655519264,-0.7972703029124659,-1.9556831939656418,-2.8629580946669444,0.12040646901008634
640,-1.529253745459888,-0.2511567510361008,-0.8340250950847072,-2.0124714213156336,-0.8947204362363692,-0.027227935752284882
641,-1.3084402401229565,-0.24295518286368223,-0.8608962354984029,-1.9995797258117103,-1.1153503360455366,-0.01651508214518227
642,-1.084776988254661,-0.23964972335732915,-0.8719282541503905,-1.9948015397236445,-1.338864575507487,-0.007819862789337328
643,-0.8596640659196351,-0.24119373094729823,-0.8667140364929864,-1.9994141561897465,-1.5638428238096567,3.8936220188912074e-05
644,-0.6346400078179801,-0.24770350473921843,-0.8451206367953352,-2.013668004265642,-1.7887326906315646,0.007869567979021497
645,-0.4112137269894838,-0.25948859249911393,-0.8071738055981772,-2.0370291998654686,-2.0120116026266577,0.016468886558370865
646,-0.19070740233308392,-0.27702645909616486,-0.7530229338155001,-2.068106037097375,-2.232337905338814,0.026972745812151366
647,0.025854572873035497,-0.300850442969959,-0.6831159288304036,-2.103964073440731,-2.448649495571254,0.04157956105284333
648,0.2377947778815117,-0.3310170921007649,-0.5995272207483713,-2.136984245634869,-2.6601717919488372,0.06594888153880474
649,0.44477526786524146,-0.36348622669111297,-0.515553022992945,-2.136218268294613,-2.8661914121937957,0.12189942668813014
650,-1.5126001960575064,-0.3426709027386732,-0.5674834572348222,-2.1880720377288503,-0.9113581223667611,-0.026302409129739246
651,-1.2932294534792397,-0.32817792366791876,-0.6064416333227443,-2.1690893673688683,-1.1305501291983058,-0.015873610978176966
652,-1.071321657997255,-0.3224506388451083,-0.6220905679052966,-2.16194666784288,-1.352311590437511,-0.007334635168098291
653,-0.848156887107586,-0.3250922388203139,-0.614820767831274,-2.167409390380776,-1.5753432459771077,0.0004332137070206521
654,-0.6251299976486431,-0.33643613849566023,-0.5840365138910748,-2.185943837178047,-1.7982368302144287,0.008212122449577919
655,-0.40360588705663947,-0.3577511012627035,-0.5276863050072884,-2.218116452751254,-2.01961395791958,0.016788849303845943
656,-0.1847845490227651,-0.3920447343460962,-0.4405186548398543,-2.265390090778468,-2.238255139994201,0.027300217101801305
657,0.0303961050521262,-0.4480368537256849,-0.30576506482060584,-2.333832844786773,-2.4531844062801427,0.041963082461630385
658,0.24112925753916326,-0.8223140957479815,0.49240301823373356,-2.736894607239849,-2.6634342356078706,0.06670459336775503
659,-2.3758275425992577,-2.7095976111030358,0.26978203014097046,-0.5632244299194358,-0.05042959603784367,-0.1381507196950751
660,1.9572194498143802,-2.672899520486669,0.2357210553770454,-0.7408599450902944,1.9021767738720126,-0.011587715497724324
661,2.177568001855959,-2.3745656357341782,-0.3773728074547402,-0.424141732061877,1.6820462699558512,-0.003553084557922581
662,2.399099213152324,-2.502800929245561,-0.10653143093944539,-0.5667394584036236,1.4606482050844347,0.004068952113016611
663,2.6201085971705558,-2.523475058964961,-0.06465382559525379,-0.5897017877006574,1.239775817667323,0.01205959996495487
664,-0.6400898692001137,-0.6868811220594214,-0.13155171222279985,0.8372664563529837,1.7806067450290088,-3.1373129054284807
665,-3.2270159622145984,-2.7735010488687033,0.44054116216906425,-0.8564026987297959,0.8041740836408781,0.03343136444112278
666,-0.18118022608672474,-0.3459265593718291,-0.47168443746271566,-2.279775603608072,-2.241445298098341,0.02777610095573828
667,3.5032833709431754,-2.413186642121954,3.365168963455665e-05,2.4181822941121696,-0.36386327544360886,-3.14589413750537
668,0.21550735641119284,-0.7180096581458741,-1.8796845714526985e-06,0.7254861164146273,2.6296826622069465,-3.1346221889235824
669,-2.4212646948697127,-2.5408083634642353,0.13820838901019505,-2.0279759535389843,0.03321670398583385,1.28957919371518
670,4.769606974166395,-0.6976077305352918,-0.03884341863240515,0.7506646952937858,0.9147441221075692,-3.150162188738315
671,2.1978496067860362,-2.421229599320692,-4.0469459728695333e-05,2.4061447710961605,-1.6592910097921367,-3.142714635585471
672,5.20602764133127,-0.7214045348415112,-0.001264676482093093,0.7381035513105904,1.346862747684714,3.1384300276519634
673,-3.671613936797381,-2.621602221564338,0.07851029700727857,-0.6347090416441937,1.248455080224413,0.011756072642309332
674,2.854875877498228,-2.4234035056671632,5.147680440023897e-05,2.4081168138017004,-1.0086526363047903,-3.133105013309747
675,-0.42097881705380896,-0.7131939030961385,-4.37121271671174e-06,0.7275320204541894,1.9966568260976187,-3.1352557422698446
676,-0.2059896550729931,-0.7062017950373375,-1.6457670920791561e-06,0.7190221769581258,2.2095723039187827,3.1496890031078704
677,-2.7887172370378392,-2.442527995943625,-4.781457761914664e-09,2.4702986711398913,-0.3739007465596329,-3.1670649639397728
678,-2.6027552045958995,-2.4820257886974537,-0.23818215991417924,-0.6960364485113821,0.1842334043074905,0.2703302937651955
679,-2.4238585926665865,-2.332895146974881,-0.38423240657065544,-1.5993817829248647,0.0290030009582123,1.1750753937864378
680,4.7768976236516805,-0.6854362607308699,-0.0027363430669993492,0.6966040429139163,0.9230000360975302,3.1366573305196477
681,-1.2901156332239814,-0.6904356986503285,-5.678159492867026e-11,0.7008821506313505,1.1366048820703913,3.137405342424663
682,-1.0495909340608547,-0.6648018644373013,0.2777694916579381,-2.7165638826337926,-1.3741674462994262,-0.007151771076949786
683,2.6086605060714576,-2.7444973569213413,0.27859976305965534,-0.7128458330908374,1.2518083093138086,0.011956193432352874
684,-3.4349488504401755,-2.4530037301881933,1.0831926792937742e-11,2.4433651553398397,-1.0161165008107862,-3.1361401300087115
685,-0.3973840876480678,-0.3974632188919303,-0.26413024551666137,-2.4400891820674797,-2.0231954336048372,0.017831202390835806
686,-3.0076006906974926,-2.4639775596930957,2.0174307052794083e-11,2.4687977112513413,-0.5934519544476173,3.138021603966119
687,0.005320520192992971,-0.6697950629816847,5.958960175200411e-15,0.6694832240639348,2.41706209533977,3.141836809447666
688,-2.6003840422664077,-2.5135626137616174,-0.2101441655020373,-0.7671326112006893,0.18335854066045112,0.34360121944029176
689,3.8561370794348013,-2.416461525955435,-0.2823383837329053,-1.5624321028836972,0.02994899798740522,1.119097133904206
690,-1.500158124765827,-0.659228693070449,-8.004708550957458e-17,0.661532387404044,0.9301704884178722,3.1403698193519114
691,-4.1094934023506555,-2.552094234396831,-0.17352521722029368,-0.45603677211952154,1.6838906060806031,-0.004315854372530826
692,-1.0682822008048172,-0.6641039318087952,1.6820531760593236e-16,0.6706024461303247,1.3559263221608915,3.1404701046444328
693,5.450756769225223,-0.4226676793222535,-0.17437076519253505,-2.5074752528439617,-1.5897463081270504,0.0010294082462709935
694,-3.4392265134331828,-2.481965650383265,-0.007424898533138824,2.4841476868325967,-1.0203014712948142,-3.1393585021618526
695,-0.41922935948146134,-0.6565889763941689,-1.4374742756360722e-17,0.6608325802102082,1.9957561345051502,3.143781916206768
696,-0.18842458247154625,-0.4958308259614011,-0.0012937899057749963,-2.5909484779369083,-2.2277675329919275,0.033236298585840325
697,0.004805228341802367,-0.6435454413113926,2.600611566986575e-15,0.6344002363172863,2.4145731975581963,3.1352303261975023
698,0.21424939246734293,-0.6359482138504552,-2.9594414607044435e-12,0.5989801195674547,2.6227489368448276,3.1098808308603405
699,3.8526802218617,-2.6872504886371074,0.19272684464935824,-1.608864819028512,0.032938106012822266,0.963314257702079
700,2.0266128173619355,-2.865636951376276,1.2935333277462897,-1.6049713513015846,1.832912062543807,-0.008920611867685668
701,2.2636782541774645,-2.865535478560663,1.3099724017410335,-1.6203103605873466,1.5959894444358884,-0.0005865569048091324
702,2.5014400765867446,-2.86539499230111,1.3172253381747847,-1.6284812504511825,1.3583691407088843,0.0076716664962499515
703,2.7372868702549606,-2.865414016089844,1.3151118952219107,-1.6293165196726058,1.1226780845204463,0.01675931577475076
704,2.968821269613077,-2.8655174577369085,1.3039389714935226,-1.6240735065919258,0.8913358890930843,0.027973891105089965
705,-3.0889994423522786,-2.8653799572088836,1.2846819472147217,-1.616361753964836,0.6662442982340155,0.0438997918650581
706,-2.870951143987748,-2.864504849593929,1.2596881440883205,-1.6158480463747276,0.4486702493859709,0.07155116757502222
707,-2.660658483589298,-2.8619291638352533,1.2365590184535495,-1.6611243764635626,0.2395728201644931,0.14109599964558228
708,-2.4579813848051097,-2.797609032760386,1.2464026304532414,-2.373043918528344,0.048607954870826475,0.7823440915968298
709,0.4279842725454306,-0.2875647095335405,-1.1380446651390024,-1.5967028238037106,-2.8495266751460226,0.114551200788779
710,-1.5987566055962816,-0.2830110256350373,-1.1674019388593075,-1.6445299042260748,-0.8252887525736647,-0.03137975555501615
711,-1.372251205976856,-0.2812754709473113,-1.1845364835465606,-1.6363063601697536,-1.0515873941114404,-0.019317259655626806
712,-1.1413854120787539,-0.2806166893904871,-1.1916127579133629,-1.6336152703011073,-1.2822917582135942,-0.009897618939099573
713,-0.9080875719157908,-0.280916156548324,-1.1880758004591083,-1.6382782184781206,-1.5154477831331823,-0.001622141940363253
714,-0.6745630261345226,-0.28225252369487563,-1.1739003567088295,-1.6506192523037793,-1.7488340607022468,0.006446415010604056
715,-0.44300020530371187,-0.28489174903369596,-1.149507529669661,-1.6698340676655952,-1.98024762213082,0.015156123879441985
716,-0.21529197430776392,-0.28920162561011775,-1.1157818873084597,-1.6939747856314564,-2.207776092166653,0.02564491073713615
717,0.007150629198880765,-0.2955041608225981,-1.0742474106320317,-1.7193515217660056,-2.429971886684475,0.04004348498398835
718,0.223462580803929,-0.30383048393939927,-1.0277888173956113,-1.737877987125876,-2.6458778428091185,0.06371936514373289
719,0.433285989208378,-0.31330008952574895,-0.9842732914916392,-1.722600731137768,-2.854790121391422,0.11678206573947847
720,-1.571458917609346,-0.305717413662586,-1.016244884753077,-1.7741103431236742,-0.8525574519163528,-0.029689269467331414
721,-1.3471226623507226,-0.30189083154298535,-1.0364148029626463,-1.7643592538576347,-1.0766966353783136,-0.018190980844102533
722,-1.1190606762227127,-0.30036834464262663,-1.0447398450292416,-1.7609629660855919,-1.3046023225481251,-0.00907066675060264
723,-0.8889880301981798,-0.30108807150443395,-1.040669822825107,-1.7655423095289968,-1.5345360865462383,-0.0009663366246632776
724,-0.6588348922463227,-0.30413463923717865,-1.0241565383223117,-1.7783778225878606,-1.7645526327820893,0.007004383773065115
725,-0.4305069940760493,-0.3097501840294341,-0.9955500738927858,-1.7987265379653525,-1.992732067906701,0.015667597743218575
726,-0.20566083604077834,-0.3182601606151687,-0.9556255886500935,-1.8247646655250165,-2.2173984154838835,0.02615921690804024
727,0.01444981251111166,-0.32991652866445387,-0.9058127334810058,-1.8529245477945007,-2.4372609311430344,0.040634892077439755
728,0.22903260609057696,-0.34453833449763405,-0.8491667857944423,-1.875041356900552,-2.6514332481067373,0.06457163899866103
729,0.43773262233769916,-0.3601725054088156,-0.7954127860885505,-1.8627337271513402,-2.859203526886246,0.11871490071915458
730,-1.5486298023412828,-0.3487292483204394,-0.8324826111983064,-1.9157394373902206,-0.8753633785671688,-0.028336390679588153
731,-1.3261748685269574,-0.3420106179075937,-0.8574902717317854,-1.9035898699257594,-1.0976287340753847,-0.017275174789149528
732,-1.100482952925347,-0.33931860017125315,-0.8677555740802596,-1.8991698959464354,-1.3231683843140687,-0.008390178207847931
733,-0.8730970435976921,-0.3405883780365393,-0.8628317813589024,-1.9038954737658276,-1.5504177349777781,-0.0004214129188579996
734,-0.6457304936140504,-0.34593758316699663,-0.8425914080974937,-1.9180469859190914,-1.7776490196904111,0.00747189707360052
735,-0.42006856535307957,-0.3556950627189184,-0.8071024433544278,-1.9410504168210023,-2.0031630971886982,0.01609935865220713
736,-0.19758241514723496,-0.37036031983111073,-0.7566101587580465,-1.9714151339386599,-2.2254693430932506,0.026596400429276024
737,0.02060028624377619,-0.39047501094742865,-0.6917333087349049,-2.006058685635282,-2.443402725227036,0.0411411578554608
738,0.23374901526357084,-0.41613378257029376,-0.614710229135528,-2.037252610851469,-2.6561370364839516,0.06530729558014992
739,0.441516223484109,-0.4440774015419291,-0.5376205074379756,-2.034995713567366,-2.862958040469143,0.12040640590129614
740,-1.529253753112519,-0.42501913671731195,-0.588176567626784,-2.0844575618261003,-0.8947204288459241,-0.0272279368437629
741,-1.3084402119828755,-0.4128124271905338,-0.623546474010968,-2.0670722433925026,-1.1153503641330467,-0.016515079968559387
742,-1.0847769733757544,-0.4079862291282028,-0.6378096569199716,-2.0605836308953456,-1.3388645903691276,-0.007819861994227129
743,-0.8596640678650522,-0.4102372253309796,-0.6310941859838719,-2.06599051184836,-1.5638428218363172,3.8936268724754086e-05
744,-0.6346400305541358,-0.41985038314598144,-0.6029141513021501,-2.083727610900795,-1.7887326677657012,0.007869567267313915
745,-0.411213777278717,-0.4378534082251573,-0.5517964482488926,-2.1140417410805687,-2.012011551778884,0.016468884763912506
746,-0.1907074960144448,-0.46648826403629595,-0.47421559116747236,-2.157451572920268,-2.232337809120386,0.026972743058130355
747,0.025854377352183544,-0.5109210471939303,-0.36098079105225134,-2.216028578557344,-2.4486492843239414,0.04157957430965942
748,0.2377949515591502,-0.5927989022567743,-0.16922375243968935,-2.3055059303111594,-2.6601719625224023,0.06594885222271296
749,3.8780908720727085,-2.254028922483412,-0.14230471790815716,-2.3608481379850392,0.03436105919490595,-4.666718385396567
750,-1.5126014282681801,-0.6643021076069635,-0.012382643999942822,-2.4215413768743304,-0.9113570652798462,-0.026302616289469505
751,-1.2932293907426733,-0.5826410291520849,-0.19144490294746142,-2.329622890150138,-1.1305502277247697,-0.015873648622944714
752,-1.0713215818455772,-0.5639712138934825,-0.23413352927816966,-2.308383131823645,-1.352311666555978,-0.007334631222401633
753,-0.8481568318083599,-0.5721087902302631,-0.21537895516047856,-2.319834650481147,-1.5753433009915492,0.0004332158544566589
754,-0.6251302830836227,-0.6176483247829632,-0.11321086416958659,-2.3755572627450046,-1.7982365141882946,0.008212120712458137
755,3.0708092279154386,-2.4988982343139265,0.05042642208414572,-0.7414325694868741,0.7894677709609368,0.03431321648644315
756,-2.998667589356207,-2.5691979023454863,0.18249583183976614,-0.8179899122486834,0.5761449600209048,0.05321373984042001
757,-0.0003779206365399708,-0.8026025254578814,-0.00022802599068683527,0.8191951344601924,2.4153846240619914,3.154279567868695
758,0.23966133744622317,-0.7257012396207835,0.17709231704177053,-2.5151607478272013,-2.6613928641287434,0.06935150761958897
759,0.4435849778861672,-0.4488074008923611,-0.3885036084158479,-2.159621058913943,-2.863211847591161,0.1394855541087547
760,1.959156984841513,-2.55990619371353,0.11450611810772132,-0.7323796185401156,1.8999052245898278,-0.011441466269581172
761,2.208682372443011,-2.346897890561941,-4.2209638165771775e-05,2.332288319847149,-1.648544571620011,-3.14251320892946
762,2.4021593231759435,-2.2968804334882282,-0.4213716441211011,-0.458347507701327,1.4575330397715747,0.004232647337810793
763,-0.840279486108975,-0.7538672696674339,0.23401593970930662,-2.587023286808073,-1.583090487221951,0.0007085609295805409
764,-0.648299180369884,-0.809154251239999,0.03453929860639729,0.7897611754657845,1.7716002803277122,-3.1382131420700325
765,-3.2245356660470454,-2.462687922402792,-0.0937984938278475,-0.6347490467263683,0.8021473643104486,0.03481932542809002
766,-2.983046161423164,-2.362261216252688,-4.191449214296582e-08,2.356549980577614,-0.5670977097116565,3.1468281563937155
767,-0.0001874908221024825,-0.7703129441571229,-6.569329109045349e-10,0.778793611476057,2.4138874737154667,-3.134794931224084
768,-2.590146129336341,-2.415286154600061,-0.20785804434225308,-0.7944064129369408,0.17131791003997052,0.2722609223948297
769,-2.419310979601979,-2.2653533688466942,-0.36276461600409005,-1.6507236094612068,0.02572385667741406,1.137555019036085
770,1.9593922330574691,-2.670214878443919,0.2813140335874962,-0.7894104850184975,1.8985033368197746,-0.01160475179773659
771,2.204555832883687,-2.379156773195429,-1.6143593958138211e-07,2.368573638002928,-1.6521167679039759,3.1409429143951546
772,-1.0573829540292183,-0.47343007198015913,-0.28818504070027356,-2.3446816713787335,-1.3663460325958314,-0.00689632888811726
773,-0.8375409882865185,-0.7473571055841215,0.28383600874235737,-2.641782173819534,-1.585429858965646,0.0008264343274879294
774,-0.6184249232660517,-0.7435792139617723,0.2816936363725838,-2.6420844916646753,-1.803707432667176,0.009005053820523485
775,-0.401102344542481,-0.7361630364399461,0.27575298236936896,-2.6396757125800394,-2.020017528409787,0.01837703026876464
776,-3.0169810839638695,-2.6720569267525622,0.26950429798098935,-0.8057193638817641,0.5972464197011269,0.05556746785557169
777,-2.8058260031248605,-2.6705618263637305,0.2563716128793924,-0.8371970830883702,0.3873890293733815,0.10218674607713893
778,-2.5901616068017668,-2.4246001538281035,-0.23400501577101313,-0.8270465456512592,0.1728200894122855,0.33912335760346324
779,0.430087348377005,-0.723643003750313,-1.9768181246664285e-06,0.5936555050148146,2.8450076090892344,-3.2657001889522417
780,1.9837315269986953,-2.4130628379226553,1.1881026902319456e-17,2.407631801812291,-1.8694479697993667,-3.1430415518633295
781,2.1784629766865025,-2.6627212258939013,0.2150161253282124,-0.7297003700699234,1.6794708122320368,-0.003671574817512848
782,2.4192705979235116,-2.407779532335042,-1.8487126349102338e-16,2.401189639240457,-1.4397854634039788,3.1427180371565915
783,2.615206431873052,-2.452681376027924,-0.2191379478827744,-0.5106917464398588,1.2456573891478488,0.013380936232841091
784,-0.6198888798583922,-0.6802352759380603,0.20662961058107893,-2.628179859214755,-1.8009814680458875,0.00944579364258321
785,-3.2140015230480414,-2.415964230351654,6.418543380652711e-17,2.417145984620581,-0.7985126238302267,3.141179322011845
786,-3.020386899658013,-2.496505822955703,-0.1486538884692873,-0.5777451291596345,0.6031189548467739,0.06742250956533513
787,-2.807884720469966,-2.60038091377944,0.06009751584326723,-0.7348694206778491,0.3920901191835347,0.1240565266247511
788,0.21001514564011697,-0.7031255843531069,1.615596733932291e-13,0.6691650739187349,2.6192295310940583,3.112557220647495
789,0.4438067787793484,-0.5583906183083405,-0.0008234689454536532,-2.356987822141275,-2.857953404955222,0.21707268793340495
790,1.963286146863602,-2.5915589937380914,0.008031457418249614,-0.5998384152186671,1.8914626647974615,-0.01307064819132849
791,-1.2726956315285596,-0.5562165257326408,-0.0020758005623004528,-2.5396686894007083,-1.1535682984624405,-0.017502424131294617
792,-1.0738467674170291,-0.7053909589378211,-3.884703359247914e-16,0.7074323986911315,1.3504197547988932,3.141409889748918
793,-0.8567367001365246,-0.7048174168804574,1.691773939592207e-16,0.7071649255812636,1.5640726114265975,3.141903517400073
794,-3.4526568130909348,-2.5860995179592186,0.0009211480528798404,-0.6039014620673336,1.033172695720344,0.02474122727117337
795,-0.4060489142658916,-0.5516276153562426,-7.475405711749304e-06,-2.5451254183916934,-2.011246595974796,0.01961951720478503
796,-0.21119888040908502,-0.691750035968182,-2.4730222119156246e-16,0.6863535413653064,2.1998834915444334,-3.144305026682031
797,-2.0931904764477453e-06,-0.6845823395072907,8.645130600457292e-15,0.6679464946528777,2.4085650354226558,3.1296785557951896
798,3.6970482748701103,-2.579723136734221,-1.5061009005256942e-06,-0.9990589240390858,0.16823846566214487,0.4315149620322124
799,3.857944078026542,-2.543371997822881,-0.0007920640918726853,-1.5795512294617269,0.029313724791435507,0.9826208431923606
800,-1.631989699189762,-1.471563212920812,1.104569570480976,-2.726446031995762,-0.7920929537869874,-0.03355653306119866
801,-1.4029642285332629,-1.4859506682624037,1.1205791486966108,-2.7360225632917037,-1.0208987325121184,-0.020738672566070537
802,-1.1687331701941612,-1.4919376708119296,1.1271747187862333,-2.740775770764626,-1.2549616195866982,-0.010925764754790457
803,-0.9314909433884648,-1.4888316257890786,1.1237945448510445,-2.7421791281708026,-1.4920582156205933,-0.0024276648807135537
804,-0.6938021618368899,-1.4766718854139333,1.1103913730132255,-2.740605325104302,-1.729606548401735,0.005768142199789494
805,-0.45822936967620853,-1.4561203550958122,1.0873309582265662,-2.73568490382557,-1.9650290153629744,0.014540073056983793
806,-0.22697628643229528,-1.4283806322563946,1.0554044793450679,-2.726344575830207,-2.196102307175068,0.02503070467096835
807,-0.0016552704056138623,-1.3952044251722526,1.0159910508478314,-2.710418061530209,-2.4211779930260566,0.039343168145048235
808,0.21678239977186076,-1.3593008794639714,0.9717119045162441,-2.6827857636024484,-2.639214804542773,0.06272004241672446
809,0.427984245524867,-1.3269591494824162,0.9296180349671896,-2.6249704460214422,-2.84952672302545,0.11455186224015312
810,-1.5987566071278192,-1.351967794963584,0.9629227390274853,-2.7058979303195603,-0.8252887396199209,-0.03137958836984911
811,-1.372251221841897,-1.367284070884997,0.9820759684320031,-2.716910215319525,-1.0515873784046885,-0.019317252882863567
812,-1.1413854345464998,-1.3736457834225277,0.9899537904522298,-2.7221527253138107,-1.282291735725334,-0.009897616124034503
813,-0.9080875992164605,-1.37044149644266,0.9860231550913872,-2.7228518341621397,-1.515447755801217,-0.0016221406100158653
814,-0.6745630564824596,-1.3576966320147856,0.970214416799891,-2.71928991736013,-1.748834030332591,0.006446415781812043
815,-0.4430002372271593,-1.3359808090048602,0.942824334416402,-2.711076871563384,-1.9802475902019623,0.015156124523763914
816,-0.21529200696196416,-1.3063500968579342,0.9045368702831071,-2.69714507155469,-2.207776059551439,0.02564491155635329
817,0.007150595980879082,-1.2703973986800374,0.8566361560430971,-2.6753418495219936,-2.4299718536792274,0.04004348650181955
818,0.22346254691252332,-1.2307884743774802,0.801903034520957,-2.6406118445365987,-2.645877810095089,0.06371936985859827
819,0.43328595647062684,-1.194533793066253,0.7491828590141942,-2.5748231382201445,-2.8547901012384393,0.11678210690893787
820,-1.5714583470082888,-1.2207058264932542,0.7881743316801435,-2.6635411553254604,-0.8525580227316429,-0.029689256673776754
821,-1.3471226671876808,-1.2378546543035138,0.8122338034682048,-2.6770440402440814,-1.07669663071492,-0.01819097424239713
822,-1.1190606926135498,-1.2449479568633635,0.8220886045901086,-2.6832118039997623,-1.3046023061456928,-0.009070663903992138
823,-0.8889880571464523,-1.2414620363291364,0.8172810919699249,-2.6831192594439495,-1.534536059567249,-0.0009663352804736292
824,-0.6588349287887452,-1.2273788424557044,0.7976591251836194,-2.676949282748169,-1.7645525962096142,0.007004384430837618
825,-0.43050703968641546,-1.203078836359753,0.7632282820523075,-2.6641762415596832,-1.9927320222664475,0.015667598015392414
826,-0.20566089116649788,-1.1692715862132579,0.7141193641445653,-2.643498192968788,-2.2173983603394274,0.02615921679660982
827,0.014449746007346054,-1.1270349924356706,0.6507477533342163,-2.612366571791044,-2.4372608647356175,0.04063489117389141
828,0.22903252551394315,-1.0784658369643196,0.5749350737455554,-2.5652157170289223,-2.651433168637312,0.06457163583639858
829,0.4377325344306868,-1.0314033216979888,0.497543131562046,-2.4844588387747026,-2.8592034536962196,0.11871488973133948
830,-1.5486297523035564,-1.0636274640795618,0.5517370293526791,-2.5850608658922343,-0.875363428535151,-0.02833638654304993
831,-1.32617484039064,-1.0854278321105535,0.5864569098485739,-2.604119839650279,-1.0976287623936702,-0.017275168085610915
832,-1.1004829456659153,-1.0942931657680521,0.6004083196130492,-2.6123592243690554,-1.3231683915670611,-0.008390175103661246
833,-0.8730970607232997,-1.090035000705159,0.5937463666736793,-2.6110269989814308,-1.550417717806017,-0.0004214114949476766
834,-0.6457305389602892,-1.0724446131076664,0.5659304055833623,-2.600061769730062,-1.7776489742111647,0.007471897309504705
835,-0.42006864659057097,-1.0410571389365053,0.5152931983086111,-2.578083983398448,-2.003163015440052,0.01609935725510203
836,-0.19758255277359638,-0.994495472327285,0.4377646935316295,-2.5416548383764965,-2.2254692030185255,0.026596394825956438
837,0.02060000452735178,-0.928180005074263,0.32215658904826894,-2.482243604831764,-2.443402425333858,0.04114113777677009
838,0.23374913404262676,-0.8084773522810873,0.0960716954330576,-2.3556909836202884,-2.6561371447420856,0.06530727088899324
839,0.4410677080310736,-0.8458251264246981,0.19232732338430014,-2.363126713956994,-2.862389069351203,0.12045808499724196
840,-1.56035490514216,-0.8993929237359243,0.00011121803250871036,0.9180851731799659,0.8668951317080182,-3.1535746028990883
841,-1.3084401286027867,-0.6965695313251787,-0.13903459219240677,-2.267826906738635,-1.115350501324147,-0.016515122904280588
842,-1.084776888407605,-0.6740367246856849,-0.19018334327197284,-2.242159449330265,-1.338864675290394,-0.00781985753013803
843,-0.859664019675364,-0.6836416310858446,-0.16814991522282874,-2.2555303754564613,-1.5638428696238802,3.893812391453366e-05
844,-0.634641265308463,-0.7495810739069486,-0.022631967116582885,-2.3342790296155984,-1.7887313146146224,0.007869540499399807
845,3.1193716577700092,-2.2459402771746673,-0.0006348995854808057,2.228047465252411,-0.7449818537089427,-3.1275878353957265
846,-0.19188914058873677,-0.5152426609404003,-0.47967909197450936,-2.103142994464145,-2.2309179649709847,0.026987849480256277
847,0.024588288408539646,-0.7587455046207967,0.047999879543991875,-2.3773092063868755,-2.447056076902651,0.04144354997834264
848,0.23534783889540462,-0.8909668423096958,0.34452076630741646,-2.518136001916524,-2.656990358282578,0.06847121965584925
849,0.41367016096723297,-0.8551566375072019,-3.241152723684855e-08,0.8111511640556606,2.8289439762959625,3.1000776233442173
850,-1.5185321895141966,-0.5300739164886669,-0.3997586878649297,-2.1674366319010003,-0.9062013149075441,-0.02709662245507396
851,2.1899776270469795,-2.6160321493077103,0.41694906287208044,-0.9769582572454417,1.6693801318627675,-0.0031251855608693648
852,0.7828514277687854,-0.9045528113993553,-1.3400582434459423,-2.2709902699866658,3.098222137897901,4.910609765154493
853,-3.6442245855718682,-2.322896656263021,-0.19020928875597787,-0.6655177395751097,1.2212246015916357,0.012971927685307848
854,2.8562113171024204,-2.313039605029261,-0.2235781346661368,-0.6455623769176464,1.0038272110818478,0.022453242666445536
855,-0.40661219691597617,-0.6743156716439862,-0.09017302593672943,-2.3393335030994002,-2.016072844954348,0.016573607306530777
856,-0.22238585509248548,-0.8518045939257678,1.0563209027836299e-08,0.8633817809053165,2.1936643246833243,-3.1343993244180512
857,-2.7501278462449386,-2.2968655573842685,-1.2691769572329979e-11,2.3388469105947998,-0.3342018280594018,-3.180901562047116
858,3.7097334180525903,-2.337935261122849,-0.19338321030402605,-0.9068804019781385,0.15475393879553978,0.29339619365653574
859,-2.420562802129973,-2.4827556958313957,0.2045931786679105,-1.7618185210009603,0.028163488625537265,0.8994750745403695
860,-1.507137592097264,-0.5509262244258077,-0.2853781379912603,-2.2616221860258037,-0.918110501761056,-0.026303737297871246
861,4.965133154461304,-0.8337914723808396,2.2572989847149903e-08,0.843201020056163,1.1084447368152135,-3.145576134220134
862,-1.0978326108664198,-0.835668279167535,1.685113419422974e-12,0.84565415872373,1.3262393851785133,3.139439808705457
863,-0.8767822645848005,-0.8349674816010226,1.1543568343383337e-12,0.8449423248559051,1.5448536897012637,-3.141532753119389
864,-3.4057912277177644,-2.309942293633523,-3.9455166749205405e-08,2.3013652060216394,-0.9866266511461024,3.1466899150994503
865,-0.4068561658468893,-0.5492861033080809,-0.28086805229460965,-2.2733452650008443,-2.0145277335777885,0.016706265083048708
866,-2.975348091048599,-2.3225339165557526,-5.440158564567118e-16,2.3297032739107473,-0.5604140238184919,-3.1472577095265644
867,-0.007051361700572513,-0.8097288032034455,-2.1316860662097835e-08,0.8098073406191938,2.405650325390547,-3.1410717467551565
868,3.7075595631800247,-2.3399354363507574,-0.24265698750665737,-0.9163976622646507,0.15818290536334054,0.353090519874921
869,0.42478313695607406,-0.7922716939486474,-4.945173318333787e-05,0.6702213274309972,2.839648010175266,3.0252418938744703
870,-1.5268244477023922,-0.7976014579305457,3.6127257969368036e-16,0.7992613241889428,0.902923001778816,3.1407309295783357
871,4.973478108525588,-0.8015561346437617,1.201808267542369e-09,0.806308457780369,1.117288501903222,3.139720646072004
872,2.4310830448959084,-2.3383078769413843,-7.716034716999842e-17,2.3322619540093505,-1.4279946995520763,3.1427182053761986
873,-3.6571623221674505,-2.580507858513749,0.20888648619669692,-0.8073709817060637,1.2348072188953998,0.012627531758650785
874,2.8432576070154365,-2.591085965025718,0.2252327919230629,-0.8173847765457658,1.0188408830692808,0.02220894002736177
875,3.0841580504742443,-2.347063925948633,-2.0232755078192369e-16,2.349036259553977,-0.7832245415008391,3.140598885515164
876,3.2974461720887343,-2.353505246563434,4.9500539168607723e-14,2.371192669097387,-0.5720842520256669,3.1271191388752166
877,-0.006231628839124851,-0.7791617323034444,3.2304052571661074e-17,0.7713481295373127,2.404763415287581,3.136264449748334
878,-2.5719386939164695,-2.481117506969328,-0.000606697879014264,-1.0643357643017646,0.15418173952602912,-5.883050361647786
879,0.4404382978070695,-0.6272664351951673,-0.009216733904104202,-2.2971869055010883,-2.855075080903828,0.20011303884871576
880,4.784549339209905,-0.6230726988976842,-0.012231743306936573,-2.4564769415592793,-0.9294439931704035,-0.0296906429129153
881,2.18608154661752,-2.4950728671129667,-0.03094134021391967,-0.653600826510546,1.6711606032569795,-0.003618108867729465
882,-1.0638871166681925,-0.6416977827304952,0.017626197631593794,-2.4788944441664023,-1.3601081498710927,-0.007816063836826655
883,-0.8665928453985559,-0.7721768736022611,-3.733685136532388e-16,0.7741901476623152,1.5543263850881834,3.1418836999849784
884,-0.6273420824526782,-0.6377989622306087,0.016379691539807666,-2.4812316432494317,-1.7925573650161195,0.008969375349190038
885,3.055921466900667,-2.5153283504981947,0.0009765800319713807,-0.6846971292942178,0.8094817278496668,0.040123822968014124
886,-3.0138463795077084,-2.5193399318579512,0.00016978147180108993,-0.7042666013522746,0.5979690759169913,0.06821147232100247
887,-0.005552888289853925,-0.7503523736923202,6.3684707828603684e-15,0.7344068832076994,2.4036680432324236,-3.1529458951271723
888,3.708918083251917,-2.5060854512728397,-1.4877250391886153e-05,-1.0748960441597808,0.15636532234319314,0.43451899087269047
889,0.4415621168607899,-0.606767902422413,-2.4859429431425636e-08,-2.3035050924803615,-2.8547538644508026,0.2226122231666393
890,-1.5115084491897328,-0.7393025507457855,-1.2428703173866979e-08,0.7291832954717526,0.9201257681218519,-3.1352920424338073
891,-1.2775884662266663,-0.6051590063844337,2.149694369481712e-08,-2.4925426129337356,-1.149085057501467,-0.017802287117146542
892,4.089531408257779,-0.77491209541096,-0.900920185384578,2.515393416932067,0.16133690444972254,2.3084946865823612
893,2.619033131325912,-2.5357469268896247,2.6327455013643124e-08,-0.6475681945693529,1.2426970396561408,0.013794853360707298
894,-0.6263425748288219,-0.6032310128050317,8.441147403111575e-08,-2.49808015206245,-1.7925919029371709,0.009304685871918737
895,3.050199429805326,-2.541067319768576,1.360294928346668e-09,-0.6608740003757706,0.8165745784356244,0.04186781388592568
896,6.066577890191845,-0.7303872042133113,-1.9314043318238723e-09,0.7191315827936288,2.193408701396192,-3.1477102320130133
897,0.014185334248609629,-0.5884722443278922,-1.0518396581336317e-12,-2.48063042234117,-2.4259329823195954,0.05545140429920638
898,0.22459575310323732,-0.5833640069012477,-5.486064453637916e-14,-2.4433230669538064,-2.6348814255802218,0.10131675995192399
899,0.4817143138411817,-0.707526596809741,-0.005806604617358309,0.32220843311696823,2.9101736497613007,-3.5215836488591132
900,2.0266130342030175,-1.7415067475035724,-0.8640461521043852,-0.5715220746629983,1.832911845624439,-0.008920605787303693
901,2.263678241704313,-1.7243471463509654,-0.8847013965779893,-0.5668248944842516,1.5959894569113455,-0.0005865566995799654
902,2.501440063625994,-1.7167366862208455,-0.8937316382982523,-0.5661825800484728,1.358369153670571,0.007671666483348272
903,2.7372868582202603,-1.7189369242771182,-0.8910959589601077,-0.5695857572571801,1.1226780965515921,0.016759315703801736
904,2.968821259631536,-1.7305959811915985,-0.8771186512355915,-0.5779373603647491,0.8913358990602331,0.027973891062627487
905,-3.088999449593836,-1.7505723773716402,-0.8527291365068166,-0.5937582500988476,0.6662443054291796,0.0438997919035935
906,-2.8709511482660224,-1.7762297381888785,-0.820415463608704,-0.6240195502901988,0.44867025351098855,0.07155116779615778
907,-2.6606584849639874,-1.799005530780362,-0.7893374060956351,-0.698151578977352,0.2395728219117479,0.1410959936521352
908,-2.4579813847809353,-1.743931220873527,-0.7774868006711748,-1.4028323248624113,0.048607954137337206,0.782344117161716
909,0.4279842722524805,-1.2398611034286193,0.6510874662041779,-2.4335385971328094,-2.8495266694578305,0.11455116594167913
910,-1.59875660038647,-1.2697389361337503,0.6947434265801524,-2.5199476590181717,-0.8252887951352887,-0.03137946191154217
911,-1.3722512244777794,-1.2874570091048552,0.7191258214688006,-2.533787129399049,-1.0515873757772867,-0.019317253048874328
912,-1.1413854487316648,-1.2947526810744026,0.7290487356748421,-2.540140772237492,-1.282291721551199,-0.009897616737151615
913,-0.9080876249276999,-1.2910907704568102,0.7241115422684121,-2.540290946955774,-1.5154477300999365,-0.0016221414447517013
914,-0.6745630934682114,-1.2764188519015447,0.7040903764722568,-2.534443657152559,-1.748833993350983,0.006446414633784592
915,-0.4430002856648927,-1.2510422879442966,0.6687700399429612,-2.5219610987607903,-1.9802475417513983,0.015156122778591907
916,-0.21529206821078484,-1.2155094849168033,0.6178350887472379,-2.501283903797188,-2.207775998242852,0.02564490850936707
917,0.0071505185260032356,-1.170558759236229,0.5508538185258689,-2.4693981564747536,-2.429971776023821,0.0400434800547087
918,0.2234624476017797,-1.1175852855297803,0.4680237351201635,-2.419935750358011,-2.6458777101374165,0.06371935148847818
919,0.4332858412737788,-1.063347925184015,0.37776173064122265,-2.3345879749673624,-2.8547899839561706,0.11678200549625517
920,-1.5714580209817293,-1.1034854078480327,0.44583914610345454,-2.4384264432880727,-0.8525583612645535,-0.029689200215407663
921,-1.347122628626773,-1.1275421813636655,0.48438228835605246,-2.4595049972123433,-1.0766966692306625,-0.01819097355997057
922,-1.1190606782566315,-1.1371921791403077,0.4996066047972869,-2.468485581010007,-1.3046023204979063,-0.009070664067767797
923,-0.8889880749445185,-1.1324847685699293,0.4922305832489351,-2.467046017888243,-1.534536041752337,-0.0009663361521417002
924,-0.658834987142146,-1.113037447874765,0.46134913735833116,-2.4549806897578894,-1.7645525376994824,0.007004382328063663
925,-0.43050715663751893,-1.0775910381451625,0.40358015290538773,-2.4300159133902457,-1.9927319043453122,0.015667592907738115
926,-0.20566113358910032,-1.0220080166317205,0.30899951850851837,-2.3856419300203284,-2.217398110180032,0.026159200395523552
927,0.014449873685051351,-0.9199925660680321,0.12104842541603578,-2.289709640722381,-2.4372607909866653,0.040634915972332486
928,-2.521669487631539,-2.163358341378874,-0.21248692007224612,-1.1022417167990763,0.103958398722924,0.33508805635306427
929,3.9688509360356052,-2.264800180440028,-0.13111423059196464,-0.546182513912257,-0.11263103818317051,-0.1979888644383606
930,-1.5863817749538454,-0.9727161885133645,2.568704475156351e-05,0.9892728096395795,0.8409256966143257,-3.152459615487027
931,-1.3638700420895251,-0.9780016922562021,-5.8206361162980346e-05,0.9945659435366656,1.0617606847281766,3.133775045098404
932,5.182559441070865,-0.7943929295454351,-0.12260109906441491,-2.189231830721158,-1.323026583717935,-0.00839914530017419
933,-0.9113910003671132,-0.9795568217914965,3.5971992590339184e-05,0.9952010684961582,1.5108523495042585,-3.1422231537224277
934,-0.6460520812643469,-0.7019424172043156,-0.3043565275868446,-2.100291991013759,-1.777299547886521,0.007457807494663046
935,-3.137168325170276,-2.1730454354040756,-1.8162411027809634e-06,2.1571413412433516,-0.7183886778834554,3.1539497076286707
936,-0.1989562388249506,-0.8748524593534956,0.08966671378665864,-2.3134672052439296,-2.223854842286714,0.026387612338750407
937,0.018894619621693337,-0.8513317038804498,0.06393761100045736,-2.3000135566773037,-2.441294101086218,0.0417387629931041
938,-2.5406012715605972,-2.3299671461472413,0.04445865781228653,-1.1741099431750548,0.12220908527951968,0.31603549003127535
939,0.43636318082630643,-0.6119490399420702,-0.3956595948210183,-1.9996161790410287,-2.8562928723783987,0.12931938223027664
940,-1.5698968258879753,-0.9351292503396886,-1.3952719284634555e-08,0.9463645703890525,0.858108642443776,3.1344277567096546
941,2.23883882626298,-2.2014560945001542,-3.0847736117394587e-10,2.189268106460878,-1.6184191499706346,3.1412335285598023
942,-1.1255535069169784,-0.9421818195657674,2.5004950530806016e-08,0.9546465280580706,1.2984419531467029,3.1385058786940974
943,-0.86708641445773,-0.6627679349664597,-0.3109703670569345,-2.133677098536487,-1.556096250891145,-0.0002161752334896462
944,-3.373254647780212,-2.204001010738191,-7.003519487376792e-08,2.192081905458319,-0.9533963246414306,3.1488498347692824
945,-0.41846793181599184,-0.6109759211968815,-0.397205721122177,-2.0957105042168154,-2.003710189786811,0.016133672705601582
946,-2.9728209733522024,-2.164830766993428,-0.37770061963247825,-0.6695985422071098,0.551604807811734,0.06040709372075747
947,0.018311571682516032,-0.6394640183415254,-0.29935989020834525,-2.149217557778557,-2.4393686873043534,0.04124156075051218
948,0.22979517088411647,-0.9083043523742638,0.2802564305637402,-2.4300112977292945,-2.6498489704531147,0.07399601095481105
949,0.43673389391817946,-0.6275561857844824,-0.28777421226136657,-2.0880165402463007,-2.8557275398800983,0.13312714595979494
950,2.0090824583537,-2.2419801542509603,-6.317231312010033e-09,2.233976243507927,-1.8453673647590327,3.139590160905871
951,2.2309645259443918,-2.2374447058965896,-1.0476023981234199e-13,2.228807865779132,-1.6258326699169325,3.1413330340110024
952,-3.8641230928533568,-2.5037731501277407,0.28601868545888876,-0.9577824598809563,1.440543018328477,0.00468315639041318
953,2.6760459758447066,-2.236303192754304,3.1507192402691445e-15,2.2278571788935104,-1.185542451881712,-3.13810143861963
954,-0.6350341226062252,-0.9066203912663826,0.2827791146771048,-2.4812925545884026,-1.7872581445476665,0.00814609672873359
955,-3.168816969217278,-2.2455304698790446,4.4770773429426136e-13,2.242599586171023,-0.7518033026724821,3.144128530835749
956,-0.19722783168623412,-0.8861681903659313,0.2678905357861717,-2.4763832740507947,-2.2231281082496324,0.02885955154339864
957,-0.015894696837023728,-0.8786419898653737,-5.4660008879440126e-17,0.8777175716241048,2.397076175401219,3.1413673335954777
958,-2.5600072370988274,-2.512648930834588,0.27317936548741556,-1.220073099441189,0.14126228727553716,0.3154977403561471
959,0.41881277486827895,-0.8601245739063483,-1.90757816451298e-06,0.7422932508081843,2.833697343974375,3.029526094538575
960,-1.515978648111762,-0.6303219145985488,-0.2182141928760718,-2.2486950638470415,-0.9104297882618666,-0.027050068826220616
961,2.224367669527294,-2.2714629671847697,1.5614138422816464e-16,2.266532918449156,-1.6319381301700926,-3.1416827269834795
962,-1.1058249009574752,-0.8719394386740436,-6.446329656744704e-16,0.8767842503240771,1.318307217830613,3.140647463339512
963,-3.617062140044355,-2.270371221150251,-2.4375617230658833e-14,2.2660539618669824,-1.1957552991374596,-3.1396918773217397
964,-0.6371622515739322,-0.7463715143414825,0.01943632382716654,-2.3782287575460876,-1.7838112981447545,0.008065100899727621
965,3.07476105248658,-2.3090374530271007,-0.20724436750430564,-0.6814063039692698,0.7886684933305848,0.039910921251009264
966,-2.9670506499272395,-2.285571116917586,3.033327395224187e-14,2.3064882965974283,-0.5530276370322547,-3.159006016797871
967,0.012872543712862759,-0.7751615180984128,0.12103185160090701,-2.4237699960887396,-2.429463627816982,0.048703832733792835
968,-2.556554258080529,-2.326889454944224,-0.15412021431836073,-1.102675061359604,0.13973711911803952,0.4378003703003187
969,0.43659242027789014,-0.7115086958397648,0.012098667520268343,-2.2462314917712765,-2.8514967807983775,0.18835999664021869
970,2.000009490608947,-2.30756536069207,-2.9278151422801374e-16,2.3076377691238026,-1.8526626692762638,-3.141415074165561
971,-1.2932338594112402,-0.6857393560188851,-0.045039110610457164,-2.3704145152114426,-1.1326405240760902,-0.016949010578828638
972,-1.0981266413945283,-0.8396858356444411,-5.344166558840395e-16,0.8405374185838773,1.3260815572542148,-3.141534023202881
973,2.657645281175439,-2.302566329892566,5.754248204257677e-16,2.302488014523726,-1.2045407468944833,3.141941023036452
974,-0.6348995911025054,-0.6991448686548705,-0.012543758955066913,-2.3927274153838325,-1.7852251060468574,0.008306761723933128
975,3.06879849833542,-2.4455249713674188,0.011489466723837289,-0.7634261501776115,0.7962551328340033,0.03954723819406794
976,-0.22568598950908142,-0.8239839952353379,1.3627784603021217e-16,0.8182106438619502,2.186350834482857,-3.1444795899474465
977,-0.012524354183419061,-0.8157644391084805,-2.1147963157912205e-14,0.7997969023035493,2.3972125353053064,3.130285986587768
978,-2.5591359631479618,-2.4306073544792484,7.879778279223018e-05,-1.1643839201035968,0.14127418026522562,0.44926153640067185
979,3.8677156944052005,-2.406276816954807,-0.005495618325950755,-1.5918040276405194,0.020427030621142258,0.8626417458836072
980,-1.5252827224224272,-0.8041047316489185,1.8083769640232768e-15,0.793088321332529,0.9060373095823908,3.148566139158543
981,-1.3091526138925738,-0.807667769556331,-8.631615325523383e-17,0.8021443246423878,1.118739306670792,3.1442185110305814
982,-1.091511242307711,-0.8092116553673789,-1.2810449672751066e-09,0.8059698092169443,1.3327770362984728,-3.1405631692187175
983,2.6287117912464266,-2.463007774182741,-3.6426662752948103e-06,-0.7187507374449713,1.2328902092193343,0.013660530970511325
984,-3.4371000373076854,-2.465283876422448,3.5398067303974194e-07,-0.7225637223455404,1.0179112066343865,0.02472141005357894
985,3.061683113882087,-2.469050193763109,-9.325295161744781e-07,-0.7310024606843858,0.8046373915473989,0.04105736228310545
986,-0.2237942841014299,-0.794524773397484,-7.205260905090802e-16,0.783098264774058,2.186741150874468,-3.1477555748271895
987,-0.01121770935137241,-0.7868436509899713,-3.551889375832203e-12,0.7629578585475226,2.3968004942304826,-3.158739636730952
988,0.2212120493850581,-0.6528399690770489,1.6618678326070845e-12,-2.3809489915606954,-2.6322991606073978,0.09491728271360021
989,0.4389166092440811,-0.6516760040815486,-6.437222473405789e-07,-2.255113418514468,-2.851142414434445,0.22576981613242625
990,-1.4985776545983882,-0.6475161054366694,-2.367200247655956e-12,-2.441404376321362,-0.9313454813042543,-0.03139395554635215
991,-1.3023756725443452,-0.7789670622720156,-4.81041882739987e-05,0.7688103032840121,1.126043362176044,-3.1369867134108134
992,-1.0658580452046866,-0.6513131454616181,2.94903359874018e-14,-2.4505890618877344,-1.3583050694485426,-0.008115603959029275
993,2.644007553459371,-2.361732635069982,-2.7464322709866957e-14,2.370403049798526,-1.2188370865890767,-3.1442632439902507
994,2.8406475516390923,-2.4927336982360004,-1.2375697026110875e-12,-0.6969352247189149,1.0242273445397168,0.02545567698694568
995,-3.2089208615789673,-2.3684339685425018,-1.4798969616250115e-09,2.392194528454313,-0.7961167082075177,3.1253394813923143
996,-0.2222035551014722,-0.7666679804558761,-6.186397521475699e-14,0.7494434756533506,2.1867741606320976,-3.1511214350251544
997,-0.010087622552512956,-0.7594782700093814,8.570306216272974e-11,0.7274672843389028,2.3961574790422295,3.118451655550633
998,-2.5655314388552175,-2.481575755896919,0.00023717674340042091,-1.1676249449647687,0.14695810627291314,0.5023769396909609
999,-2.4189205611113898,-2.4626731560339614,2.2569464940647026e-06,-1.578150273400453,0.023809640688124103,-5.383304173510656
