,0,1,2,3,4,5
0,-3.7189841272478934,-2.6463798644869807,0.35889197130064104,-0.8898683182884691,1.2958147684438448,0.009999108073829636
1,0.03123525466140631,-0.6505284025200493,0.5279434692340548,-2.9649946539323206,-2.454022116988236,0.042034458623382065
2,-1.2715090587230502,-1.0893745412117433,1.7495461192987225,2.5189299690775915,-1.1522550953035393,-0.014973307498057142
3,-0.27610584006537925,-0.8209022373263536,1.068322721652923e-08,0.83317339397332,2.1403123553033194,3.148644370849211
4,3.852628030978278,-2.3911417619787616,-0.013081636588967938,-1.9115007433730755,0.034572558828001365,1.1744472629592733
5,-0.8949722013310408,-0.2993766227220753,0.2779082826893804,-3.0858238006433734,-1.5285554342396803,-0.001171691229938876
6,-0.9445483004577508,-1.1369082674381632,1.042401172850556,-3.0126710695614998,-1.4790086404498635,-0.002878524920410186
7,-0.8363042028612604,-0.6608786084664304,0.0003104771707180436,0.6766478505886951,1.5854543484936328,-3.141035764597553
8,-0.3309692530097408,-1.0640891651616764,0.46768354214082475,0.6359295653226296,2.09219604458068,-3.121620960889712
9,2.355906178322934,-2.506630888405215,7.534603804012322e-05,-0.6726307859405232,1.5028852647278004,0.0027959017716776753
10,-0.9429007669047182,-0.003723013254659069,-1.5465257065054772,-1.5569342741433607,-1.4806551395844911,-0.0028214124733452195
11,0.0616210195085678,-1.2005246417679125,1.5172252797340064,2.881005430138365,-2.4843621187544844,0.04471900440258736
12,-0.39110997440426276,-1.4758484088416763,1.2332163560621217,-2.860688565256247,-2.032100777389699,0.017319518411711865
13,-0.8091329557821978,-0.409477874935118,0.4754444982452397,3.1099286508788513,-1.6143441761342483,0.0017712521516917157
14,-0.0778019697822474,-1.1731743779782833,1.2958675718415797,3.0668457207997744,-2.345126040693564,0.03381623913039489
15,0.01927556111766382,-0.9543860017614159,0.7280276875270077,-2.8619927292364427,-2.442079785286142,0.04103141568384849
16,-0.7117075033067488,-1.3179038271095962,1.164844205539242,-2.9539198837355016,-1.711711985327516,0.005140633382927362
17,2.6980702564176213,-2.388722180010405,8.76793275639234e-06,2.3747732027410224,-1.1639580748036595,3.1474409134237162
18,2.475842391231253,-2.005876313522323,-0.7503287486432555,2.7213278900220317,-1.3839511798334978,-3.1348340062257076
19,-0.6114075997613337,-0.9471108988492194,0.8747870683702477,-3.0339772803460816,-1.8119507161210615,0.008709114675639729
20,-0.9590967089940858,-1.1632391064766057,1.526461653654394,2.812834722694543,-1.4644687996479322,-0.003381739616656887
21,0.36767961706933905,-1.2224483681693874,1.6758739901317723,2.7877059610247743,-2.789579464556901,0.09374922376580308
22,-0.6401689025274968,-0.7354603803580266,0.7326840520781008,-3.1037581965633416,-1.7832071973032084,0.007671080684419351
23,-0.9024128109910667,-1.0773805216587098,1.538870904559352,2.7144145195326264,-1.5211192028717808,-0.0014271707782036458
24,0.10713013092263646,-1.1074648962378046,1.755718598333111,2.553031035254925,-2.529795059992688,0.049161427982804984
25,-1.0860785887401128,-0.9139751255286552,1.2075025371435277,2.8832888372797854,-1.3375639033128726,-0.007866620055033025
26,3.5886633852522993,-2.424843205417787,9.748699064242758e-05,2.631699405558588,-0.275303018226481,-3.340659060968162
27,2.6438553613067057,-1.8332326645497339,-1.3654952936006783,-3.1210038183909425,-1.2160447736704803,-3.1286156654604915
28,2.3594499886986915,-2.4122632645657087,-0.4854426328427719,2.863350967746067,-1.5002739989407183,-3.138893595182687
29,2.702745052729039,-2.722807142640114,0.8230033545031228,-1.2792159325118901,1.1571953300843782,0.015325505859640653
30,2.1842500145830055,-2.7994693581507195,0.2818166116939258,-0.6595236779360667,1.67445073799311,-0.00343949433850159
31,2.1916849943193224,-1.9030497949012446,-2.0150169224202945,0.7420417679749147,1.6679402517803723,-0.0030636347785168994
32,2.9576941317013095,-2.0783861956655056,-0.6357814940512618,-0.471094623385623,0.9024523258570394,0.02734945552882362
33,-2.645483168926903,-2.135715183184768,-0.7175818472372573,-0.44277395902660777,0.22456702817894314,0.15093597430723715
34,-2.679761567881965,-2.03349790974073,-0.817143753163343,-0.42539460416131636,0.2584901490956737,0.13030534857618292
35,3.0189184151209556,-2.0837055583927797,-0.6291749643105842,-0.47468812940616134,0.8412894592026294,0.030932425116603213
36,-2.5804192063923566,-2.254863754904708,-0.8455162858178871,-0.25719616780362964,0.16058131453057944,0.21356639494015006
37,-2.8612770678298975,-2.3028946028877897,-0.40183181502908605,-0.5175619009955321,0.43902703035672586,0.07334890249002024
38,2.6415545680325643,-2.318596166313148,-1.1281277919090593,0.26861585256932585,1.2183440319532135,0.01288741483021072
39,2.6308364519430967,-2.41384854388459,-0.8457650572623896,0.08164663031988395,1.2290552444371503,0.012472171252033704
40,-2.860462324838938,-2.298437541007073,-0.8057396295131216,-0.11825125810797976,0.4382149337302623,0.07350366584671741
41,2.1398206590792332,-1.7505831358761856,-1.8880048691859852,0.4623416758465648,1.7197736819602563,-0.004868232153133256
42,2.825480297654602,-2.5975214856917304,-0.7350341235760256,0.1510943877542621,1.0345514994546248,0.020654618598131336
43,0.4059385555073211,-0.49855898052958497,0.19957705256399694,-2.7059971804090566,-2.825834454515646,0.13022654220675828
44,-0.25193044879118043,-0.5923458974105715,0.7544533925217625,3.0210219788136,-2.171170047061548,0.023752784196701793
45,-1.3535304562868595,-0.9183744178388791,0.6954548586385538,-2.879609748287251,-1.0702937433958342,-0.018475271354026823
46,-0.3216635336553004,-0.8308503695918068,0.2919406214062765,-2.562944881801513,-2.1014944530522484,0.02039803456029743
47,-1.0878561762802406,-0.606588080387596,0.4488543786465118,-2.9486200175739934,-1.3357872887309588,-0.007931333488435222
48,-0.36652268378966735,-0.8910328551300877,1.1230193136704738,2.948363213212353,-2.056669806260499,0.018383028207979546
49,0.06772202131432792,-0.8987537676241422,0.7412291124222254,-2.927506587223437,-2.4904534364133224,0.04528355400520434
50,-0.6541785238246094,-0.9956409285212611,1.4418313360633332,2.730358212240354,-1.7692061592627604,0.007170219912693732
51,-0.8682006978353423,-1.0463102342115524,0.8801970042579947,-2.9412054106410945,-1.5553112047598867,-0.000253594032652682
52,-1.4848769353544367,-1.3365712692313054,1.5701983090385312,2.950435809319554,-0.9390558599119729,-0.024813263797484275
53,-0.5249481652479875,-1.255471350503778,1.2532407319616752,-3.1031668844642972,-1.8983550000789593,0.011927044593094127
54,-1.2919429444950952,-0.7182549435381954,6.310961148668222e-09,0.7289122472669605,1.1346636087727966,3.1373001018752995
55,0.22150761994346585,-0.7007402912152105,0.22110515397563543,-2.565754176881099,-2.6385423738705636,0.08472614797346802
56,-0.6213660910153431,-0.7524780827915658,0.284896474154417,-2.6367237893252504,-1.800922023648052,0.00882151867618723
57,-2.4783203776816927,-2.647191247995625,0.22382377913678095,-1.4553609386098363,0.06216469753614361,0.7369906569220925
58,-0.9134056206632426,-1.0841070483613469,0.7070356204991537,0.4114045098384076,1.5101328674282204,3.1397876815297483
59,-2.712748350116824,-2.7483562443924043,0.9973152751653691,-1.5101735362970707,0.29121207607630195,0.11490764908702245
60,-2.4194279314654845,-2.5400733866944427,0.9143031720345789,3.0782631477215503,0.03451122029309328,1.689446879702773
61,-2.4214748787065252,-2.402946197056727,0.28408386478463754,-2.6526058088575883,0.03432981875678953,1.630187571392975
62,2.71862979569646,-2.942830292221075,0.8716158989496297,-1.1080728173055414,1.1413217906101112,0.015979230990153415
63,-3.0269909383574767,-2.586428546269146,-0.10619094426285736,-0.5096608507073852,0.6046182311235601,0.05023584404271903
64,2.7631838661954093,-2.4500718545555547,-0.9364083775945016,0.2063693340017374,1.096800060226733,0.01786568246129594
65,-2.8413266491103775,-2.0569712274903234,-0.9717528563910229,-0.19715742478425735,0.4191444080005322,0.07730010788377228
66,2.390892304232347,-1.8262219752075848,-2.0046352574024766,0.6548157477801038,1.468850300386066,0.003784544028786474
67,-2.7215044522797927,-2.566703251051343,0.22457068360789945,-0.9475499256023863,0.3036374332364399,0.14193870805298772
68,-0.08974287482090783,-0.3368759129552063,-0.23724269490491784,0.6023456108632139,2.328656704717396,3.1614346477829756
69,-0.6169392704496008,-1.3070107744343142,1.9284309076912782,2.5554166632768727,-1.8064224811295437,0.008508362815618398
70,-0.34412211906623913,-1.200171259391477,1.1907462407524214,-3.092936615584305,-2.079053374922456,0.019376792455570335
71,-0.12979667262609507,-0.9493004313397702,1.3906467205951971,2.7459325368156513,-2.2931883847864647,0.030495824487574374
72,0.10212592258651323,-0.5744597144366206,0.21265185479848286,0.39599822942726315,2.5190444349741514,3.1697711580427255
73,-0.43232264482957783,-1.2387771710473707,0.7254240393333768,-2.590704188298656,-1.9909176959494967,0.015592910455252351
74,-1.460765043137485,-1.1014893351571837,0.9479797909028367,-2.946337090297463,-0.9631463829004874,-0.023566463798350146
75,-0.8440538521063776,-1.5102362075332858,1.4660736926144864,-3.063158984576594,-1.5794438651073737,0.0005739214217959088
76,-3.552503050492344,-2.5393381939669353,0.26901639248035053,-0.9089456051174218,1.1302084151248792,0.016388702775045984
77,-1.0131500410516403,-0.479004629277203,0.024603511559673164,-2.6524210378520063,-1.410448280625859,-0.005276379084801758
78,-1.3522417778614881,-0.6373231535888777,0.0029128479683329656,-2.463013765968352,-1.0744772001757774,-0.0208680668680546
79,-1.3473178318127077,-0.832582123926251,0.5360515009435298,-2.8061301721614216,-1.0765016139718164,-0.018199602784978453
80,0.08907463495332557,-0.9077891661284685,1.1360951897885476,2.971491053470505,-2.511770955601506,0.047332572387091876
81,-0.6731514120118782,-0.6344076566463688,0.5344855145133227,-3.006841103519056,-1.7502448135910416,0.006496359087413861
82,0.007844924175310464,-1.3877904376284675,1.3773489655901727,-3.0786193470841505,-2.4306652266152335,0.0400992870738186
83,-1.1215586406310178,-1.3334557162638125,1.7575351492338678,2.7530590372471186,-1.3021059349077069,-0.009162680262987166
84,-1.0135677879078888,-0.5523500481042611,0.6694938319644685,3.059166742313666,-1.4100302937327966,-0.005282288824000503
85,-0.11390340168469804,-0.882102081001122,1.3543954084661438,2.7156403692505933,-2.3090646958038454,0.0314774445041075
86,-0.7295466159230881,-0.44036713442835307,0.2844429287450603,-2.951136769060808,-1.6938832770568446,0.004518674337785633
87,-1.4141488536321916,-0.7012027566874108,1.0519428832412938,2.8313310634124482,-1.0097232055676129,-0.021269536717482218
88,-1.4539091688628802,-0.7345892180024141,0.8840632761181979,3.0336675537203286,-0.969996312347535,-0.0232196033678016
89,-0.04173502859666666,-0.31863097059603196,-0.2192770282657614,0.5647433995202497,2.375875463901455,-3.121784540799067
90,-0.929766440961882,-1.1210913021646869,1.2789273256574543,-0.12346419717493573,1.493781699382028,3.1392244300333747
91,2.585790235534276,-2.2398428022502195,-0.9673820675299805,0.029795612450332687,1.2740719040868713,0.010759665014035136
92,2.5548331350486952,-1.7458049731412173,-1.4120024401442668,-0.01930276534195796,1.3050093056019456,0.009610294591568369
93,0.2748431366861104,-0.5799578356360284,1.025679585069996e-06,0.5725210849481055,2.6874792079124714,3.1353561740351337
94,0.07490774304798675,-0.8211399447891703,-1.2205576883503948e-10,0.8276779354633198,2.4889171512234,-3.135939783160567
95,-0.7664328438844915,-0.6661662109250702,-2.0043363981123418e-12,0.6744637764232422,1.6536714726082367,3.1426290982397975
96,0.42430461893416727,-0.5649251720374879,0.6662084717426584,-3.125033145897161,-2.845872768951368,0.11304911566736653
97,-0.9426384849732568,-0.8509444389470455,1.1333809240038315,2.89356501373468,-1.4809172662607075,-0.002812352786425887
98,-1.3546005222719528,-1.2264909476880617,1.5140963868896593,2.89307347264757,-1.0692244637587622,-0.018522876228293406
99,-2.8731034059130103,-2.649923297456327,0.2116144443992062,-0.799601654141094,0.45542420210237117,0.08706810397021486
100,-1.32313733684976,-0.5096738742344976,-0.1384355195335733,-2.4514099317425226,-1.1030352667973382,-0.018798074756466082
101,-0.6541908309046409,-0.29751283523663874,-0.7075547772580326,-2.101569161340332,-1.7691938596979648,0.007169781254880103
102,-0.6190762685185995,-0.49230385763623197,-0.8946580841666538,-1.719404557888786,-1.8042868101005336,0.008430959758253032
103,-0.08122660844638274,-0.49673959566866815,-0.28367558906400014,-2.311859815792884,-2.3391861046031,0.03466409667783877
104,-0.4353095111378636,-0.3243048807028954,-0.09750676070383152,-2.6818666398696687,-1.9877690134523212,0.015643961334905514
105,-0.6612600346506796,-0.0848533215600411,-0.2796474750895701,-2.742184670362121,-1.7621289664815567,0.0069182311514346395
106,-0.5880408875874998,-0.4952253881583135,-0.9491207630410754,-1.6617412952430817,-1.8353027873030079,0.00956319496398006
107,2.5901820735889007,-2.323843991474426,-0.2639848926723465,2.551943754992932,-1.2696828868262462,-3.1306682099967844
108,-2.87867830728435,-1.832646180989614,-1.0300471138320209,2.784866735850443,-0.4563736192790717,-3.0714264105576112
109,1.9959867675682403,-1.998054887776553,-0.9561740267031174,2.9184359535171174,-1.863518659017047,3.1315376319398265
110,0.16055605625262195,-0.5610624103116746,0.21116608689100103,-2.7031922844038183,-2.5771110101359667,0.07525181674977947
111,-0.5033059057905866,-1.2232450766563574,1.7758838251124978,2.6254257249773225,-1.9199829773058184,0.012760455102607704
112,-0.95062705683024,-0.5850149485473906,-0.00832586669181654,-2.509915294654761,-1.4723263242317084,-0.0034710276217617677
113,-0.8539181480265094,-0.12184075993657562,-0.3298705500863748,-2.6556114142973763,-1.569585367702051,0.0002358137901996571
114,0.17663176978376072,-0.6348645810758669,0.6686249937192299,-3.108931216891607,-2.5991590688006525,0.057186941334930186
115,-0.6801815920240566,-0.5318598254362641,0.5841094028615084,3.1241291159109448,-1.7432185523316928,0.006247561799260559
116,-0.5314318389473036,-0.7524705836829915,0.9292377758607984,3.000941817214777,-1.8918755637798912,0.01167978090677213
117,3.1996284479242765,-2.5589715343294457,0.005623339706731083,-0.6603499161394385,0.6670046299796925,0.057194120773184434
118,2.214254927866552,-2.810667157944888,0.4040664188879166,2.3722357331022046,-1.6453835863785296,3.139308169590798
119,-2.650169689037803,-1.8418087423341543,-1.8055244969136757,0.3543549812965656,0.22919886231731912,0.14776191610437683
120,3.8251325523812167,-2.3914347136966643,-0.26543730548586114,-1.424001855226657,0.0493372188385761,0.9380692908807532
121,-2.757167366379825,-2.669817280220012,-0.18669647805685852,-0.3893784652910135,0.3353543645841479,0.09880538357242852
122,-2.9979555624986496,-2.000906210025618,-1.6799340067423796,0.4762382961199654,0.5753592400673959,0.05316252417234146
123,2.8940721099886275,-1.8499762730609381,-1.806806885543271,0.47352751974092655,0.9660165165637595,0.023975388120585972
124,3.5293042889327335,-2.5423934580469454,-0.11630447061015206,-0.6536788489501324,0.33801998695593755,0.16159889360165552
125,-2.5244923936172334,-1.7757632048164531,-1.3261264730371116,-0.3674953054714347,0.10662667182401808,0.32633755876188264
126,-3.0910514850137187,-2.0950122978878087,-1.2927573631405045,0.1908541133368633,0.6682931933290845,0.0437161970716482
127,2.7308966199192435,-1.8530437399947761,-1.300529981035891,-0.025929260591609715,1.1290637294056625,0.016490584893670945
128,2.7921776462336645,-1.8163417163501177,-0.985474208521655,-0.37889298736331156,1.06782810644569,0.019139875356212865
129,-0.31358436267007994,-0.7698275245143076,-9.870072548740203e-15,0.7681893256902761,2.0996193619964827,3.14121268439248
130,-1.504813420706076,-0.746398341068545,3.0249129083106385e-16,0.7452560490317546,0.9254653643913582,-3.140741299381297
131,-1.433620595379353,-0.6787428607219779,-1.3224982227064564e-15,0.6822857556514788,0.9956843461403488,-3.143350410225229
132,-0.643021217835523,-1.0955496572916776,1.209230850483058,-0.07864448172052585,1.7803566328750113,-3.1340238020090374
133,-0.28679607484163583,-1.4478853657020252,1.4625413358503012,0.025936921263644663,2.136333804384406,-3.119554303778725
134,-0.09528409579940922,-1.4373344930268401,1.613579732364511,-0.12909760325169195,2.3276636649724027,-3.1089288409298548
135,-1.2800288325861497,-0.8979742479075963,0.8950022394457262,0.040624926014326324,1.1437413371358325,3.1262683330958314
136,-1.4493327409422696,-1.4379868399093874,1.691117471889827,-0.21171110586995834,0.9745688027861439,3.1186027773632237
137,-0.5729423918623642,-1.3049338002565918,1.515194505351685,-0.17460566296342428,1.850391727495193,-3.131471862964652
138,-1.0394372522309228,-1.4142431717003934,1.2454359500335928,0.20368290953042933,1.3841764834438361,3.1353966668809043
139,-1.0298474675736249,-0.6551153693117415,0.020081529019845716,0.6520029208806738,1.39381730085625,-3.1443057172213478
140,-1.2218418011509862,-0.6222903669264204,-0.19435675212156678,-2.288202508881885,-1.2018881789600704,-0.01297729492068278
141,-0.1936498402733869,-0.6334220662240873,-0.10606814199528702,0.7592241233904824,2.2237826251266326,3.154029530717024
142,-0.9568450561664266,-1.0935362686798125,1.1898312505317739,-0.06183857043221819,1.4667191160072095,3.1382889483437886
143,-0.9698569634929322,-0.970623214948497,0.6233996594799045,0.3817297875788741,1.4537149426640816,3.1378375908177603
144,2.2893455672538368,-2.5512827979673043,-0.6739610492727293,0.049381287016669884,1.5703372050659068,0.00029306972982823254
145,-2.6951436057927953,-1.884134139693681,-1.001568725164237,-0.38297468244006083,0.27374093982407066,0.1226783915033689
146,-2.7436200488859233,-2.122791760846574,-0.8610958328542475,-0.2662243885335265,0.32188364171781636,0.10326361026332842
147,0.16195906898524642,-0.6323690316268442,7.712204568646025e-14,0.6086711140830238,2.5709234103737666,3.1220808938548297
148,-1.0021473739915596,-0.6889999781494496,-3.720979248872652e-06,0.7023372693009889,1.421158587582117,-3.14329822606976
149,-0.32468792128522095,-1.1796167205452686,1.2310698508067492,-0.011785309169531022,2.0984724573776043,-3.1213336523502764
150,-0.6174566276286662,-0.587151174284962,0.267064994183821,0.35532593291592107,1.8059054415729374,-3.1331030401105555
151,2.429973309112505,-2.9065856937320387,0.9106550161165812,-1.1802755652165196,1.429792588191619,0.005143733603645728
152,-2.85747410777876,-2.2446931694307506,1.692396907469916e-06,2.2536900099398554,-0.44156911914550967,-3.1493354089389656
153,-2.397728260559853,-2.0882138461079327,-1.3896136156484709,1.262425850506201,-0.042877654195990544,-0.9254719996052838
154,-2.384553298008274,-2.377637672712399,-0.6914934699709292,0.649435526754476,-0.05187385071285222,-0.7209523359086099
155,-1.1401800848979369,-0.5879344530678821,-0.00027990529583269677,0.6039352286502276,1.28473138335881,-3.1457857327135006
156,2.3317127591200357,-2.8030848467893623,0.739881157012864,-1.112690295434677,1.527994904560705,0.0017456017001999946
157,3.0880538894556953,-1.8836011348872346,-0.7702144958563828,2.6046896182983152,-0.7722319783944385,-3.1061098679209316
158,-0.39444562847396664,-0.7828738635682252,9.199279561468734e-13,0.7906404330765135,2.0216975002914586,3.1454061200913497
159,-1.4932774297640083,-0.7730789059998346,0.2680737137620297,-2.593853093236848,-0.9306630514811705,-0.025258008627442763
160,2.288356390499612,-2.471940408025492,-0.2218559816602222,2.669198004199971,-1.5703425955707646,-3.14133208334618
161,2.4685850680203956,-1.6675714757223732,-1.152904046635472,-0.3559474441800967,1.3912040954569047,0.006501449804389381
162,3.089578738374244,-1.97843224101753,-1.6411702118204867,0.428806731463685,0.7707089719952229,0.035590271782495186
163,1.998237244961918,-1.9962030033721454,-0.5935124445315232,-0.5876460021830265,1.8612695711081564,-0.009971059283972572
164,-2.9945674221480036,-2.2036587898253526,-1.1103271394449226,0.10905251194639876,0.5719778679199479,0.05355713572519649
165,3.824660586637798,-2.470296842000311,-0.3665868525224715,-1.1008058848950608,0.04903222301190882,0.7957459433919675
166,-0.7062012333557045,-0.8550135043945004,-3.8230930439804165e-11,0.8651282209517018,1.7136528558856154,3.143390700014838
167,-0.9655204158934358,-1.4541592424581833,1.0492288809293235,-2.702173620225566,-1.4580488970989482,-0.0036044262997543264
168,2.2177630771436476,-2.513062656579744,0.22327283770115858,-0.8857658083456597,1.6414464765423462,-0.002138372776410273
169,2.4179264692062716,-1.8176399372750205,-1.0083083519105385,2.79139130027479,-1.4418322232350569,-3.1368693155863308
170,-2.3465979878023067,-2.040098135010139,-0.8058975132369204,0.1241160651807709,-0.08418110759475983,-0.41811720186224877
171,-2.8392497378553605,-2.5396384924070023,-0.5303906069353523,-0.1562468880484853,0.4170749110047538,0.07773176683230743
172,-1.4718930316204322,-0.5844101771345415,2.0341485429690192e-05,0.5998671715033299,0.9564760440051586,-3.150349806402884
173,2.77714957154174,-1.9262413605148803,-0.6830904760243692,-0.5710607550354072,1.0828447786881084,0.018474543515032416
174,-2.676853376456447,-2.66559455833246,-0.5063474569953006,-0.10558536160120813,0.2556084916650798,0.13184711254155346
175,2.227403264356821,-2.4612664869720815,-0.24479436876897387,-0.4737033867028009,1.6310709659666651,-0.002062857451784843
176,2.2127746703675033,-1.765882771790795,-0.9300174843679909,-0.48006170100441237,1.6468630571891083,-0.0023355143561301084
177,-2.620074791086596,-2.4527487298854314,-1.039579602769181,0.17697211268554236,0.1994988624960068,0.17066142292491282
178,-2.7103660532627387,-1.6869725745497153,-1.3604840107302916,-0.2147135346256417,0.28884685932671683,0.1159049448187055
179,3.1345137825282183,-2.0029467680568835,-1.1247627807139975,-0.06552613004115138,0.7258309864742776,0.038918764011880214
180,-3.3298961607783872,-2.424441102798709,-4.2810200787753774e-13,2.417814773510505,-0.9123857303486506,-3.137142720241782
181,2.571987122382118,-2.0261521941358254,-0.6487980006971559,-0.5023314676628887,1.2878662115445056,0.010244614033583677
182,-0.0013565858168196829,-0.6698970971433404,-3.262507100766251e-07,0.6817581621057711,2.4128842666303587,-3.1322720662259287
183,-0.8467959844998356,-1.047068639079837,0.7903233108418277,0.2910158287054685,1.5767033495866478,-3.14111280999762
184,0.4056781106336349,-0.9094316157479302,7.321572410395372e-06,0.8938882323050834,2.8216409846170554,3.1272324908630615
185,0.16425157554873104,-1.0666172511028043,0.9843429394940433,0.14736514727621008,2.586805636696223,-3.08596561589237
186,-1.1846317222577323,-1.145426670234257,1.2644439149974493,-0.08277046791166898,1.2390734544222637,3.1300607830289273
187,-0.09413631407536105,-1.0961774711145291,0.8853437996134765,0.2580324925901598,2.328810169835121,-3.1088543468965018
188,0.35734966645678545,-0.4230855912282516,0.4605763458541343,-3.0822571073347227,-2.779299050398808,0.09085379461942944
189,-1.3767501477333262,-0.41032050164925016,0.4783506707684344,3.1131390419067895,-1.0470920133064885,-0.019522319508274766
190,-0.5415986940158604,-0.6129293571240151,0.8796607205085278,2.910857817946095,-1.8817153166275224,0.011294193392614282
191,-0.5436811146054419,-1.073257923140293,1.0760317675315214,-3.10839396282498,-1.8796342381864717,0.011215560257575419
192,-3.001588937098781,-2.2583289282335874,-0.279104427668262,-0.674119194643473,0.5806952577135553,0.058835376888532846
193,-2.7773499291065615,-1.718713437558166,-1.1399383894828694,-0.3815584695829437,0.3554331483548552,0.09276713922628055
194,-2.8785184590154693,-2.2087830819459033,-0.7197451065070921,-0.2909162818848916,0.45621428528266916,0.07019437744780888
195,-2.863323492610066,-2.2433410699295946,-1.3664473546860951,0.3878497149050797,0.44106681483081767,0.07296248348937251
196,-2.520707153495982,-2.6597379282848803,-0.559317876161809,-0.2621034727967313,0.10305052224588707,0.3381768858795411
197,-0.05024121988394051,-0.6519009641385363,-0.13887237997679466,0.812674209910602,2.366996568108003,3.15770514787243
198,-0.00035724689892147055,-0.2820246452156825,-0.5393068890282215,-2.2681249474998535,-2.422422529789758,0.03951924157589959
199,-1.3306182751453528,-0.4456557144104458,-0.3596335663644381,-2.2977132615747466,-1.093188648259333,-0.017467791317119286
200,-0.903323812966975,-0.22257883133020373,-1.1558610049957594,-1.728838978916483,-1.520208738322056,-0.0014585556276109912
201,-1.3266166445199792,-0.5504905202866066,-0.4265861486078073,-2.1260051297194646,-1.0971873530753493,-0.01729439156935264
202,-0.5750796133227123,-0.5839255140986874,-0.3575517873363361,-2.1644819406344,-1.8482557662426111,0.010041607897853133
203,-0.4233713585310378,-0.5104577696853663,0.2761636956896784,0.2653116280547636,1.9975272370065729,3.1547806549366113
204,-0.3721330044273225,-0.716981393937394,0.015583044609732699,-2.4009147097806496,-2.0506910383254966,0.01843098085423144
205,-0.1789265849875168,-0.4696686671078747,0.6070499866101691,3.0480536048418347,-2.24410749326247,0.027627112552846
206,0.34101850673415646,-1.0628136021916754,0.7163200513529349,-2.7022559690769814,-2.763041437445225,0.08658108821672172
207,-0.16588937715850527,-1.101900030742394,1.2684094116459885,3.0193898741007725,-2.257132056915221,0.0283657195396394
208,-1.1209073943702097,-0.6985490886207653,4.687228906519089e-16,0.7019468916210239,1.3040694159453872,3.140946755442671
209,-0.5760298852317569,-0.951974986107675,1.028413841744869,-0.04081524130374348,1.8473061924068919,-3.1315863032544087
210,0.4143519504604765,-0.281534076394468,-0.15398673369704546,-2.5038073052977916,-2.8602520874336754,0.1930892846202663
211,-1.2391224051087137,-0.08471732207248595,-1.365389307968066,-1.6544905088886355,-1.1846192828522093,-0.013662470399985693
212,-0.42171623852279083,-1.2801474001702486,1.638198237351805,2.8212579212194893,-2.0015165967715154,0.016030932922207253
213,0.3933798029419413,-1.2477484863779889,1.380406389935068,3.1159837435427313,-2.8151428592193444,0.10171248998815363
214,0.3284691409292897,-0.8674572869857213,1.1326438118366262,2.966420080038313,-2.750544472310334,0.0835287552934969
215,-1.4047082857935618,-1.1832301907266243,1.3322198316001863,3.0328446448121102,-1.019156085668386,-0.02082095291087116
216,-1.2549147297280214,-1.1281831061736254,0.6126168927620368,-2.588787251983854,-1.1688378408064017,-0.014297148783501967
217,-2.5805163006607423,-2.6708305923316153,0.4106115394146915,-1.1294654428491158,0.16162303368944364,0.24526339295121652
218,-1.0300427587259886,-1.230321950614447,1.3803854564400106,-0.11524806718353586,1.393565272934934,3.135729435414664
219,-0.4062987536955154,-1.4442105926055155,1.1689911099862105,0.31320920358483795,2.016923049335877,-3.124917022433685
220,-1.2781381265221534,-1.492500230731694,1.4735212081647688,0.05659926512575231,1.1456306897118491,3.126346676633677
221,-1.393437653235888,-0.36986523673266447,-0.9737645801692194,-1.7579957678149947,-1.0304176561817413,-0.02029221121513336
222,-1.2617937459062103,-0.8229212110743953,-7.647077467630777e-06,0.8374187407779442,1.163762512857291,3.136085345090917
223,2.078295055375862,-2.5943390763681418,-0.7603277782240951,0.17803068268298983,1.7812618929837996,-0.007046661997649917
224,2.471882018122357,-2.4403272178963937,-0.8016855641473164,0.06556882114422447,1.387909042551625,0.006618337745862846
225,-3.1380748215482974,-1.6704323311760452,-1.460050906006435,-0.06337922808196517,0.7152485801879092,0.03975285555864083
226,2.258925220992605,-2.141933546065418,-0.7571590770787213,-0.27678530187102623,1.6007396816632582,-0.0007495343826682266
227,-2.43211118114243,-2.5485765165634144,-0.40477168731540303,-1.513058556832911,0.03533306833704852,1.3249438938851439
228,-2.9320325101187064,-2.553266743249975,-0.8464416962705568,0.18781944165381637,0.5095820388324084,0.06166646202720871
229,2.974620028351781,-2.6216289353685434,0.2155543308317035,2.3810980991091037,-0.888437407902227,3.1577297292962956
230,-3.250963889358974,-2.4214684672915463,-0.20016969584717392,-0.575461805177635,0.8314319378190834,0.037791010228715866
231,2.674206963262767,-2.1422214378451927,-1.105532982610268,0.06918284574021127,1.1857137825237132,0.014173596474917893
232,2.9610282362915594,-2.072131897866159,-0.9011981030520335,-0.21204778417468173,0.8991214067773727,0.027535400015737288
233,-0.16836658734577503,-0.8726754287402256,1.5134552565358272e-11,0.8792789076100809,2.246411468947412,-3.1370138456446552
234,-0.20789185932697674,-0.9453533413546067,0.8550937033814008,0.13312981499271803,2.215169447715084,-3.1155532261603875
235,2.378010057618706,-2.9389137757278876,0.6576371725754502,-0.8947224019764999,1.481724913533622,0.0033390997477407147
236,2.9233055013811065,-2.2928544833789255,-0.9030028762418607,0.011724572261741173,0.9368093372320558,0.025486402521750495
237,-2.63577207102621,-2.192979363656966,-0.860440259130824,-0.24948701172021748,0.21497668227672007,0.157940014504371
238,-2.488278423860296,-2.0981255813899975,-0.40650051649747665,-1.1240386433702954,0.07327116711453474,0.48623899326502196
239,-2.893697314009036,-1.8066627694208508,-1.472454416233612,0.061997811885273535,0.47134853874046545,0.06759474123614595
240,0.20386061487873552,-0.810760427655307,3.544188244310578e-13,0.7749218022146015,2.613539480354192,3.111019438100383
241,-0.8146260925871621,-0.20643932247119945,-0.23730368673641256,-2.663059482172613,-1.6087383772088641,0.0016021220658099767
242,-0.8570198685445102,-0.6322028679525571,0.37490085836619497,-2.8483881369830812,-1.566143327832382,0.00012680884553003911
243,-0.45627840479161774,-1.3885706374941953,1.7553717595822853,2.8119398829602256,-1.96697865870564,0.014618118201986885
244,-0.3989554301433351,-0.4522646551316494,0.605666648363032,3.0263152298548768,-2.0242610440363147,0.016985585942961734
245,-1.3438868803472312,-1.3899097331532486,1.1932657975373688,-2.9060884654140864,-1.0799299704257566,-0.018048184725610206
246,-3.0881284502858355,-2.695724103417447,0.13497922751789326,-0.6364952373181275,0.6654023284585822,0.04407148731133173
247,-2.6767601698215726,-2.8817110429115576,0.8603998631540728,-1.256264645079513,0.25551613772283277,0.13189718568178943
248,-2.399704772575927,-2.8067975749409455,0.6747484025654846,3.096096000118286,0.04171989824345568,2.178230992352841
249,-0.2804499498231867,-1.1157489287632498,0.6717761629976811,-2.6568623170412025,-2.14267449016441,0.02234452224198602
250,-0.21875441612016688,-1.2212031363073153,0.9131709021583951,-2.7910348489294177,-2.2043167338217,0.025461807868505826
251,-0.32838649981034473,-0.6139162064568104,0.8285411062041543,2.9665505428693386,-2.094776777880664,0.020089563305743408
252,-2.6311309286110913,-2.4084421276777976,0.1362085732991381,-1.0393057095223572,0.21052506676780972,0.16653870796753886
253,0.2145338202998026,-0.5094983951582515,0.08628675782359557,-2.6419890073213104,-2.6360214512062634,0.06716840048284142
254,-2.6704054386650578,-2.5587234140271984,0.2929529355692539,-1.038407576303216,0.2513140745598076,0.15797752900356374
255,0.2631738508746997,-0.665757203226788,0.8007059222290018,3.084511604095196,-2.6854777342118723,0.07021202242105673
256,-0.4955971354954891,-1.1864831337070143,1.2571939450239142,3.107457384571755,-1.9276866064864613,0.01306044467871681
257,3.4013486553407493,-2.562673017515447,-0.260013115786314,-0.42152336468273593,0.4631028199736334,0.09220271654781963
258,-2.4427574492037047,-1.758647737876306,-0.8010401081487561,-1.6410039562707206,0.03930570771620667,1.0590464795288135
259,-2.6605104864077163,-2.6049146277676885,-0.7360668412296456,0.054399560178373996,0.23942638289608187,0.14118595822061364
260,-0.5649123103805533,-0.769831633866096,-1.5504747051096255e-16,0.7664971010293687,1.8507355532525938,3.141070659487161
261,0.09213672572797382,-0.7078088938432834,2.5184675088056075e-13,0.679041179876502,2.499750487995826,-3.164226576259642
262,0.285378907842996,-1.0677907333727936,1.0307175327290174,0.11864890794356242,2.707612462691233,-3.0672726842981706
263,-0.040110201045441496,-1.1933740453117634,0.5776958983540719,0.6654950554893633,2.38277279538985,-3.1051515927146167
264,-3.4823711636156016,-2.349465728410196,-1.004493984042052e-10,2.3393858729528154,-1.062480761798324,-3.136331928541194
265,-0.9771081525711063,-0.7730255958647427,-5.665300533362296e-14,0.7679670368703582,1.4452799836695072,-3.1406657243134517
266,-0.8888954106552331,-1.48687883549999,1.5971356304872488,-0.0759644569362452,1.5346286516102845,3.1406294936759487
267,0.25468328989957456,-1.3073936704860958,1.075726039779159,0.30821459494433423,2.6770124530458332,-3.072854773401758
268,0.3066292768390495,-0.6572953754596007,0.2635840204453581,0.47922168239595075,2.728788599101727,-3.062957204426931
269,-2.5414210814442355,-2.792165020369243,-0.3496338884570491,-0.2873031142398208,0.12282645276847015,0.28573374824831443
270,2.558491217685681,-2.465935724397428,-0.5870852245585869,-0.12412502971879613,1.3013534156225148,0.009745297875663805
271,2.8914932060157144,-1.6581034981772675,-1.7244463607749432,0.19936819194896138,0.9685931865287536,0.023845046083694754
272,2.8192896917414814,-2.470810014295782,-0.6806825903519718,-0.029823254237699715,1.040737270442814,0.020368629679572425
273,-2.514887774286409,-2.229265285303789,-0.45475095254077,-0.8169391264037236,0.09758261925332379,0.3580729194367449
274,2.180554591129595,-2.604869424751494,-0.6088425183275628,0.03764745338785325,1.6790640429355186,-0.003449027535665561
275,2.9624784243073865,-2.4254677744219992,-0.9243192115899324,0.16435900779598978,0.8976724701121208,0.027616021494635046
276,3.064655691168909,-1.8345307378594045,-0.8004076902942616,-0.5546412511977721,0.7956025842795214,0.03387453864885037
277,-2.941967516662304,-1.7934349110957866,-1.7731901664919556,0.35595972027108624,0.519492935477281,0.0602608368262576
278,-2.7749677980735683,-2.0371218654384915,-1.0797786850088622,-0.12394650298824006,0.3530627469295755,0.09344604773347287
279,-1.1792178666672781,-0.7341192919101892,-1.189334448915915e-16,0.7396303839513747,1.2463587707733497,-3.143113004978567
280,2.7895481936241957,-2.414231738944843,-0.8191595813744579,0.05273876032552627,1.0704555505165185,0.01902266557022747
281,2.2050635636204126,-2.258030814199788,-1.424257411297412,0.5063050252331367,1.6545696062310205,-0.002601433580533552
282,3.6049393447493223,-2.501208765799016,0.2740705712899036,-1.0613708990962056,0.2578934481718818,0.14240338801231475
283,0.14527486261440625,-0.9471407061749133,0.6463939354699573,0.36391562873945027,2.5678678896634537,-3.0882399562088114
284,0.28325294185093597,-1.1767916980082682,1.189871656862758,0.06812365355528627,2.705493461701267,-3.0676829560548393
285,-3.367157444691462,-2.4958548749607203,-4.081186345852625e-06,2.482690292038216,-0.9486941630803354,3.1496566357772418
286,2.259496419290327,-2.555441204216939,-0.00024800519329116805,-0.624484051608503,1.5982564330304403,-0.0008519953578809127
287,-3.129255388226877,-2.5211949474773956,-0.21058213808069048,-0.46262343373208026,0.70644139928668,0.04046278069344522
288,3.0885812054466495,-2.2494333416846755,-1.2762581065391336,0.3349461754132146,0.7717052989202453,0.03551991803681176
289,2.7416249257790533,-2.185583944626353,-1.1472701499999098,0.1531556465849393,1.1183431715575054,0.01694268489364248
290,2.2881676449886914,-1.832285675559124,-1.1924229421811061,-0.1511539459281397,1.5715144358033815,0.0002527079889653727
291,2.7117265914032993,-2.349139741919706,0.024288347003801475,2.3065173638810186,-1.1498580605187934,3.1494115308969124
292,-2.4603700350039777,-2.462717286277237,0.317146548570705,-1.7452333108227798,0.050329771162981984,0.7488568730752996
293,-0.158932006426855,-0.266974850904128,-0.24889614645080765,0.544671240322083,2.2600311190932922,-3.1228551701386875
294,-2.7688332064966494,-2.495230010362405,-0.3467512491013611,-0.40054510770511165,0.3469588603266298,0.095233741741652
295,0.395628010345712,-0.47969505555467884,0.1345884729253397,0.35587818892229395,2.8108920531916937,-3.1310935820525647
296,-0.8161200105115514,-0.9610857976967151,0.8783187099078766,0.11705979311865855,1.6073612940979078,-3.140061330168024
297,-1.1736083444614562,-0.723138046509145,-3.254336618771692e-08,0.735511228213796,1.2515300627953114,-3.145236170510531
298,-1.4716982494388586,-0.9173890724467167,-2.972448594101148e-07,0.9290040792525791,0.9555817247331858,3.135084600995811
299,3.6441346565068087,-1.500819474066627,-0.8316713460143861,-3.055148956869294,-0.09606651425494164,2.244204958955031
300,-0.4341960082479517,-1.0630904154772232,0.43169402549872604,-2.472692249412052,-1.9890456448374785,0.015515975251596092
301,-0.13733957718921452,-0.7246902318931987,0.8128690025720271,3.09879993760541,-2.2856531575659704,0.03003996575485912
302,-1.4310439259495626,-0.9902532227292027,0.990129426521893,-3.100550169209848,-0.9928421227539603,-0.022085778714663107
303,0.437307436568672,-0.8045978050992182,1.0250947052237773,3.04418861298282,-2.858781472079365,0.11852666704767545
304,-0.07650455377429255,-1.1521615655826596,1.1264980380130254,-3.067921860887054,-2.3464220072898514,0.03390338443150931
305,-1.4583632806329303,-1.5113568738268621,1.4244128979891642,-3.0129721297711476,-0.9655460563705063,-0.023444576161319564
306,-0.6840943478915049,-1.1677087453523154,1.6590839781179278,2.6849799150533773,-1.7393085068511582,0.006109832127061399
307,-0.28541993405434374,-0.51418491396403,0.5774525818313876,3.118953391811572,-2.137708810275573,0.0221045524405028
308,0.18309484233898,-0.2821344376794568,0.205381439871831,-2.997696999237597,-2.6056077373199025,0.05802692628445261
309,0.15805086902981502,-1.2836854247958964,1.1322101333573826,-2.9256698031582826,-2.580617927935764,0.054868817570324246
310,0.10236082388769141,-1.0112651447798644,0.8108467797597134,-2.881884332655853,-2.5250341865567694,0.04866937210344746
311,-0.924806521446019,-0.7088674870886345,0.7425849169870924,-3.1409509829485716,-1.4987386895661932,-0.002197333585996386
312,-0.8906429615487865,-1.3638912739852806,1.5997094932578273,2.9400689924378884,-1.5328821282043994,-0.0010231185681104371
313,2.7334536151441142,-2.4149142590387678,0.08439848976636488,-0.849153191898012,1.1265427956752643,0.01664948024509315
314,-1.4152821340350938,-0.37952016886458845,0.12202885369761918,-2.8414106725209294,-1.0091179551623057,-0.022486654797256766
315,-0.7896628489474438,-0.9127617689356042,0.5687059743399994,-2.7631987973441063,-1.633802900860443,0.002440588403588073
316,-0.9110217100293432,-1.394725559106425,1.3748576992010122,-3.0873965837603876,-1.5125153733793344,-0.001723002057354872
317,-1.2995813852652487,-1.0451540343270413,1.2634778786609377,2.961266976009494,-1.1242027690616938,-0.016140342947251973
318,3.336430226242354,-2.7617797428984265,0.4836939033105477,-0.9324886559689952,0.5244054029126302,0.060017362861515045
319,-2.424584881569827,-2.4778315854552635,-0.7481521064722543,-1.4548529657286455,0.034286975192707736,1.5395027905709586
320,2.0476779830537026,-2.269066372846083,-1.8207512918126344e-16,2.2633122382457502,-1.8067022625319877,3.1404194746708964
321,0.42135270264863195,-0.609222306224394,-2.9658466889433063e-06,-2.323047114441748,-2.834342697145493,0.20026411117226453
322,0.37901711685963946,-0.37852860685992606,-0.5155520220595724,-2.144801882978484,-2.8008590527421147,0.09712060158523173
323,-0.42293672801974846,-0.7932992959867189,1.2387700150810161,2.733816939194006,-2.000296974648638,0.015980312992052603
324,-0.07037758390345782,-0.5373762616113134,0.018745568251974265,-2.574242846065221,-2.352375181071049,0.03461411230367963
325,-0.8884502611753735,-0.5258453244767995,0.4472548048627969,-3.0287103447601895,-1.5350735393795945,-0.0009478879462982981
326,0.09949631728216718,-0.7986343994778897,0.2807322121644674,-2.5568476130119078,-2.5196583369879413,0.05469671774511945
327,3.157242447626523,-2.3429125381047076,-0.24836917256933322,-0.6125016042268757,0.7060507557737377,0.04769381675860916
328,2.42075309734318,-1.8610695784972724,-1.5587265894738955,0.24363371887090235,1.4390072834149397,0.004821857409158081
329,-2.9833807120318006,-2.8340541377191126,0.349230935532357,-0.7269475534059799,0.56244578171065,0.05972100601294033
330,2.440245862899358,-2.3329365941546034,-0.11436207105308904,-0.7289602435745266,1.4195261394651917,0.005503368031738454
331,2.320322519039612,-1.7936013940267428,-1.256221188913902,-0.12605690022223293,1.5393784477948396,0.0013547933403637025
332,2.959487139348713,-1.846172757084388,-1.8593938682969593,0.5202423490140213,0.9006610285136851,0.027449330968172703
333,2.9750951479129153,-2.0315000589798435,-1.336004647005305,0.18162750574860098,0.8850681332444674,0.028330916843893217
334,2.688646133066875,-1.7038985300252452,-1.895684568442945,0.4207898334086533,1.1712844359610521,0.014752870919221284
335,-2.663693789480807,-2.758016288170525,0.037224176799786124,-0.5697491609794781,0.2427604233314148,0.14492008923384522
336,2.4564988977886983,-2.7927018417754783,0.4181126331314684,-0.801760053974661,1.4032829509926525,0.006074605002647004
337,-0.3412698712200086,-0.5443673571496013,0.4578711376071385,-3.015802808769627,-2.0819033805112386,0.019505029749220526
338,-0.22431328656930027,-1.0982796645169852,1.5185513361077678,2.7636744376253155,-2.1987629241166076,0.02516974100710989
339,-0.7750598170131373,-1.1871445465614383,1.664469700511126,2.6986408878162234,-1.6483973050048415,0.0029431053922173156
340,-0.6238267672422237,-0.5114687671544185,0.6591542528186021,3.029094008312274,-1.799539215954456,0.008259189220889862
341,-3.012245938754743,-2.435132693717868,2.412310485699563e-12,2.443301431159625,-0.5983002946949002,-3.1479235837487556
342,-2.9422835135258807,-2.8678785578107386,0.8230804922650923,-1.1658291797796885,0.5198081793581566,0.06021692856785554
343,2.0304466919075326,-2.610935059230781,0.4447316558642065,-1.0108356403086045,1.8290804613057015,-0.008780020758914375
344,-0.0363694900506962,-0.6325003747924302,5.830675868934538e-16,-2.4425198527306646,-2.374981718640103,0.04870530246450258
345,3.9467232949975903,-2.2724338443653984,-0.2404832899654869,-0.37841112564895596,-0.09110026313656816,-0.24894299681731483
346,-2.7870251675081104,-1.7523376860464428,-1.8058152052560836,0.32043827411849213,0.3650622755456432,0.09010025506592978
347,3.050982371996467,-2.191204510173912,-0.8381429382627195,-0.15960230271905296,0.8092604713926348,0.032968149006862735
348,3.1043362137913553,-2.162787441237116,-1.225886121405619,0.1971133668007048,0.7559696327333594,0.036648293263329634
349,-2.432015638751686,-1.68165008440499,-1.2736160006403445,-1.5137588079029018,0.035310498981264704,1.327563675570726
350,-0.036434152034974084,-0.6133174359548019,-0.04335042305674794,-2.426018892905952,-2.3798708825721726,0.04317558804914004
351,-1.426030816173809,-1.3214964479193025,1.7155289555834923,2.78834602222471,-0.9978510499276902,-0.021841735122846373
352,-0.76156042620893,-0.5876840143965855,-0.1537826390214946,0.7605458391025035,1.6600246051026373,3.143624994276278
353,0.1650985630668642,-0.23712472690150044,-0.7908622180986145,1.093166833607162,2.587650821668217,-3.0858608756119086
354,0.14885473006649352,-0.4111141822292619,-0.6145405153053374,1.0891759740556726,2.5714406027819834,-3.087820960718831
355,-0.0477912240777747,-0.15985567363327302,-1.204848684320449,1.414122678336529,2.3751012399774023,-3.1057029565967795
356,-0.5295187072008417,-0.22267617751186172,0.031045470641528405,-2.913487580283653,-1.8935211226462259,0.011861514357473325
357,-0.268597386794189,-0.7018330008117551,1.283824939094056e-16,0.7030044758828109,2.144511817665602,-3.1404962792559217
358,-0.3638893631915239,-0.17027469357744485,-0.6537113286157918,-2.2787952744480524,-2.0593011735024254,0.018498871847297593
359,0.1289212446695627,-0.8603955970146812,1.517109540630254e-16,0.8537197556322575,2.541409981549834,3.1365286646788757
360,-1.3292502164254627,-1.0625779166914757,0.622752714575471,0.47838794971807364,1.0945556712722206,3.124184295293486
361,2.2879048186213375,-2.4217858287352847,-0.2840964375887932,-0.47211866120014667,1.5712994444412913,0.00024256585601282842
362,-0.13786823026850295,-0.7738328435140629,0.3988112282471369,-2.7185229847307593,-2.283511731918534,0.03176745743576337
363,-3.3296341115298067,-2.5922732856097332,-0.009395499020331932,-0.5929326251592226,0.9111438339698695,0.032944648985138644
364,-1.2817313450170122,-0.6267775501067852,-0.0003121219440494462,0.6425906814075283,1.144577308676271,-3.147791204065752
365,-0.11785518218838442,-0.5672712426809383,0.3396013964778226,0.2738452692076425,2.305117140592057,-3.110361830682834
366,3.0464514937439193,-2.682771515738771,0.13108358233686157,-0.6377046037849043,0.8144716915574943,0.03311554669812532
367,-0.671486190318233,-0.16691190883671414,-0.992106580781249,-1.9477340692906677,-1.7519090143199891,0.006555145820434483
368,-0.8707794045379362,-0.6920757191334758,0.009275465578032743,-2.4221021404334317,-1.551355573550229,-0.00038735775121920827
369,-3.1045465734966133,-2.437131230768116,-1.6060102903483033e-07,2.4285077641493373,-0.688387240820476,-3.134509886259355
370,-3.0120416648924646,-2.523535009094089,-0.5433065167894449,-0.13642827712523786,0.5894179925804748,0.05156743212669346
371,-2.7361000665019657,-1.9416096738677169,-1.1060836466556547,-0.20492024234876371,0.31440856818211493,0.10589731355813825
372,-0.7147085890923414,-0.7401567585039222,-1.2845339890036957e-13,0.748479349001244,1.704836501982967,-3.1401190347896852
373,-0.03160746203043585,-0.8868462474144656,0.6233427092483619,-2.827819707549585,-2.3912649048438857,0.0370620672676476
374,-0.009506594015315173,-1.2340599727659516,0.961544461279944,-2.8175748017338558,-2.413337171798929,0.03873046867095464
375,3.1375979591360874,-2.4726565941331855,-0.35511455946758913,-0.36832098400898894,0.7237093877079652,0.041163489878362464
376,-0.23360143129826125,-0.6437531408337077,3.2623751601313224e-09,0.650647274167856,2.1803538726397877,3.1460073162398365
377,-1.2351991472781503,-1.4113927733861127,1.5482639803328402,-0.09993430965452488,1.1885398616038003,3.1280865679418906
378,0.17835089948702265,-1.1696126636005,1.2009164110514048,0.03530804366004148,2.6008744001922697,-3.084184048719221
379,-0.7464499225674168,-0.7777670537041086,0.625954908267139,0.18627606550586373,1.6769902351987165,-3.1376608996897106
380,0.1663204309496762,-1.185371320397784,1.3040695294702465,-0.053389402449349976,2.5888701017590723,-3.0857093447031443
381,-0.9725527854690177,-1.2978498097872309,1.3535699034076885,-0.021202803745228316,1.4510207258601113,3.1377439342217706
382,-0.1456430491783154,-1.0688490840684115,0.8775011732304874,0.23641083723847522,2.277358176112463,-3.1120479959520146
383,3.828400632692346,-2.4175317915008057,-0.3046480690046679,-1.2653823269193538,0.04641210061173488,0.8456920441093804
384,2.731656662361763,-1.7536612542899237,-1.8993861951447475,0.47353083367564475,1.1283042329142452,0.016522417202835094
385,2.8955255165183384,-1.7885986177949589,-0.9920904055093831,-0.402608447757947,0.9645643883440735,0.024048977774420166
386,-0.036605982034994225,-0.6467689891049275,0.0052920100831896615,-2.439228460630082,-2.3787007371898814,0.04458961827374015
387,-0.31490138053560557,-1.2726570884833743,0.9972554669550746,-2.826293815287738,-2.108251251392458,0.02071076669715266
388,-1.1583834422406256,-0.4095707518359282,0.13504729045773028,-2.8310789905227556,-1.2653261194832675,-0.010551131777645401
389,-0.9057884458216299,-0.5537994211922131,-0.24806644812400158,-2.3053595642043367,-1.5171612562945656,-0.001545607866070455
390,-0.5789376283980054,-0.12872831376478455,-0.608202679049437,-2.369067235954318,-1.8444002948723741,0.009898820230529015
391,0.30623349119369614,-0.09597813749341455,-0.7318313642592202,-2.2283499209330317,-2.728394259607902,0.07855127411824903
392,-2.4450544947951105,-2.7509685270112176,0.42951989311406524,-1.692351072105098,0.04032393425661139,0.8723118472395287
393,-1.5438819230002387,-1.3278312177955633,1.825408201030652,2.6884813855843728,-0.8801065407797575,-0.028061461864641757
394,-1.321783973869236,-0.7666143691819123,1.0343505412628833,2.9122724093841184,-1.1020163821994098,-0.017085715003524182
395,-0.2781359843727067,-1.3125336306017379,1.1735324141216381,-2.9617727227116912,-2.1449867212662665,0.022456910410507014
396,-0.4961445343071462,-1.1287404151937763,1.8312144210931143,2.4756867323981044,-1.9271395738113812,0.013039083810520324
397,0.24030193766078556,-1.2084306784856316,0.8040172956522631,-2.662758168477457,-2.662672043152544,0.06635140881361412
398,-0.7572108664927772,-0.6093874744980432,0.28962495693839946,-2.787233816639881,-1.6661806040302374,0.0035754990702419926
399,-0.6755159670839528,-0.446175280751699,0.3812443705238855,-3.041847171563488,-1.7478816972834994,0.006412711029726292
400,3.327140183553137,-2.1424875275678317,-0.47809160379754945,-0.5904649031702492,0.5341217486695893,0.06009782717313807
401,-1.1143036099855537,-0.4662851194508498,-0.28840917924566684,-2.3510830552920385,-1.3096074655336738,-0.00898486954178959
402,2.602537806345869,-1.733270294757826,-1.7864680395341257,0.3421195924332081,1.2573351375866464,0.011390432330605105
403,-0.3048610844155744,-0.3408965936551804,-0.28679571120102776,-2.472110357771922,-2.116222192745921,0.02204320102276895
404,2.0204301778924565,-2.8822960538683526,1.2453533602661766,1.601400749713366,-1.839090803916032,3.132444574585195
405,-3.0061979021235086,-2.2776270851072464,-0.241514158125268,-0.6846731272249373,0.5835855613787571,0.052221221142257246
406,-2.955980363879355,-2.1306443543085885,-1.37040557105089,0.2920289228666819,0.5334731614060568,0.058358977236837806
407,-2.6303590151189904,-2.3063133283533332,-0.4119036116543864,-0.5887737498477019,0.20963568160760726,0.1621178563661969
408,2.0652905577060556,-1.7010779024499105,-1.6649516400422233,0.18929281984920054,1.794258429093004,-0.007513891211327284
409,5.016595294964283,-0.533114573705987,-0.2831997737716996,-2.287687702818737,-1.1578840807265822,-0.014840961302064356
410,-1.31964244016462,-1.2258277949362681,1.7597149334024316,2.646079884778022,-1.1041563444880458,-0.01699373978977592
411,-0.5649955591831319,-1.1871595520493625,0.7659463689198596,-2.68464192614349,-1.8583334317979912,0.010416117979881179
412,-0.7360074214511914,-0.6063732907268115,-4.6703438674154865e-09,0.6191181853486658,1.68425436893923,3.143388808274803
413,-3.3050075859449923,-2.524512068662974,0.10170903516115648,2.4036825721464306,-0.8858468952131392,3.154092439725162
414,-2.1988669501886706,-2.120695256648068,1.483696002720607,-1.7375605436523553,-0.17189320180819576,-0.7591312745062218
415,0.14135534039725828,-0.9764398710491808,1.2108487572593667,2.9699729010917597,-2.56395616442563,0.05289988579333027
416,-0.9449505589325224,-1.1764574711900364,0.7258436040184395,-2.6565626794064867,-1.4786065611616692,-0.0028922318845636674
417,-6.893651584105598e-05,-0.48174994303404484,0.37155412247402,-2.979341523786764,-2.4227621762672156,0.03946827252794627
418,0.007848776420276593,-1.3416770741146795,1.6380157449516304,2.8977860665299326,-2.4306690714642536,0.040099619579313295
419,-1.3072132441441557,-1.222354428330484,1.8916694658757205,2.51041623844083,-1.116576439491614,-0.016462981216361694
420,-0.7947650812311875,-1.05396174140499,1.5965020320637366,2.633379826298601,-1.6287036645246915,0.0022648085727472456
421,-0.877287210014225,-1.2166562586055145,1.7211700240116778,2.671359138612007,-1.5462300300606777,-0.0005650544569273386
422,-0.009353728231461744,-1.2527059956199509,1.5463942455003554,2.899415576551757,-2.4134898350438165,0.03874230063459194
423,-0.06788274423763285,-0.7826296087881408,1.2308524978369313,2.7417878546418297,-2.3550337332603264,0.03448762825895679
424,-0.08282703378038336,-1.1214739061583154,1.0790981237110149,-3.0515047372084183,-2.3401065325920904,0.033480629400128414
425,0.11894148628563617,-1.108654081613988,1.5766241783965373,2.734340402298133,-2.541585017840717,0.05040930161314883
426,-1.4862095094111556,-1.2453388323412165,1.8639644927727943,2.565478644712085,-0.937724487946253,-0.02488345032568784
427,2.726398049386268,-2.5615554964822076,0.31398234574293227,-0.931742968140147,1.1341027888192305,0.016260075219826635
428,-1.2714310362056045,-0.8136627154761702,0.8779523163045182,3.114810644989335,-1.1523330631433408,-0.01497010510911867
429,-1.1245706709963184,-1.0093185757685132,0.5712099503404406,-2.667908551254772,-1.2990958089063103,-0.009273799191666043
430,-1.5968770878872431,-1.482399071809194,1.678591549716126,2.991969251000513,-0.8271662154158426,-0.03126061567202676
431,-0.9485066922064144,-0.6674303701114355,0.2561085442068756,0.43815782976309414,1.4747355822634705,-3.143879792301931
432,-0.3998299607941136,-1.384106008718137,1.3110533578867516,0.11116098405789199,2.02338715093281,-3.124644154133992
433,-0.40853533159522026,-0.664107861813509,0.5243599055728616,0.17769662589450075,2.014687963512685,-3.1250116223103745
434,-0.849800214679777,-0.5889406692116602,-0.001159781029248584,0.6073229647013546,1.5721819909764507,3.1419330101944265
435,-0.43720671336549666,-1.0238552380591557,0.35908806243999036,0.7022212517566819,1.9860370597955725,-3.1262000491842015
436,-2.5916851409693242,-2.750809943854411,0.021521398094730942,-0.7877070205005864,0.17012780032978422,-5.91261657831228
437,2.1973254454244966,-2.90912050629285,0.6405946700758531,-0.9074807590571359,1.6623031462131124,-0.0028686195828528938
438,-0.5979343081113053,-0.956325068512093,1.2439296097502623,2.889400176844007,-1.8254155838043984,0.009200300088626712
439,-1.0377970129698229,-0.9850579653231191,1.399546232623269,2.761969325297235,-1.3858157209798805,-0.006137985850158678
440,-0.9802324978625113,-0.7668718090587809,1.8118086398944538e-16,0.7684644162784873,1.4424120861477379,-3.1415038412343246
441,0.0034009393553480574,-0.5693955719734558,0.27357806487318903,0.3355925840532486,2.422573397327006,-3.111280830651449
442,-0.33879778952160766,-1.145579105215525,1.152712734761069,0.03221462547747356,2.084373595607639,-3.1219761057640096
443,2.2465990202790618,-2.110567791612467,-0.9138534600605439,-0.1514719428279685,1.6130586378288196,-0.0011724268195649756
444,2.5404599937306305,-1.8794263745688682,-1.8810420802395211,0.5834930178389857,1.3193734169339555,0.009083418537391807
445,3.866282808374156,-2.218942009671446,-0.2870005715353161,-1.6261087159630763,0.019942274531323297,0.9903715383546445
446,-2.633672174479573,-1.8441273717160487,-0.9423699735238102,-0.5179690939732282,0.21290431167312063,0.159536208599099
447,2.6136166499859,-2.4580531827513568,-0.8357865865120364,0.11608902558119505,1.2462637770035245,0.011811455548885519
448,-2.7321552340854343,-1.9818782645987125,-0.85440963826656,-0.41768666565169354,0.3104886614052571,0.10732760251971296
449,-3.8337379012867268,-2.524424278996376,-0.2296412044416049,2.7286874849492193,-1.41035477159203,-3.1372611062883764
450,-0.3229795871318059,-0.6788303528838923,-3.4878428767397824e-11,0.6873769130556133,2.0922581022942937,-3.1368858704404974
451,-3.6070170651736424,-2.4364285839718365,-0.21264979618148117,-0.5344366361094546,1.1851082359807732,0.016093244684414
452,-2.6891165426884727,-2.8334695401317744,-0.2344379585051426,-0.20355251612899838,0.2677635781606087,0.1255660227702977
453,-2.4568999107449816,-1.8347964235893086,-1.66554860458201,-0.4398325858420882,0.04784720543662946,0.7982899227645079
454,-1.174549803835126,-0.6007062919994826,-0.18378026685350146,0.8053680863148686,1.250059594743915,3.1352521558537862
455,3.4390219699690086,-2.4773259231087037,-0.20625645821613725,2.6468183003354584,-0.4267312566662584,3.175389163810571
456,-2.426489079077796,-2.8180070449366745,1.010707987199483,-2.8182025960133483,0.03439968139283911,1.4841351556351956
457,2.9148866503589534,-2.8252974015596806,0.5221337394452581,2.260883494165359,-0.9452203060388396,-3.116547869365487
458,0.31413565236587715,-0.8202525409945531,0.8402104734096492,-3.07454857352049,-2.7362670709431836,0.08026126316726412
459,-0.07051053263945237,-0.6205565983713425,0.0094835556658047,-2.4722634274850668,-2.345427189214719,0.041300122780005874
460,-0.8397797910623486,-0.7383032626144044,0.28728546290014123,-2.6542039777815556,-1.5831881633595901,0.0007465769115089704
461,3.3128149242463905,-2.621901217843993,-0.08623625348464681,-0.5011607327521067,0.5481515226226124,0.05809454150038868
462,2.482377921689946,-2.684666813941096,-0.5270378087905341,0.035190908432373824,1.3774196293302907,0.006990868769382708
463,-0.7225369394755051,-0.5559596888524874,-0.27793001045019616,-2.2733090763486645,-1.6998776288074193,0.004743031187639166
464,-1.1467672202567099,-0.7792219443557821,0.23219446401439742,-2.5553003424484295,-1.2775476347063428,-0.011093349941117945
465,-0.6307159234004582,-1.2393151346341031,1.0318352603246002,-2.8989814769074544,-1.7926543558725656,0.008010736492157555
466,-1.3226744178122516,-1.4116595818464437,1.5330583586297468,3.058627126745126,-1.101126595430311,-0.017124062305248433
467,0.042325735324869385,-1.409763989797933,1.2205301980696062,-2.8976036468033683,-2.4650964666114406,0.042990587161784166
468,-1.3591477688918876,-0.7198829550227797,0.5573379147848243,-2.9398632689904014,-1.0646807039547888,-0.01872603466777223
469,-1.1005584591156872,-1.0412128606815632,1.5400025202681924,2.67815225553604,-1.323092925298543,-0.00839293100056615
470,-3.337484733235312,-2.5900558204613104,0.2698661140735559,-0.8654824772796093,0.9161794985947334,0.027197565932818756
471,-1.0659521158044338,-0.42915852970693047,-0.7740097244839022,1.2382317447786901,1.3576778283484483,3.134450839113848
472,-0.3538206028686255,-0.43656356859526024,-0.6903432096534865,1.165928799580838,2.0693622919124195,-3.122648999172699
473,-0.8171382905969679,-0.7032953551269739,0.2281676290289807,-2.631715601893996,-1.6062152556857447,0.0015127495871020448
474,-0.34401853998339105,-1.0435964820912247,1.379026387100044,2.8453959022285087,-2.079156879763567,0.019381267555985016
475,-1.07584535500163,-0.7623357515537013,1.0327989052672288,2.9062698880794935,-1.3477907079808034,-0.007497410320632891
476,-0.39503392031804996,-0.9407569778542628,0.4851085883863884,-2.6477464412177394,-2.028179663465497,0.017152167927715123
477,-0.7794865226751648,-0.6213205457540454,0.890679474050315,2.906595623166062,-1.6439732125092354,0.002790563696372317
478,-0.8979585781662096,-1.3643953351051756,0.9599898121291393,-2.7028821440566366,-1.5255708046203436,-0.0012742260979368147
479,-0.20761599977313105,-0.6666624566742798,0.7091635347452598,-3.1412146750027223,-2.2154450499715868,0.026054206209654485
480,-0.11483890824570908,-1.215703322871065,1.7667150283952697,2.6368826070265907,-2.308130191571048,0.03141889901074002
481,-0.6791949469920993,-0.8341261866029885,0.7391641000355937,-3.011838662160587,-1.7442049449137724,0.00628270517830698
482,-0.4161206505856785,-1.3674888533444465,1.6043498080222296,2.9425456011224345,-2.007108194970338,0.016263733177714457
483,-1.562501547137295,-1.2870208957420368,0.9169471269889922,-2.726350509169963,-0.8615056159931469,-0.02915216291705036
484,3.2474539123909274,-2.917705331077624,0.3846679463549774,-0.6733993104587261,0.6147398505186566,0.05332730576795978
485,-2.397365368698578,-2.6593393069850646,0.6257367058865793,-0.18852535025628203,-0.04309666666655465,-0.9187394392825041
486,-0.07974259474751832,-1.2522991051725836,1.1407302126575454,-2.9821682239634275,-2.3431877445511358,0.03368646000552511
487,-1.4426791976760205,-1.1655897289970538,1.1771237810884179,-3.1118923958626765,-0.9812166652028229,-0.02265840817287179
488,0.05202353119647807,-1.1284052166991785,1.5995520575592144,2.725872676944366,-2.4747795210198715,0.04384863730427968
489,-0.6439834664887405,-1.45348569682657,1.6645332498395131,2.965574625301562,-1.7793949806168345,0.007534316439368194
490,-0.04213772936660609,-1.0926512393681636,0.8114700711413758,-2.8107006202709446,-2.3807477918726856,0.036294711384562195
491,-1.3611057483456586,-0.6425362033888058,-0.02925143927974586,0.6910712386962464,1.0653625344196145,-3.150729875056641
492,3.080474750212801,-2.5186874691461565,0.25226277109764905,-0.924973758338591,0.782206915136741,0.0357263961276792
493,-0.24620718149699528,-0.016809815192867283,-0.9313460252160786,0.9898567051801539,2.176888358313149,-3.11755070737952
494,-1.520240205494272,-0.03689303030658353,-1.0332191600165972,1.113738010302142,0.9037253386920856,3.1148686612411502
495,-0.038661395253132724,-1.0399362355277972,0.9938916241349505,-3.0456548874420153,-2.3842197660053035,0.03654602632665194
496,-0.27058588129218686,-0.8179053654777664,0.3960793780432512,-2.6787464933866323,-2.1525304977987187,0.022825663469927537
497,0.30000126243240155,-0.9914782274346434,1.3810900925902114,2.8362196507847237,-2.7221844427624915,0.07724537433492129
498,-2.667946699260336,-2.630158143895833,0.3015920633385666,-0.9797803762831225,0.2488629169357707,0.16210141202553377
499,-2.465532286454337,-2.8376960950464882,1.054031829874428,-2.0423155799945025,0.05422355198998208,0.6839441351712994
500,-1.2816733484572351,-0.42296544788308,-0.5247329762736794,0.9853795876167419,1.1420979876118835,3.1262002675900504
501,-0.4984344767891188,-0.5594035602451558,-0.0028844256478309602,-2.5371812669372007,-1.9199996851366392,0.014874450880740568
502,2.161147148869275,-2.340501403263421,7.815732839886653e-17,2.3367734237425277,-1.6941439865982517,-3.1418573564609664
503,-2.680043268625786,-1.7260479199544616,-1.0704001951366475,-0.4794455023212221,0.25876931033316497,0.1301577913320564
504,2.5745097024488572,-1.8879072268433914,-1.335663250823144,0.046262101653443466,1.2853452156234928,0.010338470029716884
505,-2.7923630288319305,-2.3372142400176954,-1.2108789597860048,0.31170011514962415,0.3703762043071661,0.08868410176410979
506,-2.790434112134364,-2.089301846241006,-1.261011179659312,0.1134470935682077,0.36845598880468966,0.08919115206245065
507,-3.641037390283209,-2.4293762311523324,-0.060982978091185275,2.4740175697647198,-1.2194112369933618,-3.13565485883233
508,2.7804850875444016,-2.0797657409528583,-0.8914533962998052,2.9323501887524603,-1.079511777526725,-3.122971369611563
509,-1.05047684142483,-0.8346379482012201,0.8427337771634229,-3.114737829167077,-1.3731436217155943,-0.006588558655978627
510,0.2664076795490491,-0.7277256736807352,0.33999192804957357,-2.6754747554870706,-2.6887016853721293,0.0707868751180869
511,-0.20914881253735162,-0.2537826593323896,-0.2758281238834715,0.5626224029402853,2.2113705809567374,3.1616953640506686
512,3.417766666567217,-2.409370579028012,8.685797468131984e-13,2.44829845043562,-0.45246950912170336,-3.176240763407595
513,0.08178071383380381,-0.21450433819231618,-0.9954221250914559,-1.874036480684303,-2.5044892289526466,0.046619515289076485
514,-0.7850115515286807,-0.7148089092707524,-5.301613795236791e-11,0.7254247690895281,1.6356430200951957,-3.1405635691129503
515,-0.7013442278972469,-0.6790416759391107,0.23133833757555544,0.4730611425015039,1.7202906612924427,3.14569705921995
516,-0.770447968489159,-1.327532144697863,1.3477626806822585,0.014155546114685169,1.6530064282849288,-3.138490518043774
517,-2.4819960966827406,-2.6807017442033376,-0.29240406310717937,-0.6988771793989383,0.06778312215473781,0.5296649986054649
518,-3.067160542324168,-1.8484928793012962,-1.936815078000725,0.5866503814415944,0.6444399489715065,0.04591497467446848
519,-2.484682967964873,-2.063598520709743,-1.0613675815691623,-0.5276595749825512,0.07011397225136884,0.5102616047009727
520,-2.4414005700129575,-1.782516306800294,-1.5977926328057779,-0.8509667743347036,0.03866045566854215,1.0896536743054774
521,2.5146338016189613,-2.7480588513086075,-0.4533830264052523,0.02468787953442808,1.3451835467872542,0.00814613149731036
522,2.7389084164136097,-1.9183964466021066,-1.2641634461019715,0.002911542922119814,1.121057711500649,0.016827768095674323
523,-2.7711025164010827,-1.864835049075078,-0.813850232495354,-0.5632128698284773,0.34921668996796473,0.09456544813583845
524,-2.831152542003593,-2.537362956007884,-0.7510632165632023,0.0605729254728109,0.4090072649735199,0.07945383549765239
525,-3.0547984249254507,-1.8423248178050418,-1.6026856316508962,0.24539450451125777,0.6320982914433371,0.047108254456232235
526,2.021885176272745,-2.1932680047798265,-1.4917966752710619,0.5079443530558052,1.837636631640713,-0.009094431877380238
527,2.8194985174641722,-2.210058799369575,-0.7337172942683048,-0.2375445363947435,1.04052847234815,0.020378195918629327
528,3.1285904089477556,-2.0663857244804893,-1.0066486891456616,-0.11985967461946068,0.7317464558194722,0.03846086777790925
529,2.1824261933032467,-2.0296444770666033,-1.4669850939704572,0.3205720444767781,1.6771935638212518,-0.0033841566109829024
530,2.740551840563726,-2.3929077081607883,-0.7874007062630621,0.0006298209842356961,1.1194155814906246,0.01689722521785031
531,3.2197026596949376,-2.6127898143597177,-0.25104176325613836,-0.35086506386945027,0.644444719366459,0.05884557263090753
532,-0.910697776096995,-0.7171382165839735,-0.09120009594665945,-2.2989418558686068,-1.512827005861933,-0.0017109887282916922
533,-1.4652807660801856,-0.21210835973904807,-0.7776127705176217,-2.1099936045155174,-0.958634606554134,-0.023796738615928792
534,-3.1535539022967907,-2.582724399116995,2.703183248856267e-07,2.5714993356085163,-0.7375396211663573,3.1503338206557063
535,2.232087161706346,-2.057219582058409,-1.1057281463470496,3.128622515102191,-1.627561955375856,3.139921774030551
536,-0.8448463846517629,-0.9148325480534991,0.39282326613305596,-2.5853124117324566,-1.5786518046331959,0.0005466436111047912
537,-2.6792021477969974,-2.322420594186909,-0.292970575836044,-0.6612705679829068,0.2579568817007473,0.13092927381862934
538,3.073634752510653,-2.026981659664011,-0.9155566156627981,-0.24746884880090647,0.7866340941079155,0.034482615042557896
539,2.8256537528400827,-1.7076932984868702,-1.3741917868310733,-0.09957963053545704,1.0343780780500627,0.0206621581889177
540,3.612474065091368,-2.6183018533534868,-0.2826704983599021,2.8353969039309654,-0.2524126745162439,3.205388497701297
541,-0.483644427337888,-0.904733074094992,0.0012445416538979684,0.9200323949926755,1.9355163564261137,3.147878013354028
542,-3.314645297472007,-2.626143267280872,-0.08575506106104219,-0.47391065062082544,0.8918397703654621,0.02806282124909059
543,-2.8979904738854403,-2.3859712002151894,-0.6367289020447822,-0.1937896552798688,0.47562956312237414,0.06688729471655241
544,-0.44210250785828314,-0.4519081683928169,-0.2320095694387353,0.7078874706782009,1.9780827967707473,3.151468216177482
545,-1.4484808619078,-0.12247765859515347,-1.4742820765880875,1.6381553521986953,0.9754199517793056,3.118645382992
546,2.5220416350273163,-2.377181821338929,-0.14877793241540066,-0.6542225661665496,1.3381731089208764,0.009185459255075648
547,2.510802304536048,-1.7670905111605553,-1.1565865652989573,-0.2530462899364818,1.3490126774479778,0.008008056731793722
548,2.9289389623425333,-1.81071659243798,-1.6873255777742404,0.3137316587279755,0.9311806801533606,0.025785052620046933
549,3.0938451573443233,-2.127619624315984,-0.9992145116069673,-0.06417908151322926,0.7664477391713889,0.03589281136486733
550,0.01987266776395257,-0.5076241071908141,-0.21979676066237758,-2.3597814243956705,-2.441152755205021,0.04194151474474859
551,-0.23679842266893975,-0.6442517705581204,-0.13898782094227857,0.8037144705400273,2.181278923503206,-3.129419971818971
552,-0.6947586979195881,-0.4577154460745896,-0.7462658089288552,1.2386827764238193,1.7286505882974472,-3.1358581254405418
553,-0.6201156712631599,-0.911244739087536,0.8473999369631864,-3.04253038233667,-1.8032480511438866,0.008393344014164583
554,0.1948028608012442,-0.8283292917229583,0.7744294231676006,-3.019196407817457,-2.6172888450394587,0.05959600593148373
555,-0.9966516854127025,-1.3587313387600974,0.8169708103074131,-2.5652043758789724,-1.42693622538441,-0.004689001266783954
556,0.42070622150157266,-0.7575509185884903,0.967263940608154,3.0483501747909862,-2.842299120073568,0.11161383854402152
557,-0.15892698474733358,-1.2919608619673488,1.6255858509181556,2.8525294256002294,-2.264087575582353,0.028766662292092793
558,3.1599474942774366,-2.31554827389758,-0.3599409166517633,-0.5235002786161818,0.7018121409731048,0.044164824777663925
559,-0.3174670753754271,-0.6171588536683421,2.7749795618872988e-06,0.6297839894801723,2.0984864937045957,-3.1347866761999783
560,5.675638249465278,-0.6333959913848811,0.3984580761334781,-2.8694716062045957,-1.8149224887402058,0.009303085882526617
561,0.007971458081030391,-1.010673505198712,1.3538780054966946,2.850927709268298,-2.4307915835907146,0.04010947650443031
562,0.16919139818577777,-0.47193706588484563,0.15791396728163365,-2.7619551291453748,-2.591734859060465,0.05624203436893005
563,-0.9259633609172684,-0.7393880775358457,0.8792147216694755,3.0361280015888408,-1.4975825337462922,-0.002237179468506767
564,-0.051640860413956435,-0.8765927853045525,0.9011464780918512,-3.116924372673104,-2.371256284732585,0.035616619860487475
565,-0.6495465679302438,-0.49282271588748827,-0.13123315135245195,-2.4823967729894245,-1.7737798659989021,0.007365941475224639
566,-1.0569416363565889,-0.5331294702979226,-0.3692441487791567,-2.204222302491903,-1.366682781496215,-0.006819257643851273
567,0.12935868369654857,-0.10950400474344635,-0.5937653204565931,-2.3766638371596405,-2.5519827041638075,0.05154616131589984
568,-2.4915612736093484,-2.845597389721865,0.20453759298641705,-0.9674770312850591,0.07618772111090966,0.46605474874346564
569,-2.730304164076142,-2.9118822939846143,0.653974602819483,-0.9967174463020911,0.30864930526794154,0.10801065414749855
570,-0.18178896669785916,-1.0515418182243481,1.1681844592916883,-0.07290010927492485,2.241247868143706,-3.1141257286244977
571,-2.922073754412049,-1.9282683798536648,-0.9939090585390868,-0.29098953919227055,0.4996483254965636,0.06312639055659286
572,-3.1053947657248075,-1.8745223266047122,-1.5720969262877793,0.25068469283359107,0.6826149202166443,0.04245913587457384
573,2.8422827825085246,-1.7854571671006563,-1.9513718421932071,0.5549601090360086,1.0177624175192417,0.021441572443310797
574,2.3937827340564795,-2.3709753440527974,4.588568230634579e-06,2.357825218963879,-1.465128018727516,-3.139947243756804
575,-2.623427884979435,-2.322310114075205,-0.4480370112868659,2.5994033548646778,-0.2028023020165466,-2.973809049425053
576,-0.6044046282762235,-0.9715568007966238,8.3708912245041e-05,0.9874107931257591,1.815652519577152,-3.137366530806191
577,-1.306099229541107,-1.398964813508922,0.8906226991467783,0.5464600309940932,1.1176896442930575,3.1251769172983384
578,0.0939399930758329,-0.7182971283111601,0.5530163919227542,0.22387673268620478,2.5166279535696416,-3.093776304038789
579,0.39855412661803946,-1.1408124543200557,1.3144860991173077,-0.06496511675210659,2.8202871218750234,-3.038129617229906
580,-2.9509537239058776,-1.7842164262558997,-1.1605273668112783,-0.2648566239879435,0.5284580402026058,0.05903090913873976
581,2.347277739940518,-1.788623275287724,-1.1541824983147517,-0.2331152422332976,1.512439086696431,0.0022802862316675387
582,3.008835066727913,-2.334172134698944,0.007049566495973091,2.3095467053473304,-0.8552480958212623,3.1535063625730086
583,-0.6814952174651707,-1.1139757282934788,0.7363135644639494,-2.729152506346583,-1.741906064808768,0.006201503953342513
584,0.41644815235605587,-0.8130672184830398,0.0021745686916771825,0.8017977444621468,2.83250089225873,-3.1498655585262156
585,-2.808432869236446,-2.766458923870486,-0.1256601157934054,-0.34052322267894697,0.3863767750728875,0.08464786993885953
586,3.065977221266717,-2.2726206856929774,-1.0434805760699373,0.12645949057779093,0.794282598973969,0.033963172832685906
587,-2.680617939591448,-1.8143254477798656,-1.6021180051059996,0.1408398818473633,0.25933881781680856,0.12985773288433755
588,2.646476509037522,-2.5609120196788813,-0.38484068921991055,-0.23242209759836552,1.2134254046460446,0.013079235824081437
589,2.1930618803388757,-2.6400623916392996,-0.2171249637456394,-0.31883304081139885,1.6665641744581938,-0.0030159935605360566
590,2.1424775876345112,-1.7068597716493152,-1.1817592845635796,-0.2876138099695442,1.717118331489612,-0.004775207762153677
591,-2.5946760628733143,-1.7182104138001075,-1.5800494207542304,-0.0419451658412493,0.1745371504201234,0.19594916254507977
592,2.516980294216224,-2.4643412374706433,-0.28831181228962804,-0.4262095557242227,1.343006135953579,0.008701815025605894
593,2.363493672126806,-1.6136767718025267,-1.4189946350498728,-0.1432866735491678,1.496232718199444,0.0028383685638178058
594,0.285009909727477,-0.5977574756601256,-0.28229992494449657,-2.173976071580968,-2.7043819597161978,0.07977033744883574
595,-0.7589399186454919,-0.491539527509941,-0.14520579884412177,-2.4704259359282243,-1.6645075252341035,0.003499545671155513
596,2.0644520315605632,-2.341022432447558,-0.4243747711202337,2.7302464251578584,-1.7950964373420806,3.1340485421044484
597,2.0860813043912554,-2.613317268446897,0.8254887407232259,-1.3887505267631344,1.7734804462262126,-0.006768158543919878
598,-2.663765541920663,-2.3395145596970064,-0.23132897566682162,-0.1461422552518943,0.1622113818238326,-0.4282185585410123
599,-3.043085908174638,-2.3682852021793943,-6.95460170411572e-16,2.379618423163343,-0.6290600428018354,-3.1503488938970303
600,-3.6598304750673836,-2.4642804332003885,0.00011753692639775132,2.450791960986795,-1.2381783579451804,-3.136906438768927
601,-0.2974001184967885,-0.050167677511193,-1.1040694644880205,-1.947031668488157,-2.1257384384070632,0.02153204632620298
602,-1.3748871890189613,-0.01446962442362798,-1.2074420155421257,-1.880146994200416,-1.0489534679389525,-0.019437252480379197
603,2.5898966225855595,-2.701340949325672,0.20065516563567504,-0.6791868130773178,1.2709270142584195,0.011630421331489815
604,-2.995088052389511,-2.6186452977557444,0.1833657952527002,-0.7809894632420643,0.5772783898054784,0.06311314196690804
605,-2.4943014255116065,-2.7497764248161625,0.45942731273772514,-2.240380085253614,0.03732554677844504,-4.895109840917973
606,-1.334128213634448,-0.9195754433074024,0.5288363117274155,-2.7121930312791904,-1.0896813079847467,-0.017620512190136495
607,2.036442412716457,-2.364649791390769,0.00039605028987059867,2.3499591364280255,-1.8191365410429465,3.138257965314881
608,2.0967922798465928,-2.1270961595661433,-0.692220928020681,2.7844055589093344,-1.7627760262759937,3.1352061660638757
609,0.28499138731805085,-0.7539920464028853,-6.05859709071643e-14,0.7202103622078125,2.696451742004062,3.111494797210755
610,3.1528807371792347,-2.4017644353660246,8.377848253404409e-12,2.4015978796651503,-0.7149672863794404,3.1421361275832083
611,-2.3434969187980457,-2.692429561575743,0.4087430152630924,-0.4526809640188878,-0.08702213562155459,-0.4035760511902544
612,2.6150061609426887,-1.68809387385822,-1.1397564149456132,2.7916752222803574,-1.2448749071423852,-3.129728126753523
613,3.071858293342646,-2.1631603787921665,-0.7545217219874889,2.869353067257176,-0.7884083565780373,-3.1072312224538963
614,2.8932351003097185,-1.6887972771364392,-1.2747251390778016,2.9218834984227247,-0.9668528003235326,-3.117659620132444
615,-1.1789140236284765,-0.1603790085588761,-1.0400604961231057,-1.904977011589755,-1.2447874046845457,-0.01131314701806696
616,-0.1861490844223912,-0.26400357952671394,-1.0931017855533982,-1.7408949556579625,-2.2368919083923298,0.02722449583315134
617,0.02950986064033545,-0.05217347903511804,-0.6669603218776872,-2.3685590776849086,-2.452299490365522,0.04188785257832528
618,-1.4380368463453592,-1.4597526107674446,1.6809804202408616,2.9614719598560084,-0.9858550826850401,-0.022428862207706235
619,0.20357512021554047,-0.8362293068859445,0.7209213449815373,-2.95673143326408,-2.6260402087177406,0.060813801879526785
620,0.1718295100662841,-0.7165200857096448,0.01255532267062831,-2.3717296805275683,-2.594367199406661,0.056574574059199634
621,0.1044548538126353,-1.2349212138302839,0.9705200976272854,-2.8177258515355423,-2.5271245295861338,0.048884599683936436
622,-0.6106072459868197,-0.1860393561408218,-0.16416557273103205,-2.7560872110109385,-1.8127497072700616,0.00873865919012351
623,-0.31080312256769105,-0.06517348110696197,-1.3626675157019865,-1.6737564416886879,-2.1123462402818314,0.020901527289583832
624,-2.390309921509011,-2.0917602033805056,-1.4751490079851983,1.2269634993014673,-0.047704925786402175,-0.8008007444380105
625,-1.077209650284168,-0.7995557283581171,0.007467384643775235,0.8094348657879152,1.3466487631368864,3.1380060300066326
626,-0.8503012704733077,-1.0864524509778528,1.0436119827747188,0.07711047002300342,1.5732001217537608,-3.1412329138825026
627,0.24558424818256297,-0.4889571079056574,0.3667117964798372,-2.9441610356707937,-2.667939582053485,0.06721244006412253
628,-0.8918433394621021,-0.6884879477572152,0.7789488247386087,3.08542788499879,-1.531682453587721,-0.0010642221123497997
629,0.20054442549604934,-1.3094076829097698,1.5530953405234138,2.9670888509994793,-2.623016811000052,0.06038884724417981
630,-0.3016601278214286,-0.7295836637573743,0.9750688470168667,2.936325508628629,-2.121481843506292,0.021330547192484506
631,-0.8401639390346056,-0.9119367130222198,1.4073066998114108,2.680495263037952,-1.5833315006301134,0.0007070986542738744
632,-0.023943327512935486,-1.4177897473324452,1.1491567023623492,-2.8222721999106035,-2.398919276793649,0.037631498497626925
633,-0.6550217857014506,-1.510112234192162,1.5083001985639273,-3.1048305641507774,-1.7683634124335625,0.007140164383014902
634,-0.9118081022285653,-1.018022411388916,1.4788741884526413,2.715070671897399,-1.5117294445036704,-0.0017500392642602058
635,-0.06864936730082771,-1.1102269892111867,1.2402401554162994,3.0599607566251974,-2.354268025070666,0.034435459111640476
636,-0.943757418252499,-0.9429519266718591,0.39480919875459075,-2.5584349146576044,-1.479612811078965,-0.0029025453454404556
637,-0.7652364831161127,-1.392246261029154,1.5757357259551306,2.9925045066612697,-1.658214831572231,0.0032819887767132627
638,-0.1086160863915211,-0.9789476632311178,1.6014328458195157,2.5656731162132083,-2.31434630516348,0.03181021055401789
639,-0.7480698586435368,-0.4216485048936469,-0.24304570557030014,0.6882179492136444,1.6739745820915166,-3.1388473469118647
640,-1.3558731330667297,-0.17692897161150034,-1.3832551631475287,1.599297712067031,1.067952825669038,3.123013023899949
641,-1.4379634673116435,-0.05229851006074204,-0.47030247533647795,-2.5778865291638406,-0.9859284005253883,-0.02242526535272127
642,3.1105133935854816,-1.7645577580305953,-1.755185520194737,0.327852670303054,0.7498002108207342,0.03710107635738069
643,-2.3585349356627923,-2.0733463944311854,-1.0777502013649585,0.49535282375772516,-0.0734411103712942,-0.48445783014966803
644,2.9167449209917944,-1.7277044714114596,-1.8019041397404176,0.3456789036850654,0.9433636964976824,0.025141803182914035
645,0.05185403535927867,-0.3783870373927766,-0.11931005078662343,0.5177674090613881,2.4671904519720713,-3.125409546220973
646,0.1166478376648663,-0.4122214257014458,-0.8352264479914204,-1.833629532742758,-2.5392955817656113,0.05016363405228308
647,3.019249037128495,-2.4162919556284415,1.3605228232767303e-12,2.4080340365928423,-0.8467086985384377,3.1474671271132366
648,2.681899314781983,-2.497962443718749,-0.4418125466960734,2.902679182455678,-1.17802659956753,-3.1271113907574755
649,0.4111777555435543,-0.06842166292240659,-0.28507658982534245,-2.675100487382566,-2.8328332788020876,0.10797013562378766
650,-0.9202349288057388,-0.1998613544986303,-1.0549643458102782,1.2891738272738111,1.50330758569139,3.139552723330196
651,-0.47002563259327124,-0.747862748393346,0.9067262507510216,3.0196688427537843,-1.9532408385063433,0.014068233522326778
652,-1.149117327156376,-0.36256029237138065,-0.23283776254954494,0.6188854046751167,1.2754143971529333,3.1349990744581797
653,-0.672033536775257,-0.5099290355238315,-0.6721822096150909,1.2169477341486825,1.751362016036027,-3.1350567247809353
654,-0.918541269665172,-0.6809377785256038,1.0252133732608532e-07,0.6936223711974838,1.5038230507316594,3.1410478746234887
655,-0.34238131168617514,-1.1161866016873008,1.0331579566326203,0.12229776625906252,2.0807928398514433,-3.1221376509932774
656,0.7697314003360823,-1.3053373819824445,-1.030829160208155,0.8159566311100199,-3.1087459147216645,1.6229932437178924
657,2.44455000458494,-2.333856473536078,-0.6896470922097024,-0.1527780666843772,1.4152246441532652,0.005654309939123081
658,2.8963391101793974,-1.9559439771667397,-1.6164285929031574,0.38905182194759025,0.9637514905931042,0.024090017252613283
659,2.1265454734484237,-2.043524269180338,-1.1923937296667708,0.05959939198151476,1.73304079198898,-0.005334202290003365
660,-0.35970223684499353,-0.8475795398210285,0.013529422411226257,0.8527699143140232,2.0588247430731523,-3.1324147735318015
661,-2.6098562923932773,-2.0322389641569076,-0.7278011086783662,-0.5645215359558771,0.1894423949647157,0.18004354298896663
662,2.6366115101360545,-1.9655110303393624,-0.9541956931272835,-0.25833557100401006,1.2232838005953024,0.012695483198148949
663,2.9558043102287,-2.70897805495544,0.2733717215159032,-0.7516070162103687,0.9062531160519993,0.028500511422260538
664,-1.4365640625470442,-0.038058197221451984,-1.3977568184344717,1.4768821479879097,0.9873266234592712,3.1192362978791497
665,-0.5440604710499048,-0.7054341376295206,0.3246387134352276,-2.7246964929312325,-1.879170878628111,0.011241459162216772
666,-0.49391098135956835,-1.273480419599886,1.7873498202898812,2.6643218513370313,-1.9293716321908256,0.013126290824629905
667,-0.13054028646933036,-0.8897639549792773,0.31982789812338375,-2.526000128595326,-2.292445405259865,0.030450882673624058
668,-0.872575073361205,-1.3778142036130503,1.8651860719829525,2.6884974480189925,-1.5509393985890656,-0.00040352159558976197
669,0.09312595198133077,-0.7517930398744245,3.7128122791800386e-11,0.7126308270448748,2.499554237555628,3.1105905686210917
670,-1.3315044336165553,-0.32042549469007264,-1.2430688032229575,-1.5394906033834979,-1.092303129695015,-0.01750626542558864
671,-2.537578317631076,-1.8881213110675128,-1.176315283702134,2.7718836606461927,-0.11908992310984035,-2.8507193602294967
672,3.0925457012713657,-2.3386627042308405,-0.7590185277614747,3.048327211204156,-0.7677456108249645,-3.1057922720100786
673,2.643593940876806,-2.409974302453114,-0.7476454579995826,-0.020515826552429672,1.216306024446478,0.012966803782076486
674,2.4553576209027286,-2.4134791241059865,-0.6481525022037475,-0.11471094771874357,1.4044235388260784,0.006034389887456637
675,-2.830536201226895,-2.404699416459676,-0.32155959112416577,-0.5017169364851397,0.40839321958218777,0.07958754472524454
676,-3.1259888554246427,-2.50698316696385,-0.7235045164110137,0.03588420014050886,0.7031793560300095,0.04072930766417038
677,-0.13595443252047307,-0.08271572538715878,-0.14648699794937148,-2.8667885836401834,-2.286985040925978,0.03022873593729003
678,-0.9347638457381544,-0.10383492913453596,-0.5389337034765962,-2.464438495544572,-1.4887872468132846,-0.0025405380404275313
679,-4.032302393694829,-2.4503855668444183,5.047367121550813e-13,2.441463312352927,-1.6061147172443415,-3.141688331684679
680,-2.7118390062328737,-2.031728070111349,-1.2268444396356866,3.1385873967555025,-0.29030924752053044,-3.0263058305906525
681,2.196585042781619,-1.9042753831751602,-0.61589107914644,2.485750174075781,-1.6630431104832195,3.1386984502096382
682,2.091533440344622,-2.108600553344084,-0.0654809484509502,2.139133981197288,-1.768031627398468,3.1350190191580847
683,-2.533939689486255,-2.644432581867041,0.6067558273667983,-1.4054913403161926,0.11561053419584333,0.2999583421249348
684,-0.20334986153270318,-1.361420567307063,1.6152000735289622,-0.21076213435779634,2.2197072557928665,-3.1153089239860186
685,-0.507142333650608,-0.7738182009462804,0.5611247158839632,0.2491147078342113,1.9161490970944612,-3.128980867969362
686,-2.5713932281411442,-2.5448177336443862,-0.19901095438428262,-0.6710230255590928,0.15202382924795385,0.2704940332972484
687,-2.9264686449144968,-2.0237313995881507,-0.9045896402180351,-0.28427541445172233,0.5040320532791362,0.06247562902600068
688,-2.6080398818801114,-2.528901629015316,-0.6500968093769459,-0.14730337332603893,0.18765659636545617,0.18181514114014385
689,-0.454747505870062,-0.42318624602252175,-0.19154796365497243,0.6362431313437291,1.9648005468636236,3.1502462481380515
690,-0.8934292304097977,-1.2955100904690782,1.0838512085432344,-2.895635457850613,-1.530097497709774,-0.0011187279453905852
691,-0.7658782890920195,-1.2583268717852667,0.908786914534951,-2.75765330599136,-1.6575734053069267,0.003259830959512211
692,-1.0337297668714651,-0.43753698101087757,0.4345654084828574,-3.1037823608284762,-1.3898805019101814,-0.005993674916583647
693,-0.2363491102335015,-0.7181095235636187,-0.0009396676991510044,0.7358959010532401,2.180464063449206,3.151676481597698
694,0.09270079598921965,-0.011347484401356134,-0.9135268254067546,-2.15822234766096,-2.515390898990131,0.047692841680105236
695,3.389227951119417,-2.5074366221901485,1.1517395313012683e-06,-0.7481656068577002,0.480172357595939,0.10179278286294768
696,0.004411767141155655,-0.7918237032304921,2.4627700995424254e-13,0.7955242972816446,2.4176912742151213,-3.138355075144196
697,-0.9106016040915224,-1.2148275041252095,1.441701559192099,-0.1925466833726981,1.5129352318131417,3.1398840943887567
698,-0.5466143290478174,-1.109825052805303,0.7568251393136434,0.3889389016611484,1.8767029151758319,-3.13048780148259
699,2.3223511514494546,-2.3846324129896748,1.8494240030317716e-16,2.3863990009399143,-1.534790333627336,-3.141420221182826
700,-2.317148937118792,-2.288324232037958,0.16212873176479103,2.438581396982289,0.11171900655811928,2.8313083522894082
701,0.26535197389595394,-0.9040134489353542,-1.4307589838818918e-10,0.8974217306087305,2.6794659572454385,3.1361166423674334
702,-2.611846099728597,-2.323211359042397,-0.18025066270677392,-0.8192308430965523,0.19139932811605886,0.17814039895455203
703,2.7958603181095256,-2.1428017847854766,-0.7330343493377054,-0.304952192664556,1.064148424490245,0.019304456082920307
704,-1.1054618123799251,-0.8482226713461788,0.30883180747189737,-2.5677651756774007,-1.3182820026386606,-0.008310335289776283
705,-0.16764596733509673,-1.1592111097443134,1.278681933160133,3.0663648620427475,-2.2553771864165584,0.02826529700204805
706,-1.4808656573025243,-1.4823778798614917,1.835037985117161,2.8312788327928864,-0.9430635317499019,-0.024602862429384142
707,-0.011890619115652114,-0.8583978447428475,3.911153848247591e-06,0.8720837852061781,2.4036595868157273,3.152170723148951
708,-0.4816597708126942,-1.0054110944807855,1.0007144260126886,0.0414668124446802,1.9416146014053455,-3.1279854017162174
709,-0.6958000716823816,-1.0679891223473126,0.630076104981983,0.47260880708825814,1.7276098413490697,-3.1358947041452283
710,-2.5962302575436644,-1.8072888681441366,-1.2167871661220857,-0.31440479735265736,0.17606097761935846,0.19419816310375282
711,2.1648384663380087,-1.9198231576380875,-0.844345932013538,-0.41195862727976307,1.6947708254085327,-0.003994851111986275
712,-2.40908506508179,-1.751619397767979,-1.7844743060775154,-1.5743735631083298,0.03717816569467347,1.969398972064334
713,3.569947749405569,-2.618896150823778,-0.20572438848837715,-0.5177453667538732,0.2967021693150876,0.19238731737304723
714,2.1651602467356312,-2.2520840224101386,-0.5898325174868102,-0.33420970313519627,1.6944491365606362,-0.003983632495530909
715,2.9280214290369084,-1.8590448389997734,-1.0723860852531129,-0.25285047846095,0.9320973773774028,0.025736253927253205
716,2.7493160090903768,-2.188664408719049,-0.90465909067616,-0.08651900885839803,1.1106576970154993,0.017269671105221374
717,2.3422471834613665,-1.8656895136632188,-1.174684049711733,-0.13553780256177284,1.5174666802194903,0.002107383240252947
718,-0.5208608922700945,-0.6930886981100933,0.0023789138514913053,-2.411552980911015,-1.8979874151021847,0.013080723026745148
719,-0.2240716134446239,-1.4016187266699605,1.19527674398699,-2.892889763510462,-2.1990043798316408,0.025182411050712616
720,-0.6012136199550544,-1.076546915166512,0.7187847972553474,-2.748448469548583,-1.8221383277901562,0.009080438018012504
721,-1.0175844781584895,-1.3323296872256787,0.9981402673728068,-2.7726625627286827,-1.4060160214423927,-0.005423609838965504
722,0.33599973889166357,-1.02997406917226,1.4371422546708947,2.8261132159445843,-2.7580440071956254,0.08533753972514901
723,-0.40980266921853703,-1.4064028047859618,1.7267291348199452,2.8591926857008065,-2.0134216464526875,0.016528055682643483
724,3.678098575378843,-2.5359924873610864,0.7525229932996721,0.500530154238618,-0.07395639909667197,-1.8622821807916832
725,-0.459258562240589,-0.5532912385686393,-0.20643364626672536,0.7818647477972935,1.9607580851461317,-3.1327922198682745
726,2.9891272256888968,-2.052308756803963,-1.7803960349388217,0.646308942992663,0.871049958124761,0.02914299745009785
727,2.4323304593230786,-2.0120151903384196,-1.7503446291291387,0.5861419248687851,1.4274368494777736,0.005226138525255664
728,1.9827243897738533,-2.4594688082975464,-0.6268589699130866,-0.0912047338830706,1.8767725177882575,-0.010552864661223182
729,-2.3348286546675645,-2.0742873993307196,-1.7349418202487632,1.0369953398340517,-0.09504709910586362,-0.36756092188524825
730,-3.1105605689641065,-1.671414532514837,-1.731745574871028,0.207567969803522,0.687773144489527,0.04201700245386153
731,-0.9694161995241667,-0.7750756933296888,5.799734019744162e-12,0.7867371540988651,1.4533811731150725,3.1405201871368957
732,2.9982846708544386,-2.754180474777547,0.963247769001331,-1.3958131750370475,0.8619018167510166,0.029683330585425605
733,3.611923967226285,-2.0575301844873883,-0.08231703022772066,1.2970420810396375,-0.163187535115353,-2.3024983367986342
734,0.34278333194163313,-0.6702794598208031,0.9246956632885075,2.980432954044966,-2.764798607937467,0.08702579458594295
735,0.2377726100814037,-1.0466270893909386,0.3956051548037065,-2.416509817840077,-2.6601496802150644,0.06594527933830419
736,-0.5436453152859482,-0.7345262381055715,0.5522329791712823,-2.923326395359818,-1.8796699966264037,0.011216946732894417
737,-2.7989271203120354,-2.422248439364363,9.262034908217177e-13,2.479766476359872,-0.38537101876934354,-3.1945639010271867
738,0.35674167384035166,-0.43231111731220406,-0.07602229100953382,-2.4820838191149086,-2.7711070682590675,0.14164722501014282
739,-1.4237569567914536,-1.4451427063149058,1.8157194225562163,2.8117421787134376,-1.000123019943981,-0.02173154535240185
740,0.3043243262913671,-0.9031976142799798,0.5855916579914915,-2.7389232689893834,-2.7264920264398134,0.0781473207171639
741,-0.6323507022773271,-0.9839251728888052,1.4998992075655941,2.6607370206110623,-1.791020585350287,0.007951895310825297
742,-0.16686582307205677,-0.807873697273251,0.41388033175800043,-2.70332804698665,-2.2561564887754533,0.02830987367335025
743,-0.16649991405213926,-0.8790416079775145,1.0319376800003282,3.032980654159063,-2.2565220331571316,0.028330490505935835
744,2.2534011751793,-2.3659778817867054,2.0544243905443613e-12,2.3562951332538153,-1.6037301948377425,3.1414951167434806
745,2.3262331545091364,-1.9319089597224677,-0.9212592691870043,2.8188746132684432,-1.5334712806370627,-3.1400348574713686
746,2.8443814073905505,-2.3870847150716963,1.5589711971725465e-16,2.385479664463247,-1.0205951256707393,-3.1403817765100763
747,-1.3340530845436205,-0.4688590618095838,-0.19131205044445493,-2.439800524299664,-1.0919183565468313,-0.018999033917150736
748,-0.34733637378011695,-0.17236562893176144,-0.9916974298304457,-1.938368475437103,-2.075841589070478,0.019232743230394256
749,-0.07166557076903857,-0.8242006550988763,1.0112112135414835,3.002818708644895,-2.351255340534508,0.03423017899163039
750,-1.5078739117334716,-1.1887275994411024,1.1700010876682914,-3.0796576728042053,-0.9160799797016996,-0.02604409342466374
751,-3.0331748264546805,-2.362818270109153,-6.384551164100211e-12,2.400821536471488,-0.6219185437649837,-3.172135742829371
752,3.022525409603885,-2.464451236313885,-0.757429163211524,0.03416265907691329,0.837686431583526,0.031155592800508725
753,3.4124371796304898,-2.514903683991845,0.19911749166190063,-0.9181706741866963,0.4527673453493559,0.08361305809013532
754,-0.4284108879837045,-0.9425689873482752,1.861726652027416e-06,0.9574468373200955,1.9901224771690218,-3.1351388207146473
755,-2.639632853448461,-2.331834829531446,-0.17392727702021027,-0.7943546303074185,0.2187882170753941,0.15508318764388385
756,2.379367327957075,-1.8650472504051263,-1.730642742880364,0.41968678655759106,1.4803684466130704,0.003385980878435113
757,2.055684003733741,-2.5937344074089466,-0.002235222453625318,-0.585945355153707,1.8002011775475533,-0.00902935517381769
758,3.0024997353511935,-2.2500534816774014,-0.9572182910247076,0.02036194243747147,0.8576910334159411,0.02993478461464072
759,3.0090135658715154,-1.8353165581342588,-1.5182051177153446,0.16635428260867968,0.8511839260673941,0.03032705657622392
760,-3.019229599675933,-2.2583155952840834,-0.4087990302373705,-0.535501230115603,0.5965924055436176,0.050778850320337465
761,3.0885234825554972,-2.050883098901938,-0.6987598714468946,-0.4410993368389087,0.7717629469343446,0.03551578836490599
762,2.8699601634703837,-1.9136689631843167,-1.4017181625888588,0.1328024728545958,0.9901077903163298,0.022773981087026218
763,2.826221346985154,-1.7048873493388674,-1.4623633806449505,-0.014227980037432975,1.033810954268664,0.020688953161526413
764,-2.667185211767851,-2.256878302996791,-1.3946164256074876,0.3687562962108464,0.24603292652205777,0.13722643172288063
765,2.110647066111171,-1.7963113854356485,-1.0524599186014898,-0.3276424708838235,1.748929660734479,-0.005895133657032314
766,2.496730089260245,-2.466230737929253,-1.0500620523594364,0.33967707803536307,1.3630762339299904,0.007502931138863911
767,3.666299290662899,-2.2468852191848545,-0.5639510109238832,-1.8745842827102757,0.03191624485280319,1.540400220536122
768,2.239527547767463,-1.7964965325705822,-1.3533685522075487,-0.026039223812572843,1.6201259501804213,-0.0014152221981875712
769,0.04851319878692277,-0.7969351208462698,2.0211707521314197e-15,0.7925111703515877,2.4604520955499822,3.138615196775078
770,-2.702753471232322,-2.662483206322942,0.034959304266897584,-0.6410054979291102,0.28164366738805985,0.12227289279143391
771,-2.8668326836171154,-2.9063121948152673,1.0578530664427763,-1.372887855601142,0.44456476880820883,0.07230759366456585
772,-2.4137930991495935,-1.678226757667152,-1.375980849885378,-1.934168201976432,0.035618353512461454,1.8472268787643245
773,4.797876003117343,-0.7356641199763944,1.2371541364127603e-11,0.7334603047382586,0.944989000891392,-3.140134800378123
774,0.025407323454164688,-0.4707058821873746,0.23373182660701064,0.2720730109369916,2.4429149429179313,-3.114310482997517
775,-0.8873056005393556,-0.7925552956938873,0.8338646571584194,3.134573706160648,-1.5362175354808743,-0.0009086252934200623
776,0.11329707900000985,-1.1773832888043403,1.9307768812023571,2.4484213168272984,-2.535950926921735,0.04980766880123744
777,-0.4309994550154892,-0.9106507488230973,1.4400361460530906,2.6497648163666074,-1.9922399542426896,0.01564732802187585
778,-0.6825697486355993,-1.2312893235605493,1.3634861297055698,3.044167201032165,-1.7408320843275782,0.006163405733898397
779,0.14388991856101896,-0.6330714046571129,0.6278130311943926,-3.07329985103126,-2.566485612603427,0.05319239621494054
780,-1.3010098811171786,-1.3520826901093486,1.393640320929686,3.1380592467496626,-1.1227753050299976,-0.01620061265371575
781,-2.588291511911473,-2.558165173555343,0.0003721656260975829,2.836178011091381,-0.15901724343008294,2.8669029912411985
782,-2.5039462205766996,-2.767800543758395,-0.030388110746335795,-0.8333288285880609,0.08809832560741045,0.4884422856944842
783,-2.938645288626604,-2.8546275274764965,0.9178013325744585,1.8673498452143278,-0.5161786754863829,-3.08086726325104
784,2.548920958429612,-2.007151569292707,-1.06963337866922,-0.10026871037505192,1.3109177740064437,0.009393009690379817
785,2.979725596790714,-2.0708732660636833,-1.0493726869041504,-0.06580009594138803,0.8804422385193647,0.02859679489802147
786,-2.3798210209785102,-2.3608942789487557,-1.113251997353518,0.9981390949205515,-0.055513730857753796,-0.6645594748701984
787,2.459936299751207,-2.504689542964538,-0.5777623613649476,-0.09391781027112023,1.3998476306860583,0.006195826295977813
788,3.7299773188160184,-2.8535041877163314,0.38185937883841237,-1.0038798691958046,0.13529535144517232,0.3313087602485139
789,-1.12749918520678,-1.1831303485543379,1.813820980295402,2.5465066936907963,-1.2961691491474723,-0.009382015706284275
790,0.3766174354883516,-1.0862359864117934,0.8426994848626719,-2.7960355096504994,-2.798471918409145,0.09638875889122023
791,0.03444738796620806,-2.555215292787818,2.5566437754832236,-3.0082600455260566,-2.511941779312095,0.10775092255684733
792,0.09603815204692198,-0.655889922932448,1.8161320175178532e-08,-2.4072345859274527,-2.5088421174675988,0.06397185700802135
793,-0.3470769142630026,-0.9572976558477735,0.4074569156910397,0.5890074777253829,2.076100849615374,-3.1223483015010487
794,0.2909544043833838,-1.0816153102916948,0.4146665913631451,-2.392075159980955,-2.7131690279331906,0.07541312232361674
795,-0.33105523370963663,-0.49965356613147893,0.4447311622477801,-3.047148067963734,-2.092109956282345,0.019967808738001303
796,-0.6583548144280709,-1.002557674912807,0.7861129358820023,-2.8902209648527175,-1.7650324178250076,0.007021467048152541
797,-0.46072166353492383,-0.500237301684261,0.1023589545885546,-2.7066342621697923,-1.9625384278734956,0.0144400031057077
798,0.2571584889082305,-0.7452313997778367,1.4667828683781996e-06,0.7274844593784167,2.6693031439211015,3.126214037409125
799,-0.5200861589857491,-0.6212272432369188,-0.5493351596377036,-1.9347743624307474,-1.9032135506484018,0.012113247846007535
800,-3.52986486646918,-2.5427662368367163,0.012315138842208195,-0.6535943713159797,1.1087501929528247,0.019284857627300124
801,-1.1827655150550385,-1.0984224569461372,1.0731905317616608,0.061455485253971265,1.240938436614515,3.130132265527484
802,2.6133700931594053,-2.9641878107851993,0.7024346784026081,-0.9159947225865417,1.246509918662987,0.011802027254891101
803,3.0450488820554407,-2.707779944019508,0.9863498074792645,-1.4672542527776726,0.8151872091200278,0.03258233617458428
804,-2.4004556599613096,-2.7576359130669226,0.5420406278583645,-3.0886151314378867,0.04129634068041321,2.163290035277077
805,-0.09767649470097893,-0.63442430308095,-0.0017379777313853637,-2.4491880007483173,-2.317999078412818,0.038787211951659475
806,-0.2969620851733592,-0.004034761177122537,-1.265217230249249,-1.8320058787210847,-2.126176116905039,0.02155280881396049
807,-1.3098020847442458,-0.7666579601041112,0.4951858195906502,0.3096589813754229,1.11398950111262,3.125019757125072
808,2.5709691294462527,-2.663449645699479,-0.6062295312829429,0.09240743749810676,1.2888836021286885,0.010206903992063587
809,-3.076585183509355,-1.7910056211559182,-1.2791577871424884,-0.1277902108106037,0.6538494192979645,0.04503128249611699
810,3.5647624509382276,-2.6308693560531107,0.229307554467495,-0.8938189307962692,0.30067506376499903,0.14751559766575736
811,-2.891490454518997,-2.314539641847211,-0.9111041975523406,0.008196142025746145,0.4691479978691686,0.06796304148831522
812,2.5904212166604657,-2.0445986340897977,-1.6902920372304404,0.5574102176198679,1.2694438974026543,0.01093342904151795
813,2.2940944077899905,-2.509372104785363,-0.526511007629721,-0.13998017738598012,1.5655909009293474,0.00045578559029380017
814,-0.0205378158065218,-0.6471343271207416,0.2525542768232773,-2.685709871792983,-2.398156668901266,0.045548710128772096
815,-0.05293575587527899,-1.02760080391496,1.3362892637613264,2.8820606355653933,-2.3699629555109385,0.035525251277454206
816,0.17261029745405576,-0.9082707206922636,0.7793932745865182,-2.9467327424828333,-2.5951464089756535,0.05667329480317429
817,-2.965428808706516,-2.432362901983205,-0.2593962397299028,-0.5325113015810423,0.5461483550809202,0.071033144408374
818,2.201638218002822,-2.3991892999602515,-0.9574373996161363,0.18063316275720487,1.6579930610636966,-0.0027199217811872956
819,-2.707721754688926,-1.97675353019985,-1.429997760088506,0.14350013444415044,0.2862220019130346,0.11703223595413847
820,2.078088527915696,-1.7608182974309674,-0.9662770597667119,-0.449542329895559,1.781468338941278,-0.0070540558446965385
821,-1.034563560570975,-0.6538268971725052,0.26434595507840325,-2.7135544529066973,-1.389153786337709,-0.006691988381825675
822,-1.3574279819828257,-1.267541892884777,1.2732012241957715,-3.1081048915841674,-1.0663991669791475,-0.018649078602262392
823,0.03823963546164055,-0.9389463646586158,1.447347393945428,2.6876699190536044,-2.4610164589941506,0.0426349065009366
824,-2.54043483239041,-2.3724446174381404,-0.2403048067547392,-0.9980879174075661,0.12344942975383061,0.4657628313317299
825,-2.452716245391848,-1.8503199198957148,-1.1769230741843237,-0.9794970879943863,0.04502788855698592,0.8649240855287772
826,3.4249015154189624,-2.3465343992584122,-0.35885394352815203,-0.5204450618268146,0.43649538012179645,0.07666289819228454
827,3.007443790630089,-2.2430016546000284,-0.19787738920184683,-0.7462258989965163,0.8527521028332656,0.030232188691924122
828,-0.7730239804382566,-0.5428658506867556,-0.044908474143492194,-2.519427326094853,-1.6502332644713305,0.003016088517468734
829,-0.1340998537515259,-0.251110994539649,-0.6105550870420777,-2.2344122695473376,-2.2888895149579263,0.030235194736264237
830,-0.6710225246763635,-0.011785361789568238,-0.7274810621695194,-2.3674832933488705,-1.752372414612983,0.00657173036269354
831,-2.593685324593304,-2.4099744277219406,0.08301980854298718,-1.0145519463803951,0.17357318891410878,0.19726502576416335
832,0.3716856969136696,-0.5081818785339248,0.2480501721900199,-2.7307652969527534,-2.7887815301143855,0.1418273388805379
833,0.1983976665948428,-0.7521320296620203,3.1702873076151293e-15,0.735348293826954,2.6096769895590173,3.127561453379153
834,-1.2258192391501006,-1.4283235422901286,1.2155025016114598,-2.8919719674195568,-1.1979134011836692,-0.013134087302237418
835,-0.8656896309024926,-0.7036724687828224,0.9983959510139417,2.8811419614830722,-1.5578207863820905,-0.0001675392871121062
836,-1.4211452556038668,-1.248243839146179,1.6612123834486878,2.769282155263486,-1.0027325108045195,-0.02160508005939832
837,-1.298793789813362,-1.2995216121011057,1.4544640696371482,3.02463405160766,-1.12498979621004,-0.016107183126817137
838,-0.41341070779581246,-0.6751485867619714,0.000769981241617652,-2.425330196751629,-2.004514110653514,0.01807663218194065
839,2.8995279777044947,-2.3319510631612297,9.433884608480336e-11,2.32036243536846,-0.9644554907148597,-3.1346176913685984
840,-3.133920499540165,-2.5326463339483523,0.00015150901498334765,-0.6768626202065972,0.7177354159455076,0.05160180871470655
841,-0.23896216828115716,-0.6265292378056837,0.23371415699724007,0.4223646582567926,2.180067412450945,3.158889662934284
842,-0.05622660096958487,-1.4327199893600961,1.2595970448908975,0.22211399621490457,2.3666760739767287,-3.106298514237773
843,0.3028442578857571,-1.2362665458966806,0.7429523361605868,0.578093349837812,2.7250172923090163,-3.0637561049768114
844,-0.8375754077054927,-0.7523935247390914,0.37234532815156784,0.4143219793167918,1.5859185085098257,-3.140796846748798
845,0.015807219341661405,-1.169097028470135,1.1382716998885032,0.08384887472145497,2.4386164395593575,-3.100846673551486
846,-1.1254848778558424,-0.5740786710439765,0.5080857454402841,-3.0400149459362744,-1.2981822787441808,-0.009307623733304737
847,-1.307182424595226,-1.2600983783968074,1.6589883266523309,2.780840754150802,-1.1166072366385493,-0.016461673749465167
848,-0.2825571595304588,-1.345773399815178,1.148616152492771,-2.903732783276787,-2.140569205858839,0.022242511275991195
849,0.1942678531537516,-1.2780055767640368,1.5710337050103105,2.91699764996649,-2.6167550908678003,0.059522927107252155
850,-0.6059060755493912,-0.5351660125855437,0.2760158106935001,0.28845928074742366,1.8158139241663211,3.1490305511786896
851,-2.919037807480322,-1.8802456586247174,-0.7596912927946624,-0.5736303167785133,0.4966201977001159,0.0635820580034756
852,-2.5693582887896884,-2.6101208762890686,0.4485972690240272,-1.2237971772137244,0.15013363815692604,0.2413614258939479
853,3.7376047907312593,-2.930479730277665,0.36370864038882755,-0.8590778321592129,0.12693046074901584,-6.000825804572834
854,-1.279552964028582,-0.6666224620595358,0.9682108858216472,2.8776490040055567,-1.144216868188073,-0.015304642520539868
855,-3.889457455058472,-2.2641667144007065,-0.3121451304426353,-0.6008054605377543,1.4658521369387372,0.0039930760002218485
856,3.3704396033164565,-2.599194027073473,-0.38873958269240366,-0.23673232757350926,0.49215385467324596,0.0735663196169123
857,2.2571403527027876,-2.063041948946855,-0.6062671846953189,-0.5065706082613319,1.60252348534679,-0.0008110332817339305
858,2.8553758125157582,-1.9704605226980945,-0.8958894769143049,-0.3158504768640813,1.004680092773917,0.02206620097528056
859,3.762778420352588,-2.4588224557336607,0.9574678851233437,-0.18863047566629143,-0.020759010198411244,4.829912295288123
860,-1.1086148885761684,-0.9006653900587347,0.8308168874576269,0.10527101378063453,1.3150415404894833,3.132905437876861
861,-0.7288620673297896,-1.429669704183778,1.222694236222993,-2.900082996016563,-1.6945676474590998,0.004542436637602343
862,-1.2104202834753872,-1.020601523553676,1.0699101125035906,3.1288678554275187,-1.2133019877752982,-0.012529378803354252
863,-2.966715436713827,-2.8982634334040784,0.2289163404913233,-0.5389072794588488,0.5443017944854524,0.05733193695457001
864,-2.4268092001085333,-2.3083576718173533,-0.2824654700396431,-1.5764911918041884,0.02793155386980245,-5.257960940514236
865,-1.460140377809667,-0.46595142293863984,0.23264905350380005,-2.8624617794988616,-0.9648684475141768,-0.025870426453768393
866,-0.017635412257151373,-1.3381597463290813,1.7629928513228874,2.7677986631793363,-2.405219045798983,0.03810754993895804
867,4.865341764590281,-0.6488630546375626,-1.2183740780497258e-07,0.6599242329748407,1.0103826002303686,3.135887993837378
868,-0.059100388374248185,-0.6274961423380436,1.673406489113461e-14,0.6326687049280693,2.3535618669450047,-3.1374618790951354
869,-0.9576353653537368,-0.91388805439128,0.33047102655735117,-2.523716356649418,-1.4659292724648467,-0.0033311056048281884
870,-1.2839832017927306,-0.8841796198948382,0.6423904867038939,-2.862082401417219,-1.1397897768504501,-0.015488326612820735
871,0.3656636430397393,-1.2168503976391287,0.775130453218337,-2.6008759762742346,-2.7875734041512836,0.09317141809645468
872,-0.48303326391595425,-0.8692982473875692,0.6658576373966341,-2.9014014878397174,-1.940242035188981,0.013553101239906162
873,2.1755445752797034,-2.562880879267556,-0.27621367689469056,2.8104524984493695,-1.6829856432850077,-3.14455565028146
874,-0.22094451616759825,-0.2452935375092915,-1.1721773543862204,-1.6816642225139482,-2.2021286674341827,0.025346490157646784
875,-1.4526523959777276,-1.3601682979163898,1.467487123068306,3.0757870337204256,-0.9712520003453666,-0.023156338289648914
876,-0.264245130920016,-1.043256750558164,1.6857621203634157,2.540280006787299,-2.1588658984550655,0.023138187045334657
877,-1.1629480110162735,-1.198210443473929,1.5684402828821762,2.8073493402397,-1.2607430262473986,-0.01070679811875408
878,0.03787474465698981,-0.7083028139017151,0.9721797290230274,2.932169785733347,-2.4606521093660274,0.04260366284556927
879,-0.4073895986788827,-1.348295633002714,0.9063259881832204,-2.6616531176382505,-2.0158329797191747,0.01662942670539813
880,-0.6746805816403088,-1.338144361647225,1.444976226805017,3.0695805768194315,-1.7487165764422778,0.006442255062145019
881,-0.11653146344013221,-0.8792705325612187,0.8697062156048609,-3.0857976928774917,-2.306439399637966,0.03131318570366837
882,-0.43149930693175564,-0.47921634099332744,0.5600988350561988,3.0982593163356977,-1.9917404538724808,0.015626763548692857
883,-0.5733966194455351,-0.5438264343063763,0.34450067597994627,-2.906616370573368,-1.8499376514799573,0.010103987108489587
884,-0.9442649226807203,-1.1481295297500893,1.4592011070166002,2.8649350104360254,-1.479291791431638,-0.00286854053952057
885,-0.10845176328159692,-0.8026419167935644,7.681816838832107e-15,0.794889943810431,2.3026240664525535,-3.1463185656005166
886,-0.8817148755950579,-0.6570246907816326,0.7580072325081124,3.074894432057766,-1.5418049609007651,-0.0007168695971606631
887,-1.187696877365012,-1.164851450279024,0.8181442651334345,-2.7586002187174348,-1.236010314365762,-0.011649483553203055
888,-0.994814189438666,-0.7197716789361605,-2.1743991310613178e-16,0.7272136305993657,1.4282621025054225,3.1408217796081312
889,0.383812027365682,-0.8950760904317119,0.8154810023813348,0.18371177147364914,2.805628388900799,-3.0429809714473732
890,-0.4786310073181621,-0.816578000104843,0.4733581351277367,0.38003349356362204,1.9446413095474515,-3.1278658112438564
891,-0.7477786663600332,-1.1878916829226898,0.755334093228309,0.4670168653946827,1.6756623022391377,-3.137706925241707
892,-0.9139933275005978,-1.213335684507757,0.5820628984304141,0.6656070849058842,1.5095455058765932,3.1397674518629746
893,-0.5251066866548184,-1.0353894521642006,0.7560611494804088,-2.8260711486545222,-1.898196581951628,0.011920987499023816
894,-0.6349440729228788,-0.9370494486849372,1.3033229294894833,2.810417320786966,-1.788428812821899,0.007858639320087235
895,-0.9071119490271462,-1.5080072626734518,1.805494815150654,2.8784257453379762,-1.5164228314031316,-0.0015886156475808377
896,-0.6877913920683447,-1.510736990211682,1.412325996391834,-3.0084409374506986,-1.735613721219995,0.005979921692070178
897,-0.4727301967361366,-1.141017003095067,1.0916886406593669,-3.0553647066788727,-1.9505380983781155,0.013960550977219821
898,-1.255678479681722,-0.5242979907590779,0.2964281434297816,-2.8733485103496146,-1.1687465209425578,-0.015548550115625327
899,-0.8923571103057961,-1.101333423501428,0.5533178371832967,-2.5592802311160394,-1.5311689872671892,-0.0010819424190313676
900,2.0011151614613154,-2.4397395717669452,-2.784124692974996e-12,2.429597454060013,-1.8531333798412206,3.1389250179665367
901,-3.060016747410881,-1.935516901433701,-0.5356282225810074,2.4135315263872066,-0.637307908797061,-3.094993093732997
902,3.0937445348496215,-2.6319975895871033,0.6190983598728264,-1.1781088237691955,0.7665482386160245,0.03588564335338873
903,-0.21574995449934686,-1.020617924688466,1.1247047195987667,3.0801257803903503,-2.207318527466519,0.02562063200269371
904,0.025661101794761696,-0.7874353621114223,0.15340193752378464,-2.442557155316405,-2.4425577395587044,0.05022855478503496
905,0.42042593654000493,-1.2050773216506694,1.1656358904359854,-2.9857861681477327,-2.8420207376164934,0.11150343747455338
906,0.3681775466292708,-0.5317756702008595,-0.00192200115586094,-2.442568532308933,-2.78165926085649,0.15544248684645423
907,0.2136688331223926,-1.2099392539630078,1.4269989293813312,2.9953501690577085,-2.6361090817445145,0.06226243184228908
908,-1.413998278009714,-1.2011095877203462,1.1328457535492493,-3.0328541110711384,-1.0098736580669034,-0.021262341604855628
909,-1.258800837720854,-0.5277711439611323,0.32685270427572455,-2.903372773547445,-1.164954618813428,-0.014454763510403534
910,-0.9201618618620429,-1.2147830485071947,1.3313018003173802,3.0594218592638684,-1.5033806095340216,-0.0020374153043438703
911,-1.1348313729936,-0.8173530990081588,0.2419139704431472,-2.5275473085136824,-1.2893386969346021,-0.010462016811721047
912,-1.124829402465132,-0.6856100098474704,0.6097906827715369,-3.0301953482168633,-1.2988372769721837,-0.009283126892775773
913,-1.4671838083465059,-1.4018627000976034,1.8496685550161622,2.735720809134259,-0.9567332350172739,-0.023894218818845125
914,-0.8267351024499439,-1.052750647889868,0.47055326893129656,-2.5251138201238934,-1.5967524492604461,0.0011673916938361728
915,-0.6265785185959643,-1.3867441763258452,1.6876614285233869,2.875839815853867,-1.796789205342767,0.00815985022525334
916,-1.2097253079280132,-1.089654415289937,1.2658735088446251,3.0019478581312553,-1.213996498589368,-0.01250224032658842
917,-1.3473332766806432,-1.3403135701212945,1.6777574029641613,2.8430809858945274,-1.0764861796361807,-0.018200259178553946
918,-1.495706793535801,-0.9008859257416089,0.5657048078095852,-2.7635997063769535,-0.9282359861275111,-0.025387593879969472
919,-2.278074279068521,-2.0507187914579443,1.4970581037315318,-1.3465325267360717,-0.07423815337985015,-1.237552047773855
920,-1.5476273162533194,-1.208062558242746,0.6602232675074395,-2.549149386939889,-0.8763648738769767,-0.028278076468665425
921,0.05163170900705438,-0.9910728671512157,1.37227188259636,2.815793051494417,-2.4743883299362928,0.043813646768155134
922,-0.7753133652249735,-1.317827995956497,0.9508245160190159,-2.740216465423888,-1.6481439064523709,0.002934370388917973
923,2.5734821531669465,-2.458434454799081,-0.006522174452076264,-0.7153047916548393,1.2873070386708638,0.0111300756441711
924,2.142218011360532,-2.282492636777339,-0.786800433542675,-0.10694112241738063,1.717377751994686,-0.004784294095192099
925,-2.4668986270539888,-2.215802511206439,-1.0390066612910314,-0.5555638625301773,0.05528887972871388,0.6683139225596189
926,6.001120988711716,-0.5683643862431398,-0.014151504481377458,-2.5114186515223564,-2.134783834327013,0.025999697918000393
927,3.0679518625002054,-2.460304620694464,-0.23795760106332553,2.6652915848649763,-0.795446110261191,3.1650261031713054
928,-3.9690803638240886,-2.4408923890274297,-0.2548960692997251,-0.48352161177370395,1.544927159833706,0.0012298335467129345
929,-3.1158923102520952,-2.058674757779346,-1.3713761862030789,0.23480605195877402,0.693097165132412,0.04156660137187629
930,-2.9729280763696844,-2.3192909172690594,-1.0061955932206796,0.11833599499516945,0.5503834426771368,0.05617574287008198
931,-2.5815451829303933,-1.8285367943840125,-1.2110207951454326,-0.31651514151353677,0.16168495425215168,0.21204344375388295
932,3.0174400138379456,-2.7259152156459985,0.20916573545659137,2.4919054394688933,-0.8462632627249349,-3.124720586695421
933,3.086587942565009,-1.6794555700118319,-1.4364788801108586,3.06688219068862,-0.7736961593316938,-3.1062128898050094
934,2.550370998716298,-2.1440139177237563,-0.913865061556622,3.022404171300579,-1.3094686301385292,-3.1321463177812543
935,-2.9478843669820822,-2.4819914814148607,-0.6829489623705216,-0.0450193242658381,0.5253958208073111,0.059446638252403705
936,2.971990567515922,-2.2852009200176577,-0.9097336220002941,0.009169280170310046,0.8881696747676022,0.028153795148344152
937,2.8152083748995516,-2.0371406108224743,-0.9066177365680081,-0.2374630111342233,1.0448151958414496,0.02018118945713354
938,0.36760564182815686,-0.3739259593174584,-0.04760515312948305,-2.6172257191319876,-2.78884375001082,0.09685088065718431
939,2.6393745890948246,-1.9325402525504203,-0.8881999913099516,2.7842539542251252,-1.2205225587919577,-3.128789968466435
940,-0.3414384598272995,-0.48799660772952347,-0.9410855936999103,-1.6732205681429873,-2.081734966306204,0.01949745914295109
941,-0.035841208576406824,-1.2769699179514438,1.8010764554924732,2.667528784802358,-2.387036482908608,0.036751477101017116
942,-1.3275437565092314,-0.6006228791589503,0.2675582007405929,-2.7649070907761,-1.097657813176473,-0.019650283229454446
943,-1.4651172060303894,-1.2487836316039413,1.5770910722242792,2.855158320759168,-0.9587980232744342,-0.023788368985135477
944,-0.08290503991851227,-0.46860316974138716,0.07617136155165005,-2.7014213210078926,-2.3400149539700106,0.03349717877646961
945,2.289425488177128,-2.419537811776134,-0.02876236912891511,2.43055865444668,-1.568795717596643,-3.1413174501901753
946,-2.7940529575286366,-2.4763772934025226,-0.5363432294797041,2.9183303029469894,-0.37205858936963976,-3.0533487155269268
947,-2.5711787902313956,-2.4715207380222486,0.0010460918367702575,2.769461465403216,-0.13992455775759155,-3.4374340846042384
948,-2.40843884343685,-1.9596222897178484,-1.0827592937560566,-2.083992442206646,0.03743336651548379,1.985316854319235
949,2.3012098002858536,-2.307502723953108,-0.8409016773193305,3.1141318980465744,-1.5584799386885464,-3.140893055985263
950,-1.134394721217654,-0.23506360637515122,-0.6937245852711391,-2.1771296472696524,-1.289277992092876,-0.009637533963379408
951,-0.4668017917187335,-0.4860968982062741,-0.7905524568749582,-1.827955391465692,-1.9564624953151375,0.014197166698521002
952,-1.3072674587638389,-1.0951536394407397,0.7737377434175716,0.35955552688438486,1.116522264369312,3.1251273722501463
953,-0.306400068039685,-1.1527456603898127,0.4679753679448271,0.7248720813887415,2.1167457641471987,-3.120485126751097
954,0.30102964219655565,-0.4340492436376698,-0.0019828531701669844,0.4378028794337408,2.714421497435456,3.1436610832956466
955,-1.3106986706128414,-0.9989365819940215,0.6623527979790946,0.37478763891183453,1.1130935519284,3.1249815266551284
956,-0.37792788020401735,-1.3092521157204116,1.1529507053189993,0.19482917389768684,2.045273154232805,-3.1237061297377675
957,-0.38536208415306117,-1.0379712605952753,0.7721035416283071,0.304250013314622,2.0378444446194166,-3.124026829573122
958,-0.6434484971682144,-0.6526842756991673,0.19473532616871056,0.48156075883460014,1.7774571594823931,-3.1364035767415124
959,-0.7601867315504371,-0.5395882347931757,0.12034770616403456,0.4536574903747175,1.6632615909030095,-3.1381362386836607
960,3.3430593796558252,-2.4455712630042306,0.005265565256089328,-0.791015202324948,0.5235735904713322,0.0782471238150169
961,-2.4357652314104303,-2.0665210040778024,-0.5565981630537156,-1.7457788529210074,0.03639687818226589,1.2273725557424342
962,-1.076351724205531,-1.4344737152874036,1.706884980590707,-0.23726679985807797,1.3472846268288468,3.13407697399499
963,2.349538622223204,-2.412165844910538,-2.945443176103546e-09,2.409797510076659,-1.5083298174225734,3.1419845955121226
964,-2.5704972257654433,-2.3754580413258983,-0.5754025494015265,2.720930185261249,-0.15090828787357502,-2.913908451151049
965,3.088865078270012,-2.16386299948839,-0.9121757944984035,3.0268718338947442,-0.7714217690445744,-3.106052729370686
966,-0.48549111887161844,-0.9354650146980696,0.7036250955026473,-2.8730370257948152,-1.937785807558,0.01345634115893013
967,-0.5445919808191633,-1.0574752285016062,1.6252835089078923,2.6097464743701018,-1.8787239672272582,0.01118115060967062
968,-1.1984411368724657,-0.72705591858265,0.839752200065961,3.065319829550293,-1.225273154370298,-0.012063725680407256
969,-1.604425043853962,-1.478018431426793,1.1408117754514695,-2.7574901421645768,-0.8196264998415677,-0.03174135908113529
970,-0.6855300557406117,-0.9015478840368938,1.4452265687242019,2.6326679884350455,-1.737873668637528,0.006059193941677865
971,0.26883152151421674,-0.6698591301840642,0.7475786048431097,-3.1405354570426276,-2.691117719091526,0.0712230589063676
972,-0.5212799890091153,-0.5513839756196695,0.3497383276992574,-2.9037064318153414,-1.902020752214544,0.012067422178693832
973,-0.5512104053162048,-0.6492839831033452,0.2738688092697691,-2.7266821075601246,-1.8703563801071281,0.0119948504774714
974,2.8397634602331716,-2.3291722251028,-4.782677048674682e-17,2.3309123071341666,-1.0251591885462827,-3.142132471047595
975,2.3695916873453218,-2.5290667372139617,-0.10309206455178721,2.597900366130345,-1.4901328727072043,-3.138553993691291
976,-0.8497192569517584,-0.1500061466165481,-0.7140434424875552,-2.2432730074954232,-1.5737817933898581,0.00037968111647668223
977,-1.0762558686252999,-0.5249579354341702,-0.49349477044759293,-2.087996247574636,-1.347380423224121,-0.007512225684584095
978,-2.762000535048907,-1.840848318544321,-1.3429883234883642,3.0809599987885523,-0.34016162989941234,-3.044295403317156
979,2.5830315527224927,-1.6391627769123105,-1.7171437727787897,-2.962685310156994,-1.276828814047691,-3.130936246551525
980,2.6682696632237217,-2.028926299351783,-1.1905259616127495,-3.1006236640177085,-1.1916469366057119,-3.127655963543144
981,2.193090262883042,-2.1024797047449097,-0.5164955393502932,2.5845476175189646,-1.6665358201585667,3.138577643630467
982,-2.694863839860428,-2.599607895613499,0.6845030468525691,-2.640543149358875,0.06084061092072495,1.409804616232126
983,-0.9886791163248092,-0.2823170031646982,-0.7945270305004799,1.1114329309206576,1.4349040198793936,3.1371822358752253
984,-2.6779864151297144,-2.950993791858041,1.2225060495896702,-1.5484546975225786,0.2567311225245339,0.13124244287213482
985,2.89795781930925,-2.681359464085034,0.15737524957990293,2.5030169508227855,-0.9654596641787281,-3.1292704682422228
986,2.9787813690489546,-2.2048796117881224,-0.49489447797935937,-0.4865936790963259,0.8816059910040336,0.0287686798431913
987,-2.6406520197452927,-2.601355384697453,-0.4942519225183215,-0.20379082762105227,0.21979462989684073,0.1543469431913307
988,3.532555652228894,-2.6014990413584123,-0.28208637842164275,2.820683238496904,-0.3321122354337407,-3.0817929399556925
989,-1.2335541148107052,-0.13742618073134988,-0.1086145778955063,-2.8586338023254356,-1.190185108336574,-0.013442659861568904
990,2.9067731719508547,-2.0291472661541543,-1.282157758451134,0.12767710995502135,0.9533265743052359,0.024624182088810453
991,-2.4314563824139235,-2.259295544596471,-1.1826144987808729,-1.0425184224057995,0.0351804045175621,1.3429768434656948
992,2.1046459532131836,-1.8929645742331687,-1.782079293188683,0.4985918689244353,1.7549271206287473,-0.0061077293737765714
993,3.0457428938426183,-1.7323456184947867,-1.5902749888438563,0.1339054712263792,0.8144940242647416,0.03262716563557344
994,0.21782464610949553,-0.29831611116979834,-0.2680898824259827,-2.4912790103648503,-2.6360059145057524,0.07391478201163036
995,-0.850467519237732,-0.5975017679776742,-0.6471393122427527,-1.8626815886784198,-1.5730339561992934,0.0003540858047172968
996,-1.4179835896977537,-0.6451805261102083,4.95609385116599e-11,0.654984390820381,1.0104422126718502,3.13655490721425
997,-0.5396246782960117,-0.7847257664556087,0.6114562764790308,0.2092889193123444,1.8836880507733085,-3.1302237973864226
998,-0.6225960026210138,-0.581021832973426,0.3234825686298324,0.29273604152063326,1.8007692321469584,-3.1332890336985026
999,0.17111210546243383,-1.168869694347031,0.498453169070908,0.7362370712509678,2.593651471674497,-3.0851089618496204
