step_order,x_dif,y_dif,z_dif,rx_dif,ry_dif,rz_dif,joint_1,joint_2,joint_3,joint_4,joint_5,joint_6,x_t,y_t,z_t,rx_t,ry_t,rz_t
0,-0.000181978,-0.365141,1.4273,1.57005,1.56969,-0.000186977,-179.9998479605043,-90.00021045914971,0.0,-90.00021045914971,0.0,0.0,383.971411978,-3240.3910589999996,200.29891,-91.749613,-21.682665,-90.157201023
1,0.0103459,-0.480444,1.00632,3.10253,1.66683,1.57927,-234.02117367441394,-154.38920747595162,97.33005953225833,-116.3677281910702,56.880385111612476,-3.856206496458736,335.1374341,-3133.887256,-222.16719999999998,-87.30605,-24.393665000000002,-89.824879
2,-0.0051336,-0.413612,0.846258,3.60029,1.58947,1.66501,-209.3828425681983,-161.82734557233996,116.10130281633435,-127.77073422976385,8.50739193366149,-6.000357805287059,366.9935136,-3193.509388,-380.78619799999996,-92.666075,-0.79107294,-91.414451
3,-0.0798171,-0.454235,0.841657,3.16162,1.78563,1.71706,-255.99066737091024,-169.94615752934374,117.84309451353207,-115.50829149837396,83.30347974966065,-1.2540957515602973,430.9520971,-3126.274965,-388.703087,-79.55622,-28.424122,-85.513892
4,-0.209376,-0.414683,1.1511,3.68361,1.4079,1.58468,-255.86748144495712,-136.0253371842136,72.28492839149979,-127.4355539196123,45.783968789093336,2.937445753654656,555.5297360000001,-3120.965917,-73.143056,-101.859378,9.090933,-95.14610900000001
5,-0.0998344,-0.519876,0.956268,3.49177,1.59286,1.40997,-241.8065241946516,-160.4952186986608,98.57968048343865,-115.87899519182362,32.49610349175782,-1.462526338272988,416.68961440000004,-3060.0843240000004,-270.606828,-92.325246,7.546503700000001,-91.378483
6,-0.0498899,-0.434082,1.1654,3.54751,1.4202,1.65406,-224.8595785302721,-132.75890479417276,70.59069219129795,-135.37560304453527,27.18123239256528,12.229096587713265,401.7909199,-3158.439218,-59.127562999999995,-101.533991,-2.6747341000000002,-95.56745000000001
7,0.111983,-0.722976,1.04393,2.96633,1.52898,1.70347,-246.608483475643,-156.89188712508306,72.8836692874115,-98.37055088821592,84.21849334848457,0.6075071501772118,160.497467,-2938.297024,-183.21642,-96.216076,-39.169477,-93.456544
8,0.263361,-0.734831,0.814484,3.72806,1.46633,1.63596,-222.8719879389633,-177.6856714259709,88.21773875849772,-111.98116331154861,13.730876264530666,17.511767458819456,2.2196091,-2982.4109689999996,-411.977204,-98.829587,8.539219000000001,-94.37308999999999
9,0.365175,-0.60568,1.02865,3.69173,1.5286,1.71879,-207.9160706126634,-157.8928443931766,70.21884258225803,-115.58220305394585,5.2365076615524995,21.84963092575492,-49.030634,-3139.89342,-199.47278,-95.832469,1.4420229999999998,-93.14843499999999
10,-0.0812507,-0.492617,1.04211,3.74649,1.55857,1.4716,-233.197833322811,-152.30421405947055,87.74905928208071,-118.04534861521326,12.814029200762324,2.0926996988255753,405.6186307,-3091.2976830000002,-184.40947,-94.36864,18.796944,-91.842653
11,0.0956772,-0.75947,1.093,3.1145,1.53382,1.47519,-242.17608197251099,-152.2245729259474,62.328067827716346,-92.60659546919983,58.219387478833205,1.3247529068558304,157.16425279999999,-2901.41013,-134.18802,-95.487802,-17.714755999999998,-92.266154
12,-0.249974,-0.761883,0.978222,3.22869,1.34014,1.7128,-279.4108902046778,-159.73776849349787,69.73240141419197,-103.45727019338736,102.05180472193145,-4.076331151770047,485.242854,-2779.274717,-244.638952,-107.64916,-23.724424000000003,-98.688821
13,-0.317463,-0.836962,0.947722,3.58889,1.90922,1.72264,-277.9687554343335,-171.6295075314381,70.17300595864758,-60.86645249233761,80.15851441218756,5.49775349782035,517.6278629999999,-2685.870038,-284.076822,-76.287637,-3.6636986,-82.684944
14,0.147556,-0.708406,1.07489,3.17859,1.42709,1.47734,-233.54733757784078,-151.4573824382672,66.08323321700377,-105.98172223873377,46.57911961717589,7.501278045411764,125.438024,-2967.185794,-150.70873,-101.766477,-13.797997,-93.910693
15,0.0675908,-0.777794,0.776195,3.55923,1.30933,1.67324,-241.88501941258448,-178.2225328800085,94.84857932154674,-116.23079127803393,44.755853321510585,7.941538815190289,174.69785919999998,-2875.029406,-447.080965,-107.29032,-2.4941704,-98.396726
16,-0.268718,-0.527464,0.737265,3.78747,1.2584,1.57832,-267.6251483588367,-175.3250853100319,114.51306380823172,-137.56029111736908,51.101418198363966,0.7268370701691084,572.4665180000001,-2993.640436,-484.827525,-108.68066,16.141098,-98.21529500000001
17,-0.259031,-0.779969,1.0989,3.55976,1.6801,1.73395,-274.24968638613933,-154.0987178738203,57.9254601299311,-78.03570578122786,79.50075886337738,1.4433494408699594,482.308211,-2760.191331,-129.76147999999998,-87.998729,-6.9914703,-88.82738
18,0.111567,-0.520133,0.74674,2.9338,1.58491,1.42357,-223.3389485419949,-177.6541587472387,121.3793900250795,-122.63187576523549,46.77014374607251,-0.9592230222962189,227.970823,-3131.462867,-480.43047,-92.19108800000001,-25.09115,-91.512169
19,-0.344075,-0.797672,0.93071,3.65089,1.62198,1.66001,-278.8694450882791,-169.7702594862386,74.71426944285447,-82.30538727054277,74.73890662804511,0.6849939623907044,554.368825,-2714.3884279999997,-296.95524,-91.198719,2.4133049,-90.564599
20,-0.358449,-0.821096,1.2,3.0065,1.84304,1.44006,-286.75964688502575,-137.9287029796382,18.356020769944724,-44.30023728282256,106.61025693999228,2.5397500184764,566.122049,-2686.034304,-31.020963,-76.77765600000001,-21.680494,-88.031423
21,-0.112724,-0.623757,0.989715,3.26646,1.70162,1.43104,-255.83596876622494,-163.45282683712614,90.31476428867653,-98.34763257641067,60.820615868727145,-3.276814385288594,397.857904,-2957.915843,-238.905805,-85.87849299999999,-6.5567998,-90.082533
22,0.0246464,-0.521353,0.852148,3.83159,1.62453,1.70261,-223.54062968588096,-171.89994361073985,107.28405530706613,-103.61540654484347,11.714866966583351,-9.603632083085293,298.6619336,-3101.158147,-375.770148,-91.450744,10.369286,-90.47837000000001
23,0.298617,-0.484481,1.18972,3.57144,1.8524,1.7396,-199.34290312412088,-136.39203017309734,36.319107083988726,-2.9207726818163486,15.012239077561238,-69.7289636674212,57.475309,-3229.992619,-42.941866000000005,-79.07786,-6.0156236000000005,-84.07604599999999
24,0.133504,-0.651371,0.781984,3.66171,1.84233,1.42314,-225.80037522987692,-181.2603551097921,88.23550045014677,-22.53391442047966,14.944171691499696,-55.82832000819326,150.85235600000001,-3014.835929,-449.58137400000004,-79.569439,16.686903,-88.399735
25,0.119766,-0.775978,1.01474,3.03248,1.71086,1.50687,-242.9272296419275,-163.60179586386013,74.13157136520644,-81.78514159256396,65.78128445896981,-4.536410531682147,131.557264,-2893.749522,-214.93857,-84.55544300000001,-24.25115,-89.32675900000001
26,-0.136978,-0.784286,0.73708,3.45548,1.37787,1.62355,-262.24507466255835,-183.4049361369668,99.13774137589608,-107.11904346206845,67.33113529479868,0.9332393862870362,366.811628,-2797.630514,-487.28117,-104.16957,-5.9787713,-96.17070899999999
27,0.0085488,-0.414267,0.840021,3.36441,1.72387,1.43581,-208.16358838015992,-166.75993923062123,112.09117120821374,-76.15869604437928,11.344793526708353,-46.70986858602475,353.5590312,-3197.156633,-389.309711,-84.904747,-1.2173409400000001,-89.847644
28,-0.0228133,-0.60373,1.17216,3.26473,1.45655,1.69216,-249.214295527898,-140.17870824111694,61.697241295277315,-108.48268301447982,69.16918390157838,1.621642447558769,323.6177333,-3006.7958700000004,-53.155584999999995,-100.37064,-21.185012,-95.117705
29,-0.0523894,-0.898384,0.872471,3.41925,1.80344,1.47791,-255.15873265238028,-177.26110969977896,75.42015344645566,-62.350413181726445,54.524554545373064,-5.643118620022991,245.8555594,-2720.157616,-358.065401,-80.689604,-0.31022229999999995,-88.284386
30,0.140381,-0.658525,0.940968,3.11188,1.71886,1.45999,-231.50417008040426,-169.5307631278739,91.72767821146915,-90.64077727410597,47.422341604269924,-8.168487397841607,150.346259,-3011.0539750000003,-289.387428,-84.474195,-16.98054,-89.669685
31,0.0974583,-0.879568,0.906992,3.52136,1.69223,1.61884,-243.34778066355352,-172.51186253593957,72.20643317356686,-70.47323584329612,44.53864502137649,-4.064665731061184,111.0209317,-2789.1821320000004,-323.153062,-87.225332,-2.61745127,-89.17663
32,-0.122307,-0.807689,1.00455,3.44929,1.73188,1.51089,-259.3648158264357,-164.72651201570196,71.41747028967173,-76.3672526818069,58.45831087940276,-2.6693072351113822,342.853117,-2781.412411,-224.8251,-84.78003000000001,-0.5500707,-89.087894
33,0.192351,-0.798894,1.16046,3.5096,1.6777,1.48607,-231.6835058702802,-143.84449221436395,34.28321615055037,-57.409798114313354,26.175233095874578,-9.56936920693647,48.036634,-2897.877306,-69.127926,-87.864947,4.3071949,-90.033326
34,0.0259528,-0.856178,0.830248,3.71132,1.70074,1.42898,-244.31550637952944,-179.00576618595233,76.6182081960742,-62.10174949863966,24.06760784648585,-10.226952868408118,181.2900372,-2786.013622,-398.777478,-87.070695,19.053884,-89.91779
35,-0.310979,-0.7192,0.988345,3.41374,1.68707,1.49707,-278.24663996497196,-165.6587143483798,77.57103700937675,-85.36670076992674,78.3525514419352,0.4306339329047365,551.233519,-2800.1731,-239.610535,-87.04125400000001,-1.8329811900000001,-89.833531
36,0.220614,-0.75581,0.864821,2.99123,1.90895,1.39751,-232.81624343125387,-180.5819730803572,88.5391680815661,-64.15866798315932,54.40847329607956,-17.427599958714737,43.004115000000006,-2946.19529,-368.334061,-72.97072800000001,-20.13468,-88.194034
37,0.211897,-0.550462,0.760572,3.51068,1.4897,1.66654,-211.72738586587363,-178.87799659763814,112.3581695407447,-128.90633657971313,16.506111936805834,13.069740264729209,117.572483,-3138.9942379999998,-465.566752,-97.906583,-5.7688251,-93.980432
38,0.354441,-0.441864,1.13096,3.00568,1.77581,1.58757,-193.61676291958344,-150.7824381556031,71.46216099769192,-72.37946642769637,25.159608108225683,-27.632436656230805,25.726319999999998,-3288.213036,-100.69690800000001,-79.97612699999999,-30.185854,-87.199752
39,-0.162169,-0.447534,1.15482,3.70776,1.5695,1.59739,-246.37815444200044,-140.05036569500766,74.96236016814613,-115.00638046983936,35.41308892254836,0.0006875493541569879,499.840599,-3106.9655660000003,-71.589721,-93.80037499999999,9.264029,-91.80001800000001
40,-0.269795,-0.763044,1.13229,3.30817,1.54543,1.6926,-279.5277735948845,-147.67127732804272,49.889898940559846,-83.66673499177358,96.91065442622258,-0.46007135850296793,501.781415,-2771.8777560000003,-94.14448399999999,-94.986686,-19.022395,-92.59381499999999
41,-0.00321808,-0.754473,0.790211,3.509,1.72966,1.4448,-244.7790292357903,-184.77373230953432,96.57776594725156,-77.63062462007038,37.06710348553202,-8.137604972684056,246.43759808000001,-2871.864227,-439.894871,-85.04819,6.5583558,-89.649394
42,0.082487,-0.653789,1.11907,3.55096,1.34614,1.47374,-231.00798862982097,-143.5700454304963,59.75434141198868,-125.95273914581374,24.30412482431585,22.280266004575243,199.61400300000003,-2996.410711,-105.07334999999999,-105.56320000000001,8.0488254,-94.947187
43,-0.00117964,-0.839371,0.769119,3.16998,1.44849,1.72156,-257.45228270628894,-181.93759122363673,92.48913912119801,-97.59763082258443,84.456843791259,0.43541927640966915,225.86716964000001,-2791.448929,-456.177849,-101.21099,-28.236100999999998,-95.746693
44,-0.0845383,-0.570584,1.00444,3.06365,1.32731,1.42159,-255.3054098479338,-152.03664276914446,85.10657793093735,-127.72547056394849,71.8781283569569,5.69522913149014,392.07777830000003,-3016.305916,-218.52255,-107.68947999999999,-16.893976,-94.57466799999999
45,-0.313721,-0.576396,0.881799,3.0944,1.45308,1.42808,-287.94223177417575,-169.1388599960044,95.90396758017772,-113.67597246954558,102.34802390201409,-1.2136048241784019,606.678131,-2932.263904,-342.934019,-100.23397299999999,-15.954558,-93.101254
46,-0.0581378,-0.432753,0.991785,3.07052,1.68162,1.66217,-250.45990577451238,-153.79906094696688,100.79874602398033,-120.57495728071582,79.8153126929042,-1.6284434565869719,417.8458478,-3153.984247,-236.59929499999998,-86.016805,-30.914907,-88.901908
47,-0.0100585,-0.821364,1.14152,3.44772,1.58316,1.46881,-248.9060442341176,-146.90236796697715,45.971784354337224,-78.13081677521957,45.497375299968894,-0.4970913075619607,230.3802685,-2806.583736,-86.724751,-92.966402,1.7674961000000002,-91.542311
48,0.0460485,-0.6869,1.11497,3.20553,1.3923,1.51006,-242.44766396740297,-146.06012000813485,62.558969819154065,-108.87000248398824,55.814110654874014,6.301389830848794,227.7339015,-2952.5641,-109.79207,-103.865,-14.032002,-94.798422
49,0.183488,-0.580673,1.19242,3.14673,1.84835,1.44376,-219.93958994348372,-146.5408315982496,61.15980688344459,-66.56680959609417,35.626229222337024,-23.378511506282006,134.41434199999998,-3099.601827,-39.960482,-77.027557,-13.95499,-88.19936299999999
50,-0.0713696,-0.897296,1.09164,3.60346,1.42676,1.43629,-253.83978380798914,-147.02268910395463,38.80041540736178,-83.32296031469511,39.97136925327065,5.129542170779526,259.5266796,-2714.183204,-133.88801,-101.31351,12.84549,-93.395909
51,-0.231294,-0.663053,1.13259,2.89088,1.29124,1.52992,-282.5380938505018,-142.07634445859023,51.55021603928994,-106.50196791671256,114.08334546188361,-3.1047207819431,503.440784,-2877.5828469999997,-89.587408,-111.34017,-32.528293,-97.46551600000001
52,-0.15859,-0.57144,1.10455,2.93044,1.25769,1.41491,-271.0737813277292,-142.5593478798855,66.46940677092194,-121.51518102252551,94.57126774870342,2.369014325105366,463.69561,-2989.5494599999997,-117.09343,-112.13913000000001,-23.858512,-95.34962800000001
53,-0.0338275,-0.509566,1.04604,3.25597,1.30489,1.60209,-241.83918278897403,-144.70622073824072,82.20970331875591,-135.4151371323993,58.07786690343589,7.848948835497147,364.4867875,-3091.8107339999997,-176.46754,-109.02575,-15.818461000000001,-97.709722
54,0.0629079,-0.63505,0.997523,3.17153,1.43416,1.70649,-242.5599636952486,-157.12393503211104,84.80119142613262,-116.07265492657783,68.74748696436208,2.781796039029416,233.3584721,-3005.82445,-227.770743,-102.101135,-27.257987,-96.078013
55,-0.0187323,-0.81509,1.00486,3.34309,1.65382,1.60438,-253.20551952877932,-163.47975585349727,71.5566990338885,-82.87032365654176,63.60118004849703,-1.4001255048052903,245.4162523,-2810.24521,-223.44576,-88.713037,-12.062636,-89.994589
56,-0.0146133,-0.787255,1.11338,3.09708,1.4711,1.70284,-258.73628112517713,-148.5037850043678,54.92149970583971,-92.1264568368802,88.83023064149258,0.3243325002163197,256.2622433,-2835.261345,-112.47397000000001,-99.90900900000001,-31.432911,-95.031742
57,-0.124599,-0.492546,1.02957,2.83057,1.40148,1.66793,-277.12192381313014,-151.23965847611748,84.33480378089612,-123.79612600494131,120.25180908426206,-2.4985830008962506,463.91312899999997,-3072.336954,-194.55618,-105.83292999999999,-44.327434,-97.806234
58,0.100771,-0.481948,0.854078,3.02397,1.35997,1.61005,-222.74536426623936,-159.8557977992948,108.6293602100333,-143.88517221781825,52.80757192070453,10.649967608553203,251.55642899999998,-3162.692552,-369.467468,-106.88148000000001,-29.77467,-97.208624
59,-0.312214,-0.562697,1.09113,3.54595,1.3616,1.5363,-278.96455608227086,-147.38307955709192,69.80574001196872,-113.9085933343687,73.6382547035988,-1.5516441937276362,603.916954,-2946.232403,-132.32559,-104.71067000000001,4.1259213,-95.436861
60,-0.147474,-0.682996,0.815498,3.19648,1.59373,1.45027,-263.8063846542898,-178.79319884395878,102.86826957999287,-102.70784139735623,73.70299893444857,-0.35928521755048043,412.735134,-2889.952004,-411.222458,-91.953508,-11.5895256,-91.358883
61,0.0443182,-0.89271,0.890107,3.19273,1.43495,1.65367,-253.19348741508156,-170.04184148113058,74.43294716544524,-92.45418869569502,75.07294102260637,1.6285064819444364,162.4365018,-2757.31189,-335.751497,-101.76111999999999,-23.074079,-95.40851
62,-0.191644,-0.575171,0.976158,3.75552,1.70064,1.67893,-259.7022879677677,-163.45683754169204,93.20304453393102,-101.90512752637797,50.73312092765387,-0.7267740448116441,485.558514,-2976.520629,-251.844528,-87.619563,7.4072792,-88.50880799999999
63,0.158279,-0.744025,1.02294,2.79882,1.59381,1.69084,-246.2927837305259,-160.51985588385145,73.57866709290518,-91.8159137119193,92.75212674916305,-0.4264943128349163,112.004641,-2933.1463750000003,-204.93244,-91.27318700000001,-48.167767999999995,-91.19255899999999
64,0.0947574,-0.578654,0.959257,3.21215,1.47456,1.6472,-231.21711822504372,-159.53322256063618,93.63620062704992,-121.11525648152418,51.708868052761666,3.911113041966123,222.2102126,-3070.7112460000003,-266.498727,-99.21443099999999,-21.694637,-94.334249
65,-0.249907,-0.590521,1.05015,3.38716,1.22252,1.39826,-270.831993138184,-147.80019283194716,71.81796778846817,-125.03142301124338,67.41478713288778,3.2885199130431166,535.674427,-2940.830779,-171.17045,-112.88512,3.3525539999999996,-95.05610399999999
66,-0.155809,-0.769215,1.02768,3.69056,1.3482,1.51542,-258.3140112301657,-155.4148019292358,65.51428612643885,-105.80353236444807,44.086409433679734,4.6255684941824535,383.374709,-2805.1590850000002,-196.4459,-105.01389,13.691365,-95.484379
67,0.133872,-0.460495,1.02665,3.12054,1.83959,1.46128,-208.25927233194676,-157.74330240864748,92.59742814447773,-79.88750537509068,27.60820054149677,-32.16086588582677,223.208708,-3195.951305,-205.20617,-77.327279,-16.457986000000002,-88.010097
68,-0.274289,-0.64827,1.11448,3.50007,1.85296,1.46297,-272.45002595163345,-155.58611630997993,69.66651126775193,-77.48509334010714,65.83285066053159,-1.184126145618921,537.9804489999999,-2878.1596299999997,-116.57038,-78.402442,5.2537415,-87.77063
69,-0.084383,-0.546967,1.13446,3.36576,1.73762,1.72176,-253.77217478816374,-148.5352976831,77.52233559679064,-99.04549517088002,69.63385267342947,-1.3829940667308784,399.656753,-3038.9455329999996,-95.05018100000001,-83.832882,-17.259235,-87.220747
70,-0.213505,-0.436712,0.975721,3.77,1.56689,1.58915,-255.28363745171882,-155.12946894726065,98.85126247833067,-124.00124489559815,40.302710746194805,0.03566266933810734,551.004675,-3098.408188,-250.487891,-94.002256,13.360710000000001,-91.873727
71,0.351303,-0.500177,1.10707,3.41508,1.68054,1.74369,-198.97048055728587,-152.43714026794092,66.8406834221667,-69.28091067162887,14.369151248306402,-22.770889764545768,5.4502411,-3233.439823,-123.16534999999999,-87.351032,-15.772686,-88.862094
72,0.348681,-0.737729,1.13715,3.40949,1.66698,1.66132,-220.27133250686447,-148.07349370022456,43.43386780080524,-64.84335254834065,30.40669830025425,-7.694651301268417,-75.530865,-3009.035571,-93.325783,-88.20931900000001,-11.519723800000001,-89.601862
73,0.220337,-0.502545,0.831392,3.42543,1.55025,1.45454,-204.63416836215404,-170.1254933192197,107.63585139327645,-151.91632163216698,2.0108641369470397,34.00642023972267,123.020813,-3186.933555,-396.013822,-94.587327,1.328486,-91.999658
74,0.236392,-0.467457,1.13651,3.4883,1.5097,1.60988,-199.04668394403825,-135.24210387826977,62.570428975056686,-175.25346558564055,3.550430380353318,66.63499157371474,120.72471800000001,-3225.772043,-90.395673,-96.835967,-3.8499896000000002,-93.241995
75,0.0775192,-0.577199,0.969278,2.94787,1.62596,1.40777,-233.91460352451963,-161.84969092635006,95.29663231733905,-109.69678058236202,55.711780392663655,-2.770806708518807,239.14845079999998,-3066.242701,-258.81375799999995,-89.78017299999999,-23.454525999999998,-91.098402
76,0.160728,-0.640925,1.1163,3.33188,1.30037,1.56724,-226.68960572791994,-142.8750476250026,60.14624454385817,-122.54421322258047,37.896116119306804,17.363657868778137,135.305902,-3035.272075,-107.02418,-108.80799,-9.4426597,-97.114432
77,0.00827923,-0.87575,1.10718,3.19534,1.6669,1.55408,-254.0506322765973,-151.96445008695798,49.06552726492561,-71.24271816215682,70.05211186387497,-1.7429433423659155,200.07184077,-2761.46265,-122.17129,-87.700636,-17.627437999999998,-89.947503
78,-0.284814,-0.693461,0.823516,3.21849,1.23392,1.64675,-282.9070786705661,-171.6833655641804,90.77026573580554,-118.75868107015113,101.81918385710833,-5.78641536458521,540.687744,-2830.867839,-398.004056,-113.75524,-19.769744000000003,-100.206187
79,0.0589769,-0.493526,0.991341,3.26035,1.55499,1.74364,-227.08380069096998,-154.0746536464248,96.34514508242844,-123.45292428565794,50.137359412276844,0.6027229525878695,285.43619309999997,-3138.323774,-235.53848100000002,-94.398466,-24.664175,-92.532992
80,-0.353021,-0.86287,1.02038,3.418,1.37714,1.47298,-279.4750614777324,-154.65276806171178,50.37794439045227,-86.63866707511717,77.92340605338222,-0.8063349642435101,541.014541,-2649.94683,-203.35101,-104.18365,0.3120391,-94.37210200000001
81,0.104195,-0.438244,1.06897,3.27722,1.5279,1.69317,-206.67790881738568,-144.7520573618512,87.40643052059248,-128.21821426776103,25.96965583898164,4.6200967472389545,260.028825,-3207.124556,-157.34077000000002,-95.992572,-20.802989999999998,-93.17057799999999
82,-0.224691,-0.661224,1.17491,3.2807,1.8391,1.73391,-277.6450342800846,-149.46864593136812,59.77496789261339,-74.92454495366749,98.37112384601105,4.444548208388822,494.823111,-2882.282876,-56.153040999999995,-77.233127,-22.267270999999997,-83.97867699999999
83,-0.252988,-0.670981,1.09011,3.59515,1.85339,1.48618,-268.45307237280076,-157.87852044829833,71.03530744031947,-75.9455557445906,57.86014294128618,-2.1440940130488104,509.114098,-2863.983119,-140.79680000000002,-78.914732,9.399297999999998,-87.397354
84,0.20929,-0.418248,0.865923,3.2139,1.61323,1.5898,-192.67482030438836,-167.31456237630786,109.63203635151224,-108.02030607380924,9.883808444904266,-13.966075439431869,168.22186,-3262.158652,-362.154713,-90.806854,-18.595806000000003,-91.025911
85,0.0977333,-0.804486,0.93898,3.16963,1.67822,1.71619,-247.39916523292354,-170.3277474209009,80.57906543381358,-83.85523810637163,74.1550626348068,-1.6222669715554616,143.3535567,-2857.901414,-290.85488000000004,-86.52515,-28.34062,-88.766216
86,-0.231447,-0.596729,1.13272,2.90749,1.48252,1.46573,-282.63606963346916,-146.2543527006842,63.75874344215801,-102.74451069624462,109.95346567458063,-0.6643789409218973,525.246647,-2940.428171,-92.48119000000001,-98.64950999999999,-28.831012,-93.11434799999999
87,0.117216,-0.603654,1.03828,3.41701,1.26282,1.59204,-226.76523615687722,-148.43560302674723,74.68905929986872,-136.57766849871973,35.284517193321,20.5234055173656,187.782974,-3055.285846,-184.56154999999998,-110.52016,-5.7257709000000006,-98.18602899999999
88,0.0508939,-0.778687,0.709455,3.1526,1.22806,1.71869,-251.45112276008874,-182.35928816085303,100.67212235125643,-118.28198018460228,79.84567945604613,3.383143892908972,196.9703661,-2865.531513,-512.524645,-115.33606,-27.270947,-102.31406
89,0.0811414,-0.514657,1.1436,3.76985,1.34255,1.55264,-217.07881167239555,-125.73787997263967,45.34502582224361,-193.54055953283105,10.570326475030019,86.16368506295372,245.9253086,-3126.997743,-80.322415,-104.75096,16.096153,-96.27588899999999
90,-0.00982344,-0.502384,1.0195,3.80379,1.33018,1.4985,-225.11855545367123,-140.44799840482844,75.66366050938626,-193.97428858374508,11.035281725778681,69.91173720406793,334.93527344,-3106.478116,-204.01399,-105.41826,21.179962,-95.78802999999999
91,0.305763,-0.716986,1.14972,3.57545,1.55391,1.49155,-219.2176631216189,-144.24040605079935,39.12998073112103,-80.05251722008836,9.7985523249888,4.64547877756325,-32.433368,-3014.1826140000003,-78.435867,-94.56141000000001,7.8187801,-91.964703
92,0.357312,-0.838837,1.13284,3.44513,1.72345,1.71899,-226.18998653056588,-144.56527312063855,27.373517028611186,-49.14322034194535,37.837044170628815,-8.28640211207953,-116.955772,-2916.059963,-98.469003,-85.194748,-12.589851,-87.82432100000001
93,-0.252747,-0.758858,0.783583,3.00508,1.65885,1.45778,-279.27853695400256,-184.5634567987213,95.28058949907538,-85.63255318686744,100.5638333279767,0.20228160365534686,489.000057,-2781.340342,-444.560903,-87.77225700000001,-23.038703,-90.408721
94,-0.298665,-0.786224,1.17346,2.80705,1.33401,1.43815,-285.87729188052424,-132.46268561409016,19.588338395712096,-81.55309368553598,117.15325332819455,-2.216767979783204,524.576305,-2738.430576,-49.734215999999996,-108.08714,-32.54111,-95.087111
95,-0.0305218,-0.575727,1.15761,2.89814,1.65054,1.42089,-251.85734983683648,-145.37257065397787,70.81185390021844,-100.89901363812824,77.26335867339151,-2.143383545382848,341.82434179999996,-3029.849073,-70.619634,-88.157333,-27.060541999999998,-90.707416
96,-0.0850031,-0.651785,0.918292,3.09954,1.39212,1.71475,-264.6113903564486,-164.33289001044707,91.20800549128549,-117.13950234111142,95.17344639138591,-0.5533173748715337,369.5722531,-2938.717615,-305.39482200000003,-105.14282,-31.5519,-97.60440799999999
97,-0.114894,-0.401015,0.717833,3.34079,1.36202,1.62727,-245.3938129499657,-162.89992256482486,126.55892849306215,-157.56224774538612,57.706017294396,5.072636002567132,478.31530399999997,-3166.048785,-504.75136299999997,-105.38137,-12.695518999999999,-96.681345
98,0.15983,-0.736192,1.14467,3.46976,1.46013,1.41378,-230.13480095004158,-144.17336998876905,47.66040556814678,-99.0581002423729,22.946673216091906,12.272985154820287,98.853154,-2945.407708,-81.548029,-99.621034,6.426561100000001,-92.927435
99,0.213361,-0.498335,1.04936,3.50663,1.85297,1.5055,-205.47068674304504,-150.8941649256536,62.09029034273705,-1.1144831256207695,15.063805279123013,-84.22364996864076,130.130939,-3187.7055649999998,-182.99972,-78.49325,3.1969081,-87.246361
100,0.201983,-0.751033,1.10469,2.99051,1.6344,1.41492,-233.50665757438645,-153.0164005988182,60.333028785070816,-82.82162224395563,53.29126289135397,-3.2918946344564373,61.410399,-2945.208667,-124.54858,-89.3643,-21.406768,-90.971296
101,-0.318837,-0.821362,0.822074,2.93512,1.63301,1.41653,-284.44031373033613,-179.97922147987958,82.0813607726466,-78.44594356254153,107.37744742767245,0.31613576599917814,530.3039570000001,-2700.0144379999997,-405.112104,-89.343623,-24.658448,-90.884684
102,0.069609,-0.815581,0.992293,3.29136,1.79109,1.71952,-248.24255910735613,-167.01891615402036,73.83936288968971,-73.39703947184871,68.48220750521652,-3.121880867907268,164.64355099999997,-2838.676319,-238.88392299999998,-80.261844,-21.133702,-85.640361
103,0.0212181,-0.608875,1.0647,3.02839,1.40616,1.61743,-248.07410951558768,-149.67491073761522,76.77519863194004,-116.70520033240226,77.43581896972589,3.1218751383293166,282.8244319,-3015.7592250000002,-159.92579999999998,-103.95739,-30.245373999999998,-96.065059
104,0.0305402,-0.891675,1.16576,3.15648,1.36535,1.5787,-253.71487900865063,-133.89049643955616,20.516988390060135,-78.91691487013907,73.61648230738382,3.2768659514901555,174.33312980000002,-2753.652825,-59.115733,-105.91798,-20.545761,-96.190187
105,-0.0792117,-0.746416,1.03995,3.46811,1.53124,1.49017,-252.97404457954647,-157.5800094370352,70.99290856347979,-96.22596986104124,49.63642241199396,1.055267937493999,321.56632169999995,-2853.854484,-186.75142,-95.72418599999999,1.7472452,-92.27752600000001
106,0.162549,-0.733554,0.807262,3.58757,1.40193,1.63488,-230.71062353414806,-176.95744206835963,94.06076235324186,-114.93189595647235,29.66070725099392,11.356882936185613,100.14491100000001,-2949.0230460000002,-417.773572,-102.38874799999999,0.7738935,-95.785266
107,-0.387058,-0.477439,1.12621,3.42164,1.44616,1.62943,-298.81467889457826,-145.60461856100585,66.32502140654896,-107.85644014440182,105.84593124128776,-3.9878664682018474,707.610528,-3001.062261,-98.109695,-100.496579,-8.6046738,-94.693625
108,0.0214642,-0.476,0.825105,3.06085,1.27286,1.57582,-233.90944690436345,-159.1023582986978,110.4771490993302,-151.01448606263108,60.50147837683927,11.328808004224204,327.05833579999995,-3140.9882,-396.879575,-111.92795,-25.206421000000002,-98.406644
109,0.31185,-0.594295,0.965516,3.65262,1.89121,1.65344,-210.19357784830842,-162.18945489886266,63.8309361243445,-6.3655038081239335,16.485485456181124,-65.4873571100677,4.9219565,-3131.235505,-267.30589599999996,-77.771935,3.5044668999999997,-84.278333
110,-0.124832,-0.720029,0.721958,2.81752,1.22527,1.56635,-272.52393750720523,-181.1428987617903,101.57510383638261,-120.49932685175857,110.63643136637658,-0.8584340165547558,385.491102,-2858.7344709999998,-499.433988,-116.75572,-38.143506,-100.167729
111,-0.165692,-0.545869,1.11007,3.32388,1.54809,1.42358,-259.4467487911394,-147.3063032125444,76.35865831487995,-110.5235586807358,60.535282886752,0.4464051691735075,473.14219199999997,-3012.751131,-116.40512,-94.731398,-2.7108607,-91.910483
112,-0.247213,-0.658176,1.16169,2.83797,1.28066,1.48173,-284.474691198044,-138.19742018555456,44.61186902759421,-104.14997616770053,116.31558903171329,-3.0237962229588224,520.003273,-2876.215024,-60.478601,-111.77932,-32.886656,-96.752403
113,-0.0192421,-0.521359,1.08875,2.79984,1.62568,1.65334,-259.11844397452944,-150.21463698062846,81.97421766495714,-108.70957430135162,103.40627694962072,-0.3866880700182023,354.7305221,-3081.5565410000004,-139.13918,-89.031324,-45.94523,-90.247003
114,0.194982,-0.438714,0.748202,3.61734,1.88247,1.43169,-199.40936622835608,-171.17286016871884,95.12818272557058,32.03195038192234,23.073239593036305,-129.99552934825684,166.03225799999998,-3236.484886,-484.107762,-77.14306499999999,13.710516,-87.832823
115,-0.180083,-0.78034,1.10487,2.89206,1.74305,1.49303,-274.8736374250368,-154.6768322891073,57.86759139262289,-73.31396059155475,104.66277339434261,0.03087761231207227,414.351353,-2784.70876,-124.95659,-82.139252,-31.431569,-88.71450300000001
116,-0.26136,-0.431143,1.08043,2.89377,1.90667,1.69132,-299.51827106699886,-158.01545736133463,80.8878896853891,-74.49883731188528,137.76139930346,16.874008137059338,613.57402,-3082.8211570000003,-151.12225,-68.774389,-41.273384,-80.904667
117,-0.126768,-0.553768,0.928257,3.24743,1.67833,1.50935,-258.2418185479793,-165.82888281353365,101.74527230153646,-109.32894167788804,68.70737991870293,-1.7896107547793212,436.937718,-3018.336532,-299.995077,-87.17164199999999,-12.042269000000001,-90.00739399999999
118,0.0803937,-0.835012,0.740633,3.18836,1.31734,1.6266,-248.2396943183805,-181.84706389200608,93.73016570545137,-107.40609531742899,69.32789321082961,4.849801256884853,148.6823963,-2824.022788,-482.913613,-108.81422,-21.043746000000002,-97.930922
119,-0.308433,-0.459658,0.991225,3.01334,1.68831,1.58088,-299.4374840178854,-162.79277945713542,90.56686571853409,-99.40072900386113,127.07802825545068,4.16752884402102,645.508633,-3043.229942,-236.58738499999998,-85.615583,-29.491621000000002,-89.17363999999999
120,-0.150125,-0.428389,1.0841,2.92038,1.24844,1.57601,-277.03941789063134,-140.19761584835626,75.38692189433806,-134.33453873078255,109.58619972790177,-2.5081972326985453,507.539325,-3125.782711,-137.33673000000002,-114.43808999999999,-32.972803,-99.350583
121,-0.0805601,-0.794217,0.926325,2.96025,1.43693,1.54767,-264.98381292328366,-166.86421754933502,79.4789864671624,-100.18281639421471,94.06248122662724,0.80226123432013,316.3218001,-2806.251283,-298.538515,-101.787833,-30.323837,-94.623779
122,-0.395652,-0.575107,0.763111,3.27628,1.2805,1.66862,-297.82861852915806,-177.6318133932286,100.61425361394822,-121.0946300008995,114.21913645932962,-9.99857189126897,685.6257720000001,-2905.2109929999997,-458.00382099999996,-110.64209,-18.0805,-99.364716
123,0.0216599,-0.811433,1.16393,2.90722,1.4926,1.60437,-257.55255032043686,-142.3840227945755,41.99494159411369,-83.99045614602251,92.88906366219933,0.770737096432032,215.0893401,-2824.6481670000003,-62.056796,-98.479424,-36.780921000000006,-93.939614
124,0.110728,-0.54983,0.969707,3.21833,1.79589,1.59791,-225.13689010311543,-164.9597058383202,97.30484938927258,-93.55254878896082,43.71112207786904,-12.844224076565718,216.27048200000002,-3103.35997,-261.052027,-79.91816899999999,-18.459571,-86.941466
125,0.337241,-0.789137,1.09462,3.18439,1.48834,1.43029,-224.17833171186157,-149.12830900106042,45.11166011228683,-84.48377280763015,33.9185285139496,6.793675168425197,-81.898798,-2956.484263,-132.8902,-98.146857,-10.9953927,-92.707667
126,0.246367,-0.706339,1.07364,3.7708,1.81463,1.6865,-222.2703822540759,-153.76468347925902,48.81909811723985,-31.277422261514563,16.379545559861434,-34.29249806683149,26.714963,-3002.872961,-158.15217,-82.489893,8.1316007,-85.624254
127,0.171545,-0.582398,0.958069,3.44667,1.57247,1.59831,-218.39890643237695,-164.0859452007457,91.22290239395889,-106.90361133109926,22.44195469436116,-0.24751604862313026,144.04825499999998,-3094.969302,-269.427999,-93.45020099999999,-5.7332499,-91.794578
128,0.137473,-0.885262,1.07797,3.42054,1.31877,1.44651,-240.17989701427518,-145.59946194084966,38.22098318914598,-95.15568469973685,38.734754444039794,13.80140736911127,69.443706,-2797.927238,-146.18625,-107.43005000000001,2.135884,-94.93906100000001
129,-0.243282,-0.511295,1.12214,3.56254,1.3502,1.62899,-271.3035374035766,-141.97206613987643,69.78052986898297,-120.04611723581009,70.35577949529431,-1.1155774750094694,557.4687220000001,-3018.890405,-100.789541,-105.13362,-0.07760960000000017,-96.802901
130,-0.149608,-0.847212,1.14422,2.89959,1.55668,1.49062,-271.5797030608297,-144.8975886418144,39.58588324870663,-75.49406500202753,100.78213024792154,-0.0027215495268714104,362.420118,-2733.097788,-82.62911,-94.064901,-30.911089,-91.99770400000001
131,-0.240221,-0.756132,1.02882,3.78422,1.37666,1.57321,-265.74584679080766,-156.19058678384292,65.812797137702,-101.39347621532613,49.11348383237806,0.9997368679899196,466.82989100000003,-2788.365068,-195.57148,-103.148302,15.620757,-95.70563700000001
132,0.22277,-0.431825,0.771059,3.10103,1.61339,1.62124,-196.51707527853569,-174.7750458267063,120.5073482608904,-119.165481104694,21.81135734504018,-6.245125375366947,153.80161,-3252.916675,-457.01419899999996,-90.534804,-26.858439,-90.853038
133,0.298731,-0.783576,1.037,3.45159,1.80296,1.68005,-226.23238540740556,-160.9300936651651,58.15005958562238,-55.462314568663686,36.22428256889458,-13.756945844209119,-43.148204,-2948.1872240000002,-194.85097000000002,-80.810332,-9.7528469,-86.010048
134,0.218641,-0.885774,0.995204,3.43926,1.75494,1.66659,-236.6224020643079,-163.72956545217428,57.35651303936619,-59.446663076003425,45.607325900854505,-6.935596814279102,-2.9447752,-2825.375826,-235.454374,-83.38761600000001,-9.9006821,-87.283541
135,-0.172569,-0.861623,1.14,2.9734,1.34669,1.52185,-272.7846333039898,-138.66266191520077,29.229842989055538,-83.41979018207222,99.57089746901498,-0.0418180695227568,378.370029,-2711.3884770000004,-83.532798,-107.36869,-27.743862,-95.987335
136,-0.0455659,-0.710645,1.02376,2.89796,1.44912,1.69976,-264.9849588388739,-157.22191081507842,73.86514599047061,-103.69733950954718,106.25846085378195,-0.3524005566841885,314.4741759,-2894.911955,-201.57283,-102.175393,-42.546855,-96.317613
137,0.0860803,-0.847913,1.10289,3.57763,1.50013,1.5243,-241.33899063382484,-148.68312079424373,44.725142783691574,-82.65947518793361,33.78170619247236,3.74309889812196,128.8686797,-2815.053487,-124.30768,-97.417149,6.0612941,-92.95118099999999
138,-0.084609,-0.763905,0.999822,2.86398,1.85113,1.54713,-267.12209141471186,-167.21773250893077,76.84395356735575,-73.8519679611826,101.773920191293,-1.2472087988628247,331.341239,-2832.1036950000002,-231.603892,-74.460194,-35.709396,-85.722827
139,0.304985,-0.562575,0.930326,3.28643,1.42589,1.4746,-207.58604692266806,-162.53895915389245,88.80960416086786,-137.75796155668922,15.894708673621734,29.23866653910055,25.565852000000003,-3159.5906250000003,-295.09750599999995,-101.591326,-7.4624626,-93.81715799999999
140,-0.203143,-0.611639,0.850584,2.92456,1.74494,1.56387,-280.5940480516229,-178.19216611686656,101.81918385710833,-93.08788001710971,112.40629799553568,1.8486024893659907,495.254393,-2935.594961,-378.28109400000005,-81.624988,-33.538508,-87.896391
141,-0.0113074,-0.803757,1.12943,2.93221,1.4264,1.46069,-257.2798224099546,-145.4516388297059,49.08609644977081,-91.79528723129458,83.11784142403826,2.6590570201564914,246.0781774,-2821.377543,-95.744872,-102.121794,-26.956,-93.885589
142,-0.397738,-0.449614,0.844376,3.63931,1.67586,1.63626,-296.0140611919787,-174.8168717457509,107.48745532433756,-107.39635503491176,91.06190125352713,2.93676393387845,724.296548,-3023.335986,-383.018466,-88.446241,3.1424025999999996,-89.363045
143,-0.234195,-0.402902,0.968057,3.49196,1.54694,1.68548,-276.114091051495,-154.68714552941967,99.8573763665804,-126.46209862568504,82.5609264471711,-0.3483021895756177,588.713165,-3123.172998,-257.854787,-94.936435,-8.046471499999999,-92.55116699999999
144,0.313859,-0.544047,0.902634,2.99515,1.80675,1.45027,-207.87367173582373,-173.83940574725767,96.25461775079778,-76.6703473554311,32.17158019659573,-24.239838959702173,27.507883,-3178.6266530000003,-329.32775399999997,-78.802582,-23.121706,-88.542354
145,0.138919,-0.738074,0.873598,3.35017,1.54094,1.61979,-235.56586789008665,-173.55579163866793,90.69406234905314,-99.43739830274951,46.38872574185392,1.1834958920442773,123.243681,-2936.6073260000003,-353.744638,-95.188135,-12.454269,-92.522189
146,0.173673,-0.669966,0.97057,2.79865,1.40931,1.46315,-235.71025325445964,-160.68715956002964,83.91883642163116,-112.52948392148882,69.61437210839503,6.340465552476716,119.44090700000001,-3010.243234,-254.67323000000002,-103.51163,-34.713868999999995,-94.506112
147,0.154696,-0.677951,0.81818,3.47644,1.37473,1.5182,-227.57425256360193,-173.8336761693064,97.3816257338201,-127.44873194890033,27.007912659538206,17.74415914052452,125.884204,-2998.343849,-406.53823,-104.16631,1.1542685000000001,-95.089979
148,0.0114813,-0.686794,0.87176,2.84537,1.28758,1.67878,-258.840559443891,-167.48816858823253,91.87893906938369,-120.26613302914032,102.15665599844039,1.376851959167076,269.3549687,-2936.1789059999996,-351.08833,-114.16675000000001,-43.103969,-101.589584
149,0.30321,-0.406678,0.96063,3.09022,1.34749,1.52166,-188.41430613979557,-148.48946105948954,88.7339737319106,-176.95801502615475,15.352060345853332,56.37102563174117,84.03413699999999,-3304.958422,-263.29749999999996,-106.70317,-20.97293,-95.81656199999999
150,-0.0488077,-0.473108,1.04155,3.61582,1.49142,1.44525,-226.67241699406603,-148.03797031692648,88.2154469273172,-138.68787205818654,12.827780187845462,15.946274875183505,383.2804977,-3121.3471919999997,-183.88379,-97.786504,12.97387,-92.785197
151,-0.0587564,-0.848305,1.0002,3.80589,1.29799,1.69963,-252.3392073425415,-157.2345158865713,61.05209081796001,-102.27124755746655,42.0506330918004,4.069490035696186,265.3522364,-2764.326495,-223.91971,-106.38352,10.195986,-99.147835
152,-0.27254,-0.498698,0.856593,3.20689,1.53986,1.58209,-286.8432987231148,-170.2968076999638,105.75425799406683,-117.28560657886976,103.69562063616178,-0.5992680170832306,595.3042,-3019.124202,-369.38942299999997,-95.247763,-18.488423,-92.494028
153,0.196007,-0.414979,1.17938,2.88523,1.23605,1.41479,-197.17368491175557,-126.41225129750867,57.314114162526515,-150.7434770255342,29.752781568671438,40.88558071118139,184.06147299999998,-3259.184021,-42.716237,-113.57373999999999,-26.295454,-95.750371
154,0.318306,-0.45024,0.719859,3.23145,1.35005,1.47301,-193.9765804149256,-168.2089494945071,110.3505254266063,-198.72926532553578,12.956409212852332,75.03970947048879,52.631633,-3269.5384599999998,-504.088759,-105.94369999999999,-10.2341474,-94.91220200000001
155,0.222712,-0.588604,0.736819,3.2758,1.50725,1.55681,-216.4090240098876,-182.96547750810143,112.55641293785996,-117.2804499587136,28.08129179293629,6.254063516970988,96.034234,-3106.257196,-489.958249,-97.074347,-13.05126,-93.058861
156,0.0814615,-0.482234,0.981663,3.0043,1.78249,1.63103,-227.5587827031334,-159.4707701609669,101.43988579673173,-108.0346300186875,59.742309298290934,-8.845265145450135,269.8334185,-3155.209466,-248.81552299999998,-79.222095,-32.640919000000004,-86.434843
157,-0.249402,-0.756405,1.01376,3.06677,1.74441,1.409,-276.841174493516,-164.29392888037816,72.95013239164668,-78.73929795364852,91.84914526403688,-0.4675845540705184,484.693512,-2785.766795,-215.32113999999999,-82.94632200000001,-16.656368,-89.698828
158,0.177458,-0.724747,1.13601,3.09113,1.60761,1.63197,-236.10731300648527,-149.1993557676566,59.05819769090473,-87.49352010545236,62.48219347460653,-1.2527034641181292,94.829337,-2961.221753,-92.482928,-90.918586,-28.108786000000002,-90.95681599999999
159,0.366168,-0.58797,1.0189,3.24583,1.22771,1.74395,-210.48062970366894,-151.0723547999393,70.11112651677345,-131.44052890757678,38.627554040570814,24.18048053212662,-36.690553,-3154.87833,-204.03598,-114.58679,-23.342654000000003,-102.545
160,-0.109018,-0.43729,0.749643,3.06964,1.78095,1.49786,-255.9900944131151,-176.37474399071158,127.84865648990164,-119.11964448108354,76.30308140875225,-3.891884578361533,462.709348,-3133.10161,-479.794033,-80.41593400000001,-21.48778,-88.316677
161,-0.251177,-0.535149,0.890356,2.79981,1.70909,1.70676,-294.4802531744135,-174.05655675161225,95.79052193674181,-89.73092029543822,141.37790890632576,6.718273922585981,570.086297,-2988.398651,-338.039906,-82.064138,-48.804963,-86.693476
162,-0.390655,-0.456828,0.78835,3.46189,1.32521,1.71928,-301.6227450485144,-173.50594431049154,106.68416849556415,-127.4504508222857,110.61408601236647,-9.680465723412336,719.5908850000001,-3018.3440720000003,-434.07133,-107.1535,-10.6684251,-98.712256
163,0.140556,-0.464974,0.837942,3.3661,1.33008,1.68551,-207.6462074911568,-158.89208278788476,108.51763343998279,-163.3932392264325,24.722956972556485,28.078999961755766,215.409504,-3194.327726,-385.221702,-107.23123,-14.293371,-98.26826399999999
164,-0.221618,-0.843544,0.926341,3.69394,1.60276,1.55727,-265.6833943911384,-169.70838004436445,73.17473184733795,-81.52616466916484,53.22256525171779,-0.2495649456985181,420.94701799999996,-2712.946856,-301.402221,-92.21079399999999,10.788267,-91.10045600000001
165,0.285461,-0.445244,0.893335,3.79376,1.3433,1.46178,-197.31176774038212,-146.24747720714265,61.94418610497869,-253.8947877563217,28.829402786038603,152.6319459182854,76.154942,-3261.511556,-331.756825,-105.00243,22.559158,-95.109451
166,-0.202266,-0.719918,1.1587,3.45004,1.47803,1.61111,-268.33733489818434,-143.74938122037224,51.93530097339737,-93.48780455811104,72.92778703763656,-0.10831652525389186,449.077646,-2836.8426820000004,-66.47497899999999,-98.63663,-6.06626,-93.820189
167,0.0139126,-0.7106,0.950918,3.51938,1.2343,1.62318,-243.74655928896453,-159.05365688611164,80.1017915904696,-125.98940844470211,46.69726351453187,10.261215744556939,247.1200574,-2918.9318000000003,-271.489638,-111.49783,-1.39128456,-99.369304
168,0.0955758,-0.553154,0.960059,3.73014,1.39027,1.63199,-220.30112631221127,-155.3036481169804,89.6782081782862,-156.53264258753603,12.845656471053545,35.6064048826255,220.87314419999998,-3095.8366459999997,-264.705949,-102.437944,9.180877,-96.062858
169,0.17918,-0.667804,1.09412,2.97752,1.44875,1.51286,-232.05191773254933,-149.63766848093172,67.39473361005822,-105.868849553093,58.41533904476795,5.363366246972415,113.08928,-3015.049796,-131.8599,-100.886845,-27.41654,-94.07291500000001
170,0.110325,-0.808999,0.821764,2.81826,1.31815,1.54206,-250.015863483286,-174.51377707212666,87.91292521148813,-107.1310755757662,87.46888292026173,5.247496992063109,132.899585,-2856.3669010000003,-402.13861399999996,-110.23128,-37.491048000000006,-97.53873
171,-0.230185,-0.707359,1.08891,2.92831,1.23092,1.44686,-279.12727609608805,-145.5868568693568,54.83779057197109,-108.89463966917887,104.08179419007996,-0.7412011220930382,485.482185,-2836.508641,-132.66011,-114.12261,-25.539538,-96.402501
172,0.196124,-0.634724,0.961873,3.05117,1.37856,1.58537,-227.89740076005572,-159.87355949094388,85.99924617575117,-119.60780452253499,54.71764132233216,8.834264355783624,108.929356,-3051.716476,-262.611783,-105.41723,-26.941253,-96.26916899999999
173,0.317644,-0.477944,0.817718,3.22939,1.73798,1.56272,-197.8205542624583,-179.0647808388508,102.53480814322674,-64.95450636059603,15.451755002206092,-36.67520035366253,45.910098,-3242.523956,-412.945718,-83.548874,-16.042778,-88.569165
174,-0.326005,-0.668279,1.17062,3.71482,1.6686,1.48926,-274.3694345653216,-146.26352002540628,53.6456945834219,-81.77310947886623,56.80893727455966,-0.08293564084518666,577.112695,-2841.873121,-57.251909,-88.859356,15.819495000000002,-90.060748
175,-0.228207,-0.760998,0.924211,3.27242,1.43297,1.601,-274.4066768220052,-166.91807558207734,80.41462654661103,-101.32013761754939,88.52484413668785,-0.8851796864314627,462.663407,-2788.245302,-300.23040100000003,-101.489995,-15.476923,-94.837942
176,0.300746,-0.642576,1.18591,3.47714,1.67168,1.74009,-215.9707112966125,-144.30400436605888,48.33861571024313,-71.88729568167899,26.832587574228175,-9.013943920336649,2.6148203,-3082.3609239999996,-43.968602,-88.103054,-12.11064,-89.12614699999999
177,0.238965,-0.705167,0.957766,3.1302,1.6662,1.65463,-229.1865557991001,-168.0101331395967,83.87471867140607,-89.17343236077593,54.785651412614186,-3.981689983170338,44.403301,-3000.232833,-271.827136,-87.259544,-27.0645,-89.417725
178,0.291355,-0.633144,0.992144,2.89686,1.88557,1.50928,-221.59314614023128,-167.85027791475517,84.90317791366591,-75.46942781683691,54.72039151974879,-17.400155280327972,20.092036,-3084.936756,-241.051304,-72.94451600000001,-31.670233,-86.129774
179,0.0611835,-0.878311,1.0936,3.33468,1.86688,1.54542,-247.79164132258813,-155.83019633070563,49.563141109996735,-53.63790235740812,56.42350856577516,-8.132161873630313,146.9761365,-2776.806089,-139.15001,-76.76924100000001,-8.702009199999999,-86.41888800000001
180,0.227314,-0.830577,1.05265,3.03607,1.63859,1.39901,-235.0421844653371,-157.64647254127036,57.7415406776941,-75.1422689158172,51.31375635723945,-3.5538165609225416,9.3036377,-2879.3867229999996,-177.00354,-89.246634,-17.914741,-91.006845
181,0.255281,-0.663477,0.961364,3.62078,1.31026,1.45464,-218.5879825047701,-152.74653747731156,68.23125199094922,-170.46697616511767,13.676559865552264,67.48468798389375,31.933384,-3046.396023,-262.85650400000003,-107.21305,13.237733,-95.280368
182,0.22072,-0.437244,0.978454,3.09771,1.39484,1.46383,-196.40935921305106,-149.23659802434014,91.66064214943884,-161.18907058856422,16.222784307113642,38.02405759495952,150.42126,-3248.0665559999998,-245.968534,-103.63463,-17.508373,-94.259322
183,-0.374715,-0.843922,1.06364,3.43749,1.36958,1.63299,-283.69718747005146,-149.2898830992873,42.74878216516731,-84.4866375966058,89.92916369255349,-3.44344197126854,570.136655,-2660.267578,-159.87304,-104.65449,-7.5321288,-96.437082
184,0.351719,-0.505867,1.06077,3.55368,1.43535,1.62164,-199.04496507065286,-136.88076317234393,52.325829006558536,-200.34386039221442,7.348355609891348,101.85528019820157,-1.28836719,-3228.881633,-165.46964,-100.670521,-0.5468706799999999,-94.907473
185,-0.276687,-0.854935,1.09224,3.69253,1.44701,1.52947,-270.0246956048446,-148.4928988062603,42.97527238158253,-81.77368243666135,56.05526859084458,0.30446289683897787,467.607167,-2683.0657650000003,-133.25438,-100.05656900000001,12.559835999999999,-93.89199500000001
186,0.293857,-0.829102,1.12732,3.20099,1.87289,1.73886,-233.1296513451904,-152.14550475021932,44.557667220174835,-52.50046654251441,60.66305247506617,-9.030387809056904,-50.510202,-2901.6788979999997,-106.12053999999999,-74.368279,-26.855781999999998,-82.730065
187,0.0458332,-0.545692,1.15348,2.91212,1.22176,1.45034,-239.11820621989776,-134.8135314475119,60.47454936046813,-126.78009020198266,67.56776686418773,13.048483530529856,279.38710679999997,-3083.618308,-68.48218,-114.78128,-26.613394,-96.817229
188,-0.153789,-0.884173,0.833542,2.82922,1.6738,1.56342,-274.0972796126345,-179.12837915411032,78.35541623091086,-73.18676396103571,111.49472214348255,0.35793532898515223,356.718349,-2695.596527,-394.557142,-86.01250800000001,-39.109584,-89.36275599999999
189,0.17056,-0.606402,0.833567,3.24779,1.44097,1.59632,-223.91534408389649,-171.82202135060206,103.52430625541767,-123.31656033041683,39.77203723634464,8.12391128138043,139.73895000000002,-3070.786298,-392.169177,-101.065322,-16.613955,-94.76689400000001
190,-0.335693,-0.665908,1.03163,3.69822,1.45046,1.74042,-280.8736514556468,-156.91767022586393,72.31243036566606,-101.37514156588195,78.5232928648842,-2.515714438970662,591.844393,-2841.279892,-193.28402,-99.64689800000001,0.8736117000000001,-95.354139
191,-0.202819,-0.802526,0.763871,2.89842,1.63014,1.41737,-275.32455520980477,-185.85776845792182,94.02924967450966,-84.81322353983037,100.41772909021834,-0.25778860893203076,428.001869,-2756.910574,-464.08721099999997,-89.429637,-26.831196000000002,-90.928753
192,-0.333938,-0.828855,1.08454,3.82877,1.40079,1.66474,-274.8684808048806,-149.1729997090806,45.22418902325052,-84.67915141576975,60.713472761037686,-2.0254688311449245,530.692508,-2687.8738449999996,-140.22823,-101.68970900000001,12.834143,-96.112237
193,-0.284426,-0.617874,1.10039,3.2235,1.64011,1.55276,-282.92369444662484,-153.20146596664543,70.3723952713531,-93.18929354684788,97.11290852790374,0.7727539078708926,564.469586,-2903.716626,-127.22028,-89.280466,-15.939195,-90.42358
194,0.184541,-0.486193,1.10887,3.20505,1.70518,1.44701,-205.9588467844965,-150.59049729423427,76.1478098462718,-78.233376220548,16.958691299179673,-25.839709011045972,165.549809,-3189.938507,-121.0924,-85.567439,-10.951613700000001,-90.01236800000001
195,-0.0961004,-0.430518,0.87016,3.3241,1.24972,1.71926,-250.07430517838938,-153.12239779091738,105.97140899842141,-152.29447377695334,68.67586723997073,3.809636486870503,451.58758040000004,-3143.716082,-351.17675,-112.36392000000001,-17.794822,-101.065983
196,0.0544608,-0.838668,0.733804,3.14559,1.30006,1.50939,-249.40680934706197,-182.09343574391232,93.87054036525842,-108.71931458386884,66.54790198885486,6.793675168425197,170.6128592,-2811.925032,-489.464374,-109.45948,-16.92025,-96.336215
197,-0.314983,-0.771663,1.14417,3.74238,1.68824,1.56648,-273.40170884934565,-148.38804752975136,47.27400283111056,-72.40754135965778,58.67259709478169,0.3901647779190562,531.821043,-2747.907137,-84.422274,-88.16511799999999,12.987651999999999,-89.353284
198,-0.115705,-0.620678,1.10006,3.20186,1.72173,1.58733,-262.07089549283853,-153.77499671957136,76.70988144329515,-94.15472743164331,79.58441070146648,-1.1087191702017536,405.264595,-2958.620822,-129.25584,-84.312213,-19.036505000000002,-88.60153799999999
199,0.19236,-0.676562,0.887487,3.37707,1.80872,1.41981,-224.73467373093357,-175.9054915564994,86.93775104417546,-59.060489522085255,25.65882623512317,-26.157242221107474,90.952285,-3012.433838,-344.00941700000004,-80.215264,0.5480172999999997,-88.955783
200,0.375368,-0.751814,0.784588,2.83108,1.66401,1.49448,-224.7593109161242,-184.42823875907044,91.68126863006354,-81.26947957694622,58.337416784630165,-4.829180505838095,-97.60856199999999,-3002.0612859999997,-445.749028,-87.043951,-35.102503999999996,-90.190056
201,-0.111269,-0.530103,0.969028,3.05355,1.67331,1.46827,-260.00137193682605,-161.23318833878932,98.39117736884062,-111.2059514147366,79.19881010534343,-1.6833041654707483,432.837579,-3045.373197,-259.17981799999995,-87.030395,-20.817134,-90.24290500000001
202,0.189521,-0.898895,1.08246,3.3549,1.49616,1.56421,-238.84433239382523,-149.22914957300344,40.36304320202208,-76.9304701944205,46.32203345450069,3.0382347593961185,18.799666000000002,-2803.022205,-144.81619,-97.768879,-8.9005174,-93.260051
203,-0.332488,-0.833226,1.164,3.27357,1.70466,1.66463,-283.787141843887,-143.21251976633465,30.772188077768202,-59.800178035599146,101.38201705942352,2.512328258401439,536.991098,-2684.6500739999997,-64.504833,-85.446505,-19.370379,-88.380649
204,0.0214616,-0.702342,1.19474,3.35095,1.52836,1.64682,-245.58518085353936,-140.6662953247733,50.75265878846783,-92.89192845117498,57.93749224362885,0.9332393862870362,246.14934839999998,-2930.0765579999997,-31.756528,-95.916788,-13.939117,-92.880528
205,-0.375741,-0.496926,0.893733,3.38773,1.26041,1.40824,-290.7445683501606,-162.50630055956998,94.25041138343016,-128.99629095354868,86.74924792957742,-3.5195594143516695,687.3917909999999,-2986.2728740000002,-327.34968299999997,-110.73206,2.6755677999999996,-94.88839700000001
206,0.219727,-0.503844,0.718258,3.35758,1.45165,1.54623,-205.5795487241199,-177.81458692987533,118.75753515456086,-150.99099479303072,13.414488970059425,27.839675490729622,127.26830299999999,-3185.429356,-507.08583799999997,-100.074338,-7.5261838,-93.942697
207,-0.383434,-0.693134,0.981581,3.78601,1.83127,1.48524,-278.67292056454926,-167.88522834025815,76.8502561031022,-74.7257285987571,56.68391788366212,1.1114865563522351,622.2398539999999,-2797.754966,-248.244491,-81.04178300000001,20.336685,-87.433648
208,0.17401,-0.700038,1.02511,3.53289,1.87321,1.42748,-226.97952237225613,-161.1346395980268,62.56985601726155,-34.19028239618015,22.01418440451649,-38.34124703034394,97.57518300000001,-2983.427662,-207.25927000000001,-77.346723,9.151829,-88.090926
209,-0.060181,-0.643529,0.948923,3.25217,1.40456,1.72546,-257.39212213780024,-161.21370777375486,89.45647351157056,-117.84939704927851,79.93162312531575,0.5848925060033983,346.490921,-2955.876871,-275.179263,-103.64802,-23.531234,-96.950274
210,-0.330723,-0.753896,1.07462,3.28896,1.82253,1.67714,-285.1782833704646,-159.00323660014013,60.79827051471704,-67.214251904592,102.11998669955202,5.253656288360765,562.330323,-2759.1370039999997,-155.92051,-78.541375,-18.756422,-85.281787
211,0.00669551,-0.582377,0.998476,3.36313,1.34378,1.7196,-241.6804734797228,-153.072550462741,86.17686309224173,-128.09502834180788,58.040624646752384,5.102807960058722,301.32074449000004,-3036.947123,-225.076516,-106.68965,-16.508841,-98.429529
212,0.379599,-0.802231,0.870013,3.35556,1.32243,1.47066,-221.9432233530562,-168.10467117579327,70.0005456623132,-113.69201528780926,27.125540894878565,25.73989976313418,-127.519499,-2958.717569,-354.97426299999995,-107.37492999999999,-2.8778912,-95.239885
213,0.234053,-0.469121,1.00652,3.25621,1.6188,1.58693,-200.36620574622455,-158.35522133384717,90.48321388044499,-101.46395002412723,14.92285766152083,-10.054836346750816,126.731657,-3222.549579,-222.03794,-90.566851,-15.927574,-90.85931
214,0.0257747,-0.403236,0.729582,2.82401,1.52364,1.50833,-225.52993915057516,-164.67838356091096,128.96248644363595,-147.24270489728485,60.16343327771209,2.2716401478228825,351.1219453,-3210.434764,-495.93303199999997,-96.150413,-36.157055,-92.791613
215,0.378517,-0.640476,1.00663,3.549,1.91505,1.56167,-210.9808218588182,-156.86782289768757,48.25209908317838,1.4387600489309615,18.91602971890559,-63.832082039934754,-74.110241,-3110.3648239999998,-227.46949,-75.588963,2.7552992000000005,-85.349542
216,0.0216138,-0.64926,0.754543,2.92235,1.2541,1.49537,-250.08461841870172,-175.45228194055096,107.64902942256447,-130.2029400700942,79.42455547662497,7.430689645051647,269.0869662,-2977.31454,-467.52072300000003,-113.16548999999999,-28.626224,-97.310851
217,-0.359789,-0.889568,0.939728,3.20124,1.61165,1.61398,-285.1456247761422,-166.66081753206362,59.6747002784655,-70.61189162971779,104.13966292738817,0.6815791339317246,544.2091889999999,-2622.119432,-287.387058,-90.91584399999999,-20.707133000000002,-90.855632
218,0.0827289,-0.724455,0.94273,3.0192,1.77596,1.41519,-242.59720595193212,-171.16541171738214,88.07851001428094,-83.60829329667025,61.46691226163472,-7.935350871002876,181.9456711,-2928.871345,-288.42183,-80.940076,-19.815035,-89.335613
219,-0.285689,-0.735346,1.19962,3.58436,1.25781,1.74266,-276.7397609637779,-130.94033675242756,26.807663910139986,-92.25078867842359,80.44957697211402,-5.155583102568222,522.3029590000001,-2793.148554,-22.325333,-109.8861,-4.4593892,-100.77528
220,-0.216013,-0.610649,0.946916,3.1476,1.71229,1.58483,-277.2347964987709,-168.33098950486996,93.25346481990253,-96.75366399035671,97.55924265031067,1.0854341654076367,504.492373,-2933.346851,-281.973106,-84.656806,-22.037929,-88.750598
221,0.0983903,-0.523532,0.98053,2.8998,1.32172,1.43801,-228.03548358868224,-151.7438613358326,90.6745817840187,-135.74573378018977,55.82923674066547,13.053296376008953,238.8961597,-3122.808968,-242.68643999999998,-108.4897,-27.106492,-95.19222
222,0.180915,-0.526682,0.935337,3.01412,1.8941,1.48861,-217.24038577062242,-169.7112448333401,101.21012972088427,-84.26662180327557,43.52078549832658,-22.922437101357872,158.566665,-3148.287218,-297.531367,-73.355958,-23.781759,-86.634424
223,-0.187345,-0.537115,0.995325,3.12089,1.60404,1.72676,-279.4286518963268,-159.98528626099437,90.43623134124428,-108.43570047527908,109.49223464950032,0.5890120725503889,505.059875,-3011.365485,-231.705935,-91.167772,-31.748061,-90.962709
224,0.228277,-0.561686,1.15325,3.08488,1.23269,1.60891,-218.09638471654787,-135.96116591115896,55.745126536340265,-126.73138878939652,46.96810066429021,20.20592960308361,102.233453,-3131.705314,-69.350981,-114.54705,-25.255279,-99.87698599999999
225,0.255499,-0.580656,0.881057,3.19092,1.73914,1.57266,-214.64775174765543,-174.87015682069804,98.86787825438947,-86.17629013444659,33.1196534601987,-14.633284791861712,69.11857,-3124.554244,-349.378647,-83.22392,-18.893463,-88.356531
226,1.49e-05,-0.666363,0.825987,3.80903,1.69568,1.47134,-237.40792720143227,-179.7511842774175,94.82451509415125,-71.81395708390225,14.343024372848438,-18.209286278611717,269.6163451,-2955.5632370000003,-402.70009699999997,-87.724883,22.249556000000002,-89.736117
227,-0.211804,-0.427652,1.17042,3.6574,1.40203,1.56676,-257.6127108889256,-134.80837482735575,68.30974720888213,-124.845784685621,47.98991359612652,2.7893476227692404,553.544124,-3107.839848,-53.667829,-102.26342199999999,8.631097,-95.075523
228,0.218165,-0.873995,0.789476,2.84366,1.81166,1.61464,-244.22440609010368,-185.52946364131188,85.03209341757034,-66.25741238672353,84.38636998245791,-5.478536493371662,9.4554394,-2831.5638050000002,-442.83917599999995,-76.17564899999999,-40.75041100000001,-85.27135299999999
229,-0.0986953,-0.584824,0.851112,3.08903,1.8567,1.50724,-259.91313643637585,-177.77562579980645,109.26247857365286,-94.85201706831752,79.79583212786976,-3.948086008485915,402.63400529999996,-2997.625576,-379.809912,-75.91910999999999,-20.622288,-86.95134999999999
230,0.313854,-0.535549,1.17831,3.05897,1.29806,1.63982,-208.8992661891079,-135.18939176111775,51.913299394064346,-121.23271282952602,40.35765739874785,20.397240210877793,31.216509000000002,-3186.030551,-45.546937,-110.91484,-28.992663,-99.130092
231,0.207817,-0.595322,0.782508,2.80483,1.62668,1.69084,-231.64740952918694,-180.4387336315745,111.5737903192106,-108.04207847002421,77.80938745215119,-1.7532451235223678,116.64846299999999,-3089.763978,-445.819428,-88.816554,-47.811021000000004,-90.093487
232,-0.218551,-0.492353,1.0943,2.96809,1.66936,1.41262,-280.62498777255996,-151.1915300213265,81.30729479142485,-104.4450494321929,101.44160467011712,0.10767481252334535,547.0554910000001,-3043.7674469999997,-133.68251,-87.185238,-22.579775,-90.515913
233,0.124879,-0.693053,0.749429,3.66699,1.54477,1.72573,-231.0566900424071,-184.95306809941027,104.75043593699763,-102.39443348341969,29.7981598260458,1.4536512220264117,149.22570100000002,-2973.982047,-478.025079,-95.051571,-0.3573134,-92.659149
234,-0.0314828,-0.480325,0.987107,3.5914,1.30724,1.56512,-227.6424345412225,-147.03758600662803,90.32679640237428,-157.58917676175727,24.5833271578831,25.069195368154038,366.7767528,-3120.433675,-235.74538700000002,-107.274,5.4685958999999995,-96.89934
235,-0.335364,-0.892597,0.806323,2.8317,1.4097,1.50866,-286.9464311262384,-175.89689718957248,70.6382476882938,-85.00401848560894,120.9032620973258,-2.52669803990332,524.143334,-2625.884903,-417.34427300000004,-103.62222,-35.403482000000004,-94.94516200000001
236,0.195245,-0.766216,0.86334,3.35031,1.52557,1.73411,-234.2956204582816,-174.53554946834163,88.26128355092767,-96.96737724794052,51.693054417616054,1.4207347966961457,62.584764,-2928.901084,-363.81158999999997,-96.184226,-18.949512,-93.32463
237,0.0635951,-0.854343,0.890881,3.50289,1.86845,1.69104,-246.38044627318098,-176.84972600287503,78.30843369171014,-61.48295507989838,53.372336419364984,-6.077821699188747,153.5495449,-2800.948157,-340.851901,-77.628062,-7.1095232,-84.217452
238,0.0977712,-0.706495,1.04192,2.99823,1.32637,1.67772,-246.2349149932177,-152.41135716716002,70.16498454951574,-111.78463878781874,81.02998321858153,4.209371951799424,178.5657588,-2949.190905,-181.89711,-109.9715,-34.749903999999994,-99.38307499999999
239,0.144136,-0.784661,1.11056,3.72748,1.40889,1.42781,-232.77728230118495,-144.54350072442355,43.63640838138399,-115.40515909525043,13.107727366546383,30.384639425141714,93.283928,-2893.453839,-115.08224000000001,-102.064374,20.555736,-93.686917
240,0.126017,-0.576275,0.913851,3.82318,1.34746,1.69748,-220.00261530094812,-158.50820106514712,91.22576718293455,-166.1073403019672,12.36970043063837,44.53119657003979,184.031363,-3084.380025,-310.601511,-103.916,10.997043,-97.966561
241,0.361656,-0.520205,1.17712,3.14211,1.52747,1.70365,-203.06483696129072,-142.32959180403805,58.33856270022042,-100.89156518679154,30.678967844500413,4.144249568804855,-7.6617969,-3217.1684950000003,-50.299941000000004,-96.13419,-29.134382000000002,-93.27727999999999
242,-0.257349,-0.869922,0.833804,3.69536,1.40086,1.54199,-268.57912308772956,-174.9755810550021,77.87928830315715,-92.99162310752774,55.2013322929816,0.5855800553575553,445.33000899999996,-2676.012478,-390.50325399999997,-102.27452899999999,12.179156,-94.82623099999999
243,0.134775,-0.431623,1.02408,3.30523,1.80088,1.7161,-202.60990847195686,-155.62679631343423,94.46756238778474,-86.34416676841994,24.778648470243198,-27.89370541081046,233.873185,-3223.189777,-206.97862,-79.712875,-20.095119999999998,-85.403161
244,0.0639724,-0.877817,1.15974,3.52488,1.35473,1.6835,-246.65947671940964,-135.43117995066294,23.50278605204588,-82.78437998727213,51.570785224135136,4.5069719601683245,143.56790759999998,-2778.999183,-65.197386,-105.19998,-5.292513899999999,-97.395474
245,0.287583,-0.475988,0.935162,3.09326,1.80273,1.6233,-201.43305316075813,-168.61345769786945,98.53498977541845,-82.65317265218717,30.077992413187694,-24.72055054981693,76.661935,-3232.805112,-296.579412,-78.573472,-27.040607,-86.287963
246,0.387942,-0.75178,1.15405,3.05698,1.33245,1.45375,-220.7778271977601,-136.4395856700932,28.444203260372156,-93.06266987412396,40.9508978998263,17.299887666180076,-114.976382,-3008.36102,-71.248272,-107.57591,-19.023728000000002,-95.115608
247,0.136019,-0.486472,0.750723,3.12574,1.4428,1.72125,-218.18232838581747,-171.17457904210423,120.73194771658167,-139.42641465611018,48.09373354860422,6.7011424845115695,217.100811,-3170.684428,-474.50359299999997,-101.72601499999999,-30.724575,-96.121004
248,-0.212447,-0.451691,1.18769,2.95371,1.63779,1.45417,-283.05948544407084,-140.9527742223387,68.34297876099973,-103.45497836220684,107.06976909168719,0.3942849174238419,556.048687,-3084.382409,-39.57461000000001,-88.969098,-25.753830999999998,-90.733637
249,-0.321965,-0.453639,1.01521,3.32404,1.9178,1.65756,-294.5736452950199,-163.93239251165062,92.37168277319618,-87.95074042596676,107.31270319682267,10.065092291283658,656.127265,-3045.202861,-215.86411999999999,-73.27295699999999,-15.088954,-83.436104
250,-0.115594,-0.40901,0.722495,3.06859,1.38545,1.46733,-253.91999789930742,-165.35390080137017,125.86736843433926,-151.6298427346016,72.50666305821541,4.09828689447946,478.130324,-3157.6910900000003,-500.509775,-104.35142,-19.398991,-94.466899
251,-0.0573532,-0.447731,0.715317,3.34728,1.37722,1.51749,-231.68522474366557,-166.6367533046681,125.78944617420146,-156.98642516127967,37.940119277972855,11.883545741469867,406.4489332,-3142.281469,-507.726237,-104.29478,-6.1838406,-95.07887
252,-0.0313854,-0.671415,0.821953,3.24926,1.64835,1.68943,-253.72404633337274,-178.65568897312738,104.89539425916573,-101.64042102502752,74.33153363570709,-0.8028914878947739,309.5544754,-2940.155885,-405.857463,-88.64806200000001,-22.319913,-89.783035
253,0.0816243,-0.606054,0.847655,3.43753,1.24617,1.4095,-228.2554993820125,-163.87738856331805,97.27849333069656,-155.02232583957118,27.34280649079217,32.605251951730246,218.2199357,-3040.605446,-374.347445,-111.34786,5.5580292,-95.034776
254,-0.030348,-0.833721,1.16533,2.88938,1.66861,1.72009,-265.07892391727535,-145.01504498981623,40.03622807567946,-69.32388250626369,108.00999283349688,0.3222727169428244,258.287398,-2784.2124790000003,-63.422301,-85.788901,-44.553558,-88.401019
255,-0.328313,-0.556227,0.724369,2.91844,1.37343,1.49102,-295.8605085028837,-182.54607240206568,108.50846611526069,-119.21991209523142,123.5612133089377,-4.939583743381853,631.6232229999999,-2944.765573,-498.702529,-105.62501,-29.268518999999998,-95.206055
256,-0.0259766,-0.560966,1.06432,3.53754,1.30147,1.51485,-236.20070512709162,-145.3972078391685,75.95243123813219,-137.75853451448435,32.4548505305084,17.308080962650447,333.67883659999995,-3046.669434,-158.62899000000002,-107.89224999999999,5.0990211,-96.236052
257,0.0410417,-0.541877,1.16381,3.6791,1.45364,1.73229,-226.07997863390077,-139.86472736938526,65.99958137891466,-119.91605581631538,24.950535808782444,9.04201885229806,278.7963883,-3088.180923,-61.565281,-99.50622600000001,0.26571140000000004,-95.268618
258,0.307635,-0.502877,0.747597,3.6462,1.84079,1.65293,-201.02224242164934,-176.75003134652226,88.61250667934286,14.85685292352176,14.095449309572409,-99.62189071278164,41.447472000000005,-3215.319223,-484.285537,-80.197457,2.9567214,-85.48056799999999
259,0.194322,-0.536112,1.06546,3.47592,1.65025,1.7419,-212.36852563862502,-154.8905455466911,81.04201533227929,-95.21126160586455,23.281624343125383,-8.607315773132305,139.135568,-3146.2471880000003,-163.53741,-89.232048,-12.328061,-89.73075
260,0.237431,-0.548292,1.03886,3.67796,1.79675,1.70868,-209.49972595840498,-156.27309270634177,66.45909353060958,-28.116929767793426,12.585648223623176,-54.82518550047821,90.676748,-3149.443108,-192.61524,-82.702952,1.4442701,-85.935784
261,-0.306404,-0.754406,0.986539,3.67807,1.22356,1.63617,-274.8467084086656,-157.31816772466038,67.30076853165676,-108.45518104031353,67.33801078834027,-3.1958898263043163,532.2228140000001,-2767.293894,-235.62869899999998,-111.00294000000001,7.0041532,-99.812163
262,-0.251708,-0.623038,0.90177,2.91085,1.50136,1.65308,-288.0717202358753,-169.64879243367082,90.09360257975604,-105.23114752711238,125.88856787275908,-1.9548174054273428,538.299638,-2906.6821619999996,-323.9245,-98.127411,-39.385107999999995,-94.11492100000001
263,-0.3395,-0.75746,0.964985,2.97141,1.29174,1.54172,-288.9678262274599,-159.78475103269858,65.23353680682476,-103.07854509080589,116.288087057547,-5.286555524957177,572.26576,-2751.82324,-256.938265,-110.94967000000001,-28.616773000000002,-97.44360499999999
264,0.324901,-0.47841,0.772241,3.45965,1.56784,1.66096,-196.72563191596328,-181.21623735956703,109.65323578993208,-110.98307083243071,3.6309366801471508,2.441000742485603,36.530848000000006,-3245.44659,-455.561371,-93.712379,-8.593919099999999,-91.986686
265,0.101775,-0.753722,0.930853,3.11185,1.31813,1.49587,-242.09013830324136,-163.34568372943664,80.74178544763075,-114.07131334818585,60.56278486091828,8.753362715111152,154.208335,-2908.586278,-292.47515300000003,-108.43142,-18.284143,-95.901984
266,-0.240049,-0.772462,0.988276,3.60203,1.29204,1.59843,-269.1646859543532,-158.2326083656892,68.78415626325045,-106.42633748775529,64.30190743194203,-0.2728694310576692,464.037739,-2773.409238,-234.698396,-108.06693,4.2280292,-97.6317
267,-0.0317525,-0.756963,0.76655,3.69715,1.50033,1.58254,-246.8107375773242,-183.1155924504257,98.77792388055393,-101.54760186221633,35.69085886162778,2.6069350495334405,271.8253325,-2859.7363370000003,-459.82742,-97.26745399999999,9.6319,-93.21231399999999
268,0.0796581,-0.662656,1.10936,2.92818,1.67238,1.71705,-248.72327069747087,-152.656583103476,71.2908466169478,-92.95094310407346,89.33328758561744,-1.3473389031398875,212.03802190000002,-2983.386044,-119.70152,-85.724758,-42.182134,-88.449236
269,0.0369987,-0.624184,1.08109,3.51586,1.35346,1.4863,-233.70089026693583,-147.29484405664178,70.10425102323187,-127.15766938897387,29.12298636026364,16.90420301286273,252.7310813,-3008.6692160000002,-143.08503,-105.24863,5.2586195,-95.04663
270,-0.0407838,-0.492047,0.975247,3.74624,1.30609,1.63662,-229.37906961826405,-149.12315238090423,91.40453001501537,-158.51450360089356,21.358835278445856,25.47926126212917,370.3691538,-3106.045753,-247.832847,-106.43049,10.319191,-98.06065299999999
271,-0.243127,-0.739614,1.17183,3.60164,1.28721,1.41175,-266.3755274076564,-136.6086082196568,37.34418587525728,-99.45344112101316,51.441583241333134,4.477464633719087,475.23836700000004,-2803.051486,-50.898465,-108.77926000000001,14.604296,-94.69993099999999
272,-0.118545,-0.622952,0.865218,3.30033,1.51351,1.65091,-261.4996565710931,-170.54547138305057,101.80199512325441,-114.58239170144256,76.941356392528,0.18719677082514258,407.042555,-2955.2690479999997,-360.87155800000005,-96.86577100000001,-16.980936,-93.34781699999999
273,-0.385155,-0.89124,0.802093,3.66932,1.3244,1.69286,-280.97105428081903,-175.79605661762946,73.55574878109995,-90.23913385971926,77.21121951403461,-4.4685207625370955,561.625215,-2612.65626,-420.548493,-105.90615,2.5963836999999996,-98.241395
274,0.205011,-0.553345,0.900663,3.33543,1.48984,1.60222,-213.69205814537722,-166.02941804182942,98.73323317253372,-123.6511676827732,24.707143337410873,9.017324371327922,124.206169,-3133.697955,-325.469483,-98.063299,-12.163756,-93.66682300000001
275,0.221099,-0.483469,0.902959,3.13482,1.74099,1.58013,-205.43630927533718,-169.24944085046465,104.04569784898672,-93.61270935744956,27.93759397791748,-19.00753107878798,135.185991,-3203.9302310000003,-327.600149,-82.86161100000001,-22.491391,-88.318496
276,-0.387645,-0.430061,1.12376,3.79689,1.71916,1.72484,-293.60477366345367,-149.603863971019,76.23948309349274,-99.8871701719272,84.56455985674359,4.519284823185687,719.702385,-3045.438339,-104.06382,-87.029154,7.1907035,-87.733315
277,-0.397234,-0.867829,0.947704,3.14218,1.60519,1.71508,-290.55491931997227,-165.0754433129366,55.797953245051325,-68.48449933639704,118.70883374197474,1.0408695081023613,589.223384,-2629.1416710000003,-278.808974,-91.077687,-29.903937,-90.864835
278,-0.349286,-0.616092,1.16544,3.07273,1.50454,1.42347,-290.80472891864935,-143.54139754073975,52.82688059840044,-93.21851439439955,106.24127211992803,-0.8927255405933356,626.561356,-2883.7031079999997,-59.542393999999994,-97.122072,-17.011619,-92.42312299999999
279,-0.306184,-0.819324,1.08562,3.3356,1.69631,1.45047,-277.1414043781646,-155.04982781373747,53.51316944540814,-71.26620943175719,79.09166699765396,-0.015726717448089376,512.8343540000001,-2707.146976,-143.14365,-86.42246,-3.6327534999999997,-89.979402
280,-0.313114,-0.671919,1.19418,3.33134,1.76839,1.65183,-284.3348894960321,-145.75874420789603,50.78016076263411,-73.81529866229421,97.6938877321664,3.640252973895978,572.601524,-2842.8845810000003,-35.470858,-82.086124,-15.158145,-86.997063
281,-0.366979,-0.500763,1.03601,3.72328,1.75061,1.53049,-283.4290432219302,-159.28570479313964,86.03591547463954,-97.45840207836764,67.6044361630761,2.0947623468880465,674.198699,-2985.006737,-192.43630000000002,-84.861199,14.085335,-88.41449
282,0.264088,-0.519486,0.92444,3.13341,1.288,1.74468,-211.07364102162936,-157.8183598798096,93.38066145042157,-139.25223548639042,43.9737086353775,17.596794395616868,84.754935,-3183.548014,-298.85015,-111.93227,-30.375802,-101.33169600000001
283,-0.208901,-0.820842,0.982979,2.97029,1.51906,1.73522,-279.7598215019124,-162.56073155010742,64.72532324254371,-85.51337796548025,118.92140108396828,-1.162187591643362,430.48751100000004,-2736.055758,-242.602389,-96.94865200000001,-40.766815,-93.92597599999999
284,-0.260623,-0.814816,0.834176,2.96277,1.69988,1.4142,-279.1536321546641,-180.29320235161128,85.02636383961904,-77.34185389132443,100.39251894723259,-0.024633289077618508,477.198843,-2726.0047839999997,-394.281516,-85.360656,-22.960593,-90.12366399999999
285,0.315769,-0.536915,1.12493,3.386,1.65106,1.6083,-204.24914072382614,-150.4759057352081,63.18521268923205,-72.60521179897792,13.077475194963474,-18.55283177257216,24.204767,-3187.138885,-104.71090000000001,-89.04257199999999,-9.766847799999999,-90.241207
286,0.361014,-0.677461,0.884228,3.21156,1.75971,1.55801,-216.2663575189,-176.3804735686629,84.59951028224657,-68.12754663003054,33.01377085965852,-16.325630231339627,-63.833605,-3069.618639,-347.075698,-82.188495,-16.84788,-88.190748
287,0.348237,-0.686548,0.995377,2.86342,1.53298,1.62403,-223.63745955325805,-162.03590220976758,75.99769490394753,-96.30618395235956,62.59907686481322,1.620954898204612,-48.735676,-3053.990852,-232.171437,-95.80875900000001,-40.56839,-93.05068100000001
288,0.303908,-0.589971,1.11144,2.94776,1.76811,1.57351,-216.15749553782516,-154.23278999788093,71.63634016741169,-82.5443106711123,48.551412235354725,-12.196953655406427,23.063386,-3130.676029,-119.96486,-80.22855700000001,-32.733850000000004,-87.386055
289,0.12552,-0.802332,0.846995,2.81908,1.63746,1.41881,-245.83441749442125,-178.17497738301262,89.70341832127195,-87.7863015387642,75.62126163254656,-2.189340490130291,119.55585,-2869.817968,-381.175725,-88.790308,-31.483627000000002,-90.817612
290,-0.0090135,-0.403113,0.737029,2.90817,1.89056,1.48467,-231.49099205111625,-174.59399116344497,132.720516621899,-117.8900770527328,62.11607344351794,-14.1992119662706,382.32888349999996,-3198.5290870000003,-494.302349,-72.83848499999999,-29.620063000000002,-86.49398199999999
291,-0.273588,-0.453341,1.04009,3.57664,1.89264,1.44025,-270.55697339652113,-158.46752106169282,92.81114140206154,-94.69445367465654,58.49727200947166,-2.6082757707740467,602.554378,-3061.536359,-190.79038,-76.505537,10.951864,-87.56779800000001
292,-0.0789744,-0.479551,1.07304,3.02727,1.91228,1.58082,-257.5754686322421,-155.16155458378796,91.55636383072503,-96.90206005929561,85.32143710411141,-4.002264897593486,420.8561744,-3102.119949,-159.07617,-71.52088,-27.853869,-84.361
293,0.185551,-0.805624,0.803024,3.804,1.38804,1.55338,-231.30707259887924,-176.4137051207805,83.76814852151175,-122.54364026478535,14.399460715668823,27.7957869236226,49.072661000000004,-2888.055676,-422.286664,-102.52774600000001,17.895066,-95.359898
294,0.251836,-0.452438,1.02273,2.90645,1.86435,1.48037,-201.14313651642192,-160.06836514128835,92.13906190837308,-81.65336129968388,33.75082376731481,-30.07936751189601,119.122094,-3242.327462,-209.47903,-74.53935100000001,-29.614094,-86.99603099999999
295,-0.261302,-0.695394,0.817356,3.05164,1.58451,1.46354,-280.42216071308366,-179.56210820502434,97.37188545130289,-97.01321387155099,99.38583210118773,0.01647946939933225,518.173382,-2838.762806,-408.90758600000004,-92.34736400000001,-20.6569,-91.486744
296,0.000565231,-0.561173,0.743026,2.98195,1.51943,1.41269,-242.88024710272677,-177.9904849729805,119.29783435536922,-124.56388945041661,62.97207238944339,1.8979513442606086,317.200324769,-3055.120727,-482.82836599999996,-96.190735,-21.686945,-92.25171399999999
297,0.0653458,-0.508096,0.732925,3.61743,1.74511,1.50241,-217.78183088702104,-183.4049361369668,111.13089394357448,-52.36650901001283,10.809708241835676,-50.30598089138385,265.3168342,-3127.409404,-497.02042500000005,-84.663492,9.522886,-88.95808099999999
298,-0.209723,-0.617758,0.7996,3.71752,1.69176,1.43804,-259.30694708912745,-181.37322779543288,106.52374031292752,-95.87302785924065,38.830323804267614,-3.512019289767748,485.185043,-2928.929942,-428.39637,-87.542367,18.954263,-90.030922
299,-0.300611,-0.476679,0.964446,3.16842,1.28741,1.4132,-287.87806050112107,-154.9237770988087,88.90070445029366,-130.32268824927652,96.91466513078849,-2.5239363833307893,626.813951,-3030.277321,-257.372536,-109.77896,-10.2926074,-94.768928
300,0.0413449,-0.60261,1.06309,3.46036,1.76325,1.44953,-231.6313667109233,-157.81664100642422,78.96561628272518,-78.31989284761275,27.93965662597995,-16.929756930525567,256.5553251,-3030.18859,-167.34984999999998,-83.05823199999999,3.5796266,-89.274125
301,-0.0401104,-0.541387,1.108,3.33258,1.57426,1.59372,-242.50094904235016,-147.0834226302385,78.80060443772751,-111.46893904270166,52.81169721682947,-0.16317666117987306,357.9311704,-3060.112913,-119.12297000000001,-93.291462,-12.044521000000001,-91.796372
302,0.25583,-0.528599,0.765083,2.81241,1.65883,1.67671,-218.64814307325884,-180.79282154896535,116.79744653741831,-110.68054911660165,63.68483188658613,-4.0399655205130935,94.15330999999999,-3169.8481009999996,-463.881193,-86.34698,-46.565679,-88.969316
303,-0.289066,-0.524831,1.02504,3.49159,1.29803,1.65602,-281.44374446180194,-151.09011649158836,80.19346483769054,-123.80815811863907,85.66406586559964,-4.397892255131319,598.126106,-2989.558169,-197.18749,-108.31891,-5.2421024,-98.435223
304,0.172873,-0.569517,0.869464,3.25568,1.43026,1.43626,-217.42888888522043,-167.0326671411035,100.75176348477962,-133.4470271061249,24.347497729407255,17.11402015743964,147.43597699999998,-3107.284083,-355.669874,-101.376663,-7.0875342,-93.486464
305,0.391247,-0.729189,0.848845,2.91738,1.47348,1.71873,-224.4934584991835,-174.9939157044463,86.42781860650904,-97.3925119319276,65.92681573893304,3.6299970293631363,-103.18894700000001,-3027.619811,-378.126825,-100.478433,-42.634457000000005,-95.66180899999999
306,0.338127,-0.650361,1.03706,3.39229,1.3382,1.66973,-214.8425573979999,-152.67033409055915,66.04599096032025,-121.19661648843277,28.586640568241677,21.448445877604318,-34.944529,-3087.687039,-187.7517,-106.66292,-11.997345000000001,-97.818178
307,-0.146493,-0.458536,0.92219,3.47929,1.44877,1.65565,-254.3273708916455,-156.16537664085718,103.337522014205,-134.79691567145312,59.86549522424407,1.4707712009449205,485.91470300000003,-3101.281964,-302.2987,-100.211363,-6.865638499999999,-94.851238
308,-0.15978,-0.848658,0.844478,3.15926,1.58899,1.67928,-271.22561514343886,-177.45476943453318,83.18946114842961,-84.66941113325254,96.36978226761907,0.0857448529147131,371.16436,-2728.8526420000003,-382.192778,-92.143747,-26.893352,-91.400586
309,0.324077,-0.64244,0.776207,3.00489,1.66459,1.57534,-218.44130530921663,-184.69409117601114,103.47961554739746,-91.4664094568895,46.7543301109269,-5.800796605242994,-13.492502,-3088.56156,-453.730097,-87.18414700000001,-29.751532,-89.81301599999999
310,-0.298737,-0.621499,0.706151,3.63103,1.3123,1.45879,-272.6373831506412,-183.1024144211377,110.61408601236647,-122.88913381524924,58.26350522905829,1.0888719121784218,568.9623369999999,-2894.5924010000003,-516.604301,-107.20282999999999,13.524211,-95.20804199999999
311,0.067297,-0.676689,0.731033,2.82237,1.29324,1.53145,-249.13580030996505,-179.90416400871746,108.20365256825109,-123.4277141426722,85.9310641981306,6.146404747265906,218.958963,-2966.241711,-491.711783,-111.64043000000001,-36.501182,-97.77682300000001
312,0.217262,-0.463579,0.853683,3.31419,1.80845,1.67645,-201.68286275943518,-174.1986502848047,107.11617867309279,-74.52404745487104,21.935803778142596,-33.97903285711542,145.031078,-3221.250721,-377.670073,-79.53808099999999,-17.35905,-85.86158
313,0.22479,-0.829658,1.15267,2.86577,1.56444,1.54685,-240.18161588766057,-144.46901621105656,40.41867740392928,-76.32886450953313,74.56530041612046,0.14608361127773523,16.189506,-2877.9809419999997,-75.394132,-93.62259999999999,-36.119613,-92.05127200000001
314,0.304588,-0.702006,1.17326,2.82724,1.63975,1.59903,-228.32711910640384,-145.4848703818235,50.995650189382815,-81.46142043831506,67.99920408392123,-2.78312530111412,-13.280914000000001,-3023.689394,-56.151435,-88.287998,-41.230655999999996,-90.129194
315,0.0369374,-0.537323,0.768937,3.37736,1.58899,1.48968,-226.85690940409816,-177.47711478854328,117.48900659614122,-117.89523367288896,28.68432987231148,-1.6593144225886207,286.7836926,-3091.039977,-458.162057,-92.395006,-3.4726671,-91.391944
316,0.190089,-0.844908,1.05712,3.62995,1.31855,1.68133,-234.95738671165773,-149.7562707445238,47.44760904303519,-100.50539163287337,34.6424606880974,12.120750268654026,34.037918,-2853.441492,-167.72505,-106.51422,1.0059139,-98.370735
317,-0.250439,-0.444869,1.04475,3.31017,1.50686,1.58124,-281.719910119055,-150.45757108576393,86.79164680641709,-119.95100624181836,92.58539603077999,-0.8255405095362953,590.919939,-3078.1910310000003,-180.35402,-97.113899,-12.412479,-93.13295199999999
318,-0.162416,-0.805299,1.0353,3.0044,1.40279,1.45264,-270.2378359046333,-155.28760529871676,62.04617259251198,-96.29472479645693,91.36728775833186,1.0415570574565183,386.88867600000003,-2768.3801009999997,-189.17241,-103.43032000000001,-22.305919,-94.050452
319,0.106987,-0.82996,0.978741,3.40017,1.34267,1.45081,-240.310531391565,-159.35331381296507,65.30630244680636,-105.85567152380497,39.930803841375386,12.061792911535065,117.707583,-2839.34994,-245.537291,-106.14818,0.6464235999999999,-94.722853
320,-0.271094,-0.5403,1.14081,3.10565,1.41572,1.53857,-286.4422282665233,-143.09792820730848,63.521538914973846,-109.6853214264594,106.42347269877963,-2.3641671021585595,579.9508239999999,-2980.8819,-83.056225,-102.772046,-21.423367,-94.749277
321,0.0532945,-0.892258,0.958928,3.08663,1.79082,1.62544,-253.8134277494131,-169.46716481261436,69.19324812897386,-66.95470202339774,80.36134147166388,-2.91065997673229,155.0278455,-2759.871142,-272.647798,-79.340099,-27.595394,-86.448938
322,-0.321985,-0.898943,0.983401,3.6167,1.5683,1.73668,-277.65362864701154,-161.96428248537623,56.394345014003,-74.56644633171074,79.89953748878843,-0.09115930407869936,500.846425,-2627.269657,-243.102251,-93.893429,-3.8806702,-91.96572900000001
323,-0.146444,-0.503295,0.782308,3.82668,1.91689,1.54425,-245.37547830052148,-181.79034107028812,114.83964975145629,-78.01679817398855,27.20392152125246,-19.12819599044253,464.05389399999996,-3057.870705,-448.481238,-77.445866,19.595268,-85.125093
324,-0.280768,-0.585265,0.982021,3.53239,1.36815,1.65362,-277.7143621732954,-157.86591537680545,84.67170296443305,-117.70214689592989,79.78723776094279,-2.569864680188476,568.956498,-2935.599735,-241.428391,-104.38511000000001,-3.2542241,-96.72591200000001
325,0.290223,-0.714568,0.928335,3.57205,1.68939,1.65267,-220.8202260745998,-170.75173618929767,76.14150731052537,-68.34183284540947,21.512158784422862,-13.107555479207843,-14.209085,-3010.862232,-302.105965,-87.53363900000001,-1.653319555,-89.07881
326,-0.27835,-0.781755,1.07501,3.49406,1.5829,1.59355,-274.68456135264364,-154.8664813192956,59.42489067978847,-83.89419923644053,75.73929093834353,0.03087761231207227,498.73564,-2752.051845,-151.96778,-92.96210500000001,-2.7598217,-91.504537
327,-0.138834,-0.59257,0.983651,3.72795,1.5023,1.41851,-248.78515013934503,-160.04487387168797,88.06876973176371,-115.34671740014709,26.547254592253026,4.332088052360544,425.417224,-2976.93253,-241.982461,-97.28800899999999,20.806144000000003,-92.425823
328,0.294779,-0.540584,1.12857,2.82718,1.71488,1.69397,-216.62101839408598,-150.39626460168492,73.62163892754,-94.33520913710953,62.09888470966402,-6.793675168425197,51.837719,-3172.042116,-101.63421,-82.03452,-46.579441,-86.823347
329,-0.0343581,-0.472291,0.941175,2.81462,1.61404,1.63785,-259.02505185392306,-160.0213826020876,102.8390487324412,-120.41968571823537,101.54817482001145,-0.3613341146258683,385.71714810000003,-3122.890709,-286.01338499999997,-89.917286,-44.221739,-90.679099
330,0.206691,-0.68764,0.731473,3.01771,1.33979,1.65207,-233.20012515399148,-181.496413721386,106.07053069697905,-118.9981774285158,65.80248389738966,7.621312703491671,82.909022,-3004.71686,-492.377593,-108.59494,-32.332233,-98.40738599999999
331,-0.188166,-0.741226,0.750754,3.66389,1.3689,1.57198,-262.2445017047632,-181.93415347686596,100.34553640803186,-111.06328492374904,52.52722367154702,1.8931671466712663,425.55338600000005,-2820.579474,-473.208444,-103.93634999999999,8.864022,-95.761866
332,0.316662,-0.86036,0.811112,3.58104,1.30018,1.72041,-228.63307856900371,-174.01301195918234,74.44898998370891,-106.1702253533318,33.86008681884626,15.015103866536892,-87.20620799999999,-2881.9772399999997,-413.597722,-107.73875,-3.7713209999999995,-99.394912
333,0.0846803,-0.615288,1.09201,2.88489,1.63399,1.51703,-241.03245821342983,-152.36838533252524,77.2593479688256,-101.23190211709924,72.68599884809137,-2.0577091662769362,220.9044197,-3031.672712,-136.31976999999998,-88.978893,-33.36502,-90.603604
334,0.224226,-0.725559,1.08534,3.67555,1.61542,1.72431,-225.55171154679013,-154.30383676447713,58.92297965125386,-79.15755714409401,23.78771796356444,-3.742417078345755,43.502641,-2977.686541,-143.60196,-91.610448,0.1704452999999999,-90.775999
335,0.0608384,-0.643255,0.830481,3.36362,1.3705,1.48425,-234.6852317589706,-170.9992539567942,101.32013761754939,-128.62616021789415,38.13670109748224,11.96782783313361,226.4428816,-2998.707445,-393.881731,-104.68003999999999,-3.4114134,-94.827074
336,0.109524,-0.797095,1.12984,3.69221,1.89109,1.73558,-238.5332163110692,-151.86189064162957,48.037927459358485,-50.33279531619596,37.91674259993152,-11.111485112531081,125.47743600000001,-2870.544105,-102.52081,-78.28237,1.2412113999999999,-83.046149
337,0.230186,-0.617685,0.970741,3.39127,1.67749,1.44234,-216.74878798240016,-166.27636285153082,81.19728689475974,-73.01086591793054,16.070778604065435,-19.647983302185217,75.1276,-3081.6992149999996,-258.86801099999997,-87.58680000000001,-0.007259899999999986,-90.41054700000001
338,0.334174,-0.683443,0.940441,3.51342,1.41465,1.4119,-215.504323651376,-159.65182482422824,71.84031314247827,-152.3924495599207,9.60317371684919,56.517817418853696,-47.916731999999996,-3055.349357,-285.426511,-101.984225,9.109078,-93.387236
339,0.102553,-0.473804,0.979143,3.72365,1.49941,1.66553,-208.9943771830996,-145.61092109675226,87.27980684786857,-196.11715073753436,3.5476801829366904,72.11246809516541,241.693617,-3173.7353959999996,-246.880053,-97.170834,6.4011857999999995,-93.693567
340,-0.287035,-0.685124,0.824634,3.53688,1.61496,1.59148,-275.557749032423,-179.1982800051163,98.31497398208822,-96.69293046407286,74.02786600428776,0.2605605787448737,540.063555,-2840.3952759999997,-401.995804,-91.26498099999999,-0.21179759999999992,-90.84603
341,-0.007029,-0.799916,1.08253,3.15999,1.26313,1.64893,-256.0915079428533,-146.8175702132978,52.94766010161402,-104.05772996268446,79.91042368689592,2.8421571427464487,242.461539,-2826.4438840000003,-140.04439,-112.45203,-23.46262,-99.704091
342,-0.141632,-0.476485,0.844234,3.69777,1.5141,1.72484,-248.80577661996972,-165.02043936460404,112.68762027294491,-131.51386750535352,45.74065317978144,0.9311767382245651,473.632772,-3086.581315,-381.10941399999996,-96.502936,1.5585706,-93.502478
343,0.397153,-0.731749,0.887207,3.29238,1.23912,1.62342,-218.54844841690607,-165.348744181214,74.30460461933593,-121.36334720681583,36.91171733149254,23.880136055919042,-116.48407300000001,-3030.705851,-335.84013699999997,-112.73088999999999,-14.367045,-99.42212599999999
344,0.017695,-0.573454,0.951574,2.87673,1.60029,1.71074,-254.34398666770426,-163.2144763943517,96.37436592998013,-111.51534862410726,97.49564433505114,-0.2749189010908521,301.978885,-3046.028546,-275.694864,-90.93914699999999,-44.884071,-91.017447
345,0.281429,-0.558273,0.865323,2.89835,1.49698,1.7083,-218.27056388626764,-169.79145892465843,102.30619798296954,-117.247218406596,60.15884961535105,3.3262377246965786,57.882144,-3151.158927,-361.604653,-98.74908599999999,-43.288307,-94.82209399999999
346,0.128242,-0.457263,0.747039,3.23796,1.38675,1.4498,-205.65861689984794,-165.3985915093904,119.26517576104678,-173.22977865323847,16.706246094645028,37.04395599060873,229.211218,-3197.7064370000003,-476.704439,-103.81119,-8.6777625,-94.077417
347,-0.0968272,-0.689891,1.07785,3.58146,1.84833,1.66874,-254.3892503335196,-158.8628619403331,74.37393251254677,-77.95205394313876,55.1676423746279,-3.365279068856793,358.2338572,-2900.521809,-153.27975,-79.360671,-1.5465952,-85.074409
348,-0.0766914,-0.69017,0.916844,3.74263,1.57084,1.73693,-250.24332772795296,-169.2259495808643,91.38504944998091,-102.1474886737183,45.28154209854312,-0.05004161816471048,338.3138614,-2907.32323,-310.413964,-93.833748,3.315059,-91.938654
349,0.246543,-0.724074,1.02969,2.9379,1.53792,1.41499,-229.0479000126784,-158.79009630035148,71.26162576939613,-94.83540129225872,51.75905915561513,1.7889461237369695,30.090006000000002,-2985.4829259999997,-197.96153999999999,-95.140081,-24.289963,-92.076114
350,-0.373812,-0.843396,1.16956,2.92532,1.59772,1.45752,-288.950637493606,-132.4781554745587,7.679410623917938,-53.53625964455191,114.80183453697767,0.3181531503958338,574.537502,-2660.2847039999997,-57.187945,-91.449547,-27.542557,-91.24173400000001
351,-0.17585,-0.556117,1.06742,3.08636,1.3093,1.45163,-269.9628161629705,-146.6279211831095,74.84776860911997,-123.20999018052248,86.49485466853933,1.7265510198472227,483.50815,-2998.534483,-155.05978,-108.8101,-17.154808,-95.20985999999999
352,0.159827,-0.6478,0.989413,3.2695,1.40169,1.56255,-227.87104470147972,-158.10369286178477,81.9696340025961,-118.64408951112497,40.875267470869034,9.9807529038404,134.902593,-3028.2277999999997,-235.56010300000003,-103.21179799999999,-13.253853,-95.185604
353,-0.211143,-0.569043,1.14801,3.4939,1.61911,1.53453,-265.5630732541609,-146.3471718634954,69.68312704381071,-100.44007444422844,63.252248751262364,-0.39900952740249074,507.141003,-2975.457957,-79.233682,-90.96988,0.6041452999999999,-90.8606
354,0.116554,-0.711311,1.07397,3.11201,1.58211,1.46637,-237.43199142882779,-154.9890942874536,70.17186004305732,-94.37818097174434,53.08923797279085,-0.5540003405633297,153.92978599999998,-2953.971389,-153.98872,-92.607687,-17.397918999999998,-91.562217
355,-0.113018,-0.625531,0.857027,3.10443,1.69349,1.69388,-267.4125810168432,-175.75251182519952,103.52086850864688,-100.69733249424219,96.50442734947482,0.4978178180461865,404.547028,-2953.891769,-371.422607,-85.23419899999999,-30.761064,-88.31130300000001
356,-0.0213242,-0.422031,0.970194,3.01053,1.38686,1.62868,-240.28933195314517,-147.50798435643043,97.7328488622353,-141.2392531199041,71.5154460726391,4.859409759109197,386.7232242,-3176.706269,-253.519514,-105.37421,-31.803324999999997,-96.818892
357,-0.106574,-0.431843,0.785111,3.78277,1.49525,1.54566,-229.64091133063883,-165.27884333020805,120.38760008170806,-152.21540560122529,11.864810021569086,14.123008579518201,452.14164400000004,-3140.197357,-439.97750099999996,-97.384811,16.793051000000002,-93.251868
358,-0.0624203,-0.586069,0.744957,3.12554,1.42951,1.62634,-256.6392555949983,-177.5424319771882,115.55584699536983,-126.21458085818851,80.79908122714382,1.4001541526950465,369.4446903,-3009.392931,-479.275107,-102.115283,-25.304356000000002,-95.376154
359,0.171273,-0.428343,0.718244,3.27637,1.39514,1.58919,-197.13185899271105,-165.471357149372,122.55280758950742,-181.61730781615861,14.30795935578643,42.22372364170943,200.29163699999998,-3239.419557,-505.536894,-103.50421,-14.333669,-95.56429
360,0.130304,-0.596439,0.750815,3.81557,1.85352,1.66762,-221.69341375437915,-184.62189849382463,98.76761064024157,-34.30361344805703,14.582348843874582,-48.77750138131335,173.38952600000002,-3066.052561,-480.721565,-80.96117199999999,11.856713000000001,-84.767608
361,0.263646,-0.710842,1.06666,3.17993,1.63118,1.7348,-228.10481148189308,-156.95147473577669,68.39168017358584,-87.24371050677533,55.309162950025225,-2.3100168609407454,19.420251,-3003.259258,-162.54845,-89.484467,-28.823796,-90.118471
362,-0.371386,-0.423363,1.15308,3.00824,1.84927,1.50027,-307.61244583881205,-151.10615930985202,68.92796866982829,-77.13100542271629,129.57784311560644,11.320557411974319,715.911866,-3055.5506370000003,-77.40738400000001,-75.97084,-24.85076,-87.045271
363,0.10719,-0.739572,1.16291,3.55059,1.66774,1.47426,-234.23030326963672,-146.28930312618718,46.99869661055019,-68.85864077661746,25.60588493485308,-8.550421064075815,146.17157,-2924.026728,-66.519643,-88.519948,7.281972399999999,-90.315837
364,0.280963,-0.757823,0.85278,3.40464,1.67852,1.70765,-226.37963556075417,-178.24888893858449,85.88408165892989,-78.22363593803077,39.39124948570069,-5.732270852945347,-15.834433,-2966.245677,-376.84197,-87.483537,-14.338949000000001,-89.066575
365,0.0434971,-0.554967,1.12266,3.2748,1.8473,1.65604,-234.8639945910514,-152.03778868473475,79.81760452408473,-88.1002824104959,53.42590797320972,-9.904664108647028,276.59044289999997,-3075.288833,-108.78640999999999,-77.000895,-18.291985,-84.98799600000001
366,0.206793,-0.634978,0.732532,3.50913,1.39902,1.64198,-220.73714719430583,-181.71814838810164,108.28787736413533,-128.6754345882754,25.06885159347696,16.570970759214642,92.81771599999999,-3057.142822,-492.461382,-102.77785,-4.1125345,-95.976707
367,-0.0082753,-0.885673,0.874856,3.32862,1.29327,1.67709,-255.5678245181037,-168.71086052304167,74.70109141356647,-102.50787912685558,71.23469675302499,2.361479930099396,212.60277530000002,-2746.0515269999996,-348.494726,-109.63028,-15.686811,-99.05788000000001
368,-0.0486619,-0.423159,0.744432,3.57241,1.59747,1.65568,-220.91304523741098,-169.27751578242606,127.27741756815621,-134.15634885649686,21.08307069164939,-3.0018863168730197,404.6007419,-3168.867541,-482.26955200000003,-92.238738,-1.8150930399999998,-91.305541
369,0.109426,-0.853712,0.916615,3.29739,1.60788,1.51121,-242.87107977800466,-170.90758070957327,75.31587512774185,-81.6928953875479,50.51258947230802,-1.444031260646165,110.188854,-2817.605388,-312.266415,-91.35773599999999,-9.365922,-91.15329600000001
370,-0.218949,-0.744199,1.12966,3.09766,1.91701,1.4358,-273.88356635505073,-155.35063065618115,60.226458635176485,-65.06050355269524,88.8531489532978,-1.360345045089357,459.168969,-2806.0986009999997,-102.74344,-72.82193000000001,-16.056781,-87.359792
371,0.396239,-0.448169,1.07512,2.84716,1.90462,1.67785,-197.65439650187037,-158.5225250100254,81.7708176476857,-76.76832313839849,44.699474274469715,-25.276720681550422,-12.73096,-3293.4390310000003,-158.41442,-68.542502,-43.275152,-81.09513700000001
372,0.339215,-0.666088,1.11767,3.07918,1.90573,1.72363,-221.32729372329058,-156.26106059264401,63.586283145823636,-64.05381670665038,56.1013343975731,-14.769706042882362,-36.442224,-3070.145712,-116.23663,-70.93310799999999,-32.642205,-81.477785
373,-0.337407,-0.690538,1.14575,2.96752,1.33598,1.54626,-291.0786027447219,-140.64910659091936,41.36337021654098,-95.91027011592416,119.00791771103303,-5.180248935648605,593.109977,-2815.927162,-76.740482,-108.21345,-29.368097,-96.655784
374,0.328214,-0.49978,0.961145,3.15224,1.41899,1.42258,-199.76230823015666,-157.1308105256526,87.22995951969219,-149.85080878072037,13.684810457802147,38.7799035182961,26.252849,-3226.0572199999997,-264.422085,-102.060602,-12.098658,-93.54996
375,0.138226,-0.645569,0.893502,3.34975,1.7804,1.52993,-228.10824922866388,-174.89995062604484,95.45820641556594,-79.93907157665245,35.304513420371066,-14.58733357669222,154.723524,-3023.1472310000004,-337.312232,-81.661382,-7.253491400000001,-88.149744
376,0.116308,-0.502231,0.843289,3.20682,1.81354,1.48868,-216.12540990129784,-174.98761316869985,111.47466862065296,-88.35352975594373,30.573772793314397,-23.824960220247945,225.513062,-3150.616469,-387.647689,-79.121381,-13.076261,-87.999613
377,0.380387,-0.838153,0.765622,3.70044,1.42475,1.4992,-222.3929952222339,-177.1425074361869,74.50227505865608,-127.53295674478456,9.240663319869917,45.28572469044757,-144.62808700000002,-2925.0095469999997,-460.55634200000003,-101.099622,14.846596000000002,-94.123464
378,0.315518,-0.791327,1.14337,3.08721,1.74495,1.63607,-229.51944427807106,-149.23831689772553,45.102034421328625,-63.96328937501972,56.937394412227995,-7.1522894523975795,-57.576046,-2944.824273,-88.193166,-82.222546,-28.302457999999998,-87.53206200000001
379,0.131453,-0.702579,0.941263,3.7883,1.77357,1.51154,-229.1034769188061,-166.80520289643658,68.64034385667262,-32.522746029231406,12.234195912089929,-41.64050990204576,134.596987,-2966.140621,-289.334363,-84.00691,18.906957000000002,-88.156217
380,0.128421,-0.897045,0.835551,3.62167,1.83113,1.5924,-240.68123508501466,-179.12207661836388,71.84604272042958,-49.74688867489519,35.75892624768932,-12.018649189561714,73.900318,-2783.4891549999998,-395.663771,-80.45952399999999,4.8579136,-86.37162
381,-0.330663,-0.815195,1.08148,2.98313,1.91191,1.50361,-285.9512034360961,-157.52328661531723,49.862454262173074,-51.71058692614706,110.40495641714372,4.241600827775533,543.3418829999999,-2699.956005,-150.6813,-71.980943,-26.237955,-85.81035899999999
382,0.04792,-0.458498,0.962439,3.26026,1.33651,1.49202,-216.15921441121054,-147.8030576209228,95.17172751800052,-157.0242403757583,27.789770866773726,25.052751479433784,303.39789,-3168.691002,-260.672769,-106.79902,-9.600038600000001,-95.379283
383,-0.29309,-0.485639,1.03459,3.43777,1.766,1.55671,-282.1078025463585,-158.59471769221184,89.97156256939317,-100.61998319189952,84.06952432175056,2.1351902489124774,614.67161,-3025.227761,-194.54279,-82.831136,-3.697987,-88.066063
384,0.357114,-0.402374,0.926202,2.84315,1.88039,1.5648,-189.93493612807276,-169.66368933634425,100.7477527802137,-77.63062462007038,31.891060060099672,-34.69780841110703,38.469857,-3324.7645260000004,-306.739332,-72.05637999999999,-37.774733999999995,-84.76102300000001
385,-0.243397,-0.598008,0.94437,3.28142,1.49802,1.5225,-275.8109963778708,-163.7146685495009,91.6451722889703,-112.07455543215494,84.97479763805727,-0.2715034996740773,531.573627,-2937.065392,-280.66028,-97.591391,-10.6860265,-93.00053
386,-0.376994,-0.658787,0.965627,3.62162,1.6856,1.57773,-283.61296267416725,-167.47040689658346,82.56493715173703,-89.09379122725275,76.38902507802187,1.5859815543898266,632.000864,-2833.7979130000003,-262.12404699999996,-87.791256,5.4625487,-89.398657
387,-0.320594,-0.787831,0.901432,3.44612,1.69017,1.59428,-279.38453414610177,-173.88466941307303,80.3040456921508,-79.85484678076823,83.14706227158993,1.2349131245793172,538.081444,-2731.6511689999998,-327.008242,-87.070291,-5.4883757,-89.260904
388,0.318777,-0.497688,0.897995,3.38697,1.5155,1.45756,-199.25008396130968,-152.30937067962674,80.40144851732303,-222.07213885696063,3.354369952437502,113.18838538588926,33.035969,-3225.227412,-329.094585,-96.47772400000001,-0.95270624,-92.504537
389,-0.378173,-0.71641,0.785429,3.29485,1.51182,1.43617,-286.01079104678973,-181.62189147851967,94.27676744200618,-95.99907857416943,89.45246280700465,-0.5320617865877705,616.8706629999999,-2779.66569,-439.663739,-96.732446,-5.0290593999999995,-92.337191
390,0.370014,-0.59436,1.05915,3.26508,1.27628,1.43608,-207.93383230431246,-145.1336472534083,58.39815031091402,-146.95049642176815,20.946191074392637,49.59224736598938,-47.427367,-3151.71124,-164.50824,-110.13508999999999,-5.9445611,-95.30723400000001
391,0.250321,-0.846554,0.99824,3.15293,1.84908,1.48734,-234.2371787631783,-165.65413068601873,61.90980863727084,-55.44993868028886,50.63354086286014,-13.390768517341009,-17.616034,-2871.994046,-234.19284000000002,-76.866354,-15.957929,-87.44987400000001
392,0.291213,-0.401063,0.942628,3.072,1.65598,1.4508,-186.77793867690193,-162.86210735034624,90.23455019735822,-55.600397397290216,6.218139063216285,-52.01224920528343,97.190861,-3306.4007370000004,-286.539178,-88.094763,-18.859694,-90.556125
393,0.267319,-0.639759,1.18043,3.03353,1.28326,1.52949,-221.8314965830057,-135.29309712203641,44.43207487148216,-111.40935143200805,48.07241951862536,17.057812997737305,38.019932,-3071.711641,-43.454484,-111.13718,-24.284236,-97.34141299999999
394,-0.0754049,-0.842293,1.07442,3.39634,1.63719,1.45364,-255.69903185318867,-155.5654898293552,56.886401168461354,-76.79639807035988,54.39953515447553,-1.7148340329367975,285.8178449,-2764.852407,-154.13284000000002,-89.87894999999999,-0.3765805,-90.79915600000001
395,0.152733,-0.62119,1.08782,3.22106,1.22793,1.69429,-230.30095871062954,-143.75281896714304,65.4203210480374,-125.81752110616287,54.989681683460276,12.733757813664495,153.083567,-3049.71031,-134.2445,-114.41678999999999,-22.043511000000002,-101.48954599999999
396,0.018617,-0.489111,1.18033,2.91793,1.33757,1.69621,-247.16998211487123,-133.48484232060355,62.34067289920922,-121.90708415439498,87.51987616402837,3.534656852253367,328.284363,-3125.623989,-43.060834,-110.09826,-40.400266,-99.909347
397,-0.095464,-0.885025,1.12858,3.69932,1.42896,1.56353,-255.79185101599984,-142.5180949186361,32.89820527238063,-80.39972964393765,43.5668513050551,2.924422422971332,287.364354,-2717.882575,-96.581187,-100.865701,11.130586,-94.497657
398,-0.108244,-0.516569,0.801598,2.91142,1.46151,1.67492,-271.73612053890037,-171.98588728000948,112.01955148382237,-126.55319891511084,110.7876922242911,-0.9420915842218075,439.549934,-3055.842931,-423.538888,-101.10978200000001,-40.455805999999995,-95.622868
399,-0.177686,-0.88281,0.877958,2.84859,1.53142,1.5236,-275.141781673158,-172.67859325432264,73.2555188964514,-82.87032365654176,109.17939969335889,-0.14943426846366026,378.81800599999997,-2688.78959,-348.652678,-95.710971,-35.630317,-92.621971
400,0.325848,-0.416566,0.793286,3.70147,1.2822,1.51931,-191.7328776891933,-155.2199962788913,78.42187933514603,-252.2314912770569,27.925218089542653,143.04005947000027,50.252199,-3303.1604340000004,-430.87324600000005,-108.12296,14.338708,-96.818261
401,0.18181,-0.666355,0.891228,3.40453,1.45436,1.63338,-226.35843612233433,-169.1182335153797,92.21411937953522,-114.30164238182844,35.26601065653828,7.407370262789822,106.77583,-3018.612145,-335.02301800000004,-100.05896899999999,-9.850449399999999,-94.642177
402,-0.349127,-0.722306,1.10513,2.85875,1.458,1.45609,-291.4710788343865,-148.47800190358691,49.167112682002305,-87.94558380581059,120.95425534109245,-1.9788300666212755,593.7784469999999,-2781.531494,-119.59193,-100.186352,-31.043532,-93.448409
403,-0.27918,-0.54844,1.16912,3.16347,1.79186,1.4946,-284.3790072462572,-148.5129523290899,67.5265139029383,-86.21983492687654,98.47139146015894,2.1646918457837634,583.07855,-2970.54916,-60.715578,-80.20391000000001,-15.885092,-88.17259
404,-0.277986,-0.852728,0.858046,3.32496,1.32511,1.66144,-278.04896952565184,-170.87893281981673,75.25915230602389,-98.22043594589164,92.30464671116587,-3.2425515091397705,478.680916,-2684.455272,-365.084506,-107.75719000000001,-15.235940000000001,-98.03135
405,0.298582,-0.872307,1.06328,2.85515,1.86636,1.68012,-239.29582313638832,-158.59758248118754,50.92907249358861,-55.98026841546196,82.9121495755863,-7.018561103014045,-66.04504899999999,-2860.785993,-169.71108999999998,-71.314886,-43.296623,-82.124138
406,-0.070155,-0.574687,0.840233,3.6248,1.38582,1.61048,-243.18677952312174,-167.9024170741121,105.80295940665296,-133.12559778305652,38.327152268583724,7.019248652368202,371.194025,-3018.2720130000002,-383.866913,-103.11117399999999,4.3250511000000005,-95.90200899999999
407,-0.0207602,-0.750681,1.18454,3.09026,1.47437,1.5036,-254.49524752561877,-140.31965585871913,45.993728637890726,-91.43375086256704,73.63080625226209,1.8609382706951574,270.88318019999997,-2869.154519,-41.080687999999995,-99.11579,-20.553028,-93.358592
408,0.201151,-0.699347,0.762638,3.29308,1.54364,1.41324,-226.0026293315581,-184.00711477964927,100.9820925184222,-100.22292343987387,28.296494740787427,2.5795132894584794,76.13369300000001,-2994.2702529999997,-464.962408,-94.944665,-3.8669702,-91.94107
409,-0.167062,-0.463294,1.04963,3.39115,1.6882,1.7224,-266.25520627067897,-152.48756055391243,91.22634014072968,-112.14445628316089,80.5607307843694,0.5376005695933,506.521002,-3089.258206,-178.68797,-86.83688699999999,-15.952611000000001,-88.65101
410,-0.251742,-0.828887,0.816475,2.95421,1.51951,1.6039,-281.46036023786075,-178.62016558982927,82.53743517757074,-87.08672007090946,114.01287165308251,-0.7850495821544001,467.101902,-2714.914113,-408.69403500000004,-96.52900600000001,-34.154337999999996,-93.175555
411,-0.0304881,-0.458879,0.753869,3.28733,1.41455,1.73656,-238.76068055573614,-166.3204806017559,122.1248081165447,-146.02975324499292,60.1468175016533,3.754770048408775,381.0016081,-3140.218421,-470.066489,-102.923106,-22.275682999999997,-96.751914
412,-0.16018,-0.424075,1.19725,3.02457,1.88049,1.57868,-274.98880194185807,-143.37638569574207,74.49368069172911,-93.11595494907114,101.83064301301096,1.641512623893906,516.54847,-3127.384425,-33.930392999999995,-73.448069,-28.120914999999997,-84.975746
413,-0.16682,-0.55248,1.16195,3.22895,1.34253,1.53065,-266.3285448684557,-137.87656382028132,61.215956747367414,-116.60550567604948,79.14151432583036,1.3213208896629967,475.16949999999997,-3005.6724200000003,-60.949689,-106.70835,-13.563479,-95.792124
414,-0.0276885,-0.667896,0.829207,2.96495,1.24676,1.7197,-261.19197823510785,-169.7169744112914,97.12092993703558,-125.95674985037967,99.79721579809166,0.04596233055071756,311.6892285,-2940.6829040000002,-393.163037,-116.36964,-38.053429,-103.07000000000001
415,-0.320827,-0.789415,0.734407,3.14011,1.48392,1.56917,-284.4065092204234,-185.82453690580425,92.72233294381626,-92.03421063186414,104.30639364577124,-1.319911413486975,542.419747,-2729.277885,-490.949927,-98.605414,-21.443875000000002,-93.613232
416,0.341399,-0.481273,0.888798,2.82864,1.43812,1.62448,-203.37652600184188,-165.13331205024483,100.77754658556049,-125.91435097353998,44.95100274653215,9.601569435022823,28.434521,-3244.421427,-336.910888,-102.664848,-42.150881,-96.035173
417,-0.392518,-0.595132,1.00282,2.79657,1.8021,1.58798,-303.03795080248756,-165.47765968511845,70.80956206903792,-64.62734745957634,142.40350335960994,12.080986997671948,681.210648,-2884.949868,-226.418,-76.610871,-41.945602,-85.773221
418,0.0211602,-0.838601,0.822139,3.26413,1.59841,1.54193,-250.59741564534383,-179.85775442731185,88.64287344248478,-87.00650597959117,61.87657708515325,-0.6938576194813783,200.4825098,-2801.534999,-405.229579,-91.75746,-13.019720999999999,-91.21318199999999
419,0.268277,-0.897531,1.14076,2.89071,1.34013,1.71649,-242.29067353153712,-133.37483442393844,14.339472034518627,-73.79925584403055,85.44347711447428,4.313592974733721,-46.515637,-2826.453569,-84.790396,-110.67497,-43.081509000000004,-100.576893
420,-0.383722,-0.765721,0.76927,2.8859,1.64094,1.57572,-294.0940796204954,-184.72273906576766,84.67685958458922,-74.95433875901429,128.91206615766444,2.0830911966012313,613.7913920000001,-2727.6892789999997,-458.56382,-88.44151600000001,-36.539115,-90.110546
421,0.0676125,-0.636388,0.875779,3.80005,1.61388,1.62718,-229.9457248776484,-173.76262940271016,95.49544867224944,-94.40797477709113,15.480632075080687,-5.584132615014274,218.9970075,-3007.411212,-352.26873900000004,-91.83590099999999,12.923277,-90.835433
422,0.0927194,-0.614468,0.835627,3.02452,1.6231,1.43207,-234.07445874936113,-175.29471854688998,106.86866090559629,-107.83581366377712,52.84126183905823,-2.6521815266149216,211.3290206,-3036.389432,-392.48357699999997,-90.06300399999999,-20.4543,-91.09879
423,0.216619,-0.849312,0.812688,2.80829,1.6069,1.66327,-244.68506415738884,-180.67536520096354,85.52139937461206,-82.90699295543013,89.03993319451045,-0.7562584529490761,20.721259,-2854.1925880000003,-415.693448,-90.417369,-46.062125,-90.824649
424,-0.054109,-0.706466,1.08493,3.12123,1.55741,1.72419,-261.3741788139595,-153.269647944266,69.16803798598811,-96.66829327888223,91.2824900046525,-0.04386713848548317,321.29492899999997,-2897.694834,-142.02767,-94.23938,-31.510822,-92.443333
425,-0.214997,-0.649413,0.804006,3.17977,1.63386,1.67848,-278.0065706488121,-180.86157648438103,103.77698064307036,-99.22483096075597,101.91601372448544,0.8571047544700524,491.608347,-2897.157887,-423.20952600000004,-89.37402300000001,-25.63655,-90.17883099999999
426,0.307117,-0.812575,0.867856,3.03909,1.31735,1.70952,-233.3187274175836,-169.89287245439658,77.72000603611079,-103.42919526142595,68.03701929839987,7.41905860181049,-54.589335999999996,-2921.008825,-356.848976,-110.57466000000001,-34.061921,-100.143823
427,0.317577,-0.523569,0.934244,2.96869,1.90199,1.41142,-205.7411228223468,-171.73836951251295,92.7899419636417,-64.38842405900678,32.44797503696684,-35.54280656736597,30.618735,-3198.640931,-299.33151399999997,-73.153515,-22.271509000000002,-87.974485
428,-0.183358,-0.527414,0.772396,3.31212,1.75247,1.63939,-269.7428003696403,-181.27983567482656,118.45272160755127,-106.8560558341034,83.78533725536566,0.6171213819795072,500.740688,-3023.639586,-456.797816,-82.85457500000001,-15.606296,-87.52969700000001
429,0.376334,-0.531138,0.73279,2.97938,1.29679,1.62522,-205.64773070174047,-178.0128303269906,109.55010338680853,-135.5916081332996,40.91583288276429,21.18104647461676,-23.231708,-3210.616962,-490.61637,-111.38201000000001,-32.685179,-99.140783
430,0.389534,-0.404293,1.11538,3.13038,1.38011,1.73406,-187.14463166578568,-141.49765708550808,68.12009817869384,-139.90368849945415,20.206903631335337,31.69447824059029,6.2941725,-3335.8292069999998,-109.533,-105.85676000000001,-30.767964,-98.161523
431,-0.223957,-0.838081,1.06029,3.51357,1.42563,1.63886,-269.9502110914776,-152.77747719824862,53.98883900692575,-89.33844420577361,72.45337798326825,-0.629405597107112,428.513287,-2717.921819,-164.27715,-101.350933,-3.8263841,-95.16994899999999
432,0.185566,-0.618567,0.920078,3.71066,1.26295,1.46621,-219.5935234352247,-152.0819064349598,73.99176966319452,-193.13948907623947,14.78322784684745,81.49694382161317,111.864734,-3064.216333,-303.26903799999997,-109.27987,17.929565,-96.221371
433,0.0586085,-0.739927,0.896483,3.48037,1.46685,1.71023,-242.44422622063217,-169.7651028660824,88.71277429349075,-106.17824676246363,51.09666264866438,2.518487554699095,196.7918515,-2906.962473,-329.78306299999997,-99.33969099999999,-9.986482299999999,-94.810566
434,-0.223003,-0.739237,1.01858,3.09289,1.57077,1.65621,-278.82418142246377,-160.6029347641454,71.14989899934562,-90.56342797176332,106.46071495546313,-0.04933126509030729,468.939643,-2809.7124630000003,-207.78235,-93.24722799999999,-29.292752,-91.906499
435,0.354191,-0.656563,1.06805,3.60254,1.78687,1.7324,-213.32307332531298,-156.16881438762798,54.89067457646166,-42.641868240595905,19.031538010403963,-29.000545279444186,-54.557788,-3087.531937,-163.91217,-82.687833,-4.1902221,-85.960059
436,-0.274559,-0.674972,1.17086,3.41766,1.44988,1.39653,-272.65113413772434,-141.63230216736386,50.72933940620601,-96.35144761817489,66.84297525334723,0.9153860213907598,529.538109,-2854.226928,-53.622505,-100.203654,4.3910898,-92.75835599999999
437,0.23787,-0.449967,0.860456,2.99181,1.61052,1.63084,-201.48175457334423,-167.58385254001936,110.89025166961953,-119.23194420892918,33.52668267785963,-3.7807995210415686,134.29505,-3239.994133,-367.553366,-90.52555100000001,-33.682013,-90.931363
438,-0.328209,-0.510924,1.19677,3.55374,1.26709,1.56853,-283.19756827269737,-133.31238202426917,50.25642004210503,-113.15572679156679,78.86076500621624,-3.996088412561975,636.893039,-2989.250176,-25.191688,-109.63578000000001,3.3133307000000003,-97.63099799999999
439,-0.0227371,-0.896142,1.19019,3.01,1.76712,1.67198,-262.16944423360104,-140.3173640275386,25.547385943970223,-54.039717659133366,95.48685430532248,-0.4497987981940674,227.5757471,-2729.304458,-40.314675,-79.987846,-34.611625,-86.147405
440,-0.263498,-0.638776,1.10972,3.0621,1.90888,1.5839,-284.0678911635011,-157.36801505283677,69.33935236673223,-71.57961734569375,108.45575399810866,5.081539766703465,540.288088,-2889.2091240000004,-122.21842,-72.026411,-26.056853,-84.388643
441,0.109026,-0.829467,1.1938,3.39781,1.73697,1.50601,-240.66003564659482,-141.22550213282096,31.44930960005381,-56.622496808024096,42.847903863724945,-7.670701665431948,116.740764,-2840.792033,-36.550921,-84.331641,-3.2232215,-89.03353
442,0.0630191,-0.63232,0.807231,3.73468,1.72834,1.66552,-231.02059370131386,-181.45458780234145,103.30142567311178,-82.61994110006958,23.26443560927146,-12.731122207806893,226.3592609,-3009.7978799999996,-422.090241,-86.233989,7.0176252,-87.94831
443,0.0573665,-0.492299,0.974759,3.38446,1.60033,1.61076,-219.84734373846766,-157.4298944947109,98.29262862807812,-117.37441503711504,28.211238620871963,-2.7056442184785787,282.7986235,-3140.311001,-252.758359,-91.820279,-10.0543193,-91.245092
444,-0.352993,-0.893059,1.01111,2.83351,1.3764,1.53709,-288.4538830852276,-152.47495548241955,39.05308979501448,-79.38444843096582,123.76690515738966,-3.832216753576608,540.421423,-2618.802741,-212.56192000000001,-106.15353,-36.720274999999994,-96.048275
445,0.263212,-0.70391,1.16294,3.47158,1.67524,1.71396,-223.1957090932122,-146.8525206388008,49.297517876174076,-71.961780195046,32.801375405003526,-6.939034561049887,16.436095,-3011.33299,-67.12912100000001,-87.92105000000001,-10.9457808,-89.173466
446,-0.00961939,-0.678668,0.862296,3.52812,1.46074,1.41381,-240.94937933313585,-171.81056219469946,95.92573997639269,-115.78273828224162,30.158492983403576,7.68915090643516,276.67740939000004,-2941.264232,-363.499866,-99.55087,9.638167000000001,-92.904742
447,-0.0209564,-0.44297,1.13283,2.81695,1.55636,1.53867,-248.80978732453565,-140.66228462020737,78.81263655142526,-118.9443193957735,85.51566979666076,0.2811601303532122,381.2822064,-3156.65273,-93.529231,-94.012208,-38.33911,-92.197788
448,0.110255,-0.630963,0.91092,3.06483,1.6247,1.62085,-236.98565730642088,-169.0701050605887,98.01245226625915,-105.53481515853173,64.25778968171696,-1.7662741837836426,190.62689500000002,-3025.974037,-317.56689,-89.834299,-28.980186,-90.621638
449,0.130769,-0.696888,0.717785,3.40968,1.2599,1.63543,-233.557077860358,-180.69255393481745,105.8132726469653,-130.25565218724623,43.964082944419296,13.73282432103411,145.015161,-2971.964512,-504.683985,-110.79581999999999,-8.463520299999999,-99.092327
450,-0.000414848,-0.779669,1.18553,3.36921,1.51093,1.68772,-251.42075599694678,-140.76770885451143,43.18881375182779,-86.11784843934325,65.0410229876608,0.7385082204559233,240.628994848,-2849.526431,-40.664416,-96.94118499999999,-15.168821,-93.465621
451,-0.128064,-0.448892,0.838807,3.4884,1.64386,1.61267,-246.67895728444412,-165.92972338547668,116.64962342627456,-125.51958305269483,49.233747673576026,-2.0158545993426293,471.936134,-3117.371208,-388.612087,-89.596323,-4.177477,-90.246416
452,0.171813,-0.860771,0.967013,3.40034,1.29279,1.40092,-236.67683305484533,-158.39762021068685,59.40082645239297,-108.7874965614894,34.70984052480479,19.154723936357094,45.160351,-2832.2749289999997,-257.072803,-108.98717,3.5985933,-94.53190599999999
453,0.390705,-0.5302,0.975707,3.22211,1.9196,1.44116,-201.4439393588656,-164.54087369007956,70.13175299739815,-19.07628601420368,21.790673568635956,-63.288918050150734,-42.923430999999994,-3217.6807,-258.167257,-73.269995,-9.26389,-87.374911
454,0.0642912,-0.57874,0.773321,3.691,1.43608,1.65851,-226.45583894750658,-175.74506337386282,111.79380611254084,-134.90806948370852,20.738493873657713,13.597720872942263,243.93775879999998,-3060.97466,-451.728361,-100.341256,5.224895200000001,-95.228896
455,-0.0176456,-0.889101,1.11488,2.80506,1.64216,1.72143,-265.7521493265541,-148.73010333344448,39.66071153675072,-66.7215082007795,113.60950936531042,0.2900432680089205,228.3303856,-2735.241399,-113.7555,-87.43070999999999,-49.506339999999994,-89.186494
456,-0.379753,-0.604699,1.03557,3.39647,1.22231,1.6304,-291.3501847396139,-151.0150590204262,67.03319724133067,-115.53292868356459,98.71031486072849,-8.365241104689531,657.0653030000001,-2883.094101,-185.28966,-113.00219999999999,-8.702736999999999,-99.729334
457,0.164278,-0.872781,0.866929,3.04406,1.322,1.60092,-244.76585120650228,-169.9937130263396,75.8538824973697,-100.72540742620359,72.76277519263888,5.855685962016526,57.605298999999995,-2816.469019,-357.345459,-109.18213,-27.918684,-97.780922
458,0.263774,-0.441011,0.8691,3.48357,1.68487,1.61994,-194.0693995777368,-160.39724291569343,80.32295329939011,15.118121678101415,6.785653759293365,-113.02280058309645,105.413206,-3259.7141890000003,-360.4195,-87.364894,-4.9392297,-89.308388
459,0.323461,-0.778121,0.841661,2.8459,1.29276,1.60234,-231.82158869890674,-172.1331374333581,83.17112649898543,-107.08810374113139,71.85062638279062,9.8182620731413,-57.09574,-2958.000579,-382.960751,-112.6091,-38.973356,-99.530567
460,0.241809,-0.610161,1.00608,3.45437,1.63478,1.47109,-215.0259038924418,-162.3951467473146,76.4228295879346,-76.76603130721796,11.84349599159022,-15.817473962838099,66.253232,-3093.000039,-222.87603,-90.07028199999999,1.9712353000000002,-90.842017
461,0.0508404,-0.591522,1.10249,3.03829,1.35694,1.67754,-244.3882720195111,-144.54350072442355,70.71387811725107,-118.69450979709649,76.81186793082841,4.1284588519710494,261.29232959999996,-3042.070778,-121.18186,-107.56343,-32.746895,-98.27837099999999
462,0.324361,-0.450487,1.13012,3.04313,1.31893,1.39761,-194.40114214111753,-135.20658049497166,59.13096333088635,-159.14876788010338,17.5872832962177,55.32681005011525,47.535393,-3271.1915129999998,-93.729275,-108.00239,-16.665737999999997,-94.277506
463,0.260477,-0.415531,1.16092,2.96405,1.66074,1.60055,-193.11485189104886,-143.11740877234294,73.83019556496762,-98.85126247833067,25.458061823709333,-11.692979978809355,124.41795300000001,-3280.7320689999997,-68.166375,-87.185743,-33.528349999999996,-89.660438
464,0.243677,-0.633417,1.11449,2.88459,1.62953,1.72115,-229.8488950102713,-151.31528890507477,69.45680871473405,-94.7420091716524,73.17988846749414,-1.8883199237244592,68.348159,-3066.904783,-114.29341000000001,-88.723333,-44.967175000000005,-89.92187899999999
465,0.142617,-0.706803,0.955201,3.09666,1.23458,1.43189,-235.20261264797372,-158.37298302549624,78.48834243938121,-124.63092551244692,52.57535212633801,16.32889609077187,130.944773,-2966.273497,-267.277691,-113.11827,-15.137865,-95.87463299999999
466,0.00383669,-0.60902,1.0595,3.11692,1.79186,1.71485,-250.82029622764972,-158.34147034676405,84.59951028224657,-93.43394652536874,80.70626206433263,-2.4567570818517,298.92798331,-3009.10198,-171.17041,-78.82932,-30.839919,-85.211195
467,-0.307544,-0.538951,1.10585,3.81439,1.89292,1.7282,-276.4332285433829,-154.8590328679589,77.9789829595099,-87.43507841034902,66.20011660721045,5.239257858969128,606.186774,-2969.754749,-124.35827,-79.258803,8.678087,-82.867488
468,-0.0106135,-0.522303,0.740937,3.12315,1.81047,1.62874,-244.51203090325936,-183.29091753573576,124.56446240821175,-106.59364116393348,69.49061322464676,-5.530669923150616,341.6207535,-3086.1776969999996,-489.78040699999997,-78.308275,-25.610553999999997,-86.07685
469,0.287116,-0.741599,1.02638,3.3977,1.65916,1.56012,-223.46098855235775,-160.96790887964372,64.30706405209821,-73.02805465178447,28.476002418001915,-7.851011483559619,-19.186363,-2984.289101,-203.28279999999998,-88.638461,-6.3842901,-90.159582
470,-0.00753528,-0.528928,0.795755,3.10908,1.72295,1.44964,-238.54181067799615,-176.44178005274188,118.24301905453339,-110.98937336817716,53.93228807254634,-6.73815555807702,334.15195528000004,-3083.0116719999996,-433.454305,-84.192153,-16.638845,-89.672186
471,-0.197424,-0.551192,1.16996,2.97378,1.63999,1.70718,-283.835270298678,-145.42012615097374,63.834373871115275,-93.85678937817528,121.14562324466614,1.661405718540848,511.04857400000003,-2993.571508,-57.642659,-88.30992400000001,-39.074393,-89.67141
472,0.177437,-0.857074,1.02306,3.63413,1.50208,1.5671,-235.20605039474452,-157.20300320783912,53.534483475387006,-84.014520373418,26.889654170623203,4.944408048016855,40.524853,-2837.881726,-204.33533,-97.24665,6.919093299999999,-93.093238
473,-0.0242594,-0.575991,0.705503,3.33924,1.50438,1.68355,-245.2121853289092,-182.07395517887787,121.57877933778504,-123.78925051139976,60.3456338565637,1.3322643835499954,334.0709394,-3032.638509,-520.201033,-97.33564,-16.669905,-93.699024
474,0.172052,-0.733881,0.954265,3.74189,1.66471,1.47532,-228.05725598489724,-166.22422369217392,66.70718425590123,-51.417977380173745,9.174658581870846,-25.7334253400492,85.785938,-2950.826419,-274.930295,-89.113815,18.218311,-90.269542
475,-0.352406,-0.456126,1.16205,3.83911,1.2642,1.5789,-280.5596705839151,-137.4210623731523,61.30018154325165,-119.27205125458835,60.551898662810785,-3.8411262472908927,674.080326,-3031.801574,-60.262414,-108.15057,18.983762000000002,-98.226327
476,-0.379467,-0.87201,1.02933,2.83093,1.62529,1.41844,-289.4027011939642,-156.16881438762798,43.677604046853894,-64.1323119245833,118.39829061701384,0.6081946995313688,571.0799069999999,-2630.26429,-198.31548999999998,-89.676875,-30.763927,-90.933873
477,0.21271,-0.834173,0.950589,3.0799,1.24842,1.44363,-236.85043926676997,-159.99559950130674,65.76524164070615,-108.35204863718998,55.41567580414004,14.408226969934324,21.900216999999998,-2870.7656269999998,-272.37199899999996,-112.45098,-16.83208,-95.996401
478,0.000718206,-0.851139,0.711727,3.23758,1.28954,1.42569,-251.61097798493026,-183.9125767434527,94.22061757808336,-109.13012532297763,58.935584722746746,8.328228031124082,213.81341179400002,-2782.0911610000003,-511.579497,-109.53944,-7.049732799999999,-94.97706600000001
479,0.0543367,-0.625414,0.954602,3.0298,1.63073,1.42672,-239.37832905888718,-164.96371654288612,93.96908910602092,-104.97388947709865,57.55246460530093,-2.588411324016861,243.1841133,-3013.5466859999997,-273.357572,-89.559089,-19.907853,-90.943771
480,-0.167917,-0.677234,0.829098,3.43905,1.53242,1.63181,-264.7746833280609,-176.2211913016165,101.03709646675476,-107.03711049736474,71.1808387202827,0.025384436747035017,432.767177,-2888.2590659999996,-396.826888,-95.695347,-7.9936861,-92.742008
481,0.229061,-0.79454,1.10322,3.0936,1.56056,1.69111,-236.70490798680675,-151.29981904460624,54.52346592556232,-83.86154064211807,66.29064393884111,0.23725723930131287,23.359313,-2912.92736,-124.73146999999999,-93.996883,-31.287916,-92.289493
482,-0.0614325,-0.406882,1.17119,3.26027,1.50882,1.41006,-221.565644166065,-132.63342703703916,73.4577729981326,-128.96592419040672,25.74339480568448,6.871826611681041,422.5324825,-3180.2974179999997,-54.409092,-96.867742,-5.5081108,-92.336274
483,-0.0419492,-0.899337,0.765421,3.5316,1.65367,1.59728,-254.30559849543047,-185.3214799616794,85.75688502841084,-74.96637087271205,53.488474964438005,-1.4892720081496948,235.37838920000002,-2722.229963,-463.80643100000003,-89.33604199999999,-0.8653626799999999,-90.096146
484,-0.0955644,-0.697481,1.0934,2.98833,1.70522,1.49126,-263.7479429591865,-155.35120361397628,71.08458181070073,-88.122627764506,88.02293310815324,-1.487879720707527,361.8706944,-2892.5432189999997,-135.72924,-84.794188,-25.821121,-89.500928
485,-0.37468,-0.842124,0.829184,3.81254,1.61437,1.63,-277.8535909175122,-178.51474135552522,78.53016835842577,-77.81225224112684,62.757213216269335,0.49850479444254836,565.37166,-2662.1250760000003,-397.431494,-91.883844,13.388727,-90.726591
486,-0.389153,-0.853317,0.71452,2.83477,1.56468,1.7264,-293.97375848351794,-185.96548452340642,75.51984810280842,-70.08706228937795,140.41648572609625,-0.34485985914247175,591.5045729999999,-2641.824383,-512.12424,-93.63633300000001,-48.076754,-92.29648
487,0.0725062,-0.72883,0.915201,3.51519,1.71227,1.4457,-236.63672600918616,-172.6631233938541,84.65680606175965,-76.16671745351113,28.736583623227414,-11.027833274441981,182.8081038,-2922.14577,-314.806871,-86.012343,6.822741199999999,-89.890853
488,-0.334302,-0.781744,0.78335,3.70246,1.51739,1.6962,-277.9418264179624,-182.11921884469322,90.9925733603163,-91.58787650945723,72.92205745968526,-0.8844978666552571,550.792642,-2732.9667560000003,-442.25201999999996,-96.376721,3.4229003000000002,-93.25856900000001
489,-0.287159,-0.672428,1.1875,3.2108,1.52136,1.58385,-282.8400426085358,-141.2002919898352,47.33089754016705,-89.007274600188,99.55198986177567,-0.7240467657068214,548.899279,-2851.6034720000002,-37.908902,-96.28688500000001,-18.329025,-92.840129
490,-0.344786,-0.67863,1.01539,2.89521,1.55899,1.43885,-291.753547027386,-160.67512744633189,70.50073781746241,-90.56915754971462,118.25848891500192,-0.23585005495647157,604.036416,-2825.2447700000002,-210.41271,-93.76365000000001,-28.194739000000002,-91.847291
491,-0.364946,-0.863142,0.932177,3.28913,1.75497,1.45456,-282.1794222707499,-170.60964265610522,66.43159155644331,-65.37448442442692,86.93144850842901,0.9668204426596537,554.367746,-2645.2206579999997,-297.695647,-82.987262,-6.4621885,-89.16485
492,0.0926734,-0.830392,0.858603,3.58713,1.67235,1.45671,-239.47286709508376,-176.89613558428061,78.63501963493471,-70.3964594987486,27.71545824074526,-7.592492926396591,128.8242066,-2834.044408,-370.340083,-88.31016,10.309269,-90.258766
493,0.0163612,-0.536207,0.904843,3.51211,1.63817,1.6871,-230.83037171333038,-166.0603577627665,104.6736595924501,-112.5495374443184,36.318476830414085,-3.550430380353318,306.5246588,-3084.630793,-322.993483,-89.993361,-7.0740332,-90.219465
494,0.0371141,-0.531222,0.844163,3.33852,1.31736,1.64672,-231.08247314318797,-162.47135013406702,106.66468793052971,-144.33150634022516,45.52900257026012,11.441279619408384,290.90843590000003,-3095.718278,-378.514893,-108.00531000000001,-13.548878,-98.069595
495,-0.352966,-0.797004,0.780124,3.51464,1.434,1.62083,-281.31196416892186,-180.75729816566724,88.15127565426255,-94.74659283401346,82.63598391833324,-1.97473341838609,565.065326,-2712.211596,-443.941704,-100.917478,-2.7315439,-94.853966
496,0.249264,-0.726066,1.05852,3.08148,1.79566,1.56411,-229.39797722550335,-160.6269989915409,69.37143800325956,-72.70433349753554,53.59086252242788,-10.515609005595024,26.990927,-2984.1664339999998,-173.08122999999998,-79.342106,-24.422301,-87.212747
497,-0.0456554,-0.681036,1.01004,3.58854,1.35907,1.48895,-245.20187208859684,-155.94765267870747,76.8892172331711,-119.80891270862593,35.84899521308389,10.115799056152737,310.1444954,-2926.462564,-214.11094,-104.76316999999999,9.207,-94.989813
498,0.346649,-0.541415,1.19656,3.15171,1.504,1.60208,-205.01518529591604,-139.59486424787863,52.48780417524202,-101.52067284584518,26.43306410368345,7.648757381878438,-2.6763684000000003,-3192.895485,-30.515388,-97.42387799999999,-22.703673000000002,-93.424315
499,-0.259057,-0.424643,0.863592,3.27896,1.55132,1.55829,-284.71934417656485,-165.8535199987243,109.7615248132118,-125.0170990663651,96.08101153887314,-0.3187960090419706,606.436337,-3094.414757,-361.99666199999996,-94.53607099999999,-13.021911000000001,-92.181066
500,-0.254389,-0.634554,1.03508,3.15094,1.37564,1.73632,-284.7124686830233,-154.17778604954836,71.9875632958269,-109.9935727202398,113.10931721016121,-4.997887928614366,534.3452689999999,-2896.5349459999998,-188.53195,-106.14201,-29.71302,-98.29168800000001
501,0.388475,-0.883981,0.861035,3.52833,1.43673,1.44658,-224.60002864907784,-169.07411576515463,59.22492840928781,-95.72921545266281,16.65674254114573,21.673389107972675,-166.588975,-2884.4450190000002,-366.206795,-100.817768,8.0095417,-93.449289
502,-0.2532,-0.524549,0.991042,3.63403,1.5785,1.66812,-271.9498337964842,-158.87088334946492,92.05884781705475,-112.77642873119021,69.27403517808732,0.012359616373444066,562.06757,-3002.6837509999996,-235.42501199999998,-93.34819,1.0041647999999999,-91.680943
503,-0.344709,-0.677825,0.947986,2.8577,1.7714,1.71053,-296.10573443919975,-170.30654798248102,73.69325865193134,-66.31356225064634,139.3674000032117,9.830580665736614,608.6438089999999,-2822.2622749999996,-281.677636,-77.81567199999999,-45.398943,-84.63920200000001
504,-0.0454313,-0.594977,1.127,2.91124,1.88657,1.42225,-255.2521247729866,-153.49195556877675,77.40659812217422,-86.08576280281594,81.01508631590815,-7.175608834659403,349.0954813,-3005.767723,-104.80789999999999,-73.69771100000001,-26.099031999999998,-87.77599000000001
505,-0.329948,-0.43105,0.753248,3.2215,1.66891,1.54094,-297.8114297953042,-182.17364983523066,118.1410325670001,-109.94830905442446,111.33257508746053,2.6062475001792835,672.261548,-3064.05505,-474.416818,-87.58840000000001,-15.345098,-89.93271200000001
506,0.0430326,-0.487979,0.782684,2.93481,1.65989,1.63237,-238.19574416973714,-173.28535555936617,121.26766325502899,-122.77568817181333,73.63424399903288,-2.5609838343639484,305.3068374,-3136.251121,-445.656104,-87.040412,-37.069742999999995,-89.517924
507,-0.151244,-0.694582,1.13582,2.96212,1.49392,1.50087,-271.0543007626947,-146.65656907286603,58.83474415080372,-96.5542746776512,97.29339023336996,0.17829186077321932,415.206054,-2876.159918,-89.88407099999999,-98.012844,-27.799543,-93.12844700000001
508,-0.0119532,-0.483451,1.15485,3.14759,1.88249,1.69716,-243.0481237367001,-147.0834226302385,80.83288573705654,-94.82165030517558,70.88118179342926,-6.331527410872675,355.3293332,-3122.047849,-77.022835,-73.474645,-27.541622,-83.04029
509,-0.0691876,-0.882987,1.09996,3.33708,1.53146,1.55001,-258.35182644464436,-149.74824933539196,46.22646409427287,-78.90946641880237,65.93311827467949,0.49987817427747694,268.7361576,-2728.059213,-127.23340999999999,-95.811355,-9.1351642,-92.525562
510,0.347583,-0.401274,0.83225,2.89709,1.31481,1.70767,-191.11179143927149,-163.1869744201854,107.56996124683641,-149.12830900106042,35.948632573657136,24.027558096606203,49.983778,-3321.9200260000002,-391.33905999999996,-112.06921000000001,-42.007989,-101.142455
511,0.221003,-0.875998,0.994423,3.73187,1.54193,1.51767,-232.51658650440044,-159.13157914624944,49.373033713572326,-75.34509597529352,15.660139752295173,3.9508705833702504,-8.6875061,-2834.190102,-233.735693,-95.272312,15.357645999999999,-92.252415
512,0.244092,-0.5152,1.07933,3.50121,1.87208,1.44811,-205.88722706010515,-145.59946194084966,49.2879494809954,15.517244078189545,16.324541611528876,-93.38238032380696,94.466136,-3182.2295000000004,-153.36629,-77.32343,6.090805400000001,-87.800862
513,0.198505,-0.815409,1.18106,3.36644,1.70288,1.53791,-233.97820183977913,-142.25338841728566,32.864572649806455,-59.01579881406505,39.63389711193859,-7.338099665358505,39.069215,-2884.559091,-48.934229,-86.101316,-6.843353199999999,-89.38335
514,0.390805,-0.588164,0.901619,3.05747,1.72684,1.58356,-208.71477377907576,-174.08806943034446,90.54623923790939,-80.89591109452093,35.269448403309056,-13.599210563209603,-58.980843,-3163.431536,-329.32644899999997,-83.39322999999999,-27.198551,-88.43388300000001
515,-0.283902,-0.650113,0.992284,3.56114,1.49874,1.41135,-271.15170358786696,-160.96217930169243,81.2076001350721,-104.69657790425532,57.95296210409738,0.629462892886625,544.927542,-2873.752787,-232.942114,-97.499772,11.621036,-92.372128
516,-0.334574,-0.799051,1.10641,3.67263,1.83514,1.6561,-277.4708551103648,-154.55307340535904,51.900980801469025,-63.62868202266331,71.49481959201438,3.3296525531555585,544.043814,-2715.992349,-123.93751999999999,-80.69492699999999,4.3527236,-85.423484
517,0.391178,-0.472474,0.780491,3.80895,1.73916,1.71623,-194.88701035138845,-165.0250230269651,73.73164682420511,64.83361226582343,17.163638302497965,-148.59775008276927,-28.487507,-3273.272826,-450.024271,-86.16189899999999,8.264244,-87.28819899999999
518,0.318967,-0.655351,0.742916,3.69399,1.2478,1.6668,-214.78927232305276,-174.40262325987126,94.78784579526287,193.76515898852233,17.203516165039073,-305.16305126462777,-22.378248,-3076.269749,-480.612486,-109.46587,6.0182115000000005,-99.849184
519,-0.186704,-0.887073,0.899349,3.494,1.41641,1.43893,-264.2464162409503,-168.6793478443095,70.80956206903792,267.9127731719924,56.63103387917154,-357.6167644510595,374.521504,-2684.0817270000002,-325.56303899999995,-101.968351,6.4609767,-93.502889
520,-0.234863,-0.688009,1.011,3.62085,1.332,1.40282,-264.5930557070044,-156.17282509219388,73.50246370615278,246.27559499667203,47.977595003531206,-355.3117552412482,485.05251300000003,-2854.217391,-212.40694,-106.39132000000001,16.049170999999998,-94.12904200000001
521,0.267369,-0.780134,0.810336,3.4701,1.2777,1.43093,-226.1699330077363,-172.52962422758864,82.28476078991804,228.40504136654164,24.195492026359048,-326.3825432072978,-16.626019999999997,-2940.268266,-413.718006,-109.54447,6.1088264,-95.136078
522,-0.0868758,-0.865431,1.17718,3.37098,1.24948,1.63905,-260.5628705760542,-126.89468176100881,10.531365344961122,277.43647764265694,71.567585231996,-358.2114946424053,292.82895579999996,-2738.853169,-44.733436,-111.70819,-10.7789116,-99.26401
523,-0.00674343,-0.616305,0.874277,3.53839,1.37143,1.54592,-238.45414813534114,-166.246569046184,98.80370698133481,228.99289606434587,35.24882192268435,-349.280228531906,297.39193343,-3001.273895,-349.643657,-104.16098000000001,3.0461687,-95.486001
524,0.249248,-0.597086,0.948929,3.5946,1.33218,1.58392,-213.67601532711356,-155.9264532402876,80.61688064829222,197.1794144897069,14.491592329125858,-308.8328459424407,62.420083999999996,-3107.524814,-275.345969,-105.89366,4.4190553,-96.700536
525,-0.0308302,-0.586375,0.938031,3.46933,1.34887,1.49238,-239.5691240046657,-158.7213413649358,92.96698592233712,225.7476631127249,37.5063329312793,-348.0953518115755,330.2971802,-3021.133925,-285.54834100000005,-105.57982,2.2079705,-95.19366699999999
526,0.29478,-0.643996,0.870631,2.91453,1.3897,1.42315,-219.90635839136613,-169.70608821318393,92.89823098692142,242.5628284842243,45.497375299968894,-347.6031810655581,12.270071000000002,-3077.451704,-354.853961,-104.21235,-25.740241,-94.103603
527,-0.015703,-0.610213,0.770017,3.81693,1.46294,1.50037,-235.36189491502012,-178.39327430295748,109.26591632042364,227.74212919757528,13.32648265272733,-343.0642094125317,303.892923,-3002.963287,-455.149447,-99.012959,21.347158,-93.599207
528,-0.0342789,-0.710494,0.985794,3.60613,1.52239,1.51481,-245.32276618336945,-162.43468083517865,80.1946107532808,257.95648556600406,35.49696994375551,-357.8081323546332,289.9220989,-2903.0850060000002,-240.482014,-96.182362,8.231012400000001,-92.481843
529,0.199538,-0.697451,0.73582,3.4993,1.49888,1.57949,-225.63593634267437,-185.5758732227175,103.15589439314854,253.53382434538926,25.813524839808494,-353.48344691698577,77.603167,-2995.447249,-491.29809,-97.474592,-1.457996036,-93.31865
530,0.226026,-0.567878,1.12332,3.21366,1.41215,1.4957,-214.15157029707214,-144.1223767450024,65.81107826431662,238.05250472095443,27.07397469331679,-342.52677500069905,98.917493,-3127.187922,-101.83649000000001,-102.582779,-12.822212,-94.322678
531,0.259882,-0.695563,0.728748,3.73133,1.28023,1.55491,-220.62427450866505,-175.63047181483662,94.26530828610356,190.01228543041543,14.550034024229204,-298.70753578688874,17.389695,-3017.646937,-494.992068,-107.95285,14.116393,-97.38040000000001
532,-0.0628873,-0.466837,0.759367,3.0732,1.40916,1.53292,-248.1291134639202,-167.2910711067075,120.70902940477644,216.74477727783426,70.16899525408166,-356.0399845988595,409.6032373,-3121.219163,-464.523887,-103.15653,-22.902862,-94.86900200000001
533,-0.211689,-0.691474,0.819223,3.83818,1.90396,1.70969,-263.4076060288788,-183.49145276403152,99.50386140698467,282.7111271046313,51.34263343011404,-359.4697099605126,463.557939,-2858.4894259999996,-411.75086300000004,-79.04410899999999,11.102504,-82.81916199999999
534,-0.13177,-0.854869,0.824062,3.46489,1.77932,1.72672,-264.17766130553457,-182.36444478100918,86.41177578824536,287.7056002047867,74.4673246331531,-359.3768907977014,338.95591,-2732.7546310000002,-406.287262,-82.161529,-11.699340900000001,-86.095095
535,-0.174387,-0.681088,0.744019,3.1695,1.49101,1.4772,-268.3212920799207,-183.4484809293967,107.89024465431454,250.9303041243148,81.32792127204958,-359.4783043274395,439.195167,-2881.588812,-481.678089,-98.077792,-14.516046999999999,-92.927506
536,0.269934,-0.879816,0.708918,3.68422,1.37279,1.43029,-229.98296713433191,-182.5873253633151,80.41921020897209,238.4363864436921,14.109830550230193,-323.1212674374131,-55.568383,-2846.748384,-516.735268,-103.97126999999999,18.067969,-94.157405
537,0.304016,-0.445181,0.915599,3.25352,1.41037,1.73218,-194.70480977253686,-159.09032618500004,98.23877059533582,212.58796847416014,19.596875466859547,-334.23492978956574,71.091134,-3268.692119,-309.53884899999997,-103.26342,-23.829267,-96.929017
538,-0.226569,-0.535872,1.00116,3.67258,1.34622,1.57946,-263.9330083270137,-153.44955669193706,86.52751326286179,233.21387614107465,54.109561214359815,-358.51401635823436,531.0108290000001,-3000.501728,-222.15921,-105.01966,9.052458,-96.323765
539,0.396239,-0.531919,1.14849,3.23915,1.34487,1.45462,-200.65096577040455,-135.04156864997398,45.12810400100708,211.87635489260765,15.236494758575445,-304.24230808785256,-50.28426,-3219.064181,-76.418604,-106.27702,-8.6618007,-94.780303
540,0.0328597,-0.513804,1.1177,3.25125,1.36058,1.40038,-225.69724282675338,-139.59429129008353,71.97782301330967,224.29636101765848,31.600914232645426,-341.230171510318,297.6054703,-3111.613496,-105.83554,-105.32627,-5.0968577,-93.80203
541,0.0595261,-0.852576,0.804639,2.82832,1.53845,1.6648,-257.5084325702118,-180.32070432577757,87.11307612948549,271.4089616378807,100.7792654589459,-359.81061984861543,167.7873439,-2797.4126239999996,-421.882509,-95.49413700000001,-44.93008,-93.093104
542,-0.17346,-0.671522,0.942925,3.11273,1.65577,1.6353,-273.36389363486705,-168.59053938606422,89.41522055032114,264.0871339739039,98.64442471428845,-359.44106207075606,444.30992999999995,-2889.888078,-285.355235,-87.953276,-27.02141,-89.736713
543,-0.18838,-0.757229,0.76929,3.57832,1.63454,1.66166,-265.532706491019,-185.20688840265322,99.71127212882203,269.12858961326003,65.67987092923167,-359.9979770476232,423.00544,-2805.642471,-458.66875,-90.386452,-1.8188054500000002,-90.294055
544,0.38363,-0.649077,0.952423,2.91622,1.39781,1.42983,-214.56982948751764,-163.12452202051617,78.90660162982672,249.2458082066302,40.51504890507029,-346.33236067595794,-72.800212,-3103.528523,-273.067073,-103.74927,-26.041539,-94.078369
545,0.302734,-0.556311,1.0702,3.20486,1.45956,1.63386,-209.1135524044868,-151.31299707389422,73.89092909125148,244.48567484468333,29.66408770198519,-349.16506401508474,33.006755999999996,-3164.114989,-156.09939,-100.129817,-21.383374,-94.714184
546,-0.225713,-0.405413,0.708109,3.72644,1.50468,1.59958,-258.46298025689975,-172.78630931980723,128.4840666847017,219.953913888362,46.571556574280166,-359.14770767964905,574.989013,-3123.591487,-516.8972190000001,-96.996082,10.406359,-93.246953
547,0.365916,-0.502628,0.994714,2.97508,1.28642,1.68485,-203.8916150596645,-153.3555916135356,81.79545483287632,227.55706382974802,42.86578014693303,-339.2167978182282,-3.9392127,-3233.260972,-228.960174,-112.88452000000001,-36.012814999999996,-100.882488
548,-0.0850942,-0.863903,0.864297,3.73341,1.35459,1.59901,-254.55197034733678,-171.4942894917872,77.19861444254173,259.05427270147476,42.6203823232785,-355.7002206263469,284.8524542,-2740.576997,-360.35771700000004,-104.32184000000001,11.382427,-96.42093000000001
549,0.395708,-0.865636,0.834096,3.56225,1.5446,1.60879,-223.82710858344635,-174.60831510832324,64.87773001604852,286.05490879701483,21.884180280801306,-357.24033117965854,-164.780718,-2904.721664,-394.300526,-95.07509900000001,0.3738863000000001,-92.402941
550,-0.197692,-0.854068,0.855395,3.67459,1.40757,1.53709,-263.7364838032838,-173.26358316315122,78.81722021378631,264.1175007370459,51.34057078205157,-358.34613972426104,394.95955200000003,-2711.051132,-369.53173499999997,-102.02989799999999,11.277295,-94.66010700000001
551,0.062776,-0.623531,1.06734,3.67915,1.42277,1.46509,-229.30000144253597,-149.93044991424355,71.83057285996104,226.78586263750194,14.114013142134647,-333.8774041254041,226.442954,-3017.718069,-157.85042,-101.278976,15.653627,-93.83418300000001
552,-0.0355845,-0.548166,1.13875,2.84861,1.31639,1.55322,-257.87970922145655,-139.44245747437384,65.58819768201073,239.86591614254348,94.02294713876323,-356.7590466317486,358.78488450000003,-3052.203334,-84.10132,-110.20582999999999,-36.367846,-97.628649
553,-0.016788,-0.745741,0.908132,3.16375,1.3311,1.73548,-257.3726415727658,-165.68507040695582,84.87395706611424,247.03304520183497,85.59130022561803,-359.2823527615048,272.207328,-2873.6505589999997,-315.06881200000004,-108.88183,-28.548385,-99.58632
554,-0.108447,-0.639574,1.09009,3.28079,1.35845,1.54668,-258.3724529252691,-147.14415615652237,69.10214783954807,245.132544195386,69.28664024958019,-357.14120948110093,389.801307,-2943.5938260000003,-133.5461,-105.68531999999999,-11.548845,-95.705334
555,-0.0709074,-0.568352,0.932405,3.65922,1.23415,1.6132,-242.69403581930922,-156.28054115767847,92.20437909701799,215.89049720529417,37.408758218768526,-346.823385506385,373.1061674,-3023.638648,-289.74960500000003,-110.56858000000001,7.0629098,-99.25276000000001
556,0.117691,-0.510903,1.14733,3.61922,1.47152,1.65567,-213.55512123234095,-140.51274263567822,68.70566104531754,226.7222643222424,11.992063947867642,-338.0783306793033,216.71241899999998,-3144.142997,-78.35060299999999,-98.700514,1.1382045,-94.29286
557,0.112298,-0.791334,0.714897,2.93391,1.39136,1.39926,-244.20377960947894,-185.7013509798511,100.83426940727844,253.9096846589951,66.78854426280981,-353.55392072578684,133.41040199999998,-2875.779166,-510.329967,-104.03175999999999,-23.307551,-93.708759
558,0.145438,-0.536068,1.00056,3.46857,1.49938,1.51955,-214.45695680187688,-156.3017405960983,88.40395004191524,230.76218973570985,13.278296902156828,-344.67250194346394,181.930862,-3129.658532,-225.75663,-97.392199,0.2174020000000001,-93.07878799999999
559,-0.170867,-0.476512,0.865517,3.72618,1.34429,1.64052,-251.65910643972126,-160.42531784765484,106.98898204257375,217.369874232322,42.56818586814208,-355.3169118614044,499.018417,-3075.920288,-357.484107,-104.71397,8.703702,-97.184046
560,0.191829,-0.72634,0.943047,3.19486,1.44062,1.53024,-231.46578190813048,-164.8777728736165,81.64190214378127,252.93680232286295,46.4718619179274,-353.3172891563978,79.11268700000001,-2965.39516,-282.477967,-101.04350500000001,-15.886392,-94.15537900000001
561,0.377765,-0.658608,0.929564,3.24348,1.53017,1.53133,-213.029718934206,-168.38140979084147,80.33097470852194,262.5481693361825,24.99453896744849,-355.30316087432124,-74.579295,-3093.7954919999997,-298.48197400000004,-95.76398300000001,-13.489169,-92.531138
562,0.122756,-0.736238,0.8585,3.81119,1.3276,1.61373,-232.1779684474781,-169.93699020462165,86.56074481497937,227.49633030346413,18.778462552294677,-334.39822276117803,131.56560399999998,-2931.643162,-366.39513,-105.18289,15.173096999999999,-97.412948
563,0.287841,-0.442763,0.758835,2.89054,1.49822,1.43615,-195.49377265643201,-175.16236529621477,118.09061228102858,226.4804761326972,22.49489599463125,-349.21949500562215,89.319523,-3264.834737,-467.663775,-97.528333,-28.159688,-92.761154
564,-0.14357,-0.650825,1.12532,3.72956,1.28229,1.73529,-257.1016325356689,-143.07902060006916,60.558774156352364,245.25974082590506,52.94221700256027,-358.8033600447754,414.56384,-2921.538475,-97.540414,-107.57137,3.9642457,-99.99768900000001
565,0.226078,-0.870521,0.927006,3.04566,1.56353,1.70896,-241.5206182548813,-168.83633828017534,71.06682011905167,277.3436584798458,74.87297875210572,-359.89484464449964,1.1888469,-2839.656879,-301.348296,-93.828911,-35.096119,-92.279719
566,0.102923,-0.828483,0.811669,3.78281,1.30257,1.52716,-238.04104556505183,-174.28803170084512,82.14438613011099,236.66995756130376,21.470905823173446,-335.8489518984493,117.655457,-2838.3597170000003,-412.554979,-106.84483999999999,18.434408,-96.63361499999999
567,0.0549316,-0.681216,1.17321,3.46795,1.51809,1.529,-236.77423588001756,-142.97474228135536,54.53171651781221,263.544542941915,35.69704680581519,-357.0283367954602,217.5395784,-2962.013084,-53.322652999999995,-96.429288,-0.5117039999999999,-92.631174
568,0.122354,-0.757846,0.847375,3.59951,1.48556,1.6374,-235.1201067254749,-175.28669713775815,89.5538763367428,257.6390669475016,32.832257830161076,-355.4034284884691,128.475306,-2912.596054,-378.900935,-98.07075999999999,0.9182852000000001,-93.800972
569,0.12392,-0.519732,0.960418,3.42222,1.50484,1.72625,-217.4202945182935,-158.30021738551463,96.41962959579546,234.6852317589706,30.36613288835899,-354.88146393710497,212.11065,-3137.2025679999997,-265.908068,-97.27088599999999,-14.337387999999999,-93.88689
570,0.373709,-0.543025,0.853,2.95618,1.53552,1.71016,-208.24380247147823,-173.25556175401937,100.93339110583608,249.60218795520154,46.83677873764622,-357.80698643904293,-24.333533000000003,-3198.238175,-374.84989,-95.828137,-40.190737999999996,-93.376175
571,-0.0542572,-0.821889,0.837538,3.59576,1.44303,1.70785,-254.16293200444292,-175.63620139278794,87.19443613639407,260.50213704977034,56.03194920858275,-358.823413567605,274.1551572,-2791.3724110000003,-387.667598,-100.28516499999999,-3.1380447,-95.31647799999999
572,0.356488,-0.832618,0.749132,3.05601,1.42492,1.58746,-228.9006498593298,-182.91906792669585,86.14878816028032,266.60700235688927,55.17589296687779,-353.49204128391267,-109.038888,-2920.2090820000003,-477.282672,-102.546234,-27.024163,-95.24999199999999
573,0.230518,-0.758545,0.878178,3.71344,1.53308,1.48913,-225.85480622041433,-173.10258202271945,78.74560048939496,262.03021548938426,8.548014641336264,-349.03213780661434,22.606298,-2947.958455,-349.676778,-95.67263000000001,15.910129,-92.37205300000001
574,0.149329,-0.407512,0.722995,2.87752,1.53058,1.63596,-204.0623564826135,-168.44443514830584,128.7682537510866,216.40787809429733,42.92553964496517,-357.0552658118313,233.93845100000001,-3248.3797879999997,-503.233135,-95.984899,-40.334647000000004,-93.25390999999999
575,0.201242,-0.656926,1.18496,3.74431,1.51326,1.69728,-221.47912753900025,-141.32519678917373,47.602766013956625,262.70114906748245,14.376771586981642,-351.2540681361317,86.685331,-3034.852474,-42.095298,-96.562749,5.819184,-93.498694
576,0.0922107,-0.564099,0.877417,3.40498,1.33155,1.55851,-224.68597231834747,-162.3653529419678,99.99603215300206,216.1059293362634,31.102440950881608,-340.7849833035013,224.9583293,-3084.282801,-345.83766699999995,-106.7402,-5.0090837,-96.361508
577,-0.399672,-0.44557,1.17547,3.80866,1.79262,1.5249,-287.86660134521844,-146.19820283676137,68.45527848884538,268.5751123831637,66.649315518593,-356.43589843529486,722.040302,-3025.47803,-53.289142999999996,-83.157257,19.326134,-87.594421
578,-0.141537,-0.805245,0.879163,3.1628,1.29702,1.44274,-265.1511165994619,-168.34932415431413,81.30844070701512,250.94577398478336,77.00552766558265,-356.68628099176703,365.15494700000005,-2775.898955,-343.757683,-109.35156,-12.244089,-95.149139
579,-0.359598,-0.404777,0.997319,3.55949,1.86334,1.44419,-288.99418228603594,-162.2645123700248,97.15072374238238,260.7777297492283,77.28971473196752,-356.6003373224974,701.223278,-3078.183823,-232.62907900000002,-77.972659,9.720566000000002,-87.851972
580,-0.123397,-0.570141,0.9348,3.02397,1.42207,1.59156,-267.99527909449125,-161.11916973755825,94.67210832064644,237.94478865546984,95.87417377483091,-359.922919576461,432.792577,-3002.741459,-289.30189,-102.764593,-29.119455000000002,-95.359769
581,0.331217,-0.758633,0.941037,3.48223,1.48727,1.72359,-222.5809253790368,-166.37032792993227,72.38748783682821,265.44504394836395,32.00588080224389,-354.4013253047853,-64.956847,-2983.518967,-285.966167,-98.189072,-10.702762400000001,-94.290079
582,0.13591,-0.400484,0.880881,2.9386,1.37535,1.62271,-201.37174667667915,-151.57770357524467,108.53195738486106,204.84616274635243,37.56271197832018,-343.179373929353,247.65455,-3251.1052160000004,-342.741021,-106.40755,-35.40971,-97.307986
583,-0.304984,-0.429463,0.719516,3.66715,1.75841,1.56082,-278.02719712943684,-183.57567755991576,125.82095885293366,247.83518611501813,67.17815556349876,-358.5426642479909,642.158414,-3073.379437,-509.162046,-84.30749800000001,9.167923,-88.11098100000001
584,-0.333664,-0.472726,0.886017,3.2582,1.9157,1.60294,-295.3694836724566,-176.35411751008687,104.43874689644646,272.6941059723591,108.83963572084632,-350.6501706200638,661.193434,-3022.742174,-345.13678699999997,-73.079016,-15.893937,-84.41209500000001
585,-0.325273,-0.553491,1.06308,2.81857,1.83195,1.57737,-298.79577128733894,-160.28437023005264,72.61838982826593,288.43325660460283,136.30436763044233,-349.54321615987106,631.558263,-2947.260309,-166.91376000000002,-74.903618,-39.969528,-85.342136
586,-0.297779,-0.723242,0.846021,3.31593,1.77898,1.49612,-278.8081386042001,-180.67536520096354,93.08501522813407,279.38854485066764,84.40355871631184,-359.1064547183997,539.408409,-2800.444958,-383.468981,-81.635947,-7.2318619,-88.43385500000001
587,-0.326487,-0.454197,1.18955,3.64918,1.86155,1.69407,-286.09272401149343,-145.62868278840133,70.02460988970869,270.20231252133516,83.19690959976631,-353.5304294561865,655.225677,-3043.574303,-40.47911199999999,-79.154728,1.0392726,-84.356419
588,-0.37951,-0.849828,0.851627,3.08411,1.81872,1.59658,-288.7741664927057,-178.4866664235638,71.53206184869788,302.3641524354137,112.83028676393249,-354.76056984233236,577.91585,-2652.208872,-377.972917,-77.618696,-25.98097,-86.129588
589,0.382489,-0.596019,0.978595,2.82968,1.33147,1.41392,-211.06848440147317,-158.50533627617145,78.59147484250477,240.24406828732987,42.10557974435345,-340.9259309211035,-53.186685,-3152.5223809999998,-246.126395,-107.90151,-29.858975,-94.749798
590,0.358379,-0.75987,0.829964,3.67569,1.4526,1.56285,-219.2102146702822,-174.35621367846568,79.08364558852215,238.83000844894698,9.84393058236316,-327.47918442717815,-96.518817,-2991.56523,-396.765264,-99.647135,9.714243,-94.06803099999999
591,0.0155634,-0.686645,1.04199,3.41487,1.31971,1.59424,-243.42856771266696,-151.7696444366135,71.90333849994266,241.68161939531308,50.021908416557984,-352.10032679953997,254.87718660000002,-2942.5133549999996,-181.39133,-107.42143999999999,-6.4033432999999995,-97.081883
592,0.15246,-0.765555,0.733336,3.05199,1.43422,1.4744,-238.5784799768845,-184.6356494809078,101.15913647711763,254.31705765133313,58.51560665891585,-354.53597038664105,103.14174,-2914.6086450000003,-492.547576,-101.548438,-21.00516,-93.87776600000001
593,0.0830934,-0.480306,1.11892,3.49471,1.28258,1.4459,-213.07727443120186,-129.75832482107268,58.79234527396403,177.90053059914496,16.191787290397066,-293.5297161922915,258.4923466,-3160.481294,-103.42275000000001,-109.05196,6.606548699999999,-95.352488
594,0.0930199,-0.499622,0.854717,3.29978,1.41863,1.71547,-220.9709139747192,-162.4300971728176,108.89979628933504,220.2850834939476,40.80582498609918,-351.3337092696549,250.4386201,-3144.770178,-369.584897,-102.516556,-20.288712,-96.419703
595,-0.00570947,-0.734762,1.05747,3.59994,1.55378,1.69777,-246.30596175981393,-156.24158002760956,70.22457216020935,264.8205199516714,47.28007618373894,-359.6754018089645,257.57976947,-2890.140038,-169.72675999999998,-94.593109,-2.6097143000000003,-92.353904
596,-0.143992,-0.577781,0.787902,3.54082,1.25172,1.43801,-252.72251610748404,-169.8206797722101,107.77851788426402,217.3910736707418,43.837631159033926,-349.06880710550274,438.57889200000005,-2988.925719,-434.03971199999995,-110.71786999999999,9.867716999999999,-95.696646
597,0.0855599,-0.573249,0.932625,3.61222,1.47869,1.57366,-223.6237085661749,-162.80767635980882,95.06000074795001,231.7499689745154,17.306018314587977,-347.1224694754434,225.5254801,-3073.861751,-293.078305,-98.370307,5.4263949,-93.67859800000001
598,0.159076,-0.692753,1.1355,3.59847,1.3831,1.46765,-227.0081702620127,-142.32328926829163,50.69364413556936,237.42626185087644,17.33695803552504,-331.8938242386612,113.542404,-2986.0148470000004,-89.306187,-103.48984,11.003858,-94.337209
599,0.22088,-0.512818,0.895328,3.44578,1.51215,1.71915,-207.2674823885753,-165.9469121193306,101.38316297501379,234.42969258234223,18.528137291602025,-351.42882026364657,123.18854,-3177.426482,-331.114658,-96.807295,-12.569577,-93.679033
600,0.218001,-0.513533,0.779102,3.14405,1.22234,1.45247,-209.64926794293413,-165.79622421921118,107.64673759138394,194.84919513690983,29.856601521149145,-320.86667851357333,126.070209,-3174.813767,-442.549232,-113.68095,-13.511852999999999,-96.369217
601,-0.295988,-0.683341,1.07713,3.59096,1.72701,1.537,-274.28406385384716,-157.35999364370494,69.97189777255666,276.1811271135253,66.52784846602528,-359.6507646237739,546.561108,-2838.243859,-151.76527000000002,-85.54764999999999,6.0858639,-88.886813
602,-0.38742,-0.779873,1.008,3.62212,1.60968,1.45811,-280.01478772074563,-161.83995064383285,64.3569113802746,279.64236515391065,65.98640334962666,-359.8936987289094,598.48698,-2716.274427,-218.80291,-91.689774,12.35174,-91.046881
603,-0.262747,-0.631784,0.963573,3.30982,1.6117,1.66224,-280.5545139637589,-165.55157124069032,87.50898996592089,260.36978379909516,96.08731407461958,-359.4066846030482,539.9628769999999,-2898.088416,-263.228303,-91.044997,-17.258427,-90.842163
604,0.132315,-0.816977,0.900024,3.25147,1.32218,1.57825,-241.39628641333795,-166.86650938051557,77.83860829970287,251.96735773350161,56.48051786639067,-352.03730144207555,102.84179499999999,-2859.710523,-323.894054,-108.01428,-14.867028999999999,-96.98352899999999
605,0.172036,-0.41605,1.13378,3.24507,1.27217,1.57755,-195.8169208528858,-127.7105736612751,61.354039575993944,185.80620225636005,19.651191865837948,-302.80819472664007,203.178264,-3251.19115,-88.358647,-110.79768,-14.780064,-97.866409
606,0.0740336,-0.675729,0.871349,3.09555,1.46746,1.62665,-243.5672234990886,-170.40337784985815,97.21317614205165,246.88006547053502,69.47571632197337,-357.5525931780048,209.34533639999998,-2971.248471,-354.684409,-99.92136,-27.210635,-94.555705
607,0.035831,-0.891314,1.11303,3.78196,1.53982,1.73484,-246.71104292097147,-146.85939613234234,37.62224229323427,286.97794380497055,39.40018762730473,-359.37230713534035,162.645499,-2756.974286,-114.51877999999999,-95.361474,5.7455662,-92.80452500000001
608,0.196916,-0.668509,0.774937,3.37724,1.24408,1.73816,-227.7690582139464,-174.6128987706843,101.12132126263899,227.80801934401532,46.05812909406343,-346.14156573017937,94.422031,-3020.652991,-447.567587,-112.3109,-15.727446,-101.518941
609,0.360298,-0.494401,0.962039,3.11745,1.54145,1.57109,-198.7000444779841,-163.1623372349948,89.90395354956775,248.3571506663823,20.1209026662862,-355.4005636994935,1.4659168,-3241.528699,-265.448699,-95.079041,-22.927213000000002,-92.48179999999999
610,0.193954,-0.587965,0.735081,3.44508,1.3145,1.72049,-219.152345932974,-176.9305130519885,111.53597510473196,218.73351378473333,32.5971732468189,-341.6014481615627,123.170076,-3096.687735,-488.254331,-107.77868000000001,-11.660776,-99.11814
611,0.28466,-0.749146,0.866157,2.9034,1.4288,1.63384,-232.26276620115746,-172.35601801566398,86.73492398469915,257.1887221205288,69.79542677165635,-355.19429889324635,-10.981116,-2972.595354,-360.14142699999996,-103.12917,-38.389416000000004,-96.09880100000001
612,0.230453,-0.595407,1.0916,3.77474,1.3387,1.68083,-214.38591003528066,-139.68825636848496,55.94824007471414,192.21759998387398,11.273288393876024,-296.8459959105087,79.497602,-3102.745393,-132.95839,-104.6005,9.1974,-97.896135
613,0.333914,-0.841039,1.01321,3.25483,1.52067,1.42571,-226.63059107502147,-157.88482298404477,51.96824604661739,280.5115421291241,31.882179214275144,-355.77069443514796,-97.085617,-2906.460261,-214.89038,-96.302915,-6.750313,-92.282235
614,0.363407,-0.616471,1.05054,3.26313,1.49107,1.59318,-210.57287590868503,-155.45433601709982,69.04943572239604,255.70246959995947,25.211861859141614,-350.9120123324386,-46.384175,-3128.607429,-176.7594,-98.09652200000001,-15.803693,-93.656756
615,0.215692,-0.813069,0.78665,3.37144,1.29978,1.51524,-232.66612848892956,-176.7672200803762,86.34875043078097,245.6419036752573,38.445353461719215,-343.810200461792,23.892335,-2891.893231,-437.00211,-108.628,-4.3189904,-96.288634
616,-0.105571,-0.885403,0.929386,3.83391,1.55032,1.70588,-256.65472545546686,-168.21582498804864,68.75951907805984,278.1641340424731,44.68022289255332,-359.87708295285057,297.048781,-2713.5180969999997,-297.863136,-94.872977,10.358221,-92.439078
617,-0.231009,-0.602658,1.11179,3.74789,1.2525,1.46935,-261.9660442163296,-143.38268823148852,63.02421154880029,237.86629343753694,42.22040048649767,-353.6513235509591,509.57696899999996,-2935.6330420000004,-110.36325,-109.78452,20.007658,-96.376934
618,-0.0188628,-0.493155,0.891622,3.47291,1.4776,1.56907,-228.984874655214,-160.39781587348855,106.42347269877963,223.8878421097302,30.177687069540458,-353.0457071615058,353.15477280000005,-3113.2259449999997,-333.405942,-98.574027,-2.32148929,-93.627916
619,-0.0533355,-0.889403,1.16545,3.67345,1.51155,1.57986,-253.00154655371273,-137.68347704332223,23.233495888334396,290.1555677367661,43.03554754163029,-358.63491045300697,246.4546555,-2728.154497,-61.266241,-96.78193900000001,8.4750495,-92.94591299999999
620,0.139659,-0.569751,1.07482,3.70853,1.5058,1.65629,-218.19837120408116,-151.28893284649874,75.92607517955616,238.60426307766542,10.96721433971714,-345.5915262468538,174.614031,-3095.859249,-151.77582999999998,-96.91223099999999,6.1233603,-93.529239
621,0.172226,-0.69509,1.17571,2.95017,1.38672,1.42079,-233.54561870445536,-139.27114309362975,48.40994895573693,258.4371971561189,56.6777299394747,-351.1280174212029,109.047994,-2987.45941,-49.11128,-104.34792,-23.575282,-94.012822
622,0.0659227,-0.597224,0.772996,3.81509,1.25243,1.68629,-227.7220756747457,-170.7242342151314,106.47446594254627,198.56310756494784,19.988893190288056,-327.77597656505594,233.95962730000002,-3043.1263759999997,-450.185726,-108.33868,11.844228,-100.185884
623,0.343575,-0.724716,0.743003,3.29451,1.32308,1.72133,-221.8761872910259,-181.35775793496435,95.6008729065535,245.0878534873658,43.31320288915069,-346.90130776652285,-61.509982,-3018.4813839999997,-481.17380299999996,-108.28318,-20.257718,-99.211953
624,0.0548947,-0.822032,1.18221,3.31558,1.32021,1.62887,-247.85695851123307,-133.70084740936787,27.793151317765002,269.8178578408024,61.81412468548399,-354.8367732290847,173.46566529999998,-2827.880468,-41.703098,-108.00121,-13.980725999999999,-97.640652
625,-0.0309041,-0.74919,0.786927,3.67676,1.37429,1.6892,-248.17896079209663,-178.46374811175858,97.7792584436409,246.85829307432004,44.61977584516701,-355.90591247479887,276.07747409999996,-2867.83961,-437.135067,-103.440341,2.9498938,-96.950682
626,0.388046,-0.545599,0.937934,3.75366,1.44433,1.48122,-202.62136762785946,-141.6443342810616,40.32115998719801,120.02033413502919,18.763336466503226,-202.0054379980938,-53.550981,-3202.538501,-288.679034,-100.011906,18.784905,-93.77278899999999
627,0.305782,-0.4074,0.760185,2.98634,1.78592,1.42949,-188.46644529915247,-181.8270103691765,111.14063422609169,-56.49266457164745,15.336876964282363,-53.787788116614344,82.698323,-3304.4301,-471.246025,-80.153096,-22.41834,-89.01116400000001
628,-0.369734,-0.503399,1.102,3.33047,1.71812,1.43914,-292.3224941179509,-153.5687319133243,76.06816871274862,-94.20457475981969,93.75308401725661,2.1009216431857025,680.646754,-2982.595601,-126.44141,-85.125821,-3.2955205000000003,-89.77406099999999
629,0.205668,-0.495111,1.15153,3.10887,1.27925,1.58045,-209.9013693727917,-134.8966103278059,61.81584355886938,-136.18347353566972,35.991948182969026,24.885447803255587,145.016682,-3187.6338889999997,-71.49851,-111.27539999999999,-22.817716,-98.174884
630,-0.347503,-0.802904,0.808687,3.0179,1.79248,1.42478,-285.91854484177367,-183.73954348932315,84.39725618056539,-67.63480292621803,104.40093168196783,1.661405718540848,562.4257729999999,-2707.011596,-421.54102700000004,-79.9195,-20.31268,-88.91510099999999
631,0.201697,-0.711903,0.760627,3.04905,1.23995,1.50114,-232.25875549659156,-176.90644882459299,99.36635153615327,-125.40499149366867,56.05526859084458,15.0576173349356,76.617075,-2981.036097,-461.672667,-113.40831,-21.588026,-97.365476
632,-0.245426,-0.445835,0.842823,3.12092,1.28694,1.429,-282.09175972809487,-162.25076138294165,106.29570311046545,-140.3677843135101,94.9482739778995,-1.1580909434081765,586.7824159999999,-3078.494765,-378.592443,-109.91282,-13.844168999999999,-95.078191
633,-0.0729702,-0.834378,1.1435,3.01536,1.67199,1.60501,-264.64290303518084,-148.47227232563563,46.9588760437886,-72.73756504965313,93.79777472527681,-0.38808150337596053,294.73128019999996,-2770.431822,-85.760841,-86.748121,-30.795514,-89.42444
634,-0.131492,-0.698985,0.903894,3.04249,1.7133,1.56737,-268.45822899295695,-173.48875557663763,93.06438874750935,-91.42114579107415,93.90950149532732,-0.2913931565742487,395.74369199999995,-2878.781315,-325.210584,-84.208267,-27.076102,-88.75733799999999
635,0.213079,-0.51513,1.04218,3.82268,1.90936,1.57146,-208.15155626646217,-142.98047185930668,45.52212707671855,46.57396299701971,19.40430435191608,-118.29458525609516,120.45971100000001,-3170.97277,-189.87129,-77.94234200000001,17.740235000000002,-84.81009900000001
636,-0.347661,-0.531463,1.13905,2.98802,1.90732,1.71189,-301.2761055824603,-153.67644797880888,62.270772048203256,-61.022297012613194,135.18881880332262,17.225116673915505,659.505261,-2959.919937,-92.365351,-69.67296,-37.024203,-81.04624199999999
637,-0.0103004,-0.812372,1.10626,3.60177,1.56301,1.7125,-249.90184488205497,-151.06719817978313,54.550910603949085,-83.9921750194079,51.62435677797987,0.06720565753766504,235.6946004,-2815.653628,-121.00510000000001,-94.111338,-3.3667183,-92.09949800000001
638,0.293248,-0.451185,0.718593,3.58164,1.29882,1.63437,-195.34079292513206,-162.65011296614782,99.84706312626804,-233.53072180178197,15.720701391240501,110.37974627415797,73.00299199999999,-3259.9140150000003,-504.737483,-107.56726,1.0098028000000001,-98.13790800000001
639,-0.200378,-0.67445,0.979009,3.7705,1.52529,1.5858,-260.8951860972301,-162.89075524010278,82.98663408895331,-103.05390790561526,45.67951858304099,0.4779270152304249,458.185578,-2879.57295,-246.769569,-95.993247,13.679455,-92.693697
640,-0.0513607,-0.649877,0.840024,3.12124,1.70129,1.48775,-253.67018830063043,-177.5011790159388,105.1721328742139,-99.73017973606136,70.20566455297003,-2.8989945560234265,334.61659069999996,-2953.7220230000003,-388.60517400000003,-85.443266,-18.076077,-89.691726
641,-0.225523,-0.812975,0.918671,2.8246,1.88274,1.71956,-282.82170795909155,-173.6222547429031,70.40276203449504,-54.999364670197984,128.231392297049,8.125973929442901,450.391673,-2735.337225,-312.64579100000003,-68.762263,-46.853663999999995,-80.097018
642,0.022653,-0.436314,0.95807,2.88294,1.82301,1.72821,-244.28857736315828,-160.02310147547303,106.39539776681822,-112.41145461569187,88.578129211635,-4.150368758056852,343.756497,-3175.8162859999998,-272.5892,-74.030653,-44.639011999999994,-82.678842
643,0.103446,-0.751467,0.925604,3.7448,1.64826,1.44448,-233.79084464077138,-170.06705162411635,74.2891347588674,-66.98621470212994,12.426079477679243,-14.380266629531942,143.328694,-2910.711733,-303.617954,-89.897841,20.153128,-90.593859
644,-0.262848,-0.48547,0.856091,3.43004,1.8219,1.48667,-274.78139122002074,-174.40319621766642,111.58009285495704,-102.7926391510356,73.3872991893315,-0.058237722128277394,585.280758,-3035.6230299999997,-373.742721,-79.70097600000001,-0.13886700000000007,-87.92614300000001
645,0.0279728,-0.501874,0.736191,3.16824,1.75929,1.61943,-233.0328214778133,-180.96986550766078,125.9389881587306,-111.74338582656932,54.93954787638632,-7.434814941176588,311.90422720000004,-3119.542226,-493.50460100000004,-81.761196,-22.69734,-87.48796499999999
646,-0.165587,-0.687058,0.978904,3.49761,1.33757,1.47852,-260.26206773361054,-158.7328005208384,79.87948396595885,-116.4846115812769,55.00343267054341,4.144249568804855,423.290387,-2879.382542,-244.384004,-106.17272,4.757624099999999,-95.055341
647,0.190676,-0.552881,0.781512,3.05902,1.76667,1.40474,-216.39298119162393,-182.9981361024239,112.65095097405654,-89.00383685341721,33.370608974466,-18.430791762209296,139.35521400000002,-3128.304519,-449.20545200000004,-81.569064,-16.933426,-89.584474
648,-0.235644,-0.69506,0.860679,3.48017,1.4446,1.7217,-273.8228328287669,-172.42992957123585,93.4648862463058,-107.89998493683177,82.92475464707918,-1.6161248639916592,490.86101399999995,-2847.85664,-364.351639,-100.56631300000001,-10.503132299999999,-95.478891
649,0.235829,-0.654663,1.08069,2.90454,1.29116,1.61306,-229.87410515325706,-147.45928294384433,64.94591199366909,-114.40878548951791,67.26524514835864,10.496357623678628,66.538909,-3044.7494370000004,-143.10145,-112.30675,-36.181895999999995,-99.455911
650,-0.107224,-0.58279,0.908658,3.25157,1.91512,1.46165,-255.22977941897653,-173.52714374891139,103.5993637265798,-88.15643227441873,63.970164868561284,-7.787928830315714,407.159134,-2997.04011,-323.393248,-73.578136,-8.7053966,-87.01709100000001
651,-0.337868,-0.756891,1.0066,3.45799,1.89161,1.66823,-282.3770927100701,-166.84760177327627,70.97571982962586,-66.69973580456453,88.92591459327942,5.531357472504773,565.3829579999999,-2754.457809,-224.58339999999998,-76.036335,-8.2214542,-83.944693
652,0.2969,-0.551065,0.936681,2.82829,1.8866,1.4849,-213.717268288363,-171.4656416020307,96.61500820393506,-82.41081150484682,49.86801195278585,-20.89399461925622,43.547019999999996,-3164.162335,-296.36418100000003,-72.607365,-34.274521,-86.37970399999999
653,-0.353248,-0.8211,1.03191,3.19025,1.79033,1.73941,-288.0304672746259,-161.0045781785321,54.698504531974784,-59.89987269195191,114.15381927068469,6.321271466339833,563.003528,-2687.9051,-197.69261,-79.309582,-28.006379000000003,-85.059257
654,-0.150304,-0.59538,0.936861,2.8695,1.72174,1.59634,-276.2309744417017,-169.09130449900854,95.02734215362754,-96.87169329615368,113.14541355125445,1.2116052014733953,451.795734,-2967.7134199999996,-292.400121,-82.711286,-38.575087999999994,-87.968847
655,0.155652,-0.858911,0.803798,2.90969,1.58513,1.46636,-244.71657683612105,-181.19389200555693,87.03400795375745,-84.99943482324788,71.98068780228532,-0.4984572389455525,71.061757,-2827.0588890000004,-424.014938,-92.201354,-28.965974,-91.503137
656,-0.16064,-0.600902,0.943509,3.74799,1.38486,1.55214,-253.81228183382285,-161.2234480562721,91.29280324496486,-124.23100097144561,38.36634258177067,5.018457113459562,444.83163,-2962.1795979999997,-280.505449,-102.882396,14.680543,-95.32882099999999
657,0.15322,-0.847604,0.772206,2.9652,1.31873,1.43004,-243.25954516310335,-179.00519322815717,88.47614272410172,-105.02029905850425,66.35997183205194,8.891846614194272,75.730783,-2837.242996,-451.241316,-108.46867999999999,-22.980824,-94.96091600000001
658,-0.0649426,-0.801309,0.827283,2.87906,1.62468,1.42036,-262.6060380734907,-179.81134484590626,91.86977174466158,-89.08576981812092,89.00383685341721,-0.8934073603695414,299.13891259999997,-2805.6281910000002,-400.122583,-89.669088,-28.058692,-90.975474
659,-0.347452,-0.45535,1.03913,3.35739,1.89389,1.53396,-293.6225353551027,-161.40736750850908,89.37740533584251,-89.7303473376431,98.02161959098125,6.698392287094941,677.074932,-3034.89445,-191.62302,-75.274768,-6.6528047,-86.10486499999999
660,-0.309934,-0.571317,0.938322,3.12782,1.75877,1.74434,-293.9256300287269,-170.96946015144738,90.33710964268664,-86.35218817755177,123.91014460617237,7.166670693055363,609.255824,-2936.481083,-291.132202,-80.832509,-31.995938,-85.82780799999999
661,0.0167825,-0.865777,0.997685,2.8009,1.90649,1.68565,-262.22158339295794,-166.85275839343242,64.59182407627823,-58.65368948754238,108.34001652349222,-0.46007135850296793,203.7673675,-2768.634923,-234.625275,-67.403696,-46.195664,-80.122293
662,-0.0363696,-0.563813,1.16692,3.41975,1.80625,1.42167,-238.2226731861083,-147.59049027892928,69.62296647532199,-79.27272166091531,35.438585544431675,-15.137258468458786,342.2202396,-3040.1426869999996,-63.867686,-80.521626,2.7824496,-89.00487500000001
663,0.156574,-0.771959,0.835077,3.78766,1.4582,1.69204,-232.16192562921444,-176.14498791486412,86.8288890631006,-104.25597335979973,22.439204496944534,8.638198198289857,89.92111399999999,-2910.508441,-391.133437,-99.087978,8.744237,-94.90959400000001
664,-0.384557,-0.697798,1.06832,3.52301,1.88063,1.64041,-286.3522738926877,-160.7066401250641,66.68426594409598,-69.53014731251079,87.54909701158005,6.03737087885251,627.972907,-2794.2731019999997,-162.3438,-77.186312,-3.0712453,-84.663767
665,-0.326377,-0.871804,0.8784,3.38804,1.48463,1.44026,-277.2393801611319,-171.68451147977066,72.00589794527107,-85.24752554853953,75.60006219412672,-0.020535208447945295,513.257387,-2650.798196,-347.10275,-98.275233,0.13260380000000005,-92.662549
666,0.0526783,-0.451225,0.797247,2.96135,1.85392,1.45747,-222.64509665209147,-173.95170547510332,123.32630061293405,-107.98420973271598,48.902578067990405,-17.45298198903903,306.0872617,-3175.2599750000004,-434.03505700000005,-75.722438,-25.25273,-87.769021
667,0.397486,-0.572624,1.17053,3.07214,1.64412,1.49392,-205.50219942177722,-145.90255661447387,52.55231922297375,-76.8393699049947,25.36587291447278,-9.23476185458007,-61.931493,-3180.977476,-59.326561,-88.836591,-21.266117,-90.648745
668,-0.308524,-0.587831,1.04209,3.68367,1.44646,1.61547,-276.53979869327725,-154.42473085924973,77.69307701973963,-109.85205214484247,67.92300069716883,-1.2561412108889143,591.089324,-2923.823969,-182.70239,-99.97496000000001,7.2022669,-94.571685
669,0.0403301,-0.693035,1.04219,3.74256,1.90772,1.41754,-236.03397440870856,-158.03264609518854,59.23294981841963,-25.636939247349172,19.2984217513759,-42.82240724184162,221.51048989999998,-2943.0972650000003,-190.00444000000002,-76.53291399999999,21.700471999999998,-87.574123
670,-0.373393,-0.625775,1.17925,3.03103,1.71717,1.69787,-298.41188956460127,-145.65503884697736,45.85644795017738,-69.05000868019116,131.51787820991942,6.476199254143208,650.951203,-2863.253025,-49.391746000000005,-83.278664,-35.023066,-87.354486
671,-0.0775239,-0.550038,0.812068,3.05518,1.65737,1.4602,-254.4064390673735,-174.91484752871824,114.43514154809394,-114.34690604764378,73.07274535980467,-1.9795176159754324,394.0069839,-3038.453262,-415.934078,-87.97928300000001,-20.3231,-90.506106
672,-0.0249606,-0.698193,1.10156,2.95294,1.43873,1.67053,-260.5525573357419,-148.95355687354552,64.23888207447764,-102.78175295292812,97.04988317043936,0.44981713284351155,297.9707806,-2914.3604069999997,-123.56063,-102.452003,-37.702165,-96.066313
673,-0.228689,-0.727957,0.867088,2.97332,1.62095,1.41157,-277.04915817314856,-175.82241267620546,91.17362802357763,-92.49658757253471,97.52371926701255,-0.15287717185460137,476.542289,-2819.018943,-360.023908,-90.08486500000001,-22.195308,-91.062178
674,-0.0447998,-0.819233,1.19432,3.08775,1.24853,1.70223,-262.33502903639385,-127.03104571624995,15.480517483521659,-86.92514597268259,92.90797126943865,-0.001357909974460051,273.88277980000004,-2794.5516669999997,-27.513356,-114.50177,-30.226775999999997,-101.582104
675,0.1799,-0.802496,1.13937,3.62208,1.24673,1.65176,-233.54447278886514,-136.97129050397461,31.690352944465342,-105.69753517234888,33.246850090717736,17.78122950986948,57.871573,-2889.5631040000003,-84.397282,-110.20886999999999,2.7675611000000004,-99.604764
676,-0.25491,-0.647693,0.767782,3.82348,1.68096,1.55208,-265.44504394836395,-184.93473344996607,106.26361747393813,-94.43662266684768,45.29185533885547,-0.9146640945688949,517.52261,-2884.8985070000003,-460.279382,-88.672965,18.513776,-89.53817500000001
677,0.21617,-0.464032,1.09524,2.90184,1.25285,1.52274,-207.33681028178614,-139.00070701432796,72.63901630889063,-140.5385257364591,42.18877321620645,24.991731474252354,148.98235,-3219.245968,-127.20716,-113.58623,-31.221418,-98.023169
678,-0.281415,-0.859361,0.868626,3.72663,1.46057,1.59279,-270.8165232777154,-172.75365072548476,75.41786161527513,-88.83596021944389,58.50643933419376,-0.312648744858012,471.590265,-2677.7346390000002,-356.682886,-99.163702,10.839265,-94.06837399999999
679,-0.192178,-0.506945,1.06227,3.05268,1.26922,1.66257,-280.7647894745719,-145.79655942237468,74.95090101224352,-127.53811336494074,110.30526176079096,-5.054083629160797,519.611138,-3037.603455,-159.478,-113.05937999999999,-30.306264000000002,-100.343839
680,-0.0236809,-0.513123,0.776971,3.6383,1.68651,1.56942,-229.53491413853962,-178.4362461375923,117.26096939367916,-102.79149323544533,21.55753704179722,-11.83621942759206,349.4178409,-3092.746577,-451.354241,-87.758465,6.9389825,-89.413196
681,-0.103482,-0.437234,0.84108,2.8922,1.34317,1.5185,-264.9563109491174,-160.13482824552352,110.3637034558943,-142.94093777144266,96.39155466383404,1.780019441288831,460.415152,-3133.556366,-381.66848999999996,-107.87148,-32.128496999999996,-96.267242
682,0.286472,-0.750549,0.771547,3.64705,1.43298,1.65044,-223.00262231625308,-181.10737537849218,90.59723248167603,-110.54647699254103,19.555622505610128,16.041557756513765,-23.368314,-2975.654751,-454.562617,-100.65157500000001,3.1796399000000006,-95.24940600000001
683,0.247795,-0.880877,0.947303,3.11516,1.85665,1.48197,-236.43790965427578,-170.26758685241214,64.66688154744035,-54.18536353065562,54.60769072144655,-12.518554865813357,-27.334521,-2838.404823,-286.077363,-76.292379,-17.832798999999998,-87.41026500000001
684,-0.028608,-0.78647,1.08333,3.30809,1.4557,1.53316,-252.6927223021372,-151.51467821778027,60.01732903995374,-95.92573997639269,61.096781525980205,2.452677622350369,263.268508,-2833.42333,-142.19332,-100.035112,-9.7148106,-93.782534
685,0.0519904,-0.497229,0.782971,3.54539,1.64982,1.68658,-219.8742727548388,-175.6728706916763,118.451575691961,-112.34957517381773,23.6027098915167,-7.835255144193521,286.1586996,-3133.979171,-445.17347099999995,-89.43898399999999,-5.1575319,-89.890912
686,-0.228015,-0.40808,1.07861,3.31313,1.27689,1.72131,-283.92923537707946,-141.30743509752466,77.077147389974,-132.71937070630878,101.71891624296045,-6.556470641241036,584.125955,-3120.00022,-142.91549,-110.87409,-18.841947,-100.387647
687,0.174877,-0.618569,0.985466,3.01579,1.82977,1.56395,-229.1567619937533,-166.6035217525505,90.75021221297597,-86.5945493248921,57.41896543903545,-11.5990149004079,134.70769299999998,-3059.4022309999996,-246.080006,-76.714224,-28.039979,-86.313947
688,-0.0330144,-0.732403,1.05372,3.02856,1.79945,1.41113,-254.81209318632614,-161.15068241629046,75.19669990635464,-80.41061584204512,72.73985688083366,-5.662301247003971,288.7586344,-2882.071097,-176.98542,-79.56891,-18.96451,-89.106253
689,0.0940682,-0.703747,1.12407,3.61304,1.29953,1.5573,-233.68370153308192,-142.51408421407018,52.866701165162034,-120.55547671568138,28.330184659141118,19.868572053310583,171.78521179999998,-2953.506553,-99.43554400000001,-107.63674,7.1151024000000005,-96.903123
690,0.0921801,-0.736791,0.922582,3.18256,1.79668,1.57924,-242.2826521224053,-173.55980234323383,88.95055177847004,-80.59740008325777,61.13345082486858,-6.763537588401316,168.9021999,-2920.691209,-308.74173199999996,-79.807864,-19.597151,-87.154662
691,-0.15709,-0.564554,0.930644,3.35144,1.68342,1.4711,-259.2370462381215,-166.51299442091985,100.3037104889873,-106.60739215101663,61.56202325562643,-2.1269396566625933,459.37399,-2997.918946,-297.597784,-87.153078,-3.9440831,-90.12438100000001
692,-0.346873,-0.710043,1.08863,3.45995,1.6358,1.62253,-283.6043683072403,-154.6957398963466,62.19571457704112,-83.97670515893937,88.24008411250782,1.0134477480274,589.212353,-2795.841857,-138.87868,-90.03734800000001,-6.353849299999999,-90.324182
693,0.294215,-0.452585,0.801719,3.54222,1.69531,1.50617,-195.19698051855423,-162.33441322103076,80.67188459662478,52.02410943164264,13.355359725601923,-148.2860610422181,70.104556,-3258.976215,-428.085129,-86.958056,4.8703575,-89.750689
694,-0.258219,-0.753208,1.02065,3.44429,1.68671,1.55853,-273.1988817898694,-162.52005154665315,72.23393514773315,-83.16654283662439,75.08325426291873,0.2509686922965886,489.867099,-2786.238492,-207.46516,-87.181754,-3.6203478000000002,-89.521826
695,-0.282743,-0.415163,0.76787,3.42908,1.57317,1.67449,-288.5323783031605,-174.9887590842901,119.60665860694475,-124.47737282335187,97.94770803540936,0.00755307343009159,631.655023,-3095.2891369999998,-458.17473,-93.408574,-11.1174527,-91.85123800000001
696,0.257812,-0.615097,0.788486,3.42035,1.36635,1.66508,-216.40329443193627,-175.3806622161596,102.76456421907419,-132.22147038234007,27.68589361851651,18.957225384375494,53.163987,-3093.276303,-436.063156,-104.91566,-10.311302600000001,-97.040529
697,-0.201799,-0.737563,1.11097,3.0346,1.32649,1.43088,-273.3306620827495,-145.36855994941195,53.21672108220746,-101.77735793806379,91.53802918128083,1.0895537319546273,446.334459,-2819.1189369999997,-111.76559999999999,-107.80442,-19.068839999999998,-94.675645
698,0.0483259,-0.444526,1.18298,3.00374,1.59407,1.61687,-225.71385860281214,-136.31639974414006,72.70949011769173,-114.81157481949488,56.22497868976233,-1.1039120543006058,313.4093641,-3180.072874,-44.487972,-91.690652,-32.16414,-91.372135
699,0.133238,-0.560045,1.00083,3.63268,1.42263,1.43294,-217.47357959324066,-146.30591890224596,74.73661479686459,-189.90227753375032,7.560235402530727,77.30633050802632,181.470172,-3102.161655,-224.46035,-101.375294,14.710924,-93.561739
700,0.0794775,-0.844982,1.03744,3.60549,1.7171,1.70415,-243.41653559896923,-160.303277837292,60.50147837683927,-69.51983407219844,44.67128475094928,-3.905572540087208,139.6437425,-2815.789318,-192.32637,-86.25929000000001,-2.61360659,-88.046992
701,0.0371273,-0.421341,0.803446,3.17826,1.35332,1.52086,-211.50049457900184,-155.44173094560693,116.2640228301515,-167.205700395233,29.03635514163986,22.916650227627052,328.3869527,-3199.767059,-419.74289600000003,-106.13489,-16.004511,-95.605404
702,-0.0259762,-0.784709,0.887382,3.27585,1.55412,1.43413,-251.19157287889448,-172.78344453083156,86.90108174528709,-95.26225484963119,55.634144611423416,0.4758666589991345,260.6592262,-2835.772991,-339.910322,-94.379395,-6.1131317,-91.866303
703,-0.292868,-0.881739,0.709717,2.89711,1.38804,1.58922,-284.2741559697482,-185.12380952235924,82.86917774095149,-89.3865726605646,119.01536616236973,-3.188378349610151,488.210528,-2649.8467610000002,-514.354967,-105.51133,-36.082615999999994,-96.463805
704,0.185492,-0.447616,0.816342,3.1418,1.71535,1.57794,-201.4548255569731,-173.6852801003675,115.74148532099221,-100.630869390007,23.25681527059622,-19.853732446416696,182.23979799999998,-3225.405484,-413.51293200000003,-84.42696600000001,-21.950192,-88.809505
705,-0.0491209,-0.746799,1.01525,2.91135,1.27948,1.51497,-261.68472193892035,-154.58114833732046,69.22819855447685,-110.90400265670267,92.09322528476261,3.2439495261598896,302.7704109,-2860.785601,-207.62864000000002,-111.86339,-30.424201,-97.281356
706,0.396392,-0.585434,0.848688,3.00446,1.9181,1.56586,-209.52894680595665,-181.62361035190503,95.15511174194174,-63.077496623747464,41.71654140145962,-26.545421127308607,-62.156777,-3166.709866,-385.155628,-71.106034,-28.372298999999998,-84.462799
707,0.0474616,-0.667496,1.05822,3.7707,1.86859,1.46348,-233.75990491983433,-156.28741665122007,59.79616733103323,-29.731467538692577,17.092820719019794,-42.34427396180495,224.0296984,-2969.825904,-173.47265000000002,-78.984232,20.731852999999997,-87.269521
708,-0.365939,-0.869767,0.81454,2.85746,1.33367,1.55938,-289.8249710889756,-173.68642601595775,69.18178897307125,-91.42859424241087,124.77874862359069,-5.433295745868132,561.095819,-2636.0564329999997,-408.28879,-109.05804,-36.326328,-97.338699
709,0.091826,-0.453899,0.886034,3.67999,1.37932,1.42388,-207.90060075219486,-144.05705955635747,78.14456776230271,-255.28478336730907,15.099615141318688,136.46479581307895,256.09270399999997,-3187.546601,-338.173134,-103.522675,17.952,-94.03851399999999
710,-0.302636,-0.632497,0.979933,3.67023,1.54922,1.56606,-274.44506499427894,-162.91023580513723,84.38808885584329,-102.67289097185325,63.8383845756812,-0.14533647431288463,569.702896,-2884.244403,-245.755493,-94.794764,8.955686,-92.14684399999999
711,-0.375438,-0.644163,0.973442,3.06457,1.62224,1.64313,-296.48789728855195,-165.99618648971185,76.71732989463183,-87.14172401924203,124.94376046858837,1.782769638705459,645.478528,-2846.924437,-253.18426200000002,-89.838874,-30.191218000000003,-90.505297
712,0.181666,-0.805767,0.999713,2.89636,1.24682,1.6843,-244.95263544771493,-155.61934786209753,63.34105720950764,-105.75826869863275,86.38656564525961,5.7692839265107985,66.59850399999999,-2882.9744330000003,-223.56912300000002,-116.62459,-40.047272,-102.62762
713,-0.257381,-0.698074,0.944748,3.38294,1.50256,1.48957,-273.28940912150006,-165.89076225540776,84.27693504358791,-102.32510559020886,74.77557592693348,0.05349397535927126,507.985611,-2838.214926,-280.421118,-97.26700100000001,-3.055092,-92.709592
714,-0.374362,-0.529633,0.720299,2.92806,1.48463,1.40195,-300.3960424091393,-185.56097632004406,110.00331300275701,-110.18207583483783,122.82267071101406,-2.120763171631083,682.945612,-2954.631067,-504.810269,-98.401079,-24.040848,-92.618966
715,-0.220571,-0.650858,0.975642,3.61369,1.4566,1.40338,-262.484571020923,-161.39189764804055,83.81684993409786,-110.54017445679459,45.92692175897847,2.6268281441803825,484.678431,-2894.465542,-249.223022,-99.77038200000001,15.274329,-92.810597
716,-0.183544,-0.716433,0.966027,3.64856,1.6594,1.43317,-259.39862033634836,-166.97422544600016,81.75821257619282,-88.20857143377563,42.50630642626795,-2.4169766221357674,427.56805399999996,-2845.577267,-261.868057,-89.044126,15.330551000000002,-90.46994000000001
717,0.0197423,-0.723,0.847101,2.92249,1.53809,1.5115,-253.11499219714867,-175.31076136515364,96.94044823156938,-103.47617780062667,82.22116247465853,0.6075071501772118,245.8795077,-2907.9863,-379.46162100000004,-95.214637,-30.748685000000002,-92.413484
718,0.359412,-0.584289,1.06699,3.252,1.35802,1.44382,-207.2153432292184,-147.67929873717455,63.15312705270473,-138.2421108935748,18.0129909379999,39.92117815041719,-34.000482,-3157.667111,-157.98895000000002,-105.5013,-7.4539316,-94.489842
719,0.164851,-0.786365,1.13849,3.57443,1.47075,1.48477,-232.40543269214504,-144.1928505538035,41.68806539904162,-90.85391757389465,23.08492793205697,9.871031486072848,76.579847,-2900.061435,-87.894829,-98.93734500000001,8.324602299999999,-93.228638
720,0.210352,-0.609508,1.07592,3.12158,1.47664,1.42708,-219.9464654370253,-151.4401937044133,72.85903210222088,-111.29934353534293,33.19253369173934,8.352922512094219,99.879798,-3082.411592,-150.44073,-98.808332,-14.418459,-92.887309
721,-0.132315,-0.582146,0.927707,3.70009,1.5381,1.425,-247.78705766022713,-165.30290755760353,96.02772646392597,-114.1744457513094,27.421874666520228,2.0268725777429952,423.777305,-2989.548954,-298.292677,-95.41068200000001,18.76753,-91.976682
722,0.377918,-0.411079,0.918165,3.07171,1.2929,1.70675,-189.3424977679075,-156.27080087516126,93.5485380843949,-155.42511516954818,26.302429726393626,36.229152710153194,15.357962,-3324.772821,-305.482625,-111.77118999999999,-31.845754,-100.604275
723,0.0773866,-0.874395,0.960451,3.13886,1.5638,1.64624,-250.7314877694044,-165.8185695732213,69.57770280950666,-84.17895926062056,75.16174948085165,0.0651453013063746,138.4636334,-2786.1942050000002,-266.780291,-93.74879299999999,-26.126857,-92.063445
724,-0.0264245,-0.801982,1.1717,3.15271,1.87986,1.50102,-255.43432535183823,-149.59928030865797,49.75399335155481,-61.46576634604446,71.67129059291467,-5.892699035581978,257.6744145,-2818.262118,-60.666401,-75.007674,-16.593579,-86.750716
725,0.0780124,-0.547181,1.14054,3.15838,1.2356,1.48221,-228.47436925975245,-135.79901885513695,61.871993422792215,-133.41093076503168,45.725527093989996,19.450943116439724,246.00182759999998,-3094.2818190000003,-81.459897,-113.02888,-14.247959999999999,-96.79656
726,-0.0498867,-0.722766,1.14096,3.72773,1.37611,1.51323,-246.12146934978182,-143.45029725131397,51.80346338473776,-107.12706487120029,30.045677593542315,10.125424747110934,298.1982667,-2885.7125340000002,-83.567452,-103.513522,15.744647,-95.113134
727,0.380308,-0.803237,0.856464,3.22367,1.54296,1.54108,-223.21289782706612,-174.89995062604484,75.67855741205966,-83.43526004254075,36.77632740450312,1.952817782722336,-124.696268,-2958.017663,-371.551694,-95.007548,-15.196610000000002,-92.25730399999999
728,-0.159046,-0.871571,0.933042,3.65342,1.49231,1.72999,-263.680333939361,-167.22288912908695,70.83305333863828,-87.9942852183967,63.41439580728438,-0.2934420536496365,355.939536,-2708.744429,-292.714582,-97.644254,-1.24460112,-94.075738
729,0.030575,-0.472727,0.776045,3.29687,1.36031,1.42935,-219.31506594679112,-163.4545457105115,116.9607395090306,-162.83460537617998,24.949160710074132,25.04862618330884,314.533485,-3149.5210730000003,-447.136215,-105.2256,-4.1050809,-94.103287
730,0.225365,-0.501992,1.10021,3.48659,1.32322,1.6826,-205.5457442142072,-139.35536788951396,66.8424022955521,-157.268320396484,17.576970055905342,43.46251569056178,120.848985,-3189.083808,-123.46905000000001,-106.91606,-7.1934016000000005,-98.281802
731,0.3272,-0.60849,0.787377,3.62078,1.55409,1.53445,-209.82803077501495,-173.00288736636668,96.43681832964938,-177.52065958097324,0.8915853545810253,73.57637526172466,-15.558105999999999,-3123.92701,-440.67652699999996,-94.480074,7.895194099999999,-92.090721
732,-0.17478,-0.481908,1.00965,3.43494,1.24144,1.41677,-255.53860367055205,-146.5001515947953,85.49103261147013,-142.35251011584327,51.37357315105111,9.384189247550188,501.21681,-3068.847292,-211.68454,-111.66257,4.9896155,-95.341169
733,-0.0830547,-0.545662,1.02087,3.35664,1.54326,1.58582,-249.1953879206587,-154.25685422527638,89.5298121093473,-117.11257332474027,57.688255602746935,0.5938191884515365,397.1309847,-3041.210338,-205.41114,-95.037264,-10.1375564,-92.39441599999999
734,0.265519,-0.520032,0.779254,3.21332,1.26242,1.42334,-206.05796848305414,-166.87624966303278,104.67423255024522,-171.9956275625267,21.915177297517882,50.77700949476089,77.774612,-3185.311968,-443.342624,-111.00439999999999,-8.1332018,-95.23900499999999
735,0.149935,-0.790621,0.874874,3.36061,1.50499,1.42469,-235.0238498158929,-173.12550033452467,83.07658846278883,-96.49697889813812,34.20248639721644,4.5707192444545806,91.320938,-2891.035179,-352.176674,-97.166648,-0.6581711100000001,-92.415285
736,-0.170473,-0.597159,1.08331,2.99847,1.46138,1.65939,-277.24281790790275,-150.3326662864254,72.2889390960657,-108.58409654421796,110.39750796580702,-1.465259346955762,469.113693,-2960.155141,-141.73598,-100.698328,-34.567959,-95.169307
737,0.159818,-0.587602,0.994986,3.12667,1.38806,1.61206,-226.0026293315581,-155.32427459760515,85.73969629455691,-124.13187927288799,50.01440266944177,9.01801192068208,157.889972,-3083.958998,-229.690366,-104.7025,-24.175245999999998,-96.322303
738,-0.0977296,-0.582781,0.863437,2.81304,1.34259,1.67113,-272.35376904205145,-167.192522365945,99.02143094348453,-125.69490813800486,116.6599366665869,-2.085108008040092,407.9177396,-2996.356119,-359.847497,-110.41584,-45.074059,-99.95620600000001
739,0.0501005,-0.897489,0.973682,3.5477,1.50577,1.60767,-247.0445043577376,-162.799654950677,61.95106159852026,-83.92170121060681,45.89185674191647,1.8026570037744498,149.46919949999997,-2756.352411,-252.768472,-97.076081,-0.3269778000000001,-93.16479
740,0.238961,-0.852865,1.1122,2.94798,1.66627,1.4766,-237.71445962182727,-150.87812210738994,45.99647883530736,-69.13079572930461,63.521538914973846,-3.7759924051404212,-7.6219269,-2861.521635,-117.92074,-87.280419,-27.437628,-90.29976
741,0.200237,-0.489955,1.10194,3.14886,1.31889,1.41097,-206.2917352634675,-138.9697672933909,69.23278221683789,-152.19076841603464,21.90967690268463,39.63997046456698,149.651093,-3191.625945,-121.39395999999999,-107.88263,-11.385427,-94.472632
742,0.366774,-0.641495,1.03829,3.09134,1.59635,1.69287,-215.92143692623125,-159.00552843132067,72.82064392994711,-91.76377455256238,45.75990456169784,-1.5331491161008135,-53.398092,-3104.389205,-190.47697,-91.613263,-31.532172000000003,-91.23503099999999
743,-0.341784,-0.850389,1.12736,3.44193,1.79445,1.48757,-278.57895548614783,-149.88747807960874,39.76642224995235,-57.30723866898494,76.46465550697914,0.8248987968057488,534.485094,-2665.684911,-102.57012,-81.296881,0.4727737000000001,-88.24996900000001
744,-0.219379,-0.590471,0.877925,2.84507,1.75755,1.74275,-288.28142278889317,-176.44693667289806,95.6581686860666,-84.80978579305959,134.4359522605207,6.995986565885891,520.888979,-2947.511629,-351.055785,-78.210794,-48.000237,-84.443774
745,-0.175748,-0.401301,1.15813,2.91414,1.91561,1.40903,-276.8778437924044,-146.7241780926915,81.48204691893976,-95.16771681343461,100.74488799123804,-0.8646105015862662,538.263458,-3142.8433990000003,-73.606185,-72.103353,-25.142074,-87.727133
746,-0.286993,-0.878531,0.956424,3.64897,1.45091,1.41352,-269.9232820751065,-163.30385781039212,61.23199956563108,-85.56150642027123,51.8820158984502,1.3206333403088397,468.816123,-2657.790269,-268.14164400000004,-99.99424300000001,16.667324,-92.88818
747,0.134035,-0.699475,0.774333,3.33945,1.23652,1.73452,-236.27862738722942,-175.00021824019274,100.38105979132997,-128.25660244003478,55.831299388727935,9.357432118517579,142.713155,-2970.084925,-447.94874300000004,-113.10664,-17.681641,-101.77300000000001
748,0.22708,-0.77652,0.99404,2.93882,1.42917,1.52039,-235.72686903051843,-160.14686035922128,70.5058944376186,-99.16237856108671,64.77975423308114,5.365428895034887,31.604584,-2929.18138,-231.61514000000003,-102.214167,-30.017326999999998,-94.54010000000001
749,-0.29416,-0.611275,0.876492,2.84338,1.70595,1.51735,-291.7128670239317,-176.07107635929225,93.83043331959927,-88.66980245885594,125.48978924734803,2.9779194923026973,581.61899,-2904.784625,-351.53941199999997,-84.054137,-35.619491000000004,-89.072734
750,-0.331892,-0.405592,0.745546,3.77878,1.28312,1.45755,-276.5260477061941,-170.50536433739143,118.30833624317829,-144.2765023918926,53.49535045797957,-0.0630465569028104,672.224992,-3085.712408,-476.871746,-108.18325,22.232996,-95.791624
751,0.350111,-0.785405,0.809252,3.26428,1.25456,1.58713,-224.50778244406177,-173.45724289790542,81.41558381470459,-115.75007968791918,41.44369889941832,19.204055602517855,-90.498226,-2963.368795,-414.38903200000004,-111.86437,-14.024766999999999,-98.461664
752,-5.57e-05,-0.542713,1.17392,3.47174,1.38708,1.73451,-236.40525105995334,-136.61090005083733,63.21787128355451,-120.20482654506132,47.32957973723825,5.804921901367936,319.55520570000004,-3072.6812870000003,-50.307518,-103.70555999999999,-11.430482999999999,-97.227642
753,0.094095,-0.889652,0.807989,3.00793,1.33371,1.57537,-250.9732759589496,-175.837882536674,81.65393425747901,-99.52162309863373,79.3580923723898,4.358868099704958,118.601945,-2776.5834480000003,-415.667979,-108.39903,-28.650979,-97.11193700000001
754,0.0490285,-0.753651,0.745282,3.74995,1.45997,1.66998,-239.80403670066934,-184.41964439214345,100.04186877661252,-105.82816954963872,30.82541585693585,5.094586015698595,196.5917215,-2890.918049,-480.98320199999995,-99.124287,7.7284994000000005,-94.696609
755,-0.191071,-0.686805,1.08648,3.16141,1.47878,1.69677,-275.54342508754473,-151.53473174060986,65.83800728068776,-99.6958022683535,101.51780805686951,-1.2334921892473927,455.879201,-2869.850895,-138.69682,-99.216471,-27.490435,-94.655861
756,-0.165516,-0.771876,1.12585,3.04484,1.85343,1.42717,-269.3216763902191,-154.6567787662777,59.04387374602646,-68.26219171188627,86.94462653771704,-2.5225727437783783,400.126096,-2798.584024,-105.73069,-76.37508899999999,-18.769365,-88.236952
757,0.251008,-0.667561,0.864987,3.40695,1.7922,1.63997,-221.41151851917482,-178.33941627021517,91.67152834754631,-69.74042282332381,31.97837882807761,-16.990776935706997,41.726831000000004,-3041.394039,-366.085947,-81.15583799999999,-10.1571055,-86.73623
758,-0.0418997,-0.727525,0.701998,3.35562,1.28545,1.66166,-253.9245815616685,-183.4221248708207,107.07492571184338,-120.98233027305386,67.2830068400077,3.2542513073163417,297.9961197,-2883.2963750000004,-520.737028,-109.83446,-13.231864000000002,-98.964081
759,0.0920494,-0.482366,0.921934,3.55101,1.40408,1.45631,-211.58242754370553,-147.84087283540146,90.16350343076199,-204.48061567305896,8.846525652599425,78.17436156764953,248.2149906,-3161.606934,-302.421774,-102.38470000000001,8.753696,-93.975071
760,0.395142,-0.799877,0.930738,3.37504,1.3822,1.62846,-221.8148808069469,-164.15756492513702,64.39071589018731,-99.79377805132087,32.98838882933423,14.013974711104806,-139.146112,-2966.456023,-294.727138,-104.17927,-10.958563900000001,-96.254459
761,-0.032129,-0.878192,0.765036,3.61962,1.66179,1.7269,-253.57966096899972,-185.75578197038854,88.58443174738144,-77.19173894900017,55.1168210181998,-0.8707869866177765,233.924719,-2745.552808,-464.198636,-89.189475,-3.2299125,-89.442996
762,-0.00961778,-0.861016,0.846077,3.30772,1.65156,1.5301,-253.00154655371273,-178.42937064405072,84.02999023388652,-80.39972964393765,61.168974208166695,-1.7923437634620951,220.76545778000002,-2769.9144840000004,-382.26766699999996,-88.84746700000001,-9.8584891,-90.338611
763,-0.198171,-0.754743,1.0839,3.07406,1.79213,1.53349,-274.0766531320098,-158.1214545534338,65.19801342352665,-74.36361927223442,95.70916192983323,0.3771403013201423,437.893151,-2803.283857,-146.69955,-79.711811,-23.193442,-87.608074
764,-0.247798,-0.68395,0.814191,3.45658,1.33091,1.56716,-272.3646552401589,-174.12244689805232,97.29453614896022,-116.75504766057864,74.01239614381922,-0.5821136606970138,503.924148,-2854.2579499999997,-408.554031,-106.61393,-2.5770346,-96.399674
765,0.244919,-0.824839,1.04491,3.07278,1.71501,1.71729,-237.8640016063564,-160.11534768048907,61.729326931804636,-72.86476168017218,70.39760541433886,-3.566169530985562,-1.3052728,-2889.2651610000003,-185.61408,-83.623719,-33.860983,-87.444502
766,0.346254,-0.816792,1.18165,2.85838,1.8893,1.60348,-232.27250648367468,-144.80190469002756,32.96277761589187,-49.73800782907066,72.0322540038471,-11.15399858092979,-92.41036,-2929.443608,-51.832066,-71.16255199999999,-38.824338,-83.6121
767,-0.391926,-0.677897,1.0358,3.10904,1.87531,1.49655,-292.9607691017266,-164.05787026878428,69.47514336417822,-66.86360173397193,109.62115015340474,5.804921901367936,646.315856,-2810.038803,-194.79968,-74.97926299999999,-18.824413,-86.789923
768,0.148538,-0.805766,0.988903,3.2674,1.541,1.53409,-238.40029010259886,-162.88960932451252,70.608453882947,-89.9629682024662,49.071600617554,1.203366068379414,90.797454,-2876.796134,-238.064853,-95.094861,-12.324439,-92.23863700000001
769,0.27727,-0.576217,1.11347,2.87104,1.41838,1.73951,-222.2761118320272,-146.11913466103334,67.9613888694426,-110.93608829322999,67.80726322255241,5.75146493908223,56.208261,-3132.1477830000003,-112.21193000000001,-105.12862999999999,-46.115511,-98.298931
770,0.0516425,-0.856082,0.766829,3.05891,1.46989,1.68956,-254.60124471771798,-182.56440705150985,90.93699645418862,-94.1524356004628,86.13790196217283,0.8194041315504442,171.11020749999997,-2793.213318,-459.04569899999996,-100.056442,-32.886751000000004,-95.052372
771,0.184805,-0.71937,0.903544,3.21414,1.68495,1.51609,-231.06127370476813,-173.5030795215159,88.6801156991683,-85.78495996037225,44.069220699825806,-6.342528200539188,87.375016,-2969.26173,-326.228524,-86.672594,-14.304968,-89.832553
772,0.151926,-0.725411,0.965867,3.07287,1.78209,1.74151,-241.34242838059563,-169.26433775313805,84.97823538482804,-83.23701664542548,75.44421767385116,-4.072205855645105,120.122384,-2950.048989,-265.572717,-78.89145599999999,-34.941514,-84.944049
773,0.130043,-0.57538,1.01831,3.30512,1.72732,1.71681,-226.20029977087822,-160.32390431791669,89.36995688450581,-96.63334285337925,45.70358281043648,-7.296961295668112,189.480757,-3085.8537199999996,-211.49975,-84.118388,-20.42615,-87.533451
774,-0.042619,-0.541395,1.02494,3.2673,1.81834,1.39663,-239.96790263007676,-159.7962101886012,92.25709121417003,-92.11958134333864,44.363377231845966,-13.062291813392507,358.750179,-3059.3576049999997,-205.78491,-79.258351,-4.4682214,-89.129768
775,-0.0669926,-0.607211,0.881151,3.65473,1.91162,1.40527,-242.17379014133044,-175.97883015427618,96.33425888432096,-60.98734658711022,27.31874226339668,-26.238888706913617,353.8138226,-2987.724789,-350.406661,-75.710033,17.35,-87.808999
776,-0.266709,-0.560949,0.887494,3.52384,1.88203,1.45827,-271.1683193639258,-175.39154841426708,103.39940145607915,-89.41292871914062,63.048275776195794,-1.8615742538477527,560.810829,-2963.090551,-343.093504,-76.83157299999999,6.921823399999999,-87.43659
777,0.149919,-0.595816,1.11344,3.13183,1.29005,1.58863,-227.7071787720723,-142.08493882551718,65.09201623142744,-123.84368150193718,51.15504704798821,13.516188978695146,164.31953099999998,-3073.035684,-109.45603,-110.52440999999999,-21.94491,-98.04551199999999
778,-0.206147,-0.614653,1.11992,3.05271,1.34543,1.52995,-276.9001891464145,-144.18425618687655,62.2994199379598,-111.16412549569206,99.49641295564797,-1.0730410882989572,493.885187,-2932.8009469999997,-102.99943999999999,-107.18383,-23.629611,-96.005218
779,0.0880415,-0.588045,0.750101,3.06472,1.27569,1.72954,-239.95071389622282,-173.54948910292148,112.22581629006947,-136.2035270584993,74.32351222657526,6.156030438224104,228.0213685,-3057.439355,-472.369761,-113.30981,-33.368081999999994,-101.74209
780,-0.191225,-0.653226,0.970177,3.44521,1.44297,1.58076,-266.0907673834764,-161.11172128622155,85.4681142996649,-111.84651822969288,69.2625760221847,0.41280291336247016,461.570605,-2902.852774,-254.365837,-100.578784,-4.453564,-94.374935
781,0.119263,-0.658245,0.803325,2.81773,1.34869,1.44948,-240.1449465887722,-173.8376868738723,103.32377102712188,-122.13282952567653,72.53244615899631,7.901718248428697,174.21412700000002,-3002.688455,-420.674555,-107.20361,-32.655758,-95.195611
782,0.0637373,-0.682206,0.914694,3.23185,1.69928,1.608,-241.6134374176925,-171.59914076829617,94.50308577108285,-94.32833364356794,58.7826049914468,-3.8404386979367358,214.1718827,-2962.747094,-315.018234,-85.73593699999999,-18.648310000000002,-89.001396
783,0.242012,-0.752953,0.815242,3.73785,1.60851,1.5037,-224.81145007548113,-179.46585129544238,79.75801691339112,-65.40714301874938,6.98240746614129,-13.614279353221542,14.232372,-2957.261447,-413.168902,-91.929267,16.346888,-91.07637
784,0.285995,-0.492505,1.10066,3.20915,1.52769,1.43753,-200.31807729143355,-148.77192925248906,73.57179159936362,-120.58641643661844,9.094158011654965,15.373030601155117,67.939143,-3218.7949949999997,-126.626,-95.79077799999999,-9.9943939,-92.28476099999999
785,0.341117,-0.856331,1.00086,2.93185,1.29951,1.66979,-234.29332862710112,-155.2921889610778,53.016987994824845,-93.63448175366453,72.99654197305227,8.018315159737819,-101.153887,-2891.229769,-223.62725999999998,-112.29556,-37.854423,-100.40054500000001
786,-0.171591,-0.743445,1.02642,2.84106,1.46028,1.69161,-278.87517466623046,-157.58344718380596,66.2717363316018,-95.90454053797285,122.86105888328782,-2.0933356819781705,422.607891,-2820.033855,-198.8884,-101.596077,-45.408877,-96.061942
787,0.324029,-0.439317,0.84085,3.14274,1.45971,1.73337,-194.0378868990046,-167.75287508958297,107.9286328265883,-135.9491337974612,24.056607056819335,14.417165111538365,56.11259,-3280.3354830000003,-385.02888,-100.598264,-30.525348,-95.72115299999999
788,0.352799,-0.828299,0.829919,2.9721,1.25393,1.68035,-231.7992433448966,-172.0368805237761,77.31664374833868,-104.44562238998803,69.3330498309858,10.093854772599226,-102.317319,-2921.2098010000004,-394.020199,-115.13456,-35.629355999999994,-101.75941
789,-0.0165953,-0.448194,1.01442,3.08635,1.43219,1.41969,-228.41592756464914,-145.97646817004573,92.64039997911256,-138.23580835782832,43.502221665764345,8.832201707721154,369.9547253,-3155.801406,-209.9256,-101.36597499999999,-15.751273,-93.340565
790,-0.0809637,-0.786071,0.777222,2.79307,1.47369,1.48906,-267.08198436905275,-181.67918725803273,95.42669373683374,-99.0970613724418,102.34515911303843,0.7083190742304802,321.3389337,-2813.168529,-448.093182,-99.411786,-36.726285,-93.591403
791,0.227286,-0.576792,0.989479,3.2501,1.70537,1.71763,-217.7382860945911,-163.66367530573424,89.73550395779927,-94.22176349367362,40.43397537705928,-8.278896364963318,98.35503399999999,-3118.0613080000003,-240.218379,-85.147278,-23.714571,-88.054557
792,-0.173549,-0.601103,1.12101,3.38395,1.87254,1.46011,-261.77353039716564,-154.34107902116065,75.63329374624432,-82.26929092944951,62.21519514207557,-4.897752094759352,461.346479,-2957.415597,-110.38016999999999,-76.707588,-1.15980374,-87.63808
793,0.0244054,-0.463392,0.863153,3.62017,1.25294,1.52626,-216.8238454535623,-149.65543017258076,98.54243822675515,-200.27510545679874,17.008194852678972,61.92184075096859,318.8253846,-3155.4956079999997,-358.703333,-109.92745000000001,9.544789,-97.258443
794,0.0833612,-0.638023,0.838018,3.03657,1.7834,1.59785,-241.11782892490436,-179.11978478718336,106.44467213719946,-94.36156519568553,69.2700244735214,-5.99554495980796,214.27130879999999,-3010.071877,-392.30145799999997,-79.565372,-28.973721,-86.883443
795,-0.159876,-0.798336,1.10268,3.26858,1.36405,1.4543,-265.02162813776226,-146.93731839248014,51.15418761129551,-96.64136426251108,71.29141957474295,2.4581722876056737,382.872836,-2776.8015640000003,-121.14760000000001,-105.22495,-7.1193575,-94.36854000000001
796,0.176357,-0.406021,1.10634,3.10606,1.51837,1.57269,-192.46683662475587,-141.18596804495695,81.76566102752952,-132.35898025317147,14.858858275804717,11.45016046523291,204.465143,-3262.147679,-119.88853,-96.462153,-23.61409,-93.044843
797,-0.223955,-0.546014,0.751612,2.85753,1.41214,1.40864,-282.97697952157205,-178.2437323184283,112.46187490166338,-123.50964710737591,109.85950059617917,-0.6630095717915347,536.360455,-2990.872886,-471.946022,-102.82334399999999,-28.256790000000002,-93.601808
798,-0.204019,-0.498379,1.15433,3.39077,1.63613,1.72905,-274.0629021449267,-144.48964269168127,72.81548730979092,-104.71147480692873,88.78095627111132,0.7995110369035021,529.498439,-3044.132921,-73.008353,-89.758718,-16.41817,-90.06958900000001
799,0.354965,-0.801106,0.938656,3.02264,1.52251,1.49465,-226.32921527478265,-167.01261361827392,70.02059918514277,-86.66215834471754,48.79807056615854,2.6851036815231386,-97.81538900000001,-2950.316294,-288.897046,-96.156131,-23.978071,-92.517518
800,0.237792,-0.534505,0.942587,3.42356,1.3513,1.63678,-208.91874675414232,-157.08554685983728,89.93775805948044,-150.46788432607627,20.037021645079047,32.2884062910229,97.95016700000001,-3162.723995,-281.789917,-105.66033,-8.437646599999999,-97.01622
801,0.215082,-0.446982,1.03849,3.4015,1.36515,1.43183,-197.7328917198033,-132.5824337932725,58.68348329288917,-221.50319176639573,12.6015191545483,112.81538986125909,146.717118,-3237.4045180000003,-185.63263,-104.7301,1.7065689999999998,-94.177023
802,-0.330435,-0.687252,1.10493,2.99168,1.56212,1.4251,-288.0677095313094,-151.5129593443949,58.92641739802464,-87.93240577652257,108.27011567248627,-0.13711281107937193,585.683985,-2822.400748,-121.16806,-93.63741300000001,-21.851133,-91.745248
803,-0.219502,-0.533727,1.14292,2.93315,1.43384,1.56361,-284.8860748949479,-143.14720257768974,64.54942519943855,-109.96263299930273,116.21933212213132,-2.222944464814714,536.480322,-3003.471673,-81.36902,-102.197306,-32.784541000000004,-94.964289
804,-0.329889,-0.776232,1.03861,3.38414,1.54795,1.43398,-278.6288028143242,-157.90946016923542,62.77382899232812,-86.16941464090503,76.85082906089731,-0.06512238299456936,548.847449,-2739.571368,-187.55445,-94.74221200000001,0.15595890000000012,-91.86491600000001
805,0.277437,-0.767741,1.11952,3.14016,1.82709,1.40486,-227.22532126636727,-152.96025073489534,49.50000116097331,-53.37073213753862,40.110941772164516,-18.17639850117121,-17.619246,-2955.108159,-113.18369999999999,-78.424281,-12.120065,-89.062304
806,-0.383206,-0.582018,1.16533,3.52344,1.37357,1.44377,-285.6876428503359,-140.5270665805565,52.74311416875232,-103.00119578846322,76.3374588764601,-1.7333577584533768,663.057356,-2904.276582,-57.633599999999994,-104.1866,7.984868400000001,-94.1173
807,0.239893,-0.747777,0.980802,3.43103,1.56705,1.41343,-225.48925914712086,-164.07505900263817,69.73755803434814,-86.27197408623344,19.847945572685873,0.4697085086170684,21.213025000000002,-2962.399723,-246.909762,-93.71106499999999,4.0272968,-91.58534200000001
808,0.153861,-0.539875,1.09086,3.39798,1.81831,1.42613,-214.79442894320894,-153.38538541888244,69.49175914023702,-44.95604477512929,17.702848883495584,-46.16103231406893,172.436349,-3128.339925,-140.82664,-79.799423,1.3592452999999998,-88.80089
809,-0.353925,-0.428914,0.866542,3.56202,1.57577,1.67564,-294.93403574815716,-169.25975409077702,106.55353411827433,-117.03350514901221,96.82070005238704,0.10492805285348819,691.922155,-3057.6190859999997,-359.655312,-93.430779,-3.5646674999999997,-91.746593
810,0.165224,-0.54656,0.983979,3.4598,1.50437,1.67044,-215.52323125861534,-158.49158528908833,90.46373331541054,-121.18458437473501,23.186685236472208,7.23800393854915,162.559996,-3126.4522399999996,-242.500959,-97.201676,-8.9746678,-93.621169
811,-0.0927363,-0.646612,0.852386,2.96615,1.28103,1.45187,-262.40664876078523,-167.51280577342314,97.34037277257069,-126.20541353346644,86.19978140404696,4.046187842168214,376.8355163,-2940.977188,-369.91535600000003,-110.92415,-23.867136000000002,-95.798599
812,-0.0921642,-0.539898,1.18126,3.26343,1.50245,1.6226,-254.85964868332204,-138.8139227731153,65.17795990069706,-110.48860825523282,70.82789671848211,0.8296829943950912,409.6358742,-3043.368002,-44.415151,-97.491655,-17.476243,-93.477321
813,-0.0946657,-0.845684,0.877643,3.78697,1.74242,1.6616,-255.00632587887551,-176.11290227833678,79.1552653129135,-71.58993058600609,43.35858114652505,-2.4691043223367695,300.6457457,-2754.796216,-351.556813,-85.873043,10.269873,-87.562468
814,0.188058,-0.640434,1.18243,3.65643,1.81796,1.66829,-221.8314965830057,-144.86034638513092,47.03232923312437,-45.65648567967673,20.953066567934208,-27.623498514626764,105.203222,-3045.1856660000003,-48.980767,-81.466854,2.6209192999999997,-85.854888
815,-0.0724084,-0.780941,0.843045,3.5405,1.50372,1.52578,-252.779238929202,-176.04070959615032,90.37034119480423,-99.13774137589608,47.346711175312656,1.7203917235495665,303.55003839999995,-2823.805259,-382.810565,-97.168831,3.918994,-92.83897499999999
816,0.298853,-0.572367,0.956785,3.81359,1.38907,1.53272,-208.72623293497838,-141.203729736606,47.251313702423374,-232.59508172233333,14.84791478191772,140.85938210173236,20.129469,-3147.1560329999998,-268.813715,-102.42417800000001,19.405756,-95.279215
817,0.0669118,-0.587753,0.755559,3.36446,1.27351,1.57541,-231.25206865054668,-172.47920394161713,111.28731142164519,-144.57272157197525,41.069099092961785,16.060064293296488,241.83644819999998,-3052.493547,-466.976299,-110.17052,-7.8108364,-97.79514400000001
818,-0.244351,-0.672082,1.01093,3.36832,1.5048,1.52461,-273.0756958639163,-159.32294704982314,78.55079483905047,-103.02354114247332,77.38826347273003,-0.07676144764485691,505.178901,-2866.987818,-214.50012,-97.166353,-5.8934847999999995,-92.85638
819,-0.15201,-0.829733,1.14341,3.08035,1.89578,1.65487,-271.44391206338366,-151.8997058561082,47.43322780237741,-56.69331439150226,99.38182139662182,1.9720004097033161,369.9657,-2747.475167,-88.801413,-72.344769,-28.950635,-83.19426
820,-0.35667,-0.712504,1.18949,3.14884,1.28404,1.52992,-288.53123238757024,-131.13399648718178,24.196408758831257,-90.08844595959987,105.05467652621209,-4.725687139303615,600.5706,-2789.6976959999997,-32.018376,-110.43024,-17.794865,-96.895049
821,0.169028,-0.41859,0.719078,3.02799,1.87648,1.49325,-198.49091488276133,-183.40951979932782,126.1716090235537,-81.34969366826455,26.889654170623203,-40.266557109322044,207.569682,-3246.29591,-513.048848,-74.444809,-23.321619000000002,-86.85953500000001
822,0.0926155,-0.63925,1.15117,3.55372,1.26896,1.73713,-232.22323211329345,-138.57041571018473,54.85497930582502,-121.42236185971431,39.88067003430144,12.618593296843198,198.91843450000002,-3013.56425,-71.72550199999999,-109.50442,-5.9399828999999995,-100.49346999999999
823,-0.207912,-0.768891,0.916176,3.69517,1.78866,1.68872,-265.9257555384787,-173.75689982475885,84.12853897464905,-78.22249002244051,60.8607229143863,0.6143769141408305,435.32421200000005,-2787.769109,-313.705106,-83.20254,3.5742068,-86.25526500000001
824,-0.216281,-0.838974,1.18917,2.91449,1.49882,1.72573,-280.7716649681135,-129.99954005282274,9.243184334168493,-64.01370966099122,122.55280758950742,-1.6846678050231594,431.608111,-2716.238726,-36.08356,-98.578141,-43.303432,-94.703458
825,0.285855,-0.674467,0.85942,3.66829,1.77417,1.53871,-217.48618466473354,-171.83634529548033,69.86017100250615,-13.727724996657447,11.172848892389593,-57.9924961919614,0.4474186399999999,-3046.4481330000003,-372.21271,-83.504263,10.422907,-88.08578999999999
826,-0.224657,-0.648699,0.885457,3.06201,1.72959,1.50405,-277.8083272516969,-175.17267853652712,96.7364752565028,-92.39689291618194,98.44961906394396,0.5883245231962319,499.87377699999996,-2894.7448010000003,-343.37012699999997,-83.496642,-22.338154000000003,-89.02924800000001
827,0.0281501,-0.728387,1.11514,3.25071,1.27068,1.7097,-249.7053203583251,-143.4176386569915,55.029273067103816,-109.62516085797067,71.94459146119209,3.7568326964712466,233.4544999,-2906.426613,-107.37987,-111.73392,-21.668070999999998,-100.498532
828,-0.0687603,-0.744888,0.780075,3.67888,1.34194,1.73563,-252.4933329894317,-178.40473345886008,98.7813616273247,-114.82532580657802,51.34469607817651,2.2888059633650024,313.5802803,-2858.872512,-443.390035,-105.00330000000001,0.6004290000000001,-98.334946
829,0.147371,-0.699081,0.747133,3.48636,1.58357,1.56771,-229.82712261405632,-186.12992341060897,103.83255754919804,-96.31707015046703,29.858721464991127,-0.993537464646604,126.32665899999999,-2975.952019,-481.048783,-92.915093,-1.70255305,-91.575309
830,0.0851282,-0.71219,1.17112,3.76145,1.36967,1.65232,-234.25723228600788,-139.28088337614693,45.09997177326616,-108.83963572084632,24.56132557855008,14.311568989895756,175.8246418,-2942.32041,-53.907084000000005,-103.402124,9.879664,-96.873529
831,-0.133325,-0.684456,0.818076,3.53002,1.70234,1.73263,-260.9135207466743,-180.59171336287443,103.40341216064506,-95.27887062568999,67.86971562222166,-0.02192852721414443,398.171695,-2893.339044,-410.355426,-86.61153499999999,-8.5263448,-88.228703
832,-0.389575,-0.788195,0.853417,3.67564,1.6833,1.52784,-280.3178823943699,-177.88735256985694,81.73300243320706,-77.84090013088337,67.17471781672798,0.9133233733282887,598.3675450000001,-2707.763305,-374.13989699999996,-88.080188,11.432711999999999,-89.653452
833,0.192991,-0.862403,1.04359,3.73646,1.86513,1.69624,-234.8829021982907,-157.0729417883444,44.39976005183678,-38.53977690635677,29.91298056819002,-15.853856782828904,23.872142,-2837.298597,-188.93008,-79.860666,5.8030063,-84.282228
834,0.298883,-0.597095,0.830599,3.80608,1.40909,1.66836,-210.45484660288807,-160.39552404230804,82.23663233512706,-210.36832997582331,7.670243299195843,102.87457211573931,14.286809,-3124.636705,-395.171259,-101.22640799999999,11.26473,-96.041881
835,-0.0327688,-0.46261,0.777559,3.21274,1.78026,1.52438,-234.15238100949892,-174.61576355965997,124.37595929361372,-113.65649190451114,48.40845926546959,-10.019828625468325,379.9839288,-3136.24969,-452.207199,-81.04289299999999,-14.784858,-88.158548
836,-0.292141,-0.833312,1.09906,3.18101,1.80651,1.5661,-280.34309253735563,-154.8143421599387,49.419672478095976,-61.01656743466189,97.48819588371444,2.316227723439963,498.801891,-2697.5179879999996,-131.52694,-79.239719,-18.815807,-86.99656900000001
837,-0.132333,-0.474668,1.05507,3.46422,1.70621,1.52587,-247.95951795656148,-152.09565742204293,90.86594968759238,-108.71702275268831,47.157004849344844,-4.443167380102556,465.172233,-3091.226932,-173.47349,-86.20984299999999,-0.5732006000000001,-89.46987
838,-0.385306,-0.682396,0.923243,3.53137,1.45672,1.52475,-284.623660224778,-167.54890211451638,82.48586897600897,-101.07949534359444,79.52940675313391,-1.4193024022083187,632.435006,-2808.8112039999996,-301.213253,-99.682593,3.5896183000000006,-93.66185899999999
839,0.0519193,-0.794899,1.18695,3.65761,1.34605,1.48083,-240.83020411174869,-133.1920608872917,26.17448825074091,-97.7030550568885,27.638452713079676,15.669249781237754,177.1060707,-2852.728801,-37.839314,-105.33984000000001,13.663524,-95.159774
840,0.0844765,-0.581444,0.758521,3.58914,1.24853,1.71638,-227.19323562983993,-171.6764900706388,110.40954007950477,-150.58247588510244,32.734625821870786,19.307646371877507,225.74561350000002,-3064.609856,-464.16025099999996,-110.27727,-2.6273359,-100.702809
841,-0.0700826,-0.460616,1.06937,2.92086,1.58489,1.54731,-257.4419694659766,-147.7990469163569,87.44138094609546,-118.86181347327468,88.7081906311297,-0.24543964957357617,420.1664126,-3123.2597840000003,-157.44897,-92.235313,-32.916796,-91.58455699999999
842,-0.249974,-0.761883,0.998222,3.22869,1.34014,1.7128,-279.4137549936534,-157.7255407169984,66.93407554277303,-102.67632871862405,102.04836697516066,-4.086604285036743,485.090094,-2778.8783169999997,-224.799872,-107.67521,-23.719225,-98.692566
843,-0.317463,-0.836962,0.967722,3.58889,1.90922,1.72264,-277.97047430771886,-169.66368933634425,67.86341308647522,-60.522677815259115,80.14934708746547,5.497071678044144,517.560313,-2685.7903380000002,-263.959272,-76.29419200000001,-3.6644905999999997,-82.682113
844,0.147556,-0.708406,1.09489,3.17859,1.42709,1.47734,-233.54962940902126,-149.38728592445955,62.91592252552057,-104.88679989223876,46.57568187040511,7.50196559476592,125.24232400000001,-2967.1087939999998,-130.58934,-101.772045,-13.789832,-93.906944
845,0.0675908,-0.777794,0.796195,3.55923,1.30933,1.67324,-241.88960307494557,-176.35354455229174,92.88791774660906,-116.13854507301788,44.75447822280227,7.943601463252759,174.4168092,-2874.897506,-427.18354500000004,-107.30897,-2.4904253,-98.411445
846,-0.268718,-0.527464,0.757265,3.78747,1.2584,1.57832,-267.626294274427,-173.53802994701888,112.5163058922008,-137.34657785978527,51.10348084642644,0.7234050529762748,572.247248,-2993.284736,-464.857595,-108.71211,16.147002,-98.226427
847,-0.259031,-0.779969,1.1189,3.55976,1.6801,1.73395,-274.24624863936856,-151.86131768383444,54.602362213951835,-76.9379186457572,79.50648844132868,1.446781458062793,482.297351,-2760.4441309999997,-109.40214999999999,-87.980217,-6.9898039999999995,-88.81778600000001
848,0.111567,-0.520133,0.76674,2.9338,1.58491,1.42357,-223.34009445758514,-175.8487687347815,119.44451155092273,-122.50238730353591,46.77151884478082,-0.9551263740610336,227.834923,-3131.471267,-460.43827000000005,-92.198244,-25.092831,-91.509401
849,-0.344075,-0.797672,0.95071,3.65089,1.62198,1.66001,-278.8700180460743,-167.81991115161324,72.36628839840837,-81.8899928690729,74.75208465733311,0.6849939623907044,554.349055,-2714.649128,-276.50394,-91.193533,2.4064573000000005,-90.55707
850,-0.112724,-0.623757,1.009715,3.26646,1.70162,1.43104,-255.83768763961032,-161.66290668513741,87.93068690313719,-97.75061055388436,60.836658686990816,-3.27066654814684,397.534284,-2957.569843,-218.938195,-85.90984999999999,-6.5661438,-90.102621
851,0.0246464,-0.521353,0.872148,3.83159,1.62453,1.70261,-223.54464039044686,-170.13408768614664,105.19333231263376,-103.2945501795702,11.717617163999979,-9.602256984376979,298.6188036,-3101.165747,-355.62744799999996,-91.454406,10.372826,-90.473849
852,0.298617,-0.484481,1.20972,3.57144,1.8524,1.7396,-199.34003833514524,-133.05970763661648,30.397244496634592,-0.3345053658688675,15.013614176269554,-69.7289636674212,56.943773,-3229.961319,-22.783998,-79.09075999999999,-6.022624100000001,-84.121608
853,0.133504,-0.651371,0.801984,3.66171,1.84233,1.42314,-225.7980833986964,-179.38792903530458,86.37166874258621,-22.546233013074975,14.943484142145541,-55.827632458839105,150.908106,-3014.917929,-429.27583400000003,-79.565879,16.692256999999998,-88.389357
854,0.119766,-0.775978,1.03474,3.03248,1.71086,1.50687,-242.9272296419275,-161.64113428892244,71.54294804680538,-81.1554609757152,65.773263049838,-4.537802819124314,131.157964,-2893.486722,-195.0212,-84.59545100000001,-24.256864,-89.35584700000001
855,-0.136978,-0.784286,0.75708,3.45548,1.37787,1.62355,-262.24564762035345,-181.52105090657665,97.34323756154635,-107.208997835904,67.3351459993646,0.9352963047715559,366.900008,-2797.969614,-466.77903,-104.13942,-5.9831902,-96.15441899999999
856,0.0085488,-0.414267,0.860021,3.36441,1.72387,1.43581,-208.16588021134044,-165.11612331639088,109.92653665820949,-75.62126163254656,11.34754372412498,-46.72012453055759,353.5987312,-3197.1868329999998,-369.036941,-84.907342,-1.21382858,-89.833713
857,-0.0228133,-0.60373,1.19216,3.26473,1.45655,1.69216,-249.21773327466877,-138.05188890559134,58.05036492926961,-106.95976119502208,69.16631911260271,1.6250744647516027,323.6095633,-3006.8477700000003,-32.985834,-100.356748,-21.181095,-95.100437
858,-0.0523894,-0.898384,0.892471,3.41925,1.80344,1.47791,-255.15758673679002,-175.36290052451054,73.38386144256071,-62.22780021356844,54.518366601185654,-5.644487989153354,245.69998940000002,-2719.996916,-338.152831,-80.70651500000001,-0.3053634999999999,-88.29445
859,0.140381,-0.658525,0.960968,3.11188,1.71886,1.45999,-231.50588895378965,-167.69844409904553,89.50059126179563,-90.25231188900727,47.41540881494885,-8.168487397841607,150.496359,-3011.209975,-268.948108,-84.45604,-16.981771000000002,-89.646721
860,0.0974583,-0.879568,0.926992,3.52136,1.69223,1.61884,-243.35064545252916,-170.56495194808502,69.95757382767839,-70.16670342290114,44.53451972525155,-4.062614542154615,110.8612017,-2789.104232,-303.097452,-87.228764,-2.61629182,-89.174711
861,-0.122307,-0.807689,1.02455,3.44929,1.73188,1.51089,-259.3653887842308,-162.73777550880286,68.83457654922196,-75.77653319502701,58.46174862617355,-2.668625415335176,342.72646699999996,-2781.2680109999997,-204.79788,-84.797863,-0.5483447000000001,-89.094505
862,0.192351,-0.798894,1.18046,3.5096,1.6777,1.48607,-231.6829329124851,-140.4886784082827,28.575353299677598,-55.05356647761736,26.173857997166266,-9.572806953707255,47.396695,-2897.493006,-49.243813,-87.90699500000001,4.302900800000001,-90.098435
863,0.0259528,-0.856178,0.850248,3.71132,1.70074,1.42898,-244.31837116850514,-177.1190161665865,74.65582774775115,-62.03242160542884,24.06898294519416,-10.227640417762274,181.2282572,-2786.016922,-378.66782800000004,-87.074054,19.056203,-89.918815
864,-0.310979,-0.7192,1.008345,3.41374,1.68707,1.49707,-278.24320221820113,-163.7335761567402,75.09872412338727,-84.82181790675733,78.34739482177903,0.42514098652281723,551.243299,-2800.3462,-219.397775,-87.040407,-1.82941685,-89.835911
865,0.220614,-0.75581,0.884821,2.99123,1.90895,1.39751,-232.81681638904897,-178.71527658382098,86.65299101999544,-64.14778178505185,54.405035549308785,-17.43579325518511,43.01232,-2946.26199,-348.075671,-72.971169,-20.130862,-88.187517
866,0.211897,-0.550462,0.780572,3.51068,1.4897,1.66654,-211.72566699248824,-177.03249953952175,110.43646909587592,-128.83242502414126,16.51092478228493,13.07386556085415,117.300943,-3138.986638,-445.438172,-97.91458899999999,-5.7736704,-94.002552
867,0.354441,-0.441864,1.15096,3.00568,1.77581,1.58757,-193.61676291958344,-148.82292249625567,68.4277765146791,-71.30631647741635,25.163733404350626,-27.633811754939117,25.466656,-3288.246436,-80.573015,-79.982584,-30.189837999999998,-87.210828
868,-0.162169,-0.447534,1.17482,3.70776,1.5695,1.59739,-246.37357077963935,-138.27305061451185,71.80880046374608,-113.63987612845234,35.408963626423414,0.0020626480624709636,499.561809,-3106.764666,-51.481848,-93.82081199999999,9.255249000000001,-91.81013
869,-0.269795,-0.763044,1.15229,3.30817,1.54543,1.6926,-279.530065426065,-145.17088951009183,45.89827386922194,-82.17589880884319,96.90148710150048,-0.459388392811172,501.695565,-2771.814956,-73.961856,-95.01864900000001,-19.02761,-92.595428
870,-0.00321808,-0.754473,0.810211,3.509,1.72966,1.4448,-244.7784562779952,-182.89099299473443,94.83139058769281,-77.76240491295046,37.0705412323028,-8.138292522038213,246.53620808000002,-2872.0273270000002,-419.56488099999996,-85.037235,6.566796900000001,-89.637464
871,0.082487,-0.653789,1.13907,3.55096,1.34614,1.47374,-231.00455088305017,-141.37217932837447,56.11565834245137,-124.49799930397657,24.304812373670007,22.271327862971205,199.69725300000002,-2996.502911,-84.87888600000001,-105.55799,8.0456175,-94.937583
872,-0.00117964,-0.839371,0.789119,3.16998,1.44849,1.72156,-257.45858524203544,-180.06573810694434,90.6487986832378,-97.63544603706306,84.45111421330769,0.4347323000133072,225.83916964,-2791.511729,-435.74556900000005,-101.20410899999999,-28.234234999999998,-95.743701
873,-0.0845383,-0.570584,1.02444,3.06365,1.32731,1.42159,-255.3054098479338,-150.29313219856138,82.39992530673935,-126.74915048104559,71.87870131475204,5.696604230198453,392.0559083,-3016.390616,-198.44627,-107.69203999999999,-16.898426999999998,-94.572498
874,-0.313721,-0.576396,0.901799,3.0944,1.45308,1.42808,-287.93764811181467,-167.34034547708876,93.69693415333379,-113.2542755323293,102.34401319744818,-1.2156789313967755,606.6122809999999,-2932.760504,-322.470119,-100.204527,-15.958413,-93.09587499999999
875,-0.0581378,-0.432753,1.011785,3.07052,1.68162,1.66217,-250.46563535246375,-152.2675447605822,98.35221623877172,-119.65478706173572,79.81932339747011,-1.6339323922643252,417.9565678,-3154.118447,-216.412205,-85.99834800000001,-30.900111,-88.887141
876,-0.0100585,-0.821364,1.16152,3.44772,1.58316,1.46881,-248.9048983185274,-144.2501463333166,41.69287824452072,-76.4973141013016,45.48981225707317,-0.4991402046373485,230.8682085,-2807.170936,-66.130984,-92.93571200000001,1.7716706000000002,-91.50902
877,0.0460485,-0.6869,1.13497,3.20553,1.3923,1.51006,-242.44709100960782,-143.9310088414287,59.116639386008075,-107.54303223046526,55.816860852290645,6.305515126973735,228.0060015,-2952.8619,-89.44263,-103.84481,-14.034279,-94.77484799999999
878,0.183488,-0.580673,1.21242,3.14673,1.84835,1.44376,-219.9372981123032,-144.36817563911353,57.66877503771249,-65.24442300493223,35.62416657427455,-23.372323562094593,134.742502,-3099.712327,-19.637906,-77.022182,-13.945488,-88.17990999999999
879,-0.0713696,-0.897296,1.11164,3.60346,1.42676,1.43629,-253.8460863437356,-144.03414124455225,33.9062099213543,-81.40584353218736,39.96861905585402,5.134349286680674,259.79326960000003,-2714.5610039999997,-113.39171999999999,-101.320527,12.85051,-93.393085
880,-0.231294,-0.663053,1.15259,2.89088,1.29124,1.52992,-282.53866680829697,-139.60861523496177,47.423602111419214,-104.84039031083316,114.08334546188361,-3.1108686190848536,503.317234,-2877.138047,-69.553015,-111.36492,-32.530866,-97.46359000000001
881,-0.15859,-0.57144,1.12455,2.93044,1.25769,1.41491,-271.07721907449996,-140.54253644102502,63.08780986405981,-120.12575836933327,94.57527845326933,2.3710712435898857,463.5961,-2989.47136,-96.927328,-112.1444,-23.859861,-95.35155800000001
882,-0.0338275,-0.509566,1.06604,3.25597,1.30489,1.60209,-241.84491236692534,-143.01714115819505,79.32600673586248,-134.21364463600995,58.09505563728982,7.850323934205461,364.48193749999996,-3091.8226339999997,-156.33308,-109.03009,-15.818837,-97.705724
883,0.0629079,-0.63505,1.017523,3.17153,1.43416,1.70649,-242.56168256863404,-155.3259934709905,82.19136866931171,-115.26478443544337,68.75837316246957,2.776324292085917,233.3876421,-3005.91995,-207.632913,-102.096723,-27.259355999999997,-96.074408
884,-0.0187323,-0.81509,1.02486,3.34309,1.65382,1.60438,-253.2072384021647,-161.49273821998358,68.93312528998447,-82.23835120851246,63.597169343931114,-1.4042508009302321,245.1858823,-2809.95401,-203.56712,-88.751521,-12.058544999999999,-90.014514
885,-0.0146133,-0.787255,1.13338,3.09708,1.4711,1.70284,-258.74029182974306,-146.1672631158243,51.232453646110386,-90.76797390462502,88.82220923236075,0.3229596933391862,256.2920533,-2835.301845,-92.246054,-99.897177,-31.424495,-95.02131
886,-0.124599,-0.492546,1.04957,2.83057,1.40148,1.66793,-277.12192381313014,-149.49958565230517,81.59835735135132,-122.79975239920883,120.25009021087665,-2.5006571081146243,463.85562899999996,-3072.376754,-174.40383,-105.82025,-44.329422,-97.799949
887,0.100771,-0.481948,0.874078,3.02397,1.35997,1.61005,-222.7493749708053,-158.31855203495883,106.3426856496662,-143.13975412635304,52.82063535843351,10.65753065144893,251.342049,-3162.6355519999997,-349.458778,-106.89020000000001,-29.770165000000002,-97.215033
888,-0.312214,-0.562697,1.11113,3.54595,1.3616,1.5363,-278.9725774914027,-145.40522924830032,66.63728340489527,-112.71225745813555,73.63710878800853,-1.5509623739514307,603.909524,-2946.351903,-112.08893,-104.72194,4.1299515,-95.436825
889,-0.147474,-0.682996,0.835498,3.19648,1.59373,1.45027,-263.8000821185434,-176.9402533345057,100.93453702142635,-102.62820026383305,73.70013414547293,-0.3578917841927223,412.64552399999997,-2889.913104,-391.144548,-91.95939899999999,-11.587175400000001,-91.35702
890,0.0443182,-0.89271,0.910107,3.19273,1.43495,1.65367,-253.19176854169618,-168.09607680886631,72.0918416145407,-92.04624274556188,75.07007623363072,1.6312566793610643,162.4285118,-2757.41799,-315.38631699999996,-101.752006,-23.073797,-95.394993
891,-0.191644,-0.575171,0.996158,3.75552,1.70064,1.67893,-259.70801754571903,-161.682960207967,90.83902067122123,-101.29951113692468,50.72424008182934,-0.7260922250354384,485.30724399999997,-2976.2057290000002,-231.795288,-87.642252,7.407076099999999,-88.52305199999999
892,0.158279,-0.744025,1.04294,2.79882,1.59381,1.69084,-246.2956485195016,-158.55174585757706,70.87487925768284,-91.0779440717908,92.75499153813871,-0.4312481436611167,111.604421,-2932.810875,-185.06002999999998,-91.319522,-48.168102,-91.22396099999999
893,0.0947574,-0.578654,0.979257,3.21215,1.47456,1.6472,-231.21368047827295,-157.81377621744858,91.19253563081695,-120.39332965965936,51.70818050340751,3.917272338263779,221.8639626,-3070.535446,-246.40509699999998,-99.231011,-21.688074,-94.351311
894,-0.249907,-0.590521,1.07015,3.38716,1.22252,1.39826,-270.83485792715965,-145.8607306954293,68.71310949665424,-123.86029727799598,67.40275501919004,3.2864572649806454,535.670177,-2941.021479,-150.86839,-112.87369,3.3464972999999993,-95.049915
895,-0.155809,-0.769215,1.04768,3.69056,1.3482,1.51542,-258.3100005255998,-153.3343921751158,62.47130727649905,-104.83867143744777,44.0836592362631,4.62625031395866,383.279549,-2805.109585,-176.27949,-105.01950000000001,13.689034,-95.481628
896,0.133872,-0.460495,1.04665,3.12054,1.83959,1.46128,-208.26213712092243,-156.03875296813328,90.10506173565865,-79.10026136458093,27.597199751830257,-32.15467794163936,222.980668,-3195.931705,-184.9488,-77.34256900000001,-16.465643,-88.035844
897,-0.274289,-0.64827,1.13448,3.50007,1.85296,1.46297,-272.4523177828139,-153.56987782891454,66.73124848329671,-76.55862058538061,65.83571544950723,-1.1848079653951267,538.015369,-2878.25583,-96.312326,-78.405971,5.2664864,-87.771593
898,-0.084383,-0.546967,1.15446,3.36576,1.73762,1.72176,-253.7681640835978,-146.70297865427162,74.58707281233544,-97.94197845745806,69.63385267342947,-1.3843347879714847,399.653543,-3039.049033,-74.922536,-83.83764599999999,-17.262558000000002,-87.217494
899,-0.213505,-0.436712,0.995721,3.77,1.56689,1.58915,-255.28650224069446,-153.55440796844601,96.39957607296589,-123.12576538463827,40.29446015394492,0.034975979420643045,551.032315,-3098.560388,-230.380931,-93.988587,13.359815999999999,-91.86015900000001
900,0.351303,-0.500177,1.12707,3.41508,1.68054,1.74369,-198.96818872610532,-150.38365953019206,63.72551189004042,-68.22380353961252,14.374021389565014,-22.770202215191613,5.2056262,-3233.464423,-103.02582000000001,-87.360805,-15.775274000000001,-88.880931
901,0.348681,-0.737729,1.15715,3.40949,1.66698,1.66132,-220.27133250686447,-145.32902586154793,39.03045796210681,-63.176618322305096,30.419016892849566,-7.691958399631302,-74.891779,-3009.275671,-72.828923,-88.18392300000001,-11.5132673,-89.543339
902,0.220337,-0.502545,0.851392,3.42543,1.55025,1.45454,-204.63015765758814,-168.39687965131,105.51017797334109,-151.48774920140914,2.008113939530412,33.97966311069006,123.066073,-3186.964355,-375.829452,-94.591114,1.3261121000000002,-91.981065
903,0.236392,-0.467457,1.15651,3.4883,1.5097,1.60988,-199.04324619726745,-133.18346652036473,58.873705280872606,-173.61136854479562,3.5538853158579573,66.63842932048553,120.939358,-3225.7813429999997,-70.217844,-96.846102,-3.8543591,-93.224861
904,0.0775192,-0.577199,0.989278,2.94787,1.62596,1.40777,-233.9083009887732,-160.12737979418682,92.9222952143169,-109.0418898225275,55.70284225105961,-2.7701248887426018,239.04459079999998,-3066.215701,-238.738998,-89.786329,-23.452249,-91.09964599999999
905,0.160728,-0.640925,1.1363,3.33188,1.30037,1.56724,-226.6890327701248,-140.68462997421747,56.507561474320845,-121.09405704310436,37.89130327382771,17.369788517186038,135.373512,-3035.354575,-86.84953,-108.80239999999999,-9.4559341,-97.09456399999999
906,0.00827923,-0.87575,1.12718,3.19534,1.6669,1.55408,-254.05349706557294,-149.48411579183664,45.24962834935433,-69.92606114894619,70.04752820151393,-1.745704998938446,199.85699077,-2761.17145,-102.20696,-87.72221400000001,-17.625058,-89.958152
907,-0.284814,-0.693461,0.843516,3.21849,1.23392,1.64675,-282.9070786705661,-169.84016033724453,88.60448527021103,-118.43610583149247,101.83007005521581,-5.793978407480937,540.628384,-2830.718439,-377.88903600000003,-113.77326000000001,-19.763461,-100.206317
908,0.0589769,-0.493526,1.011341,3.26035,1.55499,1.74364,-227.09296801569204,-152.47552844021467,93.8401736021165,-122.54765096935127,50.14904775129751,0.5999784847491928,285.5546331,-3138.4285739999996,-215.324931,-94.384601,-24.658849,-92.513092
909,-0.353021,-0.86287,1.04038,3.418,1.37714,1.47298,-279.4784992245032,-152.2343132084646,46.76945619671835,-85.44748781904019,77.92913563133352,-0.8083861531500784,540.9026210000001,-2649.71513,-183.29785,-104.21557,0.3132679999999999,-94.373157
910,0.104195,-0.438244,1.08897,3.27722,1.5279,1.69317,-206.68077360636136,-143.15866173359237,84.63560662333983,-127.04021304097205,25.97721888187737,4.623505846119984,260.127675,-3207.147356,-137.18840999999998,-95.995786,-20.7987,-93.17058999999999
911,-0.224691,-0.661224,1.19491,3.2807,1.8391,1.73391,-277.6496179424457,-147.25760179995825,56.33395526239621,-73.69497752531674,98.38086412852827,4.445235757742979,494.784761,-2882.264576,-36.073321,-77.233194,-22.257355999999998,-83.972533
912,-0.252988,-0.670981,1.11011,3.59515,1.85339,1.48618,-268.4513534994154,-155.88233549006256,68.20088522780729,-75.10388074354344,57.85097561656409,-2.1502704980803204,509.05444800000004,-2863.9440189999996,-120.67999,-78.914975,9.406153,-87.395728
913,0.20929,-0.418248,0.885923,3.2139,1.61323,1.5898,-192.67539326218352,-165.642098572321,107.46854771709825,-107.52584349661133,9.873495204591912,-13.966762988786027,168.36838999999998,-3262.155252,-341.92454299999997,-90.80725799999999,-18.592005,-91.004486
914,0.0977333,-0.804486,0.95898,3.16963,1.67822,1.71619,-247.40317593748944,-168.42380866768116,78.29812045139778,-83.48453441292199,74.16594883291428,-1.6222669715554616,143.4984867,-2858.076414,-270.56034999999997,-86.50486599999999,-28.3333,-88.748984
915,-0.231447,-0.596729,1.15272,2.90749,1.48252,1.46573,-282.63549667567406,-144.14701393019303,60.35652005467118,-101.45592861499539,109.95804933694168,-0.6657712283640653,525.263987,-2940.767371,-72.193025,-98.632599,-28.829193,-93.109229
916,0.117216,-0.603654,1.05828,3.41701,1.26282,1.59204,-226.76294432569668,-146.55229075415224,71.6810308754319,-135.45123347349252,35.28388693974636,20.515899770249387,187.616154,-3055.229246,-164.47019,-110.53799000000001,-5.7209463,-98.197344
917,0.0508939,-0.778687,0.729455,3.1526,1.22806,1.71869,-251.45284163347412,-180.4834243395947,98.84324106919884,-118.32667089262247,79.84052283588996,3.3790243263619812,197.1431761,-2865.768813,-492.066665,-115.30309000000001,-27.269707999999998,-102.28783999999999
918,0.0811414,-0.514657,1.1636,3.76985,1.34255,1.55264,-217.07594688341985,-123.0169034035634,40.173566059172316,-191.09116495864677,10.571701573738332,86.16253914736346,245.7433786,-3126.955543,-60.421715,-104.76138,16.096468,-96.282262
919,-0.00982344,-0.502384,1.0395,3.80379,1.33018,1.4985,-225.12142024264688,-138.6781317756693,72.54390531489892,-192.60893015794832,11.042157219320252,69.91173720406793,334.74335343999996,-3106.4309160000003,-183.95028,-105.43157000000001,21.182239000000003,-95.80314000000001
920,0.305763,-0.716986,1.16972,3.57545,1.55391,1.49155,-219.2165172060286,-141.21977255486965,34.08130582354627,-78.04143535917916,9.802677621113741,4.642046760370416,-32.358153,-3014.2442140000003,-58.218773999999996,-94.56836200000001,7.8224561999999995,-91.97187100000001
921,0.357312,-0.838837,1.15284,3.44513,1.72345,1.71899,-226.18998653056588,-140.49899164859508,20.29101383566054,-46.12694132525864,37.84317481903671,-8.285027013371218,-116.702942,-2916.1758630000004,-78.152547,-85.179833,-12.571485,-87.793334
922,-0.252747,-0.758858,0.803583,3.00508,1.65885,1.45778,-279.2796828695928,-182.68931185084838,93.53249526613124,-85.75860390179622,100.56154149679618,0.20365498349027544,489.004997,-2781.613442,-424.161383,-87.74781,-23.038336,-90.403577
923,-0.298665,-0.786224,1.19346,2.80705,1.33401,1.43815,-285.8801566694999,-123.92733334002627,3.00429846919052,-73.51392286205541,117.1578369905556,-2.2222626450385086,524.695005,-2739.577876,-28.812260000000002,-108.02649000000001,-32.537492,-95.06728799999999
924,-0.0305218,-0.575727,1.17761,2.89814,1.65054,1.42089,-251.8607875836073,-143.43425443305028,67.63021926385697,-99.65111156033329,77.26335867339151,-2.148196390861947,341.9280318,-3030.0520730000003,-50.364557000000005,-88.148477,-27.062662,-90.697333
925,-0.0850031,-0.651785,0.938292,3.09954,1.39212,1.71475,-264.6148281032194,-162.54296985845838,88.8457005019611,-116.56940933495625,95.1768841381567,-0.5546833062551256,369.3862631,-2938.417915,-285.417462,-105.18357,-31.541375,-97.621561
926,-0.114894,-0.401015,0.737833,3.34079,1.36202,1.62727,-245.39553182335106,-161.5196672363547,124.43153619974139,-156.8179755695112,57.71002799896191,5.080170397573103,478.208524,-3166.013585,-484.69543300000004,-105.39271,-12.693881999999999,-96.684339
927,0.15983,-0.736192,1.16467,3.46976,1.46013,1.41378,-230.13308207665622,-141.56698497871895,43.36591500630273,-97.36615587335157,22.941860370612808,12.277110450945228,98.880813,-2945.4878080000003,-61.385473,-99.62455899999999,6.42595,-92.919594
928,0.213361,-0.498335,1.06936,3.50663,1.85297,1.5055,-205.46896786965965,-148.7381247425763,58.77974020247116,0.04619942048634269,15.06449282847717,-84.21562855950893,130.06173900000002,-3187.727165,-162.92996,-78.498004,3.191911,-87.249676
929,0.201983,-0.751033,1.12469,2.99051,1.6344,1.41492,-233.51181419454264,-150.8271288636233,57.036687998124165,-81.71581369935313,53.2843873978124,-3.287116166445046,61.480215,-2945.339967,-104.35511,-89.368358,-21.405432,-90.977356
930,-0.318837,-0.821362,0.842074,2.93512,1.63301,1.41653,-284.44375147710696,-178.1033576586213,80.16882765249991,-78.40984722144829,107.38317700562376,0.31476238616424956,530.2453370000001,-2699.954738,-384.98904400000004,-89.349127,-24.661521,-90.883507
931,0.069609,-0.815581,1.012293,3.29136,1.79109,1.71952,-248.24198614956097,-165.0565357056973,71.37048775047099,-72.89054478095308,68.47361313828955,-3.127341155694865,164.63078099999998,-2838.796619,-218.527463,-80.254738,-21.136193000000002,-85.63017
932,0.0212181,-0.608875,1.0847,3.02839,1.40616,1.61743,-248.07353655779252,-147.8064953676936,73.84623838323128,-115.62861263535143,77.43925671649667,3.1239377863917874,282.7712119,-3015.744825,-139.86662,-103.96387,-30.23941,-96.068709
933,0.0305402,-0.891675,1.18576,3.15648,1.36535,1.5787,-253.71487900865063,-126.88551443628673,7.125589619144483,-72.53874869474275,73.61189864502278,3.279610419328832,175.2200598,-2754.822025,-37.808905,-105.8194,-20.550548,-96.118334
934,-0.0792117,-0.746416,1.05995,3.46811,1.53124,1.49017,-252.97461753734157,-155.58726222557019,68.14416240608934,-95.37913823983787,49.62754156616944,1.053892838785685,321.49265169999995,-2853.832484,-166.62422999999998,-95.729692,1.7397337,-92.275063
935,0.162549,-0.733554,0.827262,3.58757,1.40193,1.63488,-230.70661282958213,-175.0999128965455,92.05999373264501,-114.79381312784582,29.65652465908946,11.360320682956399,99.781459,-2948.848346,-397.893542,-102.408109,0.7732715000000001,-95.81279699999999
936,-0.387058,-0.477439,1.14621,3.42164,1.44616,1.62943,-298.8123870633977,-143.55629444341315,62.993271827863225,-106.57645243007956,105.83905574774619,-3.9899119275304646,707.546228,-3001.2683610000004,-77.78397799999999,-100.476601,-8.6069602,-94.694502
937,0.0214642,-0.476,0.845105,3.06085,1.27286,1.57582,-233.91288465113425,-157.60636549561121,108.20021482148032,-150.23698233463855,60.49231105211719,11.33155820164083,326.8449058,-3140.8986,-376.850505,-111.94511,-25.199511,-98.424488
938,0.31185,-0.594295,0.985516,3.65262,1.89121,1.65344,-210.19357784830842,-160.0901375375033,61.01198377230084,-5.649919629051194,16.489610752306067,-65.47360612298456,4.8132215,-3131.216005,-247.285416,-77.785903,3.5050834999999996,-84.277299
939,-0.124832,-0.720029,0.741958,2.81752,1.22527,1.56635,-272.52336454941013,-179.27620226525408,99.7106991710269,-120.50620234530012,110.64502573330353,-0.8652923213624718,385.461402,-2858.807371,-479.250028,-116.75347000000001,-38.141765,-100.163674
940,-0.165692,-0.545869,1.13007,3.32388,1.54809,1.42358,-259.4410192131881,-145.46309798560853,73.36208904634574,-109.37936196385955,60.52898035100556,0.44503236229637405,473.268642,-3012.993531,-96.180288,-94.72485400000001,-2.7064988999999997,-91.898323
941,-0.247213,-0.658176,1.18169,2.83797,1.28066,1.48173,-284.47927486040504,-135.42143966814572,39.78567363186875,-102.10910050144453,116.31100536935224,-3.024478042735028,519.9640929999999,-2876.136124,-40.496008,-111.76013999999999,-32.884646,-96.740318
942,-0.0192421,-0.521359,1.10875,2.79984,1.62568,1.65334,-259.1201628479148,-148.44419739367422,79.16901629999664,-107.67309364995997,103.39997441387428,-0.3914963318349402,354.5420521,-3081.357141,-119.10101,-89.05082800000001,-45.945474000000004,-90.26075
943,0.194982,-0.438714,0.768202,3.61734,1.88247,1.43169,-199.40535552379015,-169.3542921269736,92.96755888013224,32.35423914168343,23.07667733980709,-129.9926645592812,165.95354799999998,-3236.518486,-464.006512,-77.144606,13.710041,-87.83225900000001
944,-0.180083,-0.78034,1.12487,2.89206,1.74305,1.49303,-274.8776481296027,-152.43427547896528,54.56259894296976,-72.24081064127472,104.66563818331826,0.030190922394607984,414.35945300000003,-2784.8919600000004,-104.68603,-82.119869,-31.423016,-88.70755100000001
945,-0.26136,-0.431143,1.10043,2.89377,1.90667,1.69132,-299.518844024794,-156.15506340054483,78.23566805172852,-73.70471780783396,137.75796155668922,16.872002784776377,613.52339,-3082.941957,-130.97489,-68.764669,-41.266445,-80.898279
946,-0.126768,-0.553768,0.948257,3.24743,1.67833,1.50935,-258.23895375900355,-164.11860379506814,99.50099661800903,-108.8041123375482,68.71310949665424,-1.7909457464419758,436.94635800000003,-3018.458932,-279.799817,-87.163878,-12.042659,-90.000845
947,0.0803937,-0.835012,0.760633,3.18836,1.31734,1.6266,-248.23797544499504,-179.97463781751856,91.88466864733499,-107.43932686954658,69.33075799980527,4.845681690337862,148.6275763,-2824.080288,-462.572543,-108.81377,-21.04941,-97.930436
948,-0.308433,-0.459658,1.011225,3.01334,1.68831,1.58088,-299.4380569756806,-161.00400522073699,88.15528635882846,-98.77276726039776,127.07459050867989,4.166176663624512,645.5661230000001,-3042.9697419999998,-216.520895,-85.6427,-29.486299000000002,-89.16657799999999
949,-0.150125,-0.428389,1.1041,2.92038,1.24844,1.57601,-277.0388449328362,-138.4214466834507,72.25055092379193,-132.98350424986407,109.5793242343602,-2.5095379539391516,507.445755,-3125.588211,-117.26481,-114.45982,-32.970928,-99.352901
950,-0.0805601,-0.794217,0.946325,2.96025,1.43693,1.54767,-264.9861047544642,-164.95626809154942,77.0696989386373,-99.68377015465576,94.06477305780777,0.801573684965973,316.4504501,-2806.587283,-278.148365,-101.754676,-30.318219,-94.606696
951,-0.395652,-0.575107,0.783111,3.27628,1.2805,1.66862,-297.8268996557727,-175.78459746172683,98.64900837664948,-120.98576801982465,114.22887674184683,-10.002697187393913,685.622862,-2905.1295929999997,-438.083981,-110.65631,-18.074603,-99.360871
952,0.0216599,-0.811433,1.18393,2.90722,1.4926,1.60437,-257.5519773626417,-139.49746142270638,37.13545735049113,-82.00401147030395,92.883334084248,0.7734414572250495,215.0747301,-2824.725167,-42.020554,-98.503711,-36.774816,-93.94013700000001
953,0.110728,-0.54983,0.989707,3.21833,1.79589,1.59791,-225.1403278498862,-163.2179141411225,95.00614271520772,-93.00422817902061,43.70974697916073,-12.844911625919874,216.43641200000002,-3103.46647,-240.96520700000002,-79.902677,-18.449939,-86.915408
954,0.337241,-0.789137,1.11462,3.18439,1.48834,1.43029,-224.17890466965667,-146.46863891606313,40.89234161316393,-82.91730619574247,33.9185285139496,6.797800464550139,-81.711837,-2956.5875629999996,-112.69435,-98.149301,-11.0035077,-92.702458
955,0.246367,-0.706339,1.09364,3.7708,1.81463,1.6865,-222.26809042289537,-151.29523538224518,45.08828343424549,-30.02734294409813,16.377482911798964,-34.29249806683149,26.66613,-3002.877861,-137.96359999999999,-82.49512999999999,8.1299399,-85.623699
956,0.171545,-0.582398,0.978069,3.44667,1.57247,1.59831,-218.39833347458182,-162.29144138639595,88.84799233314162,-106.32721578919765,22.444017342423635,-0.24543964957357617,143.62195499999999,-3094.891502,-249.355019,-93.46198,-5.7391141,-91.819121
957,0.137473,-0.885262,1.09797,3.42054,1.31877,1.44651,-240.1839077188411,-142.55361830193422,33.16600574582478,-93.14173804985201,38.73819219081057,13.804845115882054,69.599485,-2798.0559380000004,-125.83670000000001,-107.42519,2.1321828,-94.92195600000001
958,-0.243282,-0.511295,1.14214,3.56254,1.3502,1.62899,-271.3035374035766,-140.04291724367096,66.49003325154663,-118.68706134575979,70.35463357970404,-1.1197027711344114,557.335692,-3018.691005,-80.742172,-105.15732,-0.08139819999999998,-96.808674
959,-0.149608,-0.847212,1.16422,2.89959,1.55668,1.49062,-271.5797030608297,-141.9159162759536,34.62171961591366,-73.51907948221158,100.79473531941443,-0.0047727384334397575,362.523818,-2733.4964879999998,-62.20601,-94.02110400000001,-30.905997,-91.98063
960,-0.240221,-0.756132,1.04882,3.78422,1.37666,1.57321,-265.74584679080766,-154.11590660767425,62.79961209310901,-100.46757641839473,49.10660833883649,0.9983617692816056,466.734761,-2788.287768,-175.47413,-103.15358,15.618518,-95.70728100000001
961,0.22277,-0.431825,0.791059,3.10103,1.61339,1.62124,-196.51535640515027,-173.02981638273783,118.51173626044975,-118.91968221058289,21.81135734504018,-6.246500474075261,153.61947,-3252.947075,-437.16102900000004,-90.54086199999999,-26.854592,-90.865914
962,0.298731,-0.783576,1.057,3.45159,1.80296,1.68005,-226.2329583652007,-158.74139488776538,55.13498378030545,-54.63805748458849,36.22772031566536,-13.756945844209119,-43.450951999999994,-2948.023424,-174.98438,-80.82288799999999,-9.7583668,-86.023629
963,0.218641,-0.885774,1.015204,3.43926,1.75494,1.66659,-236.62297502210305,-161.5655038599652,54.465138822018005,-58.727601043114255,45.615576493104385,-6.9342217155707875,-3.2074154,-2825.233626,-215.568534,-83.39744,-9.8980607,-87.299027
964,-0.172569,-0.861623,1.16,2.9734,1.34669,1.52185,-272.78520626178494,-134.61471509260153,21.999975051197243,-80.23185300996431,99.56402197547341,-0.041135046535181345,378.280779,-2711.1620770000004,-63.787715999999996,-107.42302,-27.742914,-95.993998
965,-0.0455659,-0.710645,1.04376,2.89796,1.44912,1.69976,-264.97980221871774,-155.27098952265797,71.07426857038836,-102.84993493054868,106.26189860055274,-0.3489851552674137,314.3989859,-2894.784355,-181.44044,-102.182284,-42.541688,-96.315563
966,0.0860803,-0.847913,1.12289,3.57763,1.50013,1.5243,-241.3366988026443,-146.00626197539256,40.44749718102436,-81.05462040377218,33.77620579763911,3.7424113487678032,129.1950397,-2815.388587,-103.96592,-97.41862,6.064997699999999,-92.939624
967,-0.084609,-0.763905,1.019822,2.86398,1.85113,1.54713,-267.12209141471186,-165.28686473933988,74.42148800954263,-73.35807834177983,101.77735793806379,-1.243793970403845,331.442509,-2832.494095,-211.191072,-74.429413,-35.707816,-85.707488
968,0.304985,-0.562575,0.950326,3.28643,1.42589,1.4746,-207.58432804928265,-160.73242322584497,86.37109578479108,-137.10880037480598,15.887775884300648,29.233853693621455,25.372173,-3159.571825,-275.037466,-101.59890999999999,-7.459624,-93.82604099999999
969,-0.203143,-0.611639,0.870584,2.92456,1.74494,1.56387,-280.5940480516229,-176.33864764961834,99.86597073350735,-92.97844507823973,112.41145461569187,1.8513469572046675,495.202063,-2935.4096609999997,-358.301854,-81.647892,-33.535951000000004,-87.903959
970,-0.0113074,-0.803757,1.14943,2.93221,1.4264,1.46069,-257.27810353656923,-142.91171692389096,44.95237784524046,-90.19444315169906,83.11325776167722,2.6604321188648052,246.1856474,-2821.5374429999997,-75.409352,-102.106757,-26.954309000000002,-93.869906
971,-0.397738,-0.449614,0.864376,3.63931,1.67586,1.63626,-296.01520710756904,-173.0143465222693,105.4712168432722,-107.16717191685943,91.06591195809304,2.93676393387845,724.321478,-3023.008386,-363.160596,-88.469151,3.1497573,-89.358147
972,-0.234195,-0.402902,0.988057,3.49196,1.54694,1.68548,-276.11294513590474,-153.12239779091738,97.40683587680586,-125.57515995882252,82.55806165819544,-0.3489851552674137,588.696455,-3123.3857980000002,-237.711397,-94.91699200000001,-8.0518488,-92.542718
973,0.313859,-0.544047,0.922634,2.99515,1.80675,1.45027,-207.87080694684806,-172.0047948872488,94.16675954534107,-76.42225663013946,32.17639304207482,-24.241901607764643,27.180483,-3178.620753,-309.420754,-78.81577,-23.12984,-88.55749
974,0.138919,-0.738074,0.893598,3.35017,1.54094,1.61979,-235.5687326790623,-171.69310584669762,88.57755625383989,-99.18472391509681,46.39422613668717,1.1834958920442773,122.781671,-2936.3620260000002,-333.853328,-95.223698,-12.454017,-92.556073
975,0.173673,-0.669966,0.99057,2.79865,1.40931,1.46315,-235.71025325445964,-158.84567320647918,81.38177930479186,-111.82990245363408,69.61895577075606,6.341153101830873,119.168867,-3010.103434,-234.77352,-103.53690999999999,-34.713167999999996,-94.521874
976,0.154696,-0.677951,0.83818,3.47644,1.37473,1.5182,-227.5736796058068,-171.99963826709262,95.30178893749522,-127.19147389888658,27.005850011475736,17.74828443664946,125.727634,-2998.301449,-386.69599,-104.17317,1.1593781,-95.09722799999999
977,0.0114813,-0.686794,0.89176,2.84537,1.28758,1.67878,-258.84399719066175,-165.6696005464873,89.6002859181484,-119.80318313067461,102.14978050489883,1.3727323926200854,269.3656087,-2936.3095059999996,-330.72583,-114.15401,-43.103339999999996,-101.580448
978,0.30321,-0.406678,0.98063,3.09022,1.34749,1.52166,-188.41659797097608,-146.86569866808878,86.03763434802494,-175.8917405694163,15.347877753948877,56.35383689788725,83.92046500000001,-3304.9841220000003,-243.17611,-106.71617,-20.978824,-95.823887
979,-0.0488077,-0.473108,1.06155,3.61582,1.49142,1.44525,-226.6666874161147,-146.4124890521403,85.49733514721657,-137.60727365656982,12.833968132032874,15.953150368725076,383.1958677,-3121.351592,-163.75642000000002,-97.79107,12.969812000000001,-92.781605
980,-0.0587564,-0.848305,1.0202,3.80589,1.29799,1.69963,-252.33863438474637,-155.07503795672324,57.94665956835094,-101.3298779000666,42.056133486633655,4.069490035696186,265.3740864,-2764.378295,-203.77373999999998,-106.38164,10.197935,-99.144877
981,-0.27254,-0.498698,0.876593,3.20689,1.53986,1.58209,-286.84387168090996,-168.54814050922454,103.62571978515582,-116.90000598274675,103.69562063616178,-0.5985632789952198,595.2656000000001,-3019.282002,-349.18953300000004,-95.23291,-18.487638,-92.48863999999999
982,0.196007,-0.414979,1.19938,2.88523,1.23605,1.41479,-197.1719660383702,-124.26709731253887,53.18927640382069,-148.75588643422537,29.747281173838186,40.886955809889706,183.80629299999998,-3259.214021,-22.712899,-113.58787000000001,-26.292952,-95.772723
983,0.318306,-0.45024,0.739859,3.23145,1.35005,1.47301,-193.97428858374508,-166.5255994924127,108.20365256825109,-198.26803430045547,12.957784311560646,75.03569876592287,52.758954,-3269.53816,-483.823049,-105.9476,-10.240601,-94.889894
984,0.222712,-0.588604,0.756819,3.2758,1.50725,1.55681,-216.40673217870707,-181.0707060796038,110.73096940257317,-117.36295588121243,28.079229144873818,6.258876362450087,96.085815,-3106.288796,-469.58004900000003,-97.068656,-13.049516,-93.050752
985,0.0814615,-0.482234,1.001663,3.0043,1.78249,1.63103,-227.56279340769933,-157.84643481177102,99.07758080740734,-107.2983792519444,59.748611834037376,-8.845265145450135,269.5836385,-3155.132966,-228.806433,-79.232855,-32.649926,-86.437535
986,-0.249402,-0.756405,1.03376,3.06677,1.74441,1.409,-276.8440392824917,-162.32123519174274,70.37411414473848,-78.13368156419524,91.8514370952174,-0.4675845540705184,484.59385199999997,-2785.4435949999997,-195.41775,-82.97492100000001,-16.647543,-89.70151800000001
987,0.177458,-0.724747,1.15601,3.09113,1.60761,1.63197,-236.10387525971453,-146.97341473357338,55.574900775406896,-86.22957520939377,62.47474502326983,-1.2520159147639724,94.71710399999999,-2961.2075529999997,-72.423368,-90.928403,-28.113290000000003,-90.96278199999999
988,0.366168,-0.58797,1.0389,3.24583,1.22771,1.74395,-210.47661899910304,-149.08189941965483,67.05210484856998,-130.37024374627237,38.62274119509171,24.174292587939206,-36.872964,-3154.87333,-183.96622000000002,-114.59429,-23.340783000000002,-102.55254
989,-0.109018,-0.43729,0.769643,3.06964,1.78095,1.49786,-255.98665666634435,-174.6186283486356,125.89888111307145,-118.9162444638121,76.29334112623502,-3.891884578361533,462.635768,-3133.03391,-459.76102299999997,-80.42884600000001,-21.480144,-88.31873300000001
990,-0.251177,-0.535149,0.910356,2.79981,1.70909,1.70676,-294.4848368367746,-172.2167892714472,93.7101121826218,-89.48569435912223,141.365876792628,6.720966824223096,570.097817,-2988.114951,-318.17056599999995,-82.08264399999999,-48.793321000000006,-86.685965
991,-0.390655,-0.456828,0.80835,3.46189,1.32521,1.71928,-301.6221720907193,-171.7131593695272,104.62839592663475,-127.17657699621319,110.60950235000543,-9.681783526341137,719.588345,-3018.2201720000003,-414.13982000000004,-107.16619,-10.6676016,-98.71054099999999
992,0.140556,-0.464974,0.857942,3.3661,1.33008,1.68551,-207.6444886177714,-157.37374463078808,106.214916061352,-162.60943296269355,24.715393929660756,28.084500356589025,215.305714,-3194.333626,-365.18029199999995,-107.2345,-14.29411,-98.264372
993,-0.221618,-0.843544,0.946341,3.69394,1.60276,1.55727,-265.68625918011406,-167.75688579414884,70.80096770211097,-81.1090513943096,53.219127504947004,-0.24888198000672213,420.92911799999996,-2713.035056,-281.08561100000003,-92.216517,10.789809,-91.102227
994,0.285461,-0.445244,0.913335,3.79376,1.3433,1.46178,-197.30890295140648,-144.09602068642639,58.473207782076166,-252.5764118697257,28.834903180871866,152.63309183387565,76.399272,-3261.507856,-311.525085,-105.01462000000001,22.553103,-95.08362000000001
995,-0.202266,-0.719918,1.1787,3.45004,1.47803,1.61111,-268.34077264495517,-141.30342439295873,47.90408451841592,-91.90071146559865,72.92205745968526,-0.11104896097887076,448.908636,-2836.5354820000002,-46.434353,-98.65647200000001,-6.068362799999999,-93.823044
996,0.0139126,-0.7106,0.970918,3.51938,1.2343,1.62318,-243.7431215421938,-157.18008489603386,77.46847756404834,-125.21992612584143,46.69451331711524,10.273477041372738,247.0071074,-2918.8908,-251.52790800000002,-111.50825999999999,-1.39506058,-99.37048200000001
997,0.0955758,-0.553154,0.980059,3.73014,1.39027,1.63199,-220.30284518559665,-153.59279614071977,87.102189931378,-155.66174673893718,12.853907063303426,35.598211586155124,220.81824419999998,-3095.866246,-244.544699,-102.443129,9.173092,-96.06208000000001
998,0.17918,-0.667804,1.11412,2.97752,1.44875,1.51286,-232.05478252152497,-147.60137647703678,64.21539080487727,-104.72694466739726,58.41419312917769,5.361326517221749,112.8475,-3014.930696,-111.81264,-100.894652,-27.414574,-94.076412
999,0.110325,-0.808999,0.841764,2.81826,1.31815,1.54206,-250.01872827226165,-172.64192395543427,85.81991038587523,-106.902465415509,87.47919616057409,5.244746794646481,132.570915,-2856.009801,-382.472154,-110.26713,-37.481696,-97.56380300000001
1000,-0.230185,-0.707359,1.10891,2.92831,1.23092,1.44686,-279.13243271624424,-143.23314624695936,51.035470756144406,-107.43359729159528,104.08523193685073,-0.7446445984417743,485.491375,-2836.779241,-112.31012,-114.10028,-25.534937000000003,-96.397932
1001,0.196124,-0.634724,0.981873,3.05117,1.37856,1.58537,-227.89339005548982,-158.06301285833047,83.4661997634778,-118.88988840523608,54.71414627978186,8.836327003846096,108.67186600000001,-3051.638476,-242.738733,-105.43418,-26.942397,-96.28482
1002,0.317644,-0.477944,0.837718,3.22939,1.73798,1.56272,-197.8188353890729,-177.2095434982172,100.6085240359969,-64.90866973698557,15.44556705801868,-36.65732407045445,45.815059999999995,-3242.544156,-392.817618,-83.548975,-16.045166,-88.567539
1003,-0.326005,-0.668279,1.19062,3.71482,1.6686,1.48926,-274.37287231209245,-143.875431935301,49.80269476414093,-80.30691048112645,56.810312373267976,-0.08088674376979885,577.061025,-2841.862721,-37.062804,-88.89066600000001,15.827268000000002,-90.064821
1004,-0.228207,-0.760998,0.944211,3.27242,1.43297,1.601,-274.4038120330295,-165.01872049121866,78.01966296296419,-100.82853982932714,88.53286554581967,-0.8838160468790514,462.705327,-2788.6088019999997,-279.865251,-101.46655799999999,-15.478037,-94.830431
1005,0.300746,-0.642576,1.20591,3.47714,1.67168,1.74009,-215.96727354984174,-141.72913203474096,44.090821208702245,-70.21655075107752,26.82502453133245,-9.016694117753278,2.5935145,-3082.379324,-23.804636,-88.10626,-12.108494,-89.120651
1006,0.238965,-0.705167,0.977766,3.1302,1.6662,1.65463,-229.18999354587086,-166.13140452936273,81.55309368553598,-88.71850387144205,54.78633896196834,-3.978956974487564,44.784895999999996,-3000.462633,-251.390876,-87.229369,-27.051877,-89.38359799999999
1007,0.291355,-0.633144,1.012144,2.89686,1.88557,1.50928,-221.59257318243613,-165.97727888247255,82.57181264527858,-75.00590496057606,54.71901642104047,-17.408405872577855,20.462121,-3085.1261560000003,-220.658074,-72.919441,-31.656949,-86.09406
1008,0.0611835,-0.878311,1.1136,3.33468,1.86688,1.54542,-247.79507906935896,-153.40944964627792,45.97728474917048,-52.47571476576476,56.42557121383763,-8.125286380088744,146.7333365,-2776.596789,-119.10721000000001,-76.80672000000001,-8.7064802,-86.442507
1009,0.227314,-0.830577,1.07265,3.03607,1.63859,1.39901,-235.03760080297602,-155.42454221175302,54.56397404167807,-74.18371052456334,51.308943511760354,-3.5552145779426607,9.3093149,-2879.4160229999998,-156.84657,-89.245088,-17.910437,-90.99977700000001
1010,0.255281,-0.663477,0.981364,3.62078,1.31026,1.45464,-218.58683658917985,-150.7102454734166,65.16707370258958,-169.4247659357747,13.68206026038552,67.4818231949181,31.794802,-3046.415923,-242.733574,-107.21379,13.242895,-95.294243
1011,0.22072,-0.437244,0.998454,3.09771,1.39484,1.46383,-196.40935921305106,-147.6443483116716,89.02331741845165,-160.14399557024564,16.2234718564678,38.02337004560536,150.12455,-3248.098356,-225.85673400000002,-103.64069,-17.499038,-94.281494
1012,-0.374715,-0.843922,1.08364,3.43749,1.36958,1.63299,-283.70005225902713,-146.53796680927397,38.36107137005547,-82.84797830253164,89.93202848152914,-3.446174979951314,570.1228550000001,-2660.444778,-139.74815,-104.65789,-7.5248352,-96.43388
1013,0.351719,-0.505867,1.08077,3.55368,1.43535,1.62164,-199.04324619726745,-134.44855733201356,48.06817963094139,-198.52185460369842,7.349730708599661,101.83923737993791,-1.6896011999999998,-3228.909533,-145.43722,-100.673511,-0.54289039,-94.943545
1014,-0.276687,-0.854935,1.11224,3.69253,1.44701,1.52947,-270.0246956048446,-145.73639885388593,38.562867105500544,-80.11038595739657,56.06558183115693,0.3024031135654826,467.741487,-2683.5441650000002,-112.8558,-100.03930600000001,12.562213999999999,-93.87978100000001
1015,0.293857,-0.829102,1.14732,3.20099,1.87289,1.73886,-233.1262135984196,-149.51390959718347,40.48250490230685,-51.056039940989606,60.66706317963209,-9.03382555582769,-50.414966,-2901.7577979999996,-86.01608399999999,-74.373827,-26.848714,-82.72939600000001
1016,0.0458332,-0.545692,1.17348,2.91212,1.22176,1.45034,-239.1216439666686,-132.69014985875708,56.65234790915041,-125.08814583296132,67.56604799080232,13.051233727946482,279.5706768,-3083.791408,-48.292169,-114.76506,-26.617795,-96.795665
1017,-0.153789,-0.884173,0.853542,2.82922,1.6738,1.56342,-274.0972796126345,-177.24392096592504,76.4062138118758,-73.12603043475184,111.50217059481925,0.3572489255465855,356.65929900000003,-2695.704927,-374.455732,-86.005166,-39.110829,-89.35884399999999
1018,0.17056,-0.606402,0.853567,3.24779,1.44097,1.59632,-223.91305225271597,-170.03267415640852,101.41582156933625,-122.99169326057763,39.775474983115416,8.121848633317958,139.61417,-3070.777398,-372.027237,-101.06786199999999,-16.613948999999998,-94.76927900000001
1019,-0.335693,-0.665908,1.05163,3.69822,1.45046,1.74042,-280.8765162446224,-154.94153879045774,69.47113265961231,-100.50711050625875,78.5307413162209,-2.5143450698402994,591.8408029999999,-2841.324092,-173.11485,-99.650765,0.8769079999999998,-95.351578
1020,-0.202819,-0.802526,0.783871,2.89842,1.63014,1.41737,-275.3222633786242,-183.98247759445866,92.32928389635651,-84.98797566734527,100.41772909021834,-0.25571220988247667,427.94266899999997,-2756.947674,-443.896871,-89.42786,-26.830425,-90.923664
1021,-0.333938,-0.828855,1.10454,3.82877,1.40079,1.66474,-274.8684808048806,-146.52249694880544,41.01867880699027,-83.1241439597847,60.70717022529124,-2.0233947239265513,530.732488,-2688.090745,-120.09704,-101.69447000000001,12.833476999999998,-96.105583
1022,-0.284426,-0.617874,1.12039,3.2235,1.64011,1.55276,-282.9265592356005,-151.20241621943399,67.38040966517994,-92.18719036316406,97.11290852790374,0.7768734744178832,564.4349860000001,-2903.845426,-107.00793,-89.26332000000001,-15.943213,-90.41708700000001
1023,0.184541,-0.486193,1.12887,3.20505,1.70518,1.44701,-205.9588467844965,-148.71520643077108,73.22515213330946,-77.20491697828817,16.95044070692979,-25.830140615867286,165.304719,-3189.914207,-101.05090000000001,-85.5744,-10.949075800000001,-90.018775
1024,-0.0961004,-0.430518,0.89016,3.3241,1.24972,1.71926,-250.0691485582332,-151.69229513427086,103.58790457067718,-151.3416449636508,68.67300245099507,3.8055169203235124,451.6240604,-3143.8319819999997,-331.04758,-112.36315,-17.795565,-101.063141
1025,0.0544608,-0.838668,0.753804,3.14559,1.30006,1.50939,-249.40680934706197,-180.22043671162965,92.03650246304467,-108.76056754511826,66.54847494664999,6.793675168425197,170.6697292,-2812.081932,-469.057224,-109.4479,-16.924281,-96.32202699999999
1026,-0.314983,-0.771663,1.16417,3.74238,1.68824,1.56648,-273.4045736383214,-145.79999716914546,43.164061975078134,-70.88347362460979,58.67202413698656,0.3901647779190562,531.8985729999999,-2748.224937,-64.132159,-88.141982,12.992362,-89.342981
1027,-0.115705,-0.620678,1.12006,3.20186,1.72173,1.58733,-262.06745774606776,-151.88079824886887,73.8743133151927,-93.21393073203849,79.5884214060324,-1.1094067195559103,405.389485,-2958.882722,-109.01692,-84.28966899999999,-19.021887,-88.58911599999999
1028,0.19236,-0.676562,0.907487,3.37707,1.80872,1.41981,-224.73009006857254,-174.0198874527239,84.8825514330412,-58.88688331016062,25.652638290935755,-26.154492023690846,90.72632800000001,-3012.364538,-324.068197,-80.221643,0.5399734,-88.972805
1029,0.375368,-0.751814,0.804588,2.83108,1.66401,1.49448,-224.76045683171446,-182.5558126845829,89.93030960814374,-81.39266550289936,58.34085453140094,-4.824396308248753,-97.564566,-3002.0922859999996,-425.39868800000005,-87.031051,-35.097649,-90.169315
1030,-0.111269,-0.530103,0.989028,3.05355,1.67331,1.46827,-259.9990801056455,-159.54468171653878,96.02944533731136,-110.52585051191633,79.19938306313857,-1.6826223456945424,432.762559,-3045.344697,-239.222928,-87.032729,-20.812561000000002,-90.24455400000001
1031,0.189521,-0.898895,1.10246,3.3549,1.49616,1.56421,-238.84433239382523,-146.36722538632498,35.773880446142236,-75.19211624399358,46.31384015803032,3.0409792272347955,18.891435,-2803.1634050000002,-124.59172,-97.763692,-8.908346700000001,-93.252365
1032,-0.332488,-0.833226,1.184,3.27357,1.70466,1.66463,-283.79115254845294,-139.51350424097006,24.36399891390702,-57.09994253870661,101.38430889060405,2.513703357109753,536.948588,-2684.5794739999997,-44.475953,-85.451085,-19.363198,-88.374992
1033,0.0214616,-0.702342,1.21474,3.35095,1.52836,1.64682,-245.58689972692474,-138.17278300036395,46.52228220389891,-91.1581581631091,57.93348153906293,0.9346087554173989,245.6581784,-2929.611258,-11.855004999999998,-95.953148,-13.930520999999999,-92.902696
1034,-0.375741,-0.496926,0.913733,3.38773,1.26041,1.40824,-290.7468601813411,-160.7610711156015,91.87779315379342,-128.36947512567556,86.75497750752872,-3.5195594143516695,687.385051,-2986.1616740000004,-307.26726299999996,-110.73777000000001,2.6818425,-94.88818400000001
1035,0.219727,-0.503844,0.738258,3.35758,1.45165,1.54623,-205.57668393514425,-175.99888367710574,116.81520822906735,-150.8643711203068,13.412426321996954,27.84242568814625,127.039323,-3185.413556,-487.105578,-100.080463,-7.5223937,-93.96043999999999
1036,-0.383434,-0.693134,1.001581,3.78601,1.83127,1.48524,-278.6769312691152,-165.94805803492085,74.45242773047968,-74.26392461588165,56.685292982370434,1.1149185735450688,622.252574,-2798.2044659999997,-227.818481,-81.01383,20.338098,-87.424654
1037,0.17401,-0.700038,1.04511,3.53289,1.87321,1.42748,-226.97665758328048,-159.015841671633,59.67813802523629,-33.40905444251928,22.011434207099864,-38.34055948098979,97.333151,-2983.319462,-187.36311999999998,-77.35032299999999,9.151627,-88.101583
1038,-0.060181,-0.643529,0.968923,3.25217,1.40456,1.72546,-257.39097622221,-159.431809030898,86.99733865486907,-117.17559868220467,79.92703946295471,0.5835174072950843,346.307331,-2955.656871,-255.221523,-103.67321000000001,-23.522399,-96.965008
1039,-0.330723,-0.753896,1.09462,3.28896,1.82253,1.67714,-285.18458590621105,-156.85006120603853,57.77591814540195,-66.33934535142724,102.1234244463228,5.257088305553599,562.2498830000001,-2758.971404,-136.01558,-78.552987,-18.760695000000002,-85.277372
1040,0.00669551,-0.582377,1.018476,3.36313,1.34378,1.7196,-241.6799005219277,-151.33591538569945,83.50115018898079,-127.16053417794951,58.038905773367,5.1076150759598695,301.36749449,-3037.085823,-204.98442599999998,-106.68727,-16.519768,-98.424925
1041,0.379599,-0.802231,0.890013,3.35556,1.32243,1.47066,-221.94265039526107,-166.11937241566497,67.53281643868475,-113.21130369769449,27.12141559875362,25.74603041154208,-127.370479,-2958.834969,-334.549493,-107.37283,-2.8841241,-95.225128
1042,0.234053,-0.469121,1.02652,3.25621,1.6188,1.58693,-200.36620574622455,-156.6122837210592,87.97652352674764,-100.692175874086,14.918044816041732,-10.042460458375992,126.28943699999999,-3222.547079,-201.9614,-90.57701399999999,-15.932011000000001,-90.881924
1043,0.0257747,-0.403236,0.749582,2.82401,1.52364,1.50833,-225.5305121083703,-163.28208541417715,126.86947161802306,-146.54484230281554,60.15426595299,2.2716401478228825,351.0945453,-3210.455464,-475.848212,-96.14867,-36.148511,-92.78586
1044,0.378517,-0.640476,1.02663,3.549,1.91505,1.56167,-210.98024890102303,-154.43046043720105,44.67638407532594,2.5842974870478215,18.91327952148896,-63.83265499772989,-74.127459,-3110.385924,-207.31650000000002,-75.59151600000001,2.7606548,-85.34082900000001
1045,0.0216138,-0.64926,0.774543,2.92235,1.2541,1.49537,-250.08347250311144,-173.64460009691322,105.63680164606501,-130.00240484179838,79.43200392796167,7.427939447635019,268.87032619999997,-2977.12454,-447.681673,-113.19001,-28.619467,-97.32305199999999
1046,-0.359789,-0.889568,0.959728,3.20124,1.61165,1.61398,-285.1479166073227,-164.5569165083432,56.9838612894131,-70.03091242545513,104.14711137872487,0.6822666832858817,544.183809,-2622.4419319999997,-266.965538,-90.885312,-20.706729,-90.850821
1047,0.0827289,-0.724455,0.96273,3.0192,1.77596,1.41519,-242.59376820516135,-169.30444479879722,85.87548729200292,-83.27311298651871,61.4554531057321,-7.940163716481975,181.80369109999998,-2928.843845,-268.33451,-80.950925,-19.821504,-89.34403599999999
1048,-0.285689,-0.735346,1.21962,3.58436,1.25781,1.74266,-276.74491758393407,-126.22374818291061,17.96583651146063,-88.13637875158915,80.44957697211402,-5.159020849339007,522.3896090000001,-2793.514654,-1.9549199099999999,-109.85036000000001,-4.4571116,-100.758246
1049,-0.216013,-0.610649,0.966916,3.1476,1.71229,1.58483,-277.2325046675904,-166.52044287225655,91.0057513896043,-96.31305944590112,97.56382631267171,1.0895537319546273,504.44674299999997,-2933.4726509999996,-261.634026,-84.659364,-22.041041,-88.751558
1050,0.0983903,-0.523532,1.00053,2.8998,1.32172,1.43801,-228.03548358868224,-150.09775359042175,88.0538728290903,-134.77170552846738,55.82854919131131,13.057421672133895,238.5878897,-3122.724668,-222.6555,-108.5215,-27.107051,-95.224056
1051,0.180915,-0.526682,0.955337,3.01412,1.8941,1.48861,-217.238666897237,-167.94424299315665,99.04606812867515,-83.86898909345477,43.52353569574321,-22.93137524296191,158.795885,-3148.393718,-277.27196699999996,-73.34655400000001,-23.779632,-86.613315
1052,-0.187345,-0.537115,1.015325,3.12089,1.60404,1.72676,-279.4257871073512,-158.22745174553302,87.96334549745964,-107.7183573157753,109.48707802934415,0.5883245231962319,504.911635,-3010.862185,-211.835075,-91.20977500000001,-31.752316,-90.967976
1053,0.228277,-0.561686,1.17325,3.08488,1.23269,1.60891,-218.09180105418682,-133.6699076884308,51.68612162829498,-124.96782469598385,46.96185542432328,20.209367349854396,102.203093,-3131.7046139999998,-49.229407,-114.54989,-25.255178,-99.87356899999999
1054,0.255499,-0.580656,0.901057,3.19092,1.73914,1.57266,-214.64660583206518,-173.0384107496648,96.82814850372372,-85.96773349701898,33.11621571342791,-14.634602594790511,68.83174,-3124.503644,-329.552017,-83.22953100000001,-18.898152,-88.370181
1055,1.49e-05,-0.666363,0.845987,3.80903,1.69568,1.47134,-237.40907311702256,-177.8827689074959,92.91140901620942,-71.77041229147231,14.336836428661023,-18.211406222453704,269.4839851,-2955.522237,-382.645287,-87.730886,22.248656,-89.742615
1056,-0.211804,-0.427652,1.19042,3.6574,1.40203,1.56676,-257.61442976231103,-132.92563551255586,64.8553846620384,-123.27186962239662,47.98578830000157,2.78522805622225,553.517954,-3107.947048,-33.464097,-102.254927,8.621231,-95.06088
1057,0.218165,-0.873995,0.809476,2.84366,1.81166,1.61464,-244.22268721671824,-183.6822477098101,83.34301383752468,-66.41382986479425,84.38751589804816,-5.479224042725819,9.472142,-2831.6688050000002,-422.60012600000005,-76.157273,-40.752012,-85.25904799999999
1058,-0.0986953,-0.584824,0.871112,3.08903,1.8567,1.50724,-259.91485530976126,-175.9438797287732,107.31671390138858,-94.74659283401346,79.79984283243567,-3.9467166393555524,402.52548529999996,-2997.497676,-359.90935199999996,-75.93750999999999,-20.624016,-86.96454
1059,0.313854,-0.535549,1.19831,3.05897,1.29806,1.63982,-208.8958284423371,-132.7462997226799,47.5903901255818,-119.34252506338944,40.35696984939369,20.40274060571105,30.920636000000002,-3185.985351,-25.438321,-110.92783,-28.981925,-99.142695
1060,0.207817,-0.595322,0.802508,2.80483,1.62668,1.69084,-231.6491284025724,-178.5771937551945,109.69047804661558,-108.02317086278488,77.81798181907814,-1.752563303746162,116.573273,-3089.7768779999997,-425.683368,-88.815281,-47.809675,-90.09064
1061,-0.218551,-0.492353,1.1143,2.96809,1.66936,1.41262,-280.6267066459454,-149.39874508036215,78.5066770888254,-103.43206005040159,101.44733424806843,0.10630143268841677,547.0283310000001,-3043.825647,-113.58525,-87.173837,-22.574922,-90.512399
1062,0.124879,-0.693053,0.769429,3.66699,1.54477,1.72573,-231.0555441268168,-183.05314005075644,102.99603916830705,-102.53251631204621,29.799534924754116,1.4536512220264117,149.167651,-2974.023447,-457.814429,-95.050346,-0.3584004999999999,-92.651082
1063,-0.0314828,-0.480325,1.007107,3.5914,1.30724,1.56512,-227.64014271004197,-145.46195207001827,87.63332180746428,-156.48050342817913,24.579889411112315,25.070570466862353,366.7870128,-3120.475775,-215.548967,-107.28027,5.4704936,-96.90509499999999
1064,-0.335364,-0.892597,0.826323,2.8317,1.4097,1.50866,-286.94585816844324,-173.97118604013775,68.51658497292436,-84.80749396187906,120.90211618173552,-2.5232545635545836,524.0682340000001,-2625.618103,-397.579323,-103.65441,-35.405694000000004,-94.944626
1065,0.195245,-0.766216,0.88334,3.35031,1.52557,1.73411,-234.29218271151086,-172.66255043605895,86.16483097854397,-96.74105891886384,51.691679318907745,1.4214223460503028,62.122678,-2928.618384,-344.15367,-96.22146199999999,-18.944201,-93.36151100000001
1066,0.0635951,-0.854343,0.910881,3.50289,1.86845,1.69104,-246.38445697774688,-174.94464133406504,76.26068253191256,-61.34200746229619,53.378524363552394,-6.079884347251218,153.4040649,-2800.882857,-320.961121,-77.629685,-7.111777,-84.218273
1067,0.0977712,-0.706495,1.06192,2.99823,1.32637,1.67772,-246.2326231620372,-150.41574516671935,67.14435105358605,-110.76305503910048,81.03170209196693,4.209371951799424,178.4166688,-2949.140605,-161.83566,-109.98254,-34.746871,-99.386287
1068,0.144136,-0.784661,1.13056,3.72748,1.40889,1.42781,-232.7784282167752,-141.7617906290634,39.038708554356695,-113.58773696909545,13.10360207042144,30.377763931600143,93.65003899999999,-2893.737839,-94.812275,-102.06425,20.549414,-93.65144599999999
1069,0.126017,-0.576275,0.933851,3.82318,1.34746,1.69748,-220.00032346976758,-156.77614965046664,88.73282781632034,-165.33384727854062,12.367637782575898,44.53119657003979,183.660253,-3084.282125,-290.569201,-103.91736999999999,11.003099,-97.976304
1070,0.361656,-0.520205,1.19712,3.14211,1.52747,1.70365,-203.0642640034956,-140.0887538672814,54.59898176296056,-99.38812393236826,30.685843338041984,4.142186920742384,-7.7965848,-3217.183395,-30.279804,-96.14340800000001,-29.135648,-93.284514
1071,-0.257349,-0.869922,0.853804,3.69536,1.40086,1.54199,-268.5814149189101,-173.0641938504457,75.75877150337797,-92.77103435640237,55.2013322929816,0.5821480381647216,445.21513899999997,-2675.868878,-370.733964,-102.28285,12.179243,-94.82669
1072,0.134775,-0.431623,1.04408,3.30523,1.80088,1.7161,-202.61449213431789,-153.97839673684283,91.96087203408739,-85.50306472516789,24.774523174118254,-27.882704621143947,233.72834500000002,-3223.172077,-186.82161000000002,-79.72505199999999,-20.093457,-85.418542
1073,0.0639724,-0.877817,1.17974,3.52488,1.35473,1.6835,-246.66062263499992,-130.040220056277,13.476597595051606,-78.1571728337956,51.568722576072666,4.5069719601683245,143.7511476,-2779.208683,-44.995674,-105.24868,-5.2833014,-97.430182
1074,0.287583,-0.475988,0.955162,3.09326,1.80273,1.6233,-201.4307613295776,-166.83900740634928,96.33024817975506,-82.22116247465853,30.073179567708596,-24.723988296587716,77.083963,-3232.851312,-276.29286199999996,-78.55614800000001,-27.0378,-86.246953
1075,0.387942,-0.75178,1.17405,3.05698,1.33245,1.45375,-220.77840015555523,-132.21459488879853,20.78421590570915,-89.62205831436337,40.954278350817575,17.303955666525503,-114.498882,-3008.53752,-50.757203000000004,-107.53560999999999,-19.037538,-95.049994
1076,0.136019,-0.486472,0.770723,3.12574,1.4428,1.72125,-218.18519317479314,-169.50612594268327,118.67961289442306,-139.0459706801433,48.09717129537501,6.699079836449098,217.189371,-3170.759528,-454.450993,-101.712132,-30.732475,-96.09646099999999
1077,-0.212447,-0.451691,1.20769,2.95371,1.63779,1.45417,-283.0629231908417,-138.9972692675572,64.99117565948441,-102.05696134208763,107.0829471209752,0.39634470069733724,555.981047,-3084.254709,-19.517178,-88.977831,-25.746733,-90.734459
1078,-0.321965,-0.453639,1.03521,3.32404,1.9178,1.65756,-294.57822895738093,-162.15450447335968,90.01453440402798,-87.3548643190307,107.30811953446162,10.070535390337401,656.129335,-3044.849761,-195.87720000000002,-73.301716,-15.08291,-83.435015
1079,-0.115594,-0.40901,0.742495,3.06859,1.38545,1.46733,-253.9211438148977,-163.88770180363042,123.76404036841399,-150.9795356371281,72.51124672057647,4.103094010380608,478.163204,-3157.8228900000004,-480.394695,-104.33621,-19.40455,-94.460542
1080,-0.0573532,-0.447731,0.735317,3.34728,1.37722,1.51749,-231.68064108130454,-165.13789571260588,123.6970043063837,-156.3928408855241,37.93943172861869,11.884233290824023,406.5355232,-3142.388169,-487.62946700000003,-104.28927999999999,-6.1884348000000005,-95.064484
1081,-0.0313854,-0.671415,0.841953,3.24926,1.64835,1.68943,-253.72633816455323,-176.80675416824022,102.95765099603328,-101.56364468048,74.33439842468275,-0.8035733076709796,309.4049454,-2939.9862850000004,-385.90815299999997,-88.669762,-22.309455,-89.794514
1082,0.0816243,-0.606054,0.867655,3.43753,1.24617,1.4095,-228.25664529760277,-162.1418994018668,94.95801426041672,-154.4367629729475,27.335930997250603,32.609377247855186,218.20249570000001,-3040.632846,-354.378845,-111.34998999999999,5.552224799999999,-95.025178
1083,-0.030348,-0.833721,1.18533,2.88938,1.66861,1.72009,-265.0812157484559,-142.05972868253144,35.13188123669815,-67.38098262297508,108.01457649585792,0.3243325002163197,258.438738,-2784.651879,-43.032435,-85.745462,-44.545735,-88.374559
1084,-0.328313,-0.556227,0.744369,2.91844,1.37343,1.49102,-295.86451920744963,-180.66562491844633,106.68817920013008,-119.28465632608123,123.56350514011821,-4.946464966501374,631.531703,-2945.087573,-478.369129,-105.59645,-29.269581,-95.20743700000001
1085,-0.0259766,-0.560966,1.08432,3.53754,1.30147,1.51485,-236.1989862537062,-143.56202402136446,72.91518196614369,-136.5587608914804,32.4596633759875,17.308768512004605,333.7864166,-3046.820734,-138.42365999999998,-107.88587999999999,5.0879781,-96.216
1086,0.0410417,-0.541877,1.18381,3.6791,1.45364,1.73229,-226.07768680272025,-137.85421846627122,62.53089488719265,-118.44355428282917,24.944347864595034,9.039268654881432,278.5773883,-3088.083423,-41.553650000000005,-99.52162100000001,0.2713372999999999,-95.285582
1087,0.307635,-0.502877,0.767597,3.6462,1.84079,1.65293,-201.02109650605908,-174.87703231423959,86.59397636709697,15.00908780968802,14.100262155051508,-99.62590141734754,41.185774,-3215.336723,-464.333047,-80.20511499999999,2.9510994999999998,-85.492706
1088,0.194322,-0.536112,1.08546,3.47592,1.65025,1.7419,-212.37425521657633,-153.06051834904324,78.31473622745656,-94.32489589679716,23.28643718860448,-8.607315773132305,139.278898,-3146.319088,-143.40227000000002,-89.223439,-12.326595,-89.708023
1089,0.237431,-0.548292,1.05886,3.67796,1.79675,1.70868,-209.50087187399527,-154.20242323473897,63.46939975561694,-27.204723662165645,12.587710871685648,-54.81693490822833,90.537832,-3149.445408,-172.43813,-82.704758,1.4396503999999999,-85.954292
1090,-0.306404,-0.754406,1.006539,3.67807,1.22356,1.63617,-274.8495731976413,-155.26354107132127,64.3626409582259,-107.56996124683641,67.34030261952078,-3.2048222383304057,532.136644,-2767.200694,-215.560889,-111.01466,6.9986454,-99.81236799999999
1091,-0.251708,-0.623038,0.92177,2.91085,1.50136,1.65308,-288.07630389823635,-167.80902495350577,87.85562943197503,-104.83809847965263,125.89028674614448,-1.950010289526195,538.286988,-2906.7750619999997,-303.66749999999996,-98.122941,-39.385194,-94.114341
1092,-0.3395,-0.75746,0.984985,2.97141,1.29174,1.54172,-288.96897214305017,-157.70548719416882,62.33952698361896,-102.2701016418763,116.28350339518596,-5.286555524957177,572.2430300000001,-2751.4069400000003,-237.210895,-110.98093,-28.615047,-97.439075
1093,0.324901,-0.47841,0.792241,3.45965,1.56784,1.66096,-196.7221941691925,-179.34266536948923,107.78482042001046,-110.99911365069438,3.6281922123084738,2.4554220901890456,36.621044000000005,-3245.43959,-435.351591,-93.712965,-8.5881676,-91.96682200000001
1094,0.101775,-0.753722,0.950853,3.11185,1.31813,1.49587,-242.0935760500121,-161.4543500477098,78.23108438936748,-113.45022709826405,60.57080627005011,8.750612517694524,154.133395,-2908.547778,-272.530383,-108.43336000000001,-18.277201,-95.90216699999999
1095,-0.240049,-0.772462,1.008276,3.60203,1.29204,1.59843,-269.1698425745094,-156.2009000241553,65.9073351738986,-105.5863813600935,64.30190743194203,-0.2756018667826481,463.914939,-2773.316038,-214.631816,-108.07055,4.2277821,-97.632696
1096,-0.0317525,-0.756963,0.78655,3.69715,1.50033,1.58254,-246.8067268727583,-181.23514496680633,96.97196091030158,-101.62552412235412,35.68604601614868,2.6069350495334405,272.0514025,-2860.047337,-439.38757999999996,-97.24675199999999,9.630887,-93.187198
1097,0.0796581,-0.662656,1.12936,2.92818,1.67238,1.71705,-248.72269773967577,-150.6747220901185,68.29828805297952,-91.93795372228216,89.34302786813467,-1.3473389031398875,212.0799519,-2983.472644,-99.51007,-85.70817699999999,-42.17527,-88.435307
1098,0.0369987,-0.624184,1.10109,3.51586,1.35346,1.4863,-233.6980254779602,-145.32902586154793,66.94324286749513,-125.9722197108482,29.117485965430383,16.902827914154415,252.8323413,-3008.7942160000002,-122.85003999999999,-105.24889,5.2550571999999995,-95.033514
1099,-0.0407838,-0.492047,0.995247,3.74624,1.30609,1.63662,-229.37620482928838,-147.52861083705517,88.76777824182332,-157.46198013123822,21.354022432966755,25.480636360837483,370.0258238,-3105.944653,-227.772817,-106.44512,10.314958,-98.095636
1100,-0.243127,-0.739614,1.19183,3.60164,1.28721,1.41175,-266.3766733232467,-133.35134315433805,31.596273274504867,-96.95018851408659,51.43883304391651,4.477464633719087,475.095727,-2802.773986,-30.986436,-108.8157,14.611257,-94.708742
1101,-0.118545,-0.622952,0.885218,3.30033,1.51351,1.65091,-261.499083613298,-168.76815630255476,99.66486254741643,-114.21970941712473,76.9470859704793,0.18447178355150037,407.003365,-2955.334548,-340.737408,-96.864271,-16.97807,-93.349277
1102,-0.385155,-0.89124,0.822093,3.66932,1.3244,1.69286,-280.97220019640923,-173.87206434158014,71.44726409501853,-90.0426093359894,77.21293838742,-4.469913049979263,561.567585,-2612.34426,-400.752133,-105.93051,2.5975102000000003,-98.245042
1103,0.205011,-0.553345,0.920663,3.33543,1.48984,1.60222,-213.6914851875821,-164.2818967666804,96.4706228395621,-123.13493270936034,24.705768238702557,9.018699470036236,124.425229,-3133.8023550000003,-305.284603,-98.05442500000001,-12.168584,-93.643643
1104,0.221099,-0.483469,0.922959,3.13482,1.74099,1.58013,-205.43401744415667,-167.50020070193025,101.88679287693377,-93.20533636511155,27.93759397791748,-19.00615598007967,135.378211,-3203.9671310000003,-307.27711899999997,-82.84885200000001,-22.486036,-88.294878
1105,-0.387645,-0.430061,1.14376,3.79689,1.71916,1.72484,-293.60477366345367,-147.74232409463895,73.301928477857,-98.81000951708126,84.5628409833582,4.51859727383153,719.675395,-3045.2483389999998,-84.104019,-87.041769,7.194761,-87.72952
1106,-0.397234,-0.867829,0.967704,3.14218,1.60519,1.71508,-290.55491931997227,-162.9039332693908,52.94972274967649,-67.8032525179865,118.71800106669684,1.0381193106857334,589.157174,-2629.1679710000003,-258.715124,-91.08366,-29.904702,-90.862437
1107,-0.349286,-0.616092,1.18544,3.07273,1.50454,1.42347,-290.80702074982986,-141.12351564528768,48.82935406177269,-91.6468911623557,106.23668845756698,-0.8906457037970108,626.517226,-2883.377008,-39.514635,-97.139014,-17.021097,-92.41652099999999
1108,-0.306184,-0.819324,1.10562,3.3356,1.69631,1.45047,-277.1385395891889,-152.7247650810966,50.061499800201524,-70.15810905597418,79.08536446190753,-0.014360671472938468,512.723284,-2707.013776,-123.07073,-86.437318,-3.6382338,-89.98046
1109,-0.313114,-0.671919,1.21418,3.33134,1.76839,1.65183,-284.33603541162233,-143.27382625041366,46.755017660281055,-72.27175036221178,97.70019026791284,3.642997441734654,572.533594,-2842.723081,-15.317307000000001,-82.099261,-15.155537,-86.998463
1110,-0.366979,-0.500763,1.05601,3.72328,1.75061,1.53049,-283.42732434854486,-157.48260661186293,83.49542061102947,-96.71584877587809,67.59240404937835,2.0913303296952126,674.082239,-2984.893037,-172.53710999999998,-84.868641,14.07746,-88.418799
1111,0.264088,-0.519486,0.94444,3.13341,1.288,1.74468,-211.07134919044884,-156.1229777640175,90.90204602868563,-138.47014809603684,43.9737086353775,17.59610684626271,84.550498,-3183.5099139999998,-278.7286,-111.9525,-30.363331,-101.360862
1112,-0.208901,-0.820842,1.002979,2.97029,1.51906,1.73522,-279.7626862908881,-160.48318658496305,61.940748358207905,-84.80119142613262,118.92541178853419,-1.1607953042011938,430.400481,-2735.894758,-222.656059,-96.976371,-40.762435,-93.927855
1113,-0.260623,-0.814816,0.854176,2.96277,1.69988,1.4142,-279.1513403234835,-178.42306810830425,83.13388424230193,-77.31607079054355,100.38564345369102,-0.02602666513959716,477.205133,-2726.166284,-374.058726,-85.34884100000001,-22.958769,-90.1228
1114,0.315769,-0.536915,1.14493,3.386,1.65106,1.6083,-204.248567766031,-148.3433568217312,59.894143114000606,-71.43523198132078,13.07403744819269,-18.556269519342944,24.15979,-3187.143685,-84.707642,-89.04264099999999,-9.7672438,-90.225795
1115,0.361014,-0.677461,0.904228,3.21156,1.75971,1.55801,-216.2680763922854,-174.49658833827274,82.55806165819544,-67.9613888694426,33.02545919867919,-16.32494268198547,-63.95173,-3069.5740389999996,-327.130748,-82.193392,-16.844288,-88.19229299999999
1116,0.348237,-0.686548,1.015377,2.86342,1.53298,1.62403,-223.63975138443857,-160.09242936868384,73.3798507379948,-95.63066671190032,62.60652531614992,1.623017546267083,-48.917128999999996,-3053.9226519999997,-212.199047,-95.821416,-40.566573000000005,-93.061037
1117,0.303908,-0.589971,1.13144,2.94776,1.76811,1.57351,-216.15233891766897,-152.26009630924548,68.70107738295648,-81.5868981954487,48.54591184052147,-12.207209599939267,23.082404,-3130.6927290000003,-99.822834,-80.24188600000001,-32.734544,-87.401263
1118,0.12552,-0.802332,0.866995,2.81908,1.63746,1.41881,-245.8361363678067,-176.3025513085251,87.73702716838297,-87.69290941815788,75.62469937931736,-2.1879711209999284,119.30522,-2869.627568,-361.278195,-88.817734,-31.478646,-90.832202
1119,-0.0090135,-0.403113,0.757029,2.90817,1.89056,1.48467,-231.489846135526,-172.9083493301701,130.75412546901003,-117.5967226616258,62.110343865566634,-14.204655065324344,381.8744135,-3198.305887,-474.28085899999996,-72.884305,-29.634056,-86.539791
1120,-0.273588,-0.453341,1.06009,3.57664,1.89264,1.44025,-270.5627029744725,-156.7532313386614,90.32851527575967,-93.92669022918125,58.4961260938814,-2.6055427620912726,602.403178,-3061.255059,-170.71006,-76.523567,10.949097,-87.57101
1121,-0.0789744,-0.479551,1.09304,3.02727,1.91228,1.58082,-257.5754686322421,-153.475339792718,89.00842051577825,-96.03288308408216,85.32372893529192,-4.001577348239329,420.73719439999996,-3102.049949,-138.94345,-71.538157,-27.857352,-84.366241
1122,0.185551,-0.805624,0.823024,3.804,1.38804,1.55338,-231.30764555667434,-174.52981989039034,81.72211623509958,-122.3866498289195,14.393215475701899,27.784843429735602,48.887100000000004,-2887.996576,-402.40601399999997,-102.534775,17.893595,-95.369431
1123,0.251836,-0.452438,1.04273,2.90645,1.86435,1.48037,-201.14141764303653,-158.32657344409066,89.68966733418881,-80.94117476033627,33.75282911959777,-30.08211770931264,118.526934,-3242.3043620000003,-189.51674,-74.57089400000001,-29.625590000000003,-87.04477499999999
1124,-0.261302,-0.695394,0.837356,3.05164,1.58451,1.46354,-280.4244525442642,-177.69655762407837,95.45591458438541,-96.96393950116973,99.38869689016339,0.015792836777647472,518.121282,-2838.889106,-388.843136,-92.34563200000001,-20.662950000000002,-91.485253
1125,0.000565231,-0.561173,0.763026,2.98195,1.51943,1.41269,-242.8831118917024,-176.17134397344014,117.3641017968027,-124.45502746934176,62.971499431648255,1.8993264429689223,317.086654769,-3055.1172269999997,-462.86431600000003,-96.195255,-21.692135,-92.255595
1126,0.0653458,-0.508096,0.752925,3.61743,1.74511,1.50241,-217.7795390558405,-181.5021432993373,109.32550393111725,-52.46270862381529,10.804150551222909,-50.29773029913396,265.5773142,-3127.523704,-476.698085,-84.655391,9.525311,-88.925898
1127,-0.209723,-0.617758,0.8196,3.71752,1.69176,1.43804,-259.3052282157421,-179.50022876315023,104.66162747875235,-95.88047631057735,38.83101135362177,-3.5127011095439538,485.209223,-2929.0997420000003,-408.18728999999996,-87.53936599999999,18.951548000000003,-90.022354
1128,-0.300611,-0.476679,0.984446,3.16842,1.28741,1.4132,-287.8797793745065,-153.20318484003084,86.30234084937537,-129.45179240067768,96.90377893268099,-2.528743499231937,626.785391,-3030.3217210000003,-237.23798599999998,-109.78659999999999,-10.296545799999999,-94.762682
1129,0.0413449,-0.60261,1.08309,3.46036,1.76325,1.44953,-231.62850192194765,-155.9316098604438,76.27386056120058,-77.53207587930787,27.932093583084225,-16.920818788921522,256.6671751,-3030.30859,-147.24973,-83.051582,3.5778244,-89.257317
1130,-0.0401104,-0.541387,1.128,3.33258,1.57426,1.59372,-242.50324087353067,-145.29063768927415,75.86763348445284,-110.32416936803027,52.817197611662735,-0.160417296438523,358.2421004,-3060.447613,-98.946864,-93.276039,-12.045597,-91.77531900000001
1131,0.25583,-0.528599,0.785083,2.81241,1.65883,1.67671,-218.64699715766858,-178.92841688360966,114.92215567395513,-110.66908996069903,63.69056146453744,-4.042039627731467,94.062501,-3169.8765009999997,-443.664803,-86.35369,-46.571155000000005,-88.97417
1132,-0.289066,-0.524831,1.04504,3.49159,1.29803,1.65602,-281.4443174195971,-149.27154844984312,77.37050178108097,-122.79344986346237,85.67266023252661,-4.399943444037888,598.095936,-2989.6785689999997,-177.08723,-108.3001,-5.2389041,-98.428038
1133,0.172873,-0.569517,0.889464,3.25568,1.43026,1.43626,-217.4260240962448,-165.29316727508632,98.52123878833531,-132.96287776923936,24.342684883928158,17.114707706793794,147.707527,-3107.3918830000002,-335.447774,-101.36892,-7.0890012,-93.46352900000001
1134,0.391247,-0.729189,0.868845,2.91738,1.47348,1.71873,-224.49288554138838,-173.11518709421233,84.33938744325718,-97.1805175477292,65.93025348570383,3.6306788491393416,-103.494337,-3027.504011,-358.37343500000003,-100.50659499999999,-42.630669000000005,-95.685773
1135,0.338127,-0.650361,1.05706,3.39229,1.3382,1.66973,-214.84083852461453,-150.59794574557097,62.912484778749786,-120.13779048303101,28.579134821125464,21.445008130833532,-35.084035,-3087.693839,-167.63872,-106.66421,-11.993400000000001,-97.813476
1136,-0.146493,-0.458536,0.94219,3.47929,1.44877,1.65565,-254.3245061026698,-154.63386045447248,100.94886096630461,-133.95180292363514,59.87122480219538,1.468714282460401,485.84562300000005,-3101.2461639999997,-282.20761,-100.220408,-6.8606121,-94.850555
1137,-0.15978,-0.848658,0.864478,3.15926,1.58899,1.67928,-271.22618810123396,-175.5760408242992,81.17723337193016,-84.56226802556307,96.37837663454604,0.08776166435357359,371.06719000000004,-2728.6671420000002,-362.388228,-92.168265,-26.888742999999998,-91.40348700000001
1138,0.324077,-0.64244,0.796207,3.00489,1.66459,1.57534,-218.44187826701176,-182.80046566310375,101.71662441177992,-91.60162749654036,46.755017660281055,-5.802171703951307,-13.499508,-3088.57356,-433.481387,-87.182869,-29.749124000000002,-89.806068
1139,-0.298737,-0.621499,0.726151,3.63103,1.3123,1.45879,-272.64082089741197,-181.2082159504352,108.79551797062125,-122.96591015979676,58.2657970602388,1.0902412813087845,568.9627869999999,-2894.818201,-496.23670100000004,-107.18191,13.517913,-95.20087
1140,0.067297,-0.676689,0.751033,2.82237,1.29324,1.53145,-249.13465439437485,-178.04205117454225,106.30143268841677,-123.38646118142279,85.93622081828678,6.148467395328377,218.940003,-2966.3164110000002,-471.614633,-111.63549,-36.502927,-97.77058400000001
1141,0.217262,-0.463579,0.873683,3.31419,1.80845,1.67645,-201.67827909707412,-172.40128168147933,105.06900047109036,-74.28798884327715,21.92755318589271,-33.966026715165945,144.577818,-3221.2780209999996,-357.77770300000003,-79.541488,-17.36812,-85.88140200000001
1142,0.22479,-0.829658,1.17267,2.86577,1.56444,1.54685,-240.18333476104596,-141.53203455321596,35.51438786072749,-74.3653381456198,74.56644633171074,0.1467488152778821,16.451637,-2878.1911419999997,-55.081104999999994,-93.582982,-36.118237,-92.01464
1143,0.304588,-0.702006,1.19326,2.82724,1.63975,1.59903,-228.32482727522333,-143.01313045362912,46.97944522863379,-79.9138614336667,67.99404746376506,-2.78588695768665,-13.537442,-3023.568894,-36.111478000000005,-88.340113,-41.230707,-90.176682
1144,0.0369374,-0.537323,0.788937,3.37736,1.58899,1.48968,-226.8597741930738,-175.66599519813474,115.54496079726235,-117.76631816898455,28.675391730707442,-1.6593144225886207,286.5045026,-3090.915677,-438.201377,-92.405855,-3.4643416,-91.40831700000001
1145,0.190089,-0.844908,1.07712,3.62995,1.31855,1.68133,-234.95910558504312,-147.19629531587927,43.411178672118055,-99.03174418379687,34.6424606880974,12.12418801542481,33.94123,-2853.391892,-147.74761,-106.52681,1.0075251,-98.377696
1146,-0.250439,-0.444869,1.06475,3.31017,1.50686,1.58124,-281.71360758330854,-148.76849150571823,84.08671305560448,-118.93744390223193,92.5762287060579,-0.826909878666658,590.840099,-3078.145931,-160.37827000000001,-97.123573,-12.415946,-93.131502
1147,-0.162416,-0.805299,1.0553,3.0044,1.40279,1.45264,-270.23668998904304,-153.14359722933722,58.892612888111934,-95.29147569718286,91.36327705376594,1.0422446068106754,386.912076,-2768.547501,-168.98062,-103.41909,-22.309704,-94.04324700000001
1148,0.106987,-0.82996,0.998741,3.40017,1.34267,1.45081,-240.3099584337699,-157.27462293223044,62.3996875521077,-105.03405004558739,39.930116292021225,12.065230658305849,117.343043,-2839.06634,-225.769991,-106.16494,0.6517046,-94.738877
1149,-0.271094,-0.5403,1.16081,3.10565,1.41572,1.53857,-286.4393634775476,-141.00376746610536,60.02821523806122,-108.28845032193047,106.4211808675991,-2.367604848929344,579.9656839999999,-2981.0026,-62.967332999999996,-102.761218,-21.411069,-94.74177700000001
1150,0.0532945,-0.892258,0.978928,3.08663,1.79082,1.62544,-253.81228183382285,-167.48301196807634,66.77651214911205,-66.52326480366423,80.36134147166388,-2.912711165638858,155.1210555,-2760.088642,-252.254458,-79.325264,-27.59674,-86.43661999999999
1151,-0.321985,-0.898943,1.003401,3.6167,1.5683,1.73668,-277.66050414055314,-159.76011384750797,53.38688954736131,-73.76144062955191,79.90641298233,-0.09115930407869936,500.754755,-2627.140457,-223.161751,-93.90679399999999,-3.8835454,-91.96750200000001
1152,-0.146444,-0.503295,0.802308,3.82668,1.91689,1.54425,-245.37662421611176,-179.9035910509223,112.99186086215938,-78.05461338846717,27.20598416931493,-19.12407069431759,463.98033399999997,-3057.896805,-428.164118,-77.448195,19.593387,-85.123123
1153,-0.280768,-0.585265,1.002021,3.53239,1.36815,1.65362,-277.71779992006617,-156.04906620844562,82.07505823690016,-116.91834063219092,79.78723776094279,-2.569177130834319,568.9000179999999,-2935.646135,-221.40640100000002,-104.39161,-3.2597454,-96.72518600000001
1154,0.290223,-0.714568,0.948335,3.57205,1.68939,1.65267,-220.81736128562414,-168.8191495463214,73.84451950984588,-67.96654548959877,21.508033488297922,-13.110993225978628,-14.194037,-3010.8846320000002,-281.954475,-87.532219,-1.655693073,-89.07124400000001
1155,-0.27835,-0.781755,1.09501,3.49406,1.5829,1.59355,-274.68456135264364,-152.66116676583707,56.18017339018309,-82.84855126032679,75.74330164290944,0.030190922394607984,498.71945,-2752.287045,-131.77096,-92.95814,-2.7685221,-91.501841
1156,-0.138834,-0.59257,1.003651,3.72795,1.5023,1.41851,-248.78457718154988,-158.2606832976506,85.57181966058357,-114.62593649387249,26.548629690961338,4.336207618907535,425.15599399999996,-2976.6793300000004,-222.112041,-97.30558500000001,20.813021,-92.451238
1157,0.294779,-0.540584,1.14857,2.82718,1.71488,1.69397,-216.62101839408598,-148.47972077697233,70.62621557459606,-93.2660698913954,62.09888470966402,-6.79298761907104,51.475702,-3171.969716,-81.64206300000001,-82.058935,-46.583228,-86.849419
1158,-0.0343581,-0.472291,0.961175,2.81462,1.61404,1.63785,-259.0261977695133,-158.40793345099922,100.5025268438977,-119.69432114959976,101.54817482001145,-0.3599681832422764,385.5485881,-3122.688009,-266.076275,-89.931506,-44.221423,-90.685595
1159,0.206691,-0.68764,0.751473,3.01771,1.33979,1.65207,-233.197833322811,-179.62570652028387,104.21529335634544,-119.01994982473079,65.79102474148704,7.62612554897077,82.97434799999999,-3004.87236,-472.122083,-108.57856,-32.34333,-98.392405
1160,-0.188166,-0.741226,0.770754,3.66389,1.3689,1.57198,-262.24851240932907,-180.05256007765635,98.502331181096,-111.09537056027636,52.5210357273596,1.8911102281867462,425.684456,-2820.927374,-452.805164,-103.90754,8.85837,-95.745395
1161,0.316662,-0.86036,0.831112,3.58104,1.30018,1.72041,-228.6325056112086,-172.08271714738657,72.2665937420556,-105.9152591344986,33.85527397336716,15.015103866536892,-87.59007399999999,-2881.8104399999997,-393.86969200000004,-107.75076,-3.7631069999999998,-99.415296
1162,0.0846803,-0.615288,1.11201,2.88489,1.63399,1.51703,-241.03704187579086,-150.49481334244743,74.40028857112279,-100.24068513152292,72.67969631234493,-2.06044217495971,220.89512969999998,-3031.731312,-116.25497,-88.975929,-33.360721999999996,-90.599171
1163,0.224226,-0.725559,1.10534,3.67555,1.61542,1.72431,-225.551138588995,-152.08992784409162,55.632540329597056,-78.08784494058476,23.782217568731184,-3.7417066106797927,43.67671,-2977.811141,-123.36174,-91.606144,0.17083159999999986,-90.76427
1164,0.0608384,-0.643255,0.850481,3.36362,1.3705,1.48425,-234.68809654794623,-169.2167822561422,99.18243208391628,-128.2737911738887,38.141571238740845,11.969202931841924,226.4344916,-2998.712845,-373.826671,-104.67556,-3.4021011000000003,-94.819019
1165,0.109524,-0.797095,1.14984,3.69221,1.89109,1.73558,-238.5332163110692,-149.34603296321012,44.16427439803802,-48.9564361007327,37.91880524799398,-11.115610408656023,125.34957600000001,-2870.4503050000003,-82.524197,-78.293254,1.2425157,-83.057845
1166,0.230186,-0.617685,0.990741,3.39127,1.67749,1.44234,-216.7476420668099,-164.38273733862343,78.78685345064437,-72.49634981790307,16.065278209232176,-19.650045950247687,75.351643,-3081.796315,-238.65050100000002,-87.58652500000001,-0.0030470999999998583,-90.387099
1167,0.334174,-0.683443,0.960441,3.51342,1.41465,1.4119,-215.504323651376,-157.66366127512427,69.08266727451361,-151.6115080851574,9.605923914265817,56.50962412238332,-48.336276999999995,-3055.2797570000002,-265.617751,-101.985601,9.126948,-93.40988800000001
1168,0.102553,-0.473804,0.999143,3.72365,1.49941,1.66553,-208.9886476051483,-144.00950405936163,84.51413957077207,-194.9414413419259,3.544248165743857,72.10960330618975,241.904757,-3173.771796,-226.730943,-97.17367300000001,6.4009732999999995,-93.67686400000001
1169,-0.287035,-0.685124,0.844634,3.53688,1.61496,1.59148,-275.55832199021813,-177.34304266448265,96.3927005794243,-96.62818623322308,74.0341685400342,0.2598736023485118,540.0569449999999,-2840.497276,-381.950834,-91.26075999999999,-0.21199789999999985,-90.842116
1170,-0.007029,-0.799916,1.10253,3.15999,1.26313,1.64893,-256.0886431538776,-144.41401226272401,49.09297194331238,-102.59611462730574,79.91156960248618,2.840782044038135,242.44010899999998,-2826.437284,-119.82553,-112.45340999999999,-23.461633,-99.700657
1171,-0.141632,-0.476485,0.864234,3.69777,1.5141,1.72484,-248.80233887319892,-163.42532486295985,110.50407811570136,-130.93059646991034,45.73859053171898,0.9277447210317316,473.524942,-3086.542915,-360.97542400000003,-96.50740800000001,1.5557145000000001,-93.502818
1172,0.397153,-0.731749,0.907207,3.29238,1.23912,1.62342,-218.54902137470123,-163.39495809981793,71.78416327855544,-120.80012969420224,36.91446752890917,23.880823605273196,-116.584323,-3030.694251,-315.74117700000005,-112.72868,-14.365772,-99.417547
1173,0.017695,-0.573454,0.971574,2.87673,1.60029,1.71074,-254.33997596313836,-161.4824249796712,94.03497925246097,-110.90744040347344,97.49163363048523,-0.27355296970726023,301.889055,-3045.953646,-255.762434,-90.94590199999999,-44.877052,-91.021569
1174,0.281429,-0.558273,0.885323,2.89835,1.49698,1.7083,-218.26712613949687,-168.0273218734506,100.14901188430198,-116.85245048575088,60.15541186858026,3.328277454447244,57.959461999999995,-3151.251327,-341.36784300000005,-98.738514,-43.296247,-94.81042699999999
1175,0.128242,-0.457263,0.767039,3.23796,1.38675,1.4498,-205.65861689984794,-163.85332433592257,117.12747022741367,-172.60754648772644,16.7034958972284,37.04601863867121,229.298068,-3197.746837,-456.681989,-103.80974,-8.6851815,-94.060295
1176,-0.0968272,-0.689891,1.09785,3.58146,1.84833,1.66874,-254.39326103808554,-156.91423247909316,71.63634016741169,-77.16595584821927,55.17314276946116,-3.3694043649817345,357.9536772,-2900.175309,-133.38539,-79.39015,-1.55361276,-85.091089
1177,-0.0766914,-0.69017,0.936844,3.74263,1.57084,1.73693,-250.24103589677244,-167.39076576306027,89.15223292235609,-101.74756413271699,45.27816164755184,-0.05004161816471048,338.3946614,-2907.52353,-290.040204,-93.82855400000001,3.3113419,-91.931338
1178,0.246543,-0.724074,1.04969,2.9379,1.53792,1.41499,-229.04503522370277,-156.79161951093516,68.466737644748,-94.02581192773887,51.76387200109422,1.7868892052524497,29.808507000000002,-2985.400726,-178.04019,-95.153412,-24.287103,-92.090631
1179,-0.17585,-0.556117,1.08742,3.08636,1.3093,1.45163,-269.9502110914776,-144.76179764436841,71.80765454815581,-122.03599965829943,86.46276903201202,1.7340796852752418,483.47956000000005,-2998.754683,-134.78983,-108.79596,-17.167552,-95.200413
1180,0.159827,-0.6478,1.009413,3.2695,1.40169,1.56255,-227.86359625014302,-156.26335242382456,79.3357470183797,-117.85741845841034,40.86632932926499,9.981440453194558,134.79043299999998,-3028.1893999999998,-215.542813,-103.22428599999999,-13.251107000000001,-95.196754
1181,-0.211143,-0.569043,1.16801,3.4939,1.61911,1.53453,-265.56536508534145,-144.38020775281126,66.48487663139046,-99.2013396911556,63.262561991574714,-0.40040296076024884,507.173313,-2975.590857,-59.041401,-90.973664,0.6064954,-90.86222500000001
1182,0.116554,-0.711311,1.09397,3.11201,1.58211,1.46637,-237.42798072426186,-152.98603383567627,67.22456514490436,-93.43050877859795,53.09061307149916,-0.5533173748715337,153.887686,-2953.979489,-133.85483000000002,-92.610969,-17.400149,-91.55969499999999
1183,-0.113018,-0.625531,0.877027,3.10443,1.69349,1.69388,-267.4148728480237,-173.9270682899127,101.51437031009874,-100.5191426199565,96.50901101183585,0.5019379575509723,404.349378,-2953.5832689999997,-351.573047,-85.271503,-30.76235,-88.32511400000001
1184,-0.0213242,-0.422031,0.990194,3.01053,1.38686,1.62868,-240.29334265771107,-146.0589740925446,95.1711545602054,-140.13974711104805,71.52518635515632,4.864864317318842,386.92985419999997,-3176.883869,-233.412544,-105.34239000000001,-31.804954,-96.788422
1185,-0.106574,-0.431843,0.805111,3.78277,1.49525,1.54566,-229.64549499299986,-163.7610781309065,118.25333229484573,-151.60348667602557,11.859997176089989,14.124383678226515,452.32340400000004,-3140.322557,-420.00809100000004,-97.384771,16.794307,-93.236316
1186,-0.0624203,-0.586069,0.764957,3.12554,1.42951,1.62634,-256.6415474261789,-175.73131238677965,113.60607161853963,-126.08337352310356,80.79449756478279,1.39740968485637,369.1368803,-3008.987131,-459.376827,-102.167947,-25.301836,-95.403818
1187,0.171273,-0.428343,0.738244,3.27637,1.39514,1.58919,-197.1312860349159,-163.96676997935845,120.4277071273672,-181.00653480654915,14.30589670772396,42.20865485169749,200.421697,-3239.422157,-485.513254,-103.49856,-14.335844999999999,-95.548559
1188,0.130304,-0.596439,0.770815,3.81557,1.85352,1.66762,-221.69627854335482,-182.72999185430265,97.01034908257533,-34.43814393835375,14.583723942582894,-48.780251578729974,173.600276,-3066.148161,-460.51432500000004,-80.96062699999999,11.866962000000001,-84.740327
1189,0.263646,-0.710842,1.08666,3.17993,1.63118,1.7348,-228.10423852409795,-154.90773428054501,65.46501175605759,-86.35562592432255,55.315350894212635,-2.3086474918103828,19.310844999999997,-3003.214958,-142.46407,-89.498076,-28.820532,-90.130617
1190,-0.371386,-0.423363,1.17308,3.00824,1.84927,1.50027,-307.6095810498364,-149.0910667443769,65.83514249171212,-76.04983406330443,129.58185382017237,11.322620060036789,715.935066,-3055.424937,-57.333940999999996,-75.984538,-24.841354,-87.036972
1191,0.10719,-0.739572,1.18291,3.55059,1.66774,1.47426,-234.22686552286592,-143.67546966480037,42.75972565905431,-67.23888908978263,25.60175963872814,-8.550421064075815,146.5762,-2924.351528,-46.200903,-88.512016,7.2768315,-90.282978
1192,0.280963,-0.757823,0.87278,3.40464,1.67852,1.70765,-226.37963556075417,-176.37073328614568,83.91081501249933,-78.12967085962931,39.394687232471476,-5.73158330359119,-15.963821,-2966.234677,-356.94176999999996,-87.48944,-14.338807000000001,-89.072927
1193,0.0434971,-0.554967,1.14266,3.2748,1.8473,1.65604,-234.86571346443677,-150.21119923385766,77.00552766558265,-87.11307612948549,53.43072081868881,-9.905351658001186,276.68584289999995,-3075.376733,-88.73223800000001,-76.99788,-18.286757,-84.975497
1194,0.206793,-0.634978,0.752532,3.50913,1.39902,1.64198,-220.73428240533016,-179.83712794668713,106.43722368586278,-128.70064473126115,25.066731649634978,16.576413858268385,93.00903799999999,-3057.279422,-472.19634199999996,-102.774574,-4.1203494,-95.95182700000001
1195,-0.0082753,-0.885673,0.894856,3.32862,1.29327,1.67709,-255.5712622648745,-166.75993923062123,72.30899261889529,-102.07185824476103,71.23068604845908,2.360792380745239,212.76117530000002,-2746.3562269999998,-327.997136,-109.60953,-15.686427,-99.045068
1196,-0.0486619,-0.423159,0.764432,3.57241,1.59747,1.65568,-220.91419115300124,-167.71391395951406,125.22107204143167,-133.65443782796225,21.08307069164939,-3.0032213085356743,404.72379190000004,-3168.968941,-462.098012,-92.23045400000001,-1.81352572,-91.285923
1197,0.109426,-0.853712,0.936615,3.29739,1.60788,1.51121,-242.87107977800466,-168.96811857305542,73.00570929777436,-81.32562944086905,50.50983927489139,-1.4405877842974288,110.16047400000001,-2817.616388,-292.159645,-91.36149900000001,-9.365522200000001,-91.152213
1198,-0.218949,-0.744199,1.14966,3.09766,1.91701,1.4358,-273.88700410182156,-153.16479666775706,57.021561912332714,-64.04178459295264,88.8531489532978,-1.354879027723809,459.227389,-2806.439301,-82.505107,-72.79260000000001,-16.056389,-87.341832
1199,0.396239,-0.448169,1.09512,2.84716,1.90462,1.67785,-197.64866692391902,-156.67072541616258,79.14323319921574,-75.98967349481569,44.69741162640724,-25.278095780258738,-13.018934999999999,-3293.445631,-138.43911,-68.550971,-43.284379,-81.10974700000001
1200,0.339215,-0.666088,1.13767,3.07918,1.90573,1.72363,-221.33015851226622,-154.1434085818405,60.51465640612728,-63.10557155570886,56.10820989111466,-14.767013141245245,-36.366259,-3070.211912,-96.109039,-70.922895,-32.641085,-81.467886
1201,-0.337407,-0.690538,1.16575,2.96752,1.33598,1.54626,-291.0826134492878,-137.71097901748848,36.33417587400067,-93.82069303708205,119.0090636266233,-5.182328772444929,593.046817,-2816.082962,-56.646568,-108.18817,-29.368918,-96.65441100000001
1202,0.328214,-0.49978,0.981145,3.15224,1.41899,1.42258,-199.75887048338586,-155.3643816432643,84.65164944160347,-149.03319800706868,13.68412290844799,38.777840870233625,26.288099000000003,-3226.05942,-244.311575,-102.062278,-12.097857000000001,-93.53543499999999
1203,0.138226,-0.645569,0.913502,3.34975,1.7804,1.52993,-228.10653035527847,-173.05846427249435,93.40128793104628,-79.72707719245405,35.30176322295444,-14.58939622475469,154.362334,-3022.9849310000004,-317.527692,-81.674524,-7.2525134,-88.16984699999999
1204,0.116308,-0.502231,0.863289,3.20682,1.81354,1.48868,-216.12369102791243,-173.19310935435013,109.47447295785126,-88.13981649835993,30.5689599478353,-23.828340671239214,225.071792,-3150.501369,-367.796399,-79.14188299999999,-13.085639,-88.031997
1205,0.380387,-0.838153,0.785622,3.70044,1.42475,1.4992,-222.39414113782416,-175.23169318942558,72.4562427722439,-127.37596630891869,9.244788615994858,45.280969140747985,-144.968107,-2924.871647,-440.85236199999997,-101.109051,14.85161,-94.146561
1206,0.315518,-0.791327,1.16337,3.08721,1.74495,1.63607,-229.523454982637,-146.5815116017039,40.88414831669356,-62.39395797415639,56.940144609644626,-7.1522894523975795,-57.381811,-2944.981973,-68.036546,-82.200264,-28.299879999999998,-87.506417
1207,0.131453,-0.702579,0.961263,3.7883,1.77357,1.51154,-229.1051957921915,-164.7964128667079,66.0969842040869,-31.97969663100641,12.232133264027457,-41.63707215527498,134.720437,-2966.229221,-269.021143,-84.00547800000001,18.907699,-88.148695
1208,0.128421,-0.897045,0.855551,3.62167,1.83113,1.5924,-240.68295395840005,-177.22730518986623,69.88824593446756,-49.68031097910099,35.76580174123089,-12.0111434424455,73.852171,-2783.502055,-375.61891099999997,-80.46284,4.8624072,-86.372047
1209,-0.330663,-0.815195,1.10148,2.98313,1.91191,1.50361,-285.95865188743284,-155.12660415828498,46.39393965778961,-50.63365545441916,110.40094571257781,4.2457203943225235,543.2990729999999,-2699.540905,-130.79647,-72.026827,-26.231544,-85.81696
1210,0.04792,-0.458498,0.982439,3.26026,1.33651,1.49202,-216.16093328459596,-146.29961636649952,92.57909349503355,-155.90869154863856,27.793151317765002,25.039000492350645,303.40968000000004,-3168.730802,-240.572649,-106.79917,-9.599139300000001,-95.375072
1211,-0.29309,-0.485639,1.05459,3.43777,1.766,1.55671,-282.10150001061214,-156.84662345926773,87.4608615111299,-99.86768960689275,84.07296206852135,2.137934716751154,614.61582,-3024.939161,-174.59364,-82.858732,-3.6919646,-88.065151
1212,0.357114,-0.402374,0.946202,2.84315,1.88039,1.5648,-189.93207133909712,-167.88923904482408,98.57968048343865,-77.23413782583984,31.886247214620575,-34.701246157877826,38.769434,-3324.713626,-286.534062,-72.043196,-37.765212,-84.72480800000001
1213,-0.243397,-0.598008,0.96437,3.28142,1.49802,1.5225,-275.8115693356659,-161.9316238910538,89.2639596924066,-111.48039819860428,84.9828190471891,-0.2694546025986894,531.432457,-2936.742192,-260.7612,-97.619792,-10.6808191,-93.005815
1214,-0.376994,-0.658787,0.985627,3.62162,1.6856,1.57773,-283.6141085897575,-165.58193800383225,80.20263216241263,-88.62912245540166,76.38558733125109,1.5873509235201892,632.012084,-2834.0971130000003,-241.78520699999999,-87.77409399999999,5.4647262,-89.394457
1215,-0.320594,-0.787831,0.921432,3.44612,1.69017,1.59428,-279.38338823051146,-171.9824495332387,78.1514432558443,-79.60045351973014,83.15508368072177,1.2349131245793172,537.977404,-2731.373469,-307.312282,-87.095265,-5.4829823,-89.265877
1216,0.318777,-0.497688,0.917995,3.38697,1.5155,1.45756,-199.25122987689997,-150.49481334244743,77.61572771739696,-221.06373313753042,3.357137338587984,113.15916453833759,33.064857,-3225.256712,-309.027285,-96.477491,-0.9608178800000001,-92.484815
1217,-0.378173,-0.71641,0.805429,3.29485,1.51182,1.43617,-286.01136400458483,-179.74946540403212,92.42324897475795,-96.01855913920387,89.4570464693657,-0.5306683532300123,616.824453,-2779.83159,-419.375269,-96.719203,-5.0215371,-92.335474
1218,0.370014,-0.59436,1.07915,3.26508,1.27628,1.43608,-207.92867568415627,-142.8882256542906,54.74720594456091,-145.54331207692684,20.94481597568432,49.595685112760165,-47.231843,-3151.73254,-144.29113,-110.13071,-5.9539652,-95.282566
1219,0.250321,-0.846554,1.01824,3.15293,1.84908,1.48734,-234.24290834112958,-163.57028318512792,59.21461516897545,-54.84478065707169,50.63835370833923,-13.39489381346595,-17.582231,-2872.0501459999996,-214.09565999999998,-76.860494,-15.94987,-87.43805900000001
1220,0.291213,-0.401063,0.962628,3.072,1.65598,1.4508,-186.77621980351654,-161.06874945158674,87.82640858442336,-54.98836388053147,6.211951119028872,-51.99506047142951,96.836817,-3306.477737,-266.450158,-88.100513,-18.862878,-90.587559
1221,0.267319,-0.639759,1.20043,3.03353,1.28326,1.52949,-221.83779911875214,-132.4953442084126,39.47530239424638,-109.25904082688207,48.077232364104454,17.057125448383147,38.529887,-3071.9406409999997,-23.199195,-111.11558,-24.303304999999998,-97.305013
1222,-0.0754049,-0.842293,1.09442,3.39634,1.63719,1.45364,-255.70189664216431,-153.31548456787647,53.583242183752645,-75.73986389613864,54.40159780253799,-1.7196411488379448,285.8124449,-2764.910907,-134.01440000000002,-89.882121,-0.37586759999999986,-90.794884
1223,0.152733,-0.62119,1.10782,3.22106,1.22793,1.69429,-230.29694800606364,-141.7033489339601,62.0186706183457,-124.46419479406386,54.9814883869899,12.738570659143592,153.01708699999998,-3049.67681,-114.18390000000001,-114.42078,-22.035118,-101.49333899999999
1224,0.018617,-0.489111,1.20033,2.91793,1.33757,1.69621,-247.16998211487123,-131.43250749844492,58.59524779243903,-120.20769133403698,87.52331391079917,3.5332874831230043,328.596543,-3126.033289,-22.76883,-110.04124,-40.413935,-99.86367999999999
1225,-0.095464,-0.885025,1.14858,3.69932,1.42896,1.56353,-255.79299693159012,-139.00987433905007,26.83992143400585,-77.86095365371295,43.560663360867686,2.9203028564243416,287.003594,-2717.383475,-76.950713,-100.918514,11.132312,-94.532379
1226,-0.108244,-0.516569,0.821598,2.91142,1.46151,1.67492,-271.7395582856712,-170.2521169919436,109.95002792780984,-126.21687268936905,110.7951406756278,-0.9441427731283758,439.457144,-3055.742831,-403.468588,-101.124515,-40.453942,-95.625388
1227,-0.177686,-0.88281,0.897958,2.84859,1.53142,1.5236,-275.14464646213366,-170.73970407559992,71.01525391748989,-82.57181264527858,109.17653490438323,-0.14943426846366026,378.715936,-2688.5572899999997,-328.746388,-95.73501,-35.626707999999994,-92.626829
1228,0.325848,-0.416566,0.813286,3.70147,1.2822,1.51931,-191.7294399424225,-153.34527837322327,75.65678501584468,-251.33939599003824,27.92796828695928,143.04005947000027,50.285427999999996,-3303.1595340000003,-410.807136,-108.13152,14.324976000000001,-96.789049
1229,0.18181,-0.666355,0.911228,3.40453,1.45436,1.63338,-226.36244682690025,-167.2876333599367,89.97729214734449,-113.89770713626122,35.25569741622592,7.40118231860241,106.98054,-3018.7296450000003,-314.59641799999997,-100.044597,-9.848070199999999,-94.61889500000001
1230,-0.349127,-0.722306,1.12513,2.85875,1.458,1.45609,-291.4716517921816,-145.96157126737234,45.17136231453946,-86.45761241185583,120.95253646770703,-1.9809099034176003,593.727597,-2781.5183939999997,-99.494485,-100.201865,-31.046270999999997,-93.444939
1231,-0.27918,-0.54844,1.18912,3.16347,1.79186,1.4946,-284.37499654169125,-146.48468173432678,64.32253391256674,-85.0441255312681,98.4650889244125,2.1619473779450864,583.02938,-2970.45046,-40.672444000000006,-80.22121700000001,-15.895083,-88.17081800000001
1232,-0.277986,-0.852728,0.878046,3.32496,1.32511,1.66144,-278.0501154412421,-168.9452002612502,72.95586196959799,-97.85374295700791,92.30350079557562,-3.2404774019213973,478.639346,-2684.456972,-345.00181599999996,-107.75716,-15.23834,-98.025935
1233,0.298582,-0.872307,1.08328,2.85515,1.86636,1.68012,-239.2952501785932,-156.24444481658523,47.55882015107009,-54.9731804989605,82.9121495755863,-7.020623751076516,-66.582414,-2860.428993,-150.00935,-71.383624,-43.313084,-82.173304
1234,-0.070155,-0.574687,0.860233,3.6248,1.38582,1.61048,-243.19079022768767,-166.18354368871962,103.6234279539753,-132.65233464427845,38.32027677504216,7.022686399138987,371.420015,-3018.5531130000004,-363.599113,-103.09037099999999,4.3229559,-95.878973
1235,-0.0207602,-0.750681,1.20454,3.09026,1.47437,1.5036,-254.4986852723896,-137.62217055924322,41.394252641698536,-89.52522844698626,73.62966033667183,1.8595631719868433,270.9582602,-2869.270319,-21.003121,-99.07877500000001,-20.551814,-93.331804
1236,0.201151,-0.699347,0.782638,3.29308,1.54364,1.41324,-225.99919158478733,-182.12953208500556,99.20420448013127,-100.33178542094872,28.290306796600014,2.576768821619803,76.266682,-2994.3914529999997,-444.691258,-94.933685,-3.8667040999999998,-91.919981
1237,-0.167062,-0.463294,1.06963,3.39115,1.6882,1.7224,-266.2546333128838,-150.83343139936974,88.626257666426,-111.18933563867782,80.56531444673045,0.5396603528667954,506.439802,-3089.132006,-158.56334999999999,-86.852609,-15.947508000000001,-88.651411
1238,-0.251742,-0.828887,0.836475,2.95421,1.51951,1.6039,-281.4620791112461,-176.73971810620992,80.57505472924768,-87.00020344384473,114.02089306221434,-0.7850495821544001,467.040192,-2714.750913,-388.819885,-96.542015,-34.153664,-93.172062
1239,-0.0304881,-0.458879,0.773869,3.28733,1.41455,1.73656,-238.7635453447118,-164.78953737316633,120.01288568369249,-145.4516388297059,60.15884961535105,3.76026471366408,381.1746881,-3140.442821,-449.967339,-102.891128,-22.287817999999998,-96.72432599999999
1240,-0.16018,-0.424075,1.21725,3.02457,1.88049,1.57868,-274.9922396886289,-141.5400559623478,71.38309282196387,-91.83081061459269,101.83579963316713,1.6449446410867397,516.47793,-3127.325425,-13.818594,-73.447557,-28.115792,-84.97794400000001
1241,-0.16682,-0.55248,1.18195,3.22895,1.34253,1.53065,-266.32797191066055,-135.74859856916544,57.501471361534286,-115.01669371015173,79.13750362126444,1.3226959883713105,474.9776,-3005.38742,-41.105766,-106.72952,-13.564572,-95.79951899999999
1242,-0.0276885,-0.667896,0.849207,2.96495,1.24676,1.7197,-261.19025936172244,-167.92247059694168,94.93624186420175,-125.56312784512478,99.80237241824784,0.04596233055071756,311.82020850000004,-2941.060704,-372.820497,-116.31686,-38.061041,-103.04397
1243,-0.320827,-0.789415,0.754407,3.14011,1.48392,1.56917,-284.4093740093991,-183.95096491572644,91.02064829227771,-92.20724388599365,104.30983139254202,-1.3178602245804065,542.359697,-2729.2478849999998,-470.762567,-98.60473400000001,-21.442291,-93.609329
1244,0.341399,-0.481273,0.908798,2.82864,1.43812,1.62448,-203.37824487522727,-163.4155845804426,98.51264442140835,-125.36201965903386,44.94825254911552,9.60632498472241,28.496932,-3244.4545270000003,-316.828598,-102.65384399999999,-42.161063999999996,-96.015004
1245,-0.392518,-0.595132,1.02282,2.79657,1.8021,1.58798,-303.0396696758729,-163.48892317821935,68.24385706244209,-64.04808712869908,142.40808702197097,12.085799843151047,681.157658,-2884.969168,-206.286,-76.607645,-41.940635,-85.763828
1246,0.0211602,-0.838601,0.842139,3.26413,1.59841,1.54193,-250.59225902518764,-177.9836094794389,86.72919440674785,-86.96353414495636,61.87715004294839,-0.6924882503510156,200.41422980000002,-2801.5112990000002,-385.206799,-91.76523399999999,-13.022176,-91.216686
1247,-0.383722,-0.765721,0.78927,2.8859,1.64094,1.57572,-294.0998091984467,-182.8738042608805,82.9585591569919,-75.08783792527977,128.91378503104983,2.0810285485387605,613.763452,-2727.9389789999996,-438.24928,-88.423213,-36.538275,-90.112166
1248,0.0676125,-0.636388,0.895779,3.80005,1.61388,1.62718,-229.9417141730825,-171.92171600695482,93.40472567781707,-94.16733250313618,15.494383062163827,-5.5889397309154205,218.6958775,-3007.290312,-332.402909,-91.84236,12.918911,-90.84872299999999
1249,0.0927194,-0.614468,0.855627,3.02452,1.6231,1.43207,-234.07675058054167,-173.48188008309603,104.85471425571144,-107.63527843548133,52.84808003682028,-2.650812157484559,211.1074806,-3036.2429319999997,-372.65033700000004,-90.084094,-20.451449,-91.112932
1250,0.216619,-0.849312,0.832688,2.80829,1.6069,1.66327,-244.6862100729791,-178.79663659072958,83.63923301760732,-82.89324196834698,89.03821432112505,-0.757650740391244,20.887332999999998,-2854.4016880000004,-395.392718,-90.379995,-46.062197000000005,-90.802224
1251,-0.054109,-0.706466,1.10493,3.12123,1.55741,1.72419,-261.37532472954973,-151.25054467422495,66.14396674328763,-95.66103347504225,91.28650070921842,-0.047965219115156374,321.268689,-2897.691334,-121.94603,-94.244574,-31.507054,-92.44680399999999
1252,-0.214997,-0.649413,0.824006,3.17977,1.63386,1.67848,-278.0088624799927,-178.98800449430325,101.9022627374023,-99.22082025619005,101.91486780889518,0.8543602866313758,491.544137,-2897.232287,-402.994216,-89.37426,-25.639706999999998,-90.17691199999999
1253,0.307117,-0.812575,0.887856,3.03909,1.31735,1.70952,-233.31815445978845,-167.96945313614242,75.39838105024069,-103.03671917176133,68.03358155162908,7.417683503102176,-54.332598999999995,-2921.222625,-336.428156,-110.53771,-34.067634999999996,-100.109656
1254,0.317577,-0.523569,0.954244,2.96869,1.90199,1.41142,-205.73883099116625,-169.8951642855771,90.62931811820336,-64.07215135609458,32.44728748761268,-35.53661862317856,30.379448,-3198.634431,-279.204704,-73.164272,-22.273389,-87.987987
1255,-0.183358,-0.527414,0.792396,3.31212,1.75247,1.63939,-269.7468110742062,-179.4045448113634,116.59175468896635,-106.86866090559629,83.78877500213646,0.6219284978806547,500.750268,-3023.847586,-436.604776,-82.836465,-15.60849,-87.520329
1256,0.376334,-0.531138,0.75279,2.97938,1.29679,1.62522,-205.64773070174047,-176.17650059359633,107.60090096777347,-135.48962164576628,40.914457784055976,21.18310912267923,-23.44268,-3210.5952620000003,-470.70858,-111.40002000000001,-32.677543,-99.163004
1257,0.389534,-0.404293,1.13538,3.13038,1.38011,1.73406,-187.14119391901488,-139.53126593261914,64.75397113230024,-138.5142658462619,20.20621608198118,31.699291086069387,6.1347176,-3335.839007,-89.475364,-105.85814,-30.764837,-98.173658
1258,-0.223957,-0.838081,1.08029,3.51357,1.42563,1.63886,-269.9576595428143,-150.44095530970512,50.44933493172558,-88.13294100481836,72.45566981444878,-0.6300874168833176,428.489077,-2717.8281190000002,-144.22905,-101.359331,-3.8166912,-95.170547
1259,0.185566,-0.618567,0.940078,3.71066,1.26295,1.46621,-219.59065864624907,-150.15161162316406,71.05478800535391,-192.1196242009066,14.784602945555761,81.48605762350567,111.693944,-3064.181233,-283.25644800000003,-109.28361000000001,17.937225,-96.24827400000001
1260,0.0586085,-0.739927,0.916483,3.48037,1.46685,1.71023,-242.44651805181272,-167.91043848324392,86.4719363567341,-105.79207320854546,51.10348084642644,2.5150727262401156,196.9778415,-2907.157573,-309.44802300000003,-99.32097999999999,-9.985139400000001,-94.78865599999999
1261,-0.223003,-0.739237,1.03858,3.09289,1.57077,1.65621,-278.8253273380541,-158.6067498059096,68.4111607386203,-89.8197287536835,106.45785016648748,-0.047965219115156374,468.85767300000003,-2809.370663,-187.97848,-93.26151999999999,-29.29625,-91.905266
1262,0.354191,-0.656563,1.08805,3.60254,1.78687,1.7324,-213.31677078956653,-153.87239954474362,51.54614803894451,-41.613179815218025,19.027412714279023,-28.999227476515383,-54.424844,-3087.546637,-143.74791000000002,-82.68840200000001,-4.187477400000001,-85.950924
1263,-0.274559,-0.674972,1.19086,3.41766,1.44988,1.39653,-272.6528530111097,-139.1370709695691,46.53740828969037,-94.65205479781687,66.84927778909368,0.9119482746199749,529.3648589999999,-2853.6951280000003,-33.761157,-100.243451,4.3934362,-92.769507
1264,0.23787,-0.449967,0.880456,2.99181,1.61052,1.63084,-201.47831682657346,-165.91826422957405,108.73764923331302,-118.74206529409231,33.52118228302638,-3.7835325297243423,134.48174,-3240.019133,-347.33903599999996,-90.521707,-33.680087,-90.91413200000001
1265,-0.328209,-0.510924,1.21677,3.55374,1.26709,1.56853,-283.20043306167304,-130.8033998393913,45.74798703955912,-111.16584436907745,78.8636297951919,-3.9981625197803488,636.853279,-2989.452676,-4.9803241,-109.6494,3.3036590999999995,-97.629117
1266,-0.0227371,-0.896142,1.21019,3.01,1.76712,1.67198,-262.1671524024205,-135.73255575090175,17.30160653956547,-50.37605362972835,95.4908650098884,-0.4484053648363093,227.1477571,-2728.556858,-20.984554,-80.10154100000001,-34.613158999999996,-86.19270200000001
1267,-0.263498,-0.638776,1.12972,3.0621,1.90888,1.5839,-284.07362074145243,-155.35234952956654,66.45279099486315,-70.70757558150464,108.452889209133,5.085659333250456,540.236938,-2889.079924,-102.19922000000001,-72.03717400000001,-26.053837,-84.381084
1268,0.109026,-0.829467,1.2138,3.39781,1.73697,1.50601,-240.65487902643864,-137.53107026981743,25.00003936228175,-53.86593955987019,42.84102837018337,-7.672019468360749,116.421624,-2840.491633,-16.781598,-84.372298,-3.2273949,-89.070311
1269,0.0630191,-0.63232,0.827231,3.73468,1.72834,1.66552,-231.0183018701333,-179.578151023288,101.45077199483922,-82.63942166510402,23.26031031314652,-12.734559954577678,226.35910090000002,-3009.8691799999997,-401.829391,-86.227661,7.0159949,-87.940474
1270,0.0573665,-0.492299,0.994759,3.38446,1.60033,1.61076,-219.8461978228774,-155.80441322992476,95.8627146189283,-116.57342003952218,28.205738226038708,-2.7042805789261672,282.8895135,-3140.368301,-232.737809,-91.81966200000001,-10.0428066,-91.236822
1271,-0.352993,-0.893059,1.03111,2.83351,1.3764,1.53709,-288.4596126631789,-149.6244904516437,34.59146744433076,-77.76240491295046,123.76862403077504,-3.8370009511659506,540.459533,-2618.968641,-192.39083000000002,-106.14702,-36.712253,-96.045404
1272,0.263212,-0.70391,1.18294,3.47158,1.67524,1.71396,-223.19284430423653,-144.32520380447872,45.22831431937546,-70.4188048527587,32.792437263399485,-6.940409659758202,16.614141,-3011.40379,-46.834485,-87.921392,-10.943820200000001,-89.162415
1273,-0.00961939,-0.678668,0.882296,3.52812,1.46074,1.41381,-240.95339003770178,-169.9902752795688,93.78345078039854,-115.46531966373915,30.16261827952852,7.692588653205945,276.64444939000003,-2941.300932,-343.444006,-99.547062,9.635466000000001,-92.893573
1274,-0.0209564,-0.44297,1.15283,2.81695,1.55636,1.53867,-248.8126521135113,-138.9583081374883,75.78226277297834,-117.61276547988948,85.51681571225102,0.2790997741219217,381.2474864,-3156.69043,-73.57342399999999,-94.011818,-38.345399,-92.189365
1275,0.110255,-0.630963,0.93092,3.06483,1.6247,1.62085,-236.98508434862572,-167.28648744434648,95.81458616413731,-105.11082639013492,64.25435193494617,-1.771058381372985,190.946035,-3026.300737,-297.25865,-89.795179,-28.981027,-90.59055500000001
1276,0.130769,-0.696888,0.737785,3.40968,1.2599,1.63543,-233.55593194476774,-178.81898194473965,103.93167924775568,-130.2476307781144,43.96064519764852,13.736949617159052,145.064151,-2972.072112,-484.489285,-110.79186,-8.470658199999999,-99.079699
1277,-0.000414848,-0.779669,1.20553,3.36921,1.51093,1.68772,-251.42132895474194,-137.9287029796382,38.34319508684739,-84.11765277654155,65.05076327017802,0.7343886539089327,240.718084848,-2849.687131,-20.644368,-96.945105,-15.175722,-93.464908
1278,-0.128064,-0.448892,0.858807,3.4884,1.64386,1.61267,-246.6772384110587,-164.34950578650586,114.50504239909989,-124.95693849787637,49.226184630680294,-2.0199798954675714,471.817914,-3117.355908,-368.400457,-89.599505,-4.185173600000001,-90.24577799999999
1279,0.171813,-0.860771,0.987013,3.40034,1.29279,1.40092,-236.67568713925507,-156.208348475492,56.31607897918813,-107.86961817368982,34.70502767932568,19.159536781836188,45.124280999999996,-2832.276629,-237.05342299999998,-108.98829,3.5961888,-94.528345
1280,0.390705,-0.5302,0.995707,3.22211,1.9196,1.44116,-201.43935569650458,-162.54010506948273,67.52193024057725,-18.473018751710438,21.795486414115054,-63.282042556609156,-43.130478,-3217.669,-238.21178700000002,-73.277058,-9.2626483,-87.38116699999999
1281,0.0642912,-0.57874,0.793321,3.691,1.43608,1.65851,-226.45526598971142,-173.94253815038124,109.80678847902715,-134.70982608659324,20.74399426849097,13.600471070358891,243.64788879999998,-3060.8597600000003,-431.776861,-100.34778200000001,5.234546999999999,-95.246329
1282,-0.0176456,-0.889101,1.13488,2.80506,1.64216,1.72143,-265.75902482009565,-145.82463435433607,34.97122387094347,-64.93502579556159,113.60836344972014,0.29279002767877765,228.49698560000002,-2735.594999,-93.386904,-87.38914199999999,-49.503128,-89.161971
1283,-0.379753,-0.604699,1.05557,3.39647,1.22231,1.6304,-291.3530495285895,-148.97074560739944,63.88479415708679,-114.43972521045498,98.70343936718692,-8.368678851460317,657.079383,-2882.808901,-165.40464,-113.02899,-8.6949203,-99.73035399999999
1284,0.164278,-0.872781,0.886929,3.04406,1.322,1.60092,-244.76298641752663,-168.05998046777304,73.52194427118724,-100.33006654756333,72.76735885499994,5.856373511370683,57.697171,-2816.612219,-337.050879,-109.16428,-27.920324,-97.761114
1285,0.263774,-0.441011,0.8891,3.48357,1.68487,1.61994,-194.0693995777368,-158.51278472750818,77.71886012052052,15.811457905989224,6.787716407355837,-113.00904959601331,105.153676,-3259.748189,-340.55447,-87.370429,-4.9355352,-89.319412
1286,0.323461,-0.778121,0.861661,2.8459,1.29276,1.60234,-231.82445348788238,-170.24065783604098,80.97039560788794,-106.77240399601429,71.84317793145392,9.817574523787144,-57.153296000000005,-2958.0022790000003,-362.912621,-112.60755,-38.970859000000004,-99.526905
1287,0.241809,-0.610161,1.02608,3.45437,1.63478,1.47109,-215.02647685023692,-160.4614141887481,73.83134148055788,-76.11858899872013,11.839370695465279,-15.81340596249267,66.179715,-3092.993539,-202.86166,-90.076188,1.969317,-90.848901
1288,0.0508404,-0.591522,1.12249,3.03829,1.35694,1.67754,-244.3899908928965,-142.6109140814473,67.50932516908438,-117.41910574513525,76.81473271980408,4.1284588519710494,261.30662959999995,-3042.1309779999997,-101.088279,-107.56871000000001,-32.746002,-98.28018399999999
1289,0.324361,-0.450487,1.15012,3.04313,1.31893,1.39761,-194.39770439434673,-133.03335157804045,55.25370063545655,-157.42932153691578,17.583845549446913,55.315121711094584,47.66791,-3271.174613,-73.659842,-108.01324000000001,-16.667953,-94.283608
1290,0.260477,-0.415531,1.18092,2.96405,1.66074,1.60055,-193.11370597545857,-141.27363058761196,70.69668938339714,-97.56382631267171,25.457374274355175,-11.692235133675684,124.254473,-3280.752869,-48.094509,-87.194058,-33.530757,-89.668279
1291,0.243677,-0.633417,1.13449,2.88459,1.62953,1.72115,-229.85175979924693,-149.31452028447794,66.3886197218085,-93.67172401034803,73.18790987662597,-1.8841946275995176,68.085622,-3066.766783,-94.33870399999999,-88.753298,-44.967582,-89.94442799999999
1292,0.142617,-0.706803,0.975201,3.09666,1.23458,1.43189,-235.20261264797372,-156.479930470384,75.80861883155436,-123.8459733331177,52.56847663279644,16.33370893625097,130.965573,-2966.333597,-247.223351,-113.10293,-15.146711999999999,-95.855629
1293,0.00383669,-0.60902,1.0795,3.11692,1.79186,1.71485,-250.82086918544482,-156.52748596737987,82.01375175282118,-92.6564427973762,80.70626206433263,-2.4588025411803174,298.92984330999997,-3009.13428,-151.13855,-78.81935399999999,-30.831106,-85.202721
1294,-0.307544,-0.538951,1.12585,3.81439,1.89292,1.7282,-276.43380150117804,-152.98374200449572,75.19669990635464,-86.52923213624717,66.19782477602992,5.242689876161962,606.204254,-2969.955649,-104.25967,-79.252049,8.681175,-82.861886
1295,-0.0106135,-0.522303,0.760937,3.12315,1.81047,1.62874,-244.5114579454642,-181.37265483763775,122.74474845087626,-106.69161694690085,69.49061322464676,-5.533397202255438,341.84399349999995,-3086.490397,-469.516847,-78.273692,-25.610063,-86.04484699999999
1296,0.287116,-0.741599,1.04638,3.3977,1.65916,1.56012,-223.46041559456262,-158.87489405403085,61.4480046543954,-72.25456162835785,28.46975717803499,-7.851011483559619,-19.483126000000002,-2984.211501,-183.41858,-88.643906,-6.3930657,-90.165345
1297,-0.00753528,-0.528928,0.815755,3.10908,1.72295,1.44964,-238.5446754669718,-174.65415173193372,116.27490902825902,-110.82149673420382,53.93160052319218,-6.736780459368706,334.00006528,-3082.936972,-413.48627500000003,-84.20121,-16.63994,-89.677763
1298,-0.197424,-0.551192,1.18996,2.97378,1.63999,1.70718,-283.83813508765365,-143.3173710428436,60.41438879197939,-92.53669461819386,121.14906099143693,1.6634626370253678,511.024534,-2993.911508,-37.430676,-88.276257,-39.074363999999996,-89.666129
1299,0.177437,-0.857074,1.04306,3.63413,1.50208,1.5671,-235.20605039474452,-154.89283737787164,50.18434195147758,-82.98491521556792,26.884153775789947,4.950584533048365,40.365840000000006,-2837.824026,-184.26704,-97.259343,6.9216994000000005,-93.118628
1300,-0.0242594,-0.575991,0.725503,3.33924,1.50438,1.68355,-245.21333124449944,-180.1814755815608,119.73156340628327,-123.84253558634691,60.34334202538317,1.3302246537993296,334.2885194,-3032.912409,-499.965303,-97.301804,-16.672883,-93.666963
1301,0.172052,-0.733881,0.974265,3.74189,1.66471,1.47532,-228.05668302710208,-164.19423422402542,64.1082476971878,-50.8650731078725,9.167783088329276,-25.724544494224673,85.828945,-2950.896619,-254.685365,-89.112095,18.21167,-90.27439199999999
1302,-0.352406,-0.456126,1.18205,3.83911,1.2642,1.5789,-280.5596705839151,-135.30341036234876,57.57480995931103,-117.66776942822203,60.55304457840106,-3.8445697236396295,674.017326,-3031.627574,-40.385388999999996,-108.17321000000001,18.98472,-98.22172
1303,-0.379467,-0.87201,1.04933,2.83093,1.62529,1.41844,-289.4044200673496,-153.5784721958415,39.811743211547196,-62.863783366163666,118.40172836378461,0.6088822488855258,571.075367,-2630.81349,-177.84644,-89.62372599999999,-30.759432,-90.92602600000001
1304,0.21271,-0.834173,0.970589,3.0799,1.24842,1.44363,-236.84470968881868,-157.92550298749907,62.8998797072569,-107.55792913313866,55.40605011318184,14.40685187122601,21.451331,-2870.457927,-252.71984899999998,-112.48146,-16.822141000000002,-96.017307
1305,0.000718206,-0.851139,0.731727,3.23758,1.28954,1.42569,-251.614415731701,-182.03499404880898,92.45418869569502,-109.23153885271579,58.93730359613213,8.326852932415767,213.945811794,-2782.272461,-491.16299699999996,-109.52131,-7.050742499999999,-94.962053
1306,0.0543367,-0.625414,0.974602,3.0298,1.63073,1.42672,-239.37374539652612,-163.18983920916105,91.64288045778979,-104.41525562684609,57.55074573191554,-2.5966389979549396,243.0195933,-3013.443586,-253.274632,-89.571176,-19.907317,-90.957297
1307,-0.167917,-0.677234,0.849098,3.43905,1.53242,1.63181,-264.7746833280609,-174.38314269483683,99.03174418379687,-106.86866090559629,71.18255759366808,0.025384436747035017,432.679557,-2888.193566,-376.90093800000005,-95.70146799999999,-7.9942196,-92.740605
1308,0.229061,-0.79454,1.12322,3.0936,1.56056,1.69111,-236.70089728224085,-148.964443071653,50.93113514165109,-82.61764926888905,66.28949802325086,0.23863061913624145,23.140846,-2912.7945600000003,-104.82078,-94.02958,-31.2858,-92.31379
1309,-0.0614325,-0.406882,1.19119,3.26027,1.50882,1.41006,-221.56621712386013,-130.9242939341639,70.18045440998428,-127.40232236749473,25.737894410851226,6.874576809097669,422.82880250000005,-3180.4375179999997,-34.226718999999996,-96.863725,-5.5085502,-92.32576900000001
1310,-0.0419492,-0.899337,0.785421,3.5316,1.65367,1.59728,-254.30789032661102,-183.4668155788409,84.05691925025769,-75.12679905534867,53.48297456960475,-1.4885615404837327,235.4736992,-2722.413163,-443.54527099999996,-89.322238,-0.85560257,-90.080207
1311,-0.0955644,-0.697481,1.1134,2.98833,1.70522,1.49126,-263.7542454949329,-153.35616457133074,68.16937254907509,-87.20073867214052,88.02121423476785,-1.4913231970562633,361.8864744,-2892.675819,-115.56204,-84.79333100000001,-25.820624000000002,-89.496862
1312,-0.37468,-0.842124,0.849184,3.81254,1.61437,1.63,-277.852445001922,-176.62856429395453,76.55174509183902,-77.72458969847182,62.75492138508881,0.4991911978811151,565.33848,-2662.139376,-377.471544,-91.888697,13.387519999999999,-90.72249099999999
1313,-0.389153,-0.853317,0.73452,2.83477,1.56468,1.7264,-293.97089369454227,-184.1411869037099,73.88233472432452,-70.26697103704903,140.4182045994816,-0.3462257905260636,591.454713,-2641.962983,-491.8304,-93.63449,-48.078329000000004,-92.298766
1314,0.0725062,-0.72883,0.935201,3.51519,1.71227,1.4457,-236.63328826241536,-170.7746545011029,82.48415010262357,-75.86992531563334,28.744834215477297,-11.029895922504453,182.6938838,-2922.11977,-294.843741,-86.01231100000001,6.819143499999999,-89.885861
1315,-0.334302,-0.781744,0.80335,3.70246,1.51739,1.6962,-277.94354529134773,-180.2450738968203,89.16197320487332,-91.62511876614072,72.92377633307065,-0.8790089309779038,550.774502,-2733.1459560000003,-421.8516,-96.36443200000001,3.4264990000000006,-93.254278
1316,-0.287159,-0.672428,1.2075,3.2108,1.52136,1.58385,-282.8406155663309,-138.56067542766752,42.870936767089205,-87.18412289608172,99.55485465075132,-0.7199214695818794,548.8870489999999,-2851.5902720000004,-17.933834,-96.282886,-18.327186,-92.829726
1317,-0.344786,-0.67863,1.03539,2.89521,1.55899,1.43885,-291.75526590077135,-158.67665065691557,67.75168631642472,-89.81858283809325,118.25963483059219,-0.23585005495647157,604.020346,-2824.92547,-190.57545000000002,-93.778712,-28.189636,-91.844797
1318,-0.364946,-0.863142,0.952177,3.28913,1.75497,1.45456,-282.17827635515965,-168.61231178227916,64.03147135264028,-64.97112213665484,86.9274378038631,0.9688773611441734,554.303116,-2645.243058,-277.543337,-82.988758,-6.4640070000000005,-89.166177
1319,0.0926734,-0.830392,0.878603,3.58713,1.67235,1.45671,-239.46942934831296,-175.0053748603489,76.59414396867871,-70.25264709217076,27.712708043328632,-7.598680870584003,128.68144660000002,-2833.9336080000003,-350.549833,-88.31635800000001,10.312466,-90.264478
1320,0.0163612,-0.536207,0.924843,3.51211,1.63817,1.6871,-230.82693396655964,-164.35924606902307,102.45516700970356,-112.00637345453437,36.323289675893186,-3.545623264452171,306.4828888,-3084.671093,-302.82446300000004,-89.997026,-7.0823921,-90.217497
1321,0.0371141,-0.531222,0.864163,3.33852,1.31736,1.64672,-231.08304610098307,-160.85904689856886,104.39634801960678,-143.68062628495653,45.53519051444753,11.44534761975381,290.8306859,-3095.722578,-358.514083,-108.00956000000001,-13.556138,-98.069504
1322,-0.352966,-0.797004,0.800124,3.51464,1.434,1.62083,-281.3148289578975,-178.88544504897484,86.26509859269187,-94.73570663590597,82.63770279171862,-1.9788300666212755,565.040476,-2712.238196,-423.803384,-100.916632,-2.7318396,-94.854837
1323,0.249264,-0.726066,1.07852,3.08148,1.79566,1.56411,-229.3951124365277,-158.60331205913883,66.59488452805559,-71.94745625016773,53.58811232501125,-10.51423390688671,26.55182,-2983.9141339999996,-153.31838,-79.367855,-24.418409,-87.234879
1324,-0.0456554,-0.681036,1.03004,3.58854,1.35907,1.48895,-245.20244504639197,-154.04428688328287,74.11151784237686,-118.93457911325629,35.846875269241906,10.12198700034015,310.2157754,-2926.574064,-193.98793,-104.75931,9.204186,-94.984943
1325,0.346649,-0.541415,1.21656,3.15171,1.504,1.60208,-205.01174754914524,-137.16323136534342,48.33242776605572,-99.78976734675496,26.436501850454235,7.64806983252428,-3.3715583000000002,-3192.835185,-10.6497897,-97.45361199999999,-22.702187000000002,-93.478478
1326,-0.259057,-0.424643,0.883592,3.27896,1.55132,1.55829,-284.71877121876975,-164.21142295787934,107.57225307801694,-124.47336211878596,96.08273041225853,-0.3208724080915247,606.398297,-3094.517957,-341.87620200000003,-94.531337,-13.013927,-92.182827
1327,-0.254389,-0.634554,1.05508,3.15094,1.37564,1.73632,-284.71361459861356,-152.20394644532266,69.05172755357655,-109.03100362442,113.11733861929304,-5.001302757073345,534.321879,-2896.660746,-168.3593,-106.13422,-29.714347,-98.286275
1328,0.388475,-0.883981,0.881035,3.52833,1.43673,1.44658,-224.59888273348756,-167.00058150457616,56.65441055721288,-95.24334724239188,16.64917949825,21.673389107972675,-166.286045,-2884.659619,-345.658775,-100.81189599999999,8.0003855,-93.41963
1329,-0.2532,-0.524549,1.011042,3.63403,1.5785,1.66812,-271.9515526698696,-157.14799925950655,89.58309718429447,-112.02470810397855,69.26658672675062,0.014419571534277914,561.88197,-3002.2860509999996,-215.525882,-93.38264699999999,1.0133348,-91.690278
1330,-0.344709,-0.677825,0.967986,2.8577,1.7714,1.71053,-296.1103181015607,-168.35161598549465,71.35673676338784,-65.90962700507912,139.37427549675326,9.829893116382456,608.607399,-2822.262175,-261.466676,-77.815449,-45.388757,-84.63376600000001
1331,-0.0454313,-0.594977,1.147,2.91124,1.88657,1.42225,-255.2549895619623,-151.6149458319282,74.57045703627665,-85.1317880739231,81.0162322314984,-7.175608834659403,349.18481130000004,-3005.9562229999997,-84.700536,-73.692496,-26.091685,-87.771423
1332,-0.329948,-0.43105,0.773248,3.2215,1.66891,1.54094,-297.80971092191874,-180.2828891112989,116.30126508683503,-109.99701046701057,111.34059649659235,2.6041905816947635,672.180438,-3064.36155,-454.12095800000003,-87.564087,-15.345869,-89.938913
1333,0.0430326,-0.487979,0.802684,2.93481,1.65989,1.63237,-238.19574416973714,-171.57450358310555,119.25085181616849,-122.46915575141834,73.63252512564749,-2.56234747391636,305.2362974,-3136.264821,-425.774864,-87.044704,-37.071977,-89.520383
1334,-0.151244,-0.694582,1.15582,2.96212,1.49392,1.50087,-271.0571655516704,-144.42203367185584,55.249575339331614,-95.20324019673272,97.2905254443943,0.1803516440467146,415.322314,-2876.526518,-69.61479600000001,-97.991913,-27.795849999999998,-93.11631700000001
1335,-0.0119532,-0.483451,1.17485,3.14759,1.88249,1.69716,-243.0452589477244,-145.32845290375278,77.94918915416311,-93.68203725066039,70.88633841358545,-6.331527410872675,355.6550332,-3122.425449,-56.822272,-73.436714,-27.535040000000002,-83.007589
1336,-0.0691876,-0.882987,1.11996,3.33708,1.53146,1.55001,-258.35182644464436,-147.13785362077593,42.12059123858588,-77.40430629099369,65.93025348570383,0.5005645777160437,268.8045176,-2728.310313,-107.08979000000001,-95.788618,-9.1424523,-92.506336
1337,0.347583,-0.401274,0.85225,2.89709,1.31481,1.70767,-191.11121848147633,-161.57180639571163,105.32167485874305,-148.48774218610416,35.942444629469726,24.028875899535006,49.812611,-3321.947826,-371.3999,-112.07956,-42.007522,-101.16111299999999
1338,0.221003,-0.875998,1.014423,3.73187,1.54193,1.51767,-232.51945129337608,-156.74864767630035,45.97728474917048,-74.33210659350222,15.655326906816075,3.946086385780908,-9.0612377,-2833.906002,-213.972433,-95.283879,15.369782999999998,-92.27914899999999
1339,0.244092,-0.5152,1.09933,3.50121,1.87208,1.44811,-205.88493522892463,-143.06412369739576,45.16517437035205,17.105597677851215,16.332792203778762,-93.38295328160208,94.548787,-3182.232,-133.18275,-77.333286,6.0886379999999996,-87.801154
1340,0.198505,-0.815409,1.20106,3.36644,1.70288,1.53791,-233.98221254434506,-138.72740614605058,26.783656978524004,-56.44940625811507,39.63320956258443,-7.337412116004349,38.554292000000004,-2884.2235910000004,-29.218373,-86.139934,-6.8476988,-89.425862
1341,0.390805,-0.588164,0.921619,3.05747,1.72684,1.58356,-208.70904420112444,-172.22538363837415,88.44577596095979,-80.65813360954165,35.26801600882123,-13.602648309980388,-59.649909,-3163.385936,-309.584609,-83.42649999999999,-27.212142,-88.48837
1342,-0.283902,-0.650113,1.012284,3.56114,1.49874,1.41135,-271.1539954190475,-159.08459660704872,78.64017625509088,-104.00329897214702,57.95582689307303,0.629462892886625,544.850912,-2873.634087,-213.024114,-97.49775,11.618389,-92.367483
1343,-0.334574,-0.799051,1.12641,3.67263,1.83514,1.6561,-277.47543877272585,-152.18274700690282,48.35918489508833,-62.44552417571816,71.4988302965803,3.3296525531555585,544.053644,-2715.8721490000003,-103.82676000000001,-80.709616,4.3618327,-85.42484599999999
1344,0.391178,-0.472474,0.800491,3.80895,1.73916,1.71623,-194.8841455624128,-163.06149666305177,71.19000604500478,65.40886189213478,17.168451147977066,-148.59946895615465,-28.625564,-3273.279326,-429.916131,-86.162604,8.2595309,-87.303304
1345,0.318967,-0.655351,0.762916,3.69399,1.2478,1.6668,-214.79442894320894,-172.55884507514028,92.70972787232338,194.0012176001162,17.211079207934798,-305.1653430958083,-22.840908000000002,-3076.183249,-460.891076,-109.46754,6.0279628,-99.88719499999999
1346,-0.186704,-0.887073,0.919349,3.494,1.41641,1.43893,-264.2515728611064,-166.69748683095196,68.36990777737087,268.36655574573604,56.63584672465064,-357.6150455776741,374.593434,-2684.3432270000003,-305.118979,-101.952169,6.4582529,-93.492831
1347,-0.234863,-0.688009,1.031,3.62085,1.332,1.40282,-264.5930557070044,-154.21617422182211,70.66288487348443,247.1522204232222,47.970031960635474,-355.31118228345304,484.981853,-2854.150291,-192.35096000000001,-106.40359000000001,16.050582,-94.13310200000001
1348,0.267369,-0.780134,0.830336,3.4701,1.2777,1.43093,-226.16706821876065,-170.63657167247638,80.09377018133777,228.6966768842632,24.194116927650732,-326.38025137611726,-16.899462,-2940.163766,-393.847256,-109.55157,6.1127603,-95.160444
1349,-0.00674343,-0.616305,0.894277,3.53839,1.37143,1.54592,-238.440397148258,-164.50592326457658,96.55026397308528,229.49881779744638,35.23988378108031,-349.2727800805693,297.54336343,-3001.525995,-329.48607699999997,-104.14927,3.0340496999999997,-95.468032
1350,0.249248,-0.597086,0.968929,3.5946,1.33218,1.58392,-213.67372349593302,-154.07579956201508,77.90163365716725,198.04458076035442,14.486779483646762,-308.84029439377736,62.487158,-3107.566814,-255.262889,-105.89637,4.4109747,-96.684314
1351,-0.0308302,-0.586375,0.958031,3.46933,1.34887,1.49238,-239.57084287805114,-157.00762459969948,90.49524599414273,226.5062592334781,37.517391016725334,-348.0999354739365,329.97310020000003,-3020.9229250000003,-265.542001,-105.60084,2.2167898,-95.219554
1352,0.29478,-0.643996,0.890631,2.91453,1.3897,1.42315,-219.90463951798074,-167.88522834025815,90.6820302353554,242.9610341518402,45.50356324415631,-347.60604585453376,12.251743000000001,-3077.4844040000003,-334.583851,-104.21135,-25.738039,-94.102022
1353,-0.015703,-0.610213,0.790017,3.81693,1.46294,1.50037,-235.3636137884055,-176.5477772448411,107.3356215086279,227.8320835714108,13.320237412760404,-343.06478237032684,303.76850299999995,-3002.882187,-435.22621699999996,-99.017937,21.349906,-93.612035
1354,-0.0342789,-0.710494,1.005794,3.60613,1.52239,1.51481,-245.32677688793538,-160.54220123786155,77.6535429318756,258.6108033680435,35.500407690526295,-357.81042418581376,289.9169389,-2903.191506,-220.404884,-96.179234,8.2323559,-92.472461
1355,0.199538,-0.697451,0.75582,3.4993,1.49888,1.57949,-225.6353633848792,-183.68511249878574,101.42212410508267,253.3665206692111,25.814212389162652,-353.4817280436003,77.585349,-2995.485749,-471.13106000000005,-97.475104,-1.461267152,-93.31648600000001
1356,0.226026,-0.567878,1.14332,3.21366,1.41215,1.4957,-214.15214325486727,-142.07749037418048,62.43177318863502,239.38864229919952,27.064349002358593,-342.52677500069905,98.97582799999999,-3127.2060220000003,-81.682193,-102.580274,-12.817028,-94.313394
1357,0.259882,-0.695563,0.748748,3.73133,1.28023,1.55491,-220.62656633984557,-173.77924517876895,92.22443261984758,190.18875643131574,14.544590925175461,-298.71154649145467,17.123647,-3017.532237,-475.144978,-107.95817,14.124647000000001,-97.398622
1358,-0.0628873,-0.466837,0.779367,3.0732,1.40916,1.53292,-248.12567571714945,-165.71429125450746,118.59825288751448,217.28393056305237,70.15524426699852,-356.0457141768108,409.8632773,-3121.535763,-444.37012699999997,-103.11294,-22.904912,-94.83654200000001
1359,-0.211689,-0.691474,0.839223,3.83818,1.90396,1.70969,-263.4070330710836,-181.60699457584624,97.70993055043007,282.61830794182015,51.34125833140573,-359.47142883389796,463.733049,-2858.946126,-391.309783,-79.01516699999999,11.108862,-82.800243
1360,-0.13177,-0.854869,0.844062,3.46489,1.77932,1.72672,-264.18109905230534,-180.49717532667785,84.59206183090987,287.65231512983956,74.4690435065385,-359.37918262888195,339.12541000000004,-2733.109531,-385.819982,-82.13620999999999,-11.698890500000001,-86.085163
1361,-0.174387,-0.681088,0.764019,3.1695,1.49101,1.4772,-268.32358391110125,-181.55141766971857,106.0865735152427,250.84894411740626,81.33250493441061,-359.47887728523466,439.360227,-2882.018012,-461.211679,-98.034418,-14.512889999999999,-92.913868
1362,0.269934,-0.879816,0.728918,3.68422,1.37279,1.43029,-229.98124826094653,-180.72750436032044,78.61783090108078,238.387685031106,14.109830550230193,-323.1310077199304,-55.330403,-2846.960784,-496.231238,-103.96507,18.059735,-94.122575
1363,0.304016,-0.445181,0.935599,3.25352,1.41037,1.73218,-194.70251794135635,-157.42874857912065,95.83807743373767,213.33739727019125,19.589999973317976,-334.23149204279497,70.991468,-3268.703619,-289.603939,-103.26104,-23.825209,-96.934018
1364,-0.226569,-0.535872,1.02116,3.67258,1.34622,1.57946,-263.9324353692186,-151.7140675304858,83.86898909345477,234.14550551595738,54.112311411776446,-358.5157352316197,531.0876890000001,-3000.722928,-202.02487000000002,-105.00923,9.056089,-96.313696
1365,0.396239,-0.531919,1.16849,3.23915,1.34487,1.45462,-200.65039281260943,-132.27704728846777,40.22776786659169,214.01692521521642,15.237182307929599,-304.2394432988769,-49.716689,-3219.055681,-56.168479999999995,-106.2757,-8.667827899999999,-94.732881
1366,0.0328597,-0.513804,1.1377,3.25125,1.36058,1.40038,-225.70010761572902,-137.7447835274012,68.73029823050817,225.6983887423436,31.60641462747868,-341.23532813047416,297.39927029999996,-3111.5521959999996,-85.850262,-105.33567,-5.1005226,-93.80887799999999
1367,0.0595261,-0.852576,0.824639,2.82832,1.53845,1.6648,-257.51072440139234,-178.45057008247053,85.21601286980734,271.44104727440805,100.79129757264363,-359.8123387220008,167.7762039,-2797.472824,-401.733919,-95.49399000000001,-44.929213999999995,-93.090624
1368,-0.17346,-0.671522,0.962925,3.11273,1.65577,1.6353,-273.36561250825247,-166.73931274999651,87.14630768160309,264.51742527804714,98.64728950326409,-359.4404891129609,444.36033999999995,-2890.180978,-264.986275,-87.93178,-27.021921,-89.727379
1369,-0.18838,-0.757229,0.78929,3.57832,1.63454,1.66166,-265.53098761763357,-183.3218572566728,97.97406409398538,268.97790171314057,65.67643318246087,-359.99511225864757,423.05379,-2805.919271,-438.42834,-90.364428,-1.8174782200000001,-90.281893
1370,0.38363,-0.649077,0.972423,2.91622,1.39781,1.42983,-214.566964698542,-161.21428073155,76.36839859739717,249.87434290788872,40.5164240037786,-346.33293363375304,-72.86950999999999,-3103.493323,-253.165873,-103.76047,-26.038733999999998,-94.09383199999999
1371,0.302734,-0.556311,1.0902,3.20486,1.45956,1.63386,-209.11011465771603,-149.3901507134352,70.92415362806408,245.52502028505063,29.661394800348074,-349.16277218390417,32.67713,-3164.074489,-136.11686,-100.14879599999999,-21.379385,-94.741866
1372,-0.225713,-0.405413,0.728109,3.72644,1.50468,1.59958,-258.459542510129,-171.1333260808548,126.47756848615359,220.30284518559665,46.570869024926004,-359.14770767964905,574.874573,-3123.477987,-496.923419,-97.00851399999999,10.409519999999999,-93.255656
1373,0.365916,-0.502628,1.014714,2.97508,1.28642,1.68485,-203.8933339330499,-151.55134751666867,79.04812220522403,228.49327686699178,42.869905443057974,-339.2162248604331,-3.8468565,-3233.268972,-208.841014,-112.8844,-36.017335,-100.872391
1374,-0.0850942,-0.863903,0.884297,3.73341,1.35459,1.59901,-254.55483513631242,-169.57430792030385,74.93485819397985,259.4003392097338,42.61831967521602,-355.700793584142,284.76279420000003,-2740.570697,-340.360447,-104.32742,11.367994,-96.42170800000001
1375,0.395708,-0.865636,0.854096,3.56225,1.5446,1.60879,-223.82252492108532,-172.65166423795148,62.663248137867875,286.29956177553566,21.88148737916419,-357.2437689264293,-165.390238,-2904.508464,-374.845686,-95.09622300000001,0.3741903,-92.453164
1376,-0.197692,-0.854068,0.875395,3.67459,1.40757,1.53709,-263.73762971887413,-171.348758211824,76.63195918315735,264.3936663942989,51.34607117688483,-358.34843155544155,394.89736200000004,-2711.0516319999997,-349.584805,-102.026985,11.276637000000001,-94.65504
1377,0.062776,-0.623531,1.08734,3.67915,1.42277,1.46509,-229.30000144253597,-147.98353932638904,68.78415626325045,227.8836497729726,14.110518099584349,-333.8859984923311,226.24165399999998,-3017.645169,-137.87547,-101.282849,15.656220999999999,-93.844695
1378,-0.0355845,-0.548166,1.15875,2.84861,1.31639,1.55322,-257.88142809484197,-137.43137561346464,62.100603583049406,241.3498768319323,94.02008234978757,-356.7613384629292,358.6044345,-3051.962734,-64.183993,-110.2277,-36.361543,-97.637743
1379,-0.016788,-0.745741,0.928132,3.16375,1.3311,1.73548,-257.3726415727658,-163.82524940396115,82.4847230604187,247.5653229935115,85.5849976898716,-359.2840716348902,272.30820800000004,-2873.8452589999997,-294.890152,-108.87187999999999,-28.54347,-99.57708099999999
1380,-0.108447,-0.639574,1.11009,3.28079,1.35845,1.54668,-258.3724529252691,-145.14739824049144,65.91019996287424,246.3403392275218,69.2832025028094,-357.1394906077155,389.858067,-2943.7957260000003,-113.3537,-105.68233,-11.552337,-95.701498
1381,-0.0709074,-0.568352,0.952405,3.65922,1.23415,1.6132,-242.69117103033358,-154.5948993244036,89.68336479844237,216.72472375500467,37.40394537328943,-346.81765592843374,372.9406374,-3023.5061480000004,-269.700135,-110.57871,7.0654851,-99.26212500000001
1382,0.117691,-0.510903,1.16733,3.61922,1.47152,1.65567,-213.55684010572634,-138.56926979459445,65.35443090159735,228.1403348651912,11.990688849159328,-338.0783306793033,216.525139,-3144.101197,-58.355658,-98.709379,1.142814,-94.308899
1383,0.112298,-0.791334,0.734897,2.93391,1.39136,1.39926,-244.20779031404484,-183.80772546694374,99.1119582751152,253.7412350672266,66.79427384076111,-353.55449368358194,133.396242,-2875.905366,-490.177687,-104.01902,-23.318362,-93.70249199999999
1384,0.145438,-0.536068,1.02056,3.46857,1.49938,1.51955,-214.45638384408176,-154.5542193209493,85.82449404823628,231.60042698998623,13.270046309906945,-344.67651264802987,181.85679199999998,-3129.653832,-205.6711,-97.394919,0.21525600000000011,-93.072723
1385,-0.170867,-0.476512,0.885517,3.72618,1.34429,1.64052,-251.65452277736017,-158.85655940458665,104.69371311527968,218.09924950552352,42.56062282524635,-355.3220684815605,498.896187,-3075.795788,-337.557007,-104.71468,8.713588999999999,-97.17886999999999
1386,0.191829,-0.72634,0.963047,3.19486,1.44062,1.53024,-231.46349007694994,-162.9915958120458,79.19537235857266,253.4937172997301,46.473237016635714,-353.31900802978316,79.07172,-2965.4415599999998,-262.359987,-101.03753400000001,-15.892204,-94.14295800000001
1387,0.377765,-0.658608,0.949564,3.24348,1.53017,1.53133,-213.02800006082057,-166.4751792064412,77.98012887510018,263.00080599433585,24.98766347390692,-355.3008690431407,-74.12254899999999,-3093.910292,-278.098234,-95.749288,-13.487237,-92.49311
1388,0.122756,-0.736238,0.8785,3.81119,1.3276,1.61373,-232.18026027865864,-168.0697207502903,84.30787476452498,227.87276357486508,18.77364970681558,-334.39535797220236,131.80075399999998,-2931.8398620000003,-346.09063,-105.17984,15.163667,-97.384073
1389,0.287841,-0.442763,0.778835,2.89054,1.49822,1.43615,-195.4920537830466,-173.39421754044102,116.10302168971977,226.70564854618362,22.49077069850631,-349.21777613223674,88.982831,-3264.877237,-447.774065,-97.539436,-28.161444,-92.79569099999999
1390,-0.14357,-0.650825,1.14532,3.72956,1.28229,1.73529,-257.10449732464457,-140.90120802077692,56.93647767975578,246.71161587876657,52.94221700256027,-358.80565187595596,414.66912,-2921.697675,-77.47000299999999,-107.56877,3.9654366000000003,-99.98612600000001
1391,0.226078,-0.870521,0.947006,3.04566,1.56353,1.70896,-241.52176417047156,-166.8630716337448,68.6437816034434,277.7905655600478,74.87756241446677,-359.89484464449964,1.3972676,-2839.901079,-280.882766,-93.815212,-35.095981,-92.26755200000001
1392,0.102923,-0.828483,0.831669,3.78281,1.30257,1.52716,-238.04219148064212,-172.39555210352802,80.01928566797078,236.91002687746357,21.466780527048503,-335.85525443419573,117.208077,-2838.081317,-392.939329,-106.86095999999999,18.442928000000002,-96.663663
1393,0.0549316,-0.681216,1.19321,3.46795,1.51809,1.529,-236.7753817956078,-140.61988574336766,50.613315452692014,265.09897744010493,35.70317745422309,-357.0289097532553,217.5329484,-2962.015784,-33.238087,-96.435196,-0.5116148,-92.62891599999999
1394,0.122354,-0.757846,0.867375,3.59951,1.48556,1.6374,-235.12125264106515,-173.4228654301976,87.49581193663289,257.83444555564125,32.83437777400306,-355.3988448261081,128.082326,-2912.392754,-359.134615,-98.090702,0.9142828000000001,-93.82347299999999
1395,0.12392,-0.519732,0.980418,3.42222,1.50484,1.72625,-217.41742972931783,-156.6357749906596,93.98627783987486,235.4552870356264,30.3626951415882,-354.8826098526952,212.00143,-3137.2128679999996,-245.90563799999998,-97.27174099999999,-14.342528999999999,-93.879606
1396,0.373709,-0.543025,0.873,2.95618,1.53552,1.71016,-208.24036472470743,-171.4473069525865,98.85011656274041,249.86975924552763,46.838153836354536,-357.8087053124283,-24.574193,-3198.241075,-354.9536,-95.844766,-40.192076,-93.396973
1397,-0.0542572,-0.821889,0.857538,3.59576,1.44303,1.70785,-254.16579679341856,-173.76262940271016,85.13236103171825,260.69006720657325,56.028511461811966,-358.82054877862936,273.9330772,-2791.145411,-367.90565799999996,-100.308671,-3.1397361000000004,-95.32993699999999
1398,0.356488,-0.832618,0.769132,3.05601,1.42492,1.58746,-228.89721211255903,-181.0575280503158,84.35313843034032,266.5388203792687,55.181393361711045,-353.49204128391267,-108.792418,-2920.3976820000003,-456.827472,-102.520509,-27.028817,-95.21534
1399,0.230518,-0.758545,0.898178,3.71344,1.53308,1.48913,-225.85308734702895,-171.18775707139224,76.55575579640494,262.3098188934081,8.545951993273794,-349.02870005984363,22.530646,-2947.962555,-329.73844799999995,-95.67655300000001,15.910559999999998,-92.370183
1400,0.149329,-0.407512,0.742995,2.87752,1.53058,1.63596,-204.06006465143295,-166.92036741325788,126.70732456200105,216.9481772951057,42.926227194319324,-357.0552658118313,234.134171,-3248.4231879999998,-483.061625,-95.96048400000001,-40.33867,-93.216601
1401,0.201242,-0.656926,1.20496,3.74431,1.51326,1.69728,-221.48084641238563,-138.69875825629404,43.17850051151543,264.5134145734812,14.368463698952247,-351.2563599673122,86.63537400000001,-3034.796274,-22.119367,-96.565257,5.8311121,-93.50489
1402,0.0922107,-0.564099,0.897417,3.40498,1.33155,1.55851,-224.68826414952798,-160.6848677288491,97.67383420933683,216.74649615121965,31.105878697652397,-340.78441034570614,224.9724793,-3084.297001,-325.852777,-106.73988999999999,-5.0055438,-96.353297
1403,-0.399672,-0.44557,1.19547,3.80866,1.79262,1.5249,-287.8677472608087,-144.2020178785256,65.21462919958543,269.83103587009043,66.65561805433944,-356.43876322427053,722.025692,-3025.7910300000003,-33.049931,-83.136561,19.331542,-87.589453
1404,-0.141537,-0.805245,0.899163,3.1628,1.29702,1.44274,-265.14767885269106,-166.4545527258165,78.96561628272518,251.38752444482924,77.01011132794369,-356.6845621183816,365.247967,-2776.194355,-323.38629299999997,-109.32944,-12.250167,-95.137184
1405,-0.359598,-0.404777,1.017319,3.55949,1.86334,1.44419,-288.9947552438311,-160.55308743596902,94.79472128880444,261.4165776907991,77.29086064755779,-356.59919140690715,701.177638,-3078.2914229999997,-212.629799,-77.967364,9.718990000000002,-87.847576
1406,-0.123397,-0.570141,0.9548,3.02397,1.42207,1.59156,-267.9924143055156,-159.39456677421452,92.27313403243369,238.61858702254366,95.88104926837248,-359.92120070307567,432.619887,-3002.5194589999996,-269.38818,-102.78897400000001,-29.120577,-95.365735
1407,0.331217,-0.758633,0.961037,3.48223,1.48727,1.72359,-222.57634171667576,-164.39706128350173,69.88079748313085,265.9813324446064,31.99831775934816,-354.4030441781707,-64.829408,-2983.565767,-265.70250699999997,-98.183982,-10.7013009,-94.277401
1408,0.13591,-0.400484,0.900881,2.9386,1.37535,1.62271,-201.3734655500645,-150.22724205212134,106.16334985979023,205.8769138197928,37.559274231549395,-343.17593618258223,247.6525,-3251.1263160000003,-322.76781100000005,-106.40764999999999,-35.417133,-97.30454
1409,-0.304984,-0.429463,0.739516,3.66715,1.75841,1.56082,-278.0300619184125,-181.64538274812003,123.99952602221278,247.7217404715822,67.17758260570362,-358.54151833240064,642.201654,-3073.713037,-488.85306599999996,-84.28279500000001,9.173675000000001,-88.101241
1410,-0.333664,-0.472726,0.906017,3.2582,1.9157,1.60294,-295.37234846143224,-174.524090312439,102.44141602262042,272.85396119720065,108.84823008777327,-350.646732873293,661.190544,-3022.451274,-325.174167,-73.10292,-15.895341,-84.403743
1411,-0.325273,-0.553491,1.08308,2.81857,1.83195,1.57737,-298.79863607631455,-158.30881175244158,69.89512142800912,289.1781017382729,136.30494058823743,-349.54665390664184,631.637883,-2946.795209,-147.12841,-74.93701499999999,-39.966557,-85.341633
1412,-0.297779,-0.723242,0.866021,3.31593,1.77898,1.49612,-278.8047008574294,-178.8046579998614,91.2045677445147,279.40286879554594,84.39840209615566,-359.1070276761948,539.360989,-2800.472958,-363.229021,-81.629499,-7.2343193999999995,-88.430463
1413,-0.326487,-0.454197,1.20955,3.64918,1.86155,1.69407,-286.09501584267394,-143.67203191802957,66.82292173051765,271.4513605147204,83.20321213551276,-353.5298564983913,655.1915270000001,-3043.745903,-20.275564,-79.144132,1.0335037999999999,-84.35189299999999
1414,-0.37951,-0.849828,0.871627,3.08411,1.81872,1.59658,-288.77359353491056,-176.59361386845154,69.54619013077446,302.45983638720054,112.83544338408866,-354.75885096894694,577.88575,-2652.035472,-358.140947,-77.637273,-25.981222,-86.12514300000001
1415,0.382489,-0.596019,0.998595,2.82968,1.33147,1.41392,-211.06561961249753,-156.6134296366495,75.91404306585842,241.02730159327365,42.09669889852892,-340.9242120477181,-53.282798,-3152.5488809999997,-226.17585499999998,-107.90512,-29.862879,-94.75261400000001
1416,0.358379,-0.75987,0.849964,3.67569,1.4526,1.56285,-219.2102146702822,-172.45513971422162,76.94364822370851,239.06664001833602,9.837055088821591,-327.4717359758415,-96.83432,-2991.46553,-377.136184,-99.65040400000001,9.718369,-94.08928
1417,0.0155634,-0.686645,1.06199,3.41487,1.31971,1.59424,-243.43200545943773,-149.81012877726607,68.90906106258898,242.71867300449983,50.03296650200401,-352.1037645463107,254.77716660000002,-2942.4524549999996,-161.3886,-107.43383,-6.3973691,-97.08556
1418,0.15246,-0.765555,0.753336,3.05199,1.43422,1.4744,-238.5779070190894,-182.74374284138582,99.40359379283679,254.18756918963356,58.517325532301236,-354.53768926002647,103.25124,-2914.783145,-472.220016,-101.52709300000001,-21.01324,-93.856854
1419,0.0830934,-0.480306,1.13892,3.49471,1.28258,1.4459,-213.07326372663593,-127.63437027452271,54.79458955421823,179.78326991394485,16.186974444917965,-293.5308621078818,258.72912660000003,-3160.540994,-83.320435,-109.05091999999999,6.6064925,-95.347309
1420,0.0930199,-0.499622,0.874717,3.29978,1.41863,1.71547,-220.97435172149,-160.84873365825652,106.65093694344657,220.95487115645554,40.80307478868255,-351.33714701642566,250.4211301,-3144.7884780000004,-349.57163699999995,-102.51679899999999,-20.288827,-96.407337
1421,-0.00570947,-0.734762,1.07747,3.59994,1.55378,1.69777,-246.30882654878957,-154.22935225111013,67.31165472976424,265.7200636900268,47.28420147986388,-359.66967223101324,257.48817947,-2890.152838,-149.6256,-94.590058,-2.6187943000000002,-92.346507
1422,-0.143992,-0.577781,0.807902,3.54082,1.25172,1.43801,-252.72194314968888,-168.0920661043004,105.64997967535301,217.7995925786701,43.84313155386718,-349.06594231652707,438.65724200000005,-2989.098419,-413.86985200000004,-110.71,9.860187,-95.69345700000001
1423,0.0855599,-0.573249,0.952625,3.61222,1.47869,1.57366,-223.61855194601875,-161.0716142405624,92.69826871642076,232.36876339325667,17.30252327203768,-347.1327827157557,225.3064701,-3073.791651,-273.094565,-98.37633,5.4233245,-93.69432900000001
1424,0.159076,-0.692753,1.1555,3.59847,1.3831,1.46765,-227.0081702620127,-139.83092285947254,46.5257199506697,239.1078929795854,17.328707443275157,-331.8852298717342,112.973424,-2985.7551470000003,-69.439762,-103.50771200000001,11.012272999999999,-94.37330100000001
1425,0.22088,-0.512818,0.915328,3.44578,1.51215,1.71915,-207.26232576841912,-164.22517394496248,99.13774137589608,234.9493653025259,18.528137291602025,-351.43340392600766,123.31997000000001,-3177.457482,-310.99458799999996,-96.806024,-12.570821,-93.661019
1426,0.218001,-0.513533,0.799102,3.14405,1.22234,1.45247,-209.648694985139,-164.13407365553667,105.44085008013026,195.39579687346463,29.85797661985746,-320.86209485121236,126.10490899999999,-3174.8410670000003,-422.467332,-113.68053,-13.513016,-96.35822900000001
1427,-0.295988,-0.683341,1.09713,3.59096,1.72701,1.537,-274.2829179382569,-155.34891178279574,67.09278485202427,277.03941789063134,66.52727550823015,-359.6490457503885,546.517308,-2838.286659,-131.6624,-85.55295699999999,6.0849645,-88.88376500000001
1428,-0.38742,-0.779873,1.028,3.62212,1.60968,1.45811,-280.0170795519262,-159.75782201632745,61.53222945027962,280.38434549860506,65.98411151844613,-359.89427168670454,598.40804,-2716.070627,-198.94611,-91.71210599999999,12.348369000000002,-91.049814
1429,-0.262747,-0.631784,0.983573,3.30982,1.6117,1.66224,-280.5568057949394,-163.71753333847656,85.14553906100625,260.8911753926642,96.09017886359523,-359.4032468562774,539.938127,-2898.185416,-243.108363,-91.042901,-17.261912,-90.8381
1430,0.132315,-0.816977,0.920024,3.25147,1.32218,1.57825,-241.39284866656712,-164.9430900622614,75.4098402061433,252.46812284644594,56.47644986604525,-352.03730144207555,103.113435,-2859.952923,-303.553404,-107.99096,-14.87091,-96.96302
1431,0.172036,-0.41605,1.15378,3.24507,1.27217,1.57755,-195.81634789509067,-125.7046484205221,57.48141783870471,187.67060692171574,19.640878625525595,-302.82309162931347,203.085634,-3251.2056500000003,-68.40391199999999,-110.80172999999999,-14.776534000000002,-97.875016
1432,0.0740336,-0.675729,0.891349,3.09555,1.46746,1.62665,-243.57123420365454,-168.60429037314734,95.04567680307174,247.24160183926256,69.48259181551492,-357.55373909359514,209.5017864,-2971.4990709999997,-334.511529,-99.896162,-27.219192,-94.53392099999999
1433,0.035831,-0.891314,1.13303,3.78196,1.53982,1.73484,-246.7144806677422,-143.7986555907535,32.59264688023737,288.94949157801574,39.392624584409006,-359.3734530509306,162.849339,-2757.199986,-94.12581300000001,-95.354275,5.744433600000001,-92.787484
1434,0.196916,-0.668509,0.794937,3.37724,1.24408,1.73816,-227.76963117174157,-172.78974706657803,99.07987263858787,228.03433767309198,46.05744154470928,-346.1381279834086,94.031367,-3020.502091,-427.848127,-112.33303,-15.71951,-101.545323
1435,0.360298,-0.494401,0.982039,3.11745,1.54145,1.57109,-198.6960337734182,-161.3649686316694,87.49695785222315,248.96563184481124,20.11677737016126,-355.3982718683129,1.0782045,-3241.551599,-245.48208899999997,-95.090587,-22.934432,-92.510565
1436,0.193954,-0.587965,0.755081,3.44508,1.3145,1.72049,-219.1563566375399,-175.11595571480916,109.56729212066246,218.87331548674524,32.59854834552721,-341.5985833725871,122.88961599999999,-3096.593535,-468.335521,-107.7943,-11.656633000000001,-99.134146
1437,0.28466,-0.749146,0.886157,2.9034,1.4288,1.63384,-232.26448507454285,-170.48072715220079,84.56054915217767,257.4975463721043,69.81032367432977,-355.1891422730902,-11.001657,-2972.569054,-340.122587,-103.13277000000001,-38.381901,-96.09393700000001
1438,0.230453,-0.595407,1.1116,3.77474,1.3387,1.68083,-214.38304524630502,-137.38324715867367,51.996378274358314,193.8671454760556,11.26985064710524,-296.8500066150746,79.225508,-3102.682193,-113.04607,-104.60717,9.206802000000001,-97.90786
1439,0.333914,-0.841039,1.03321,3.25483,1.52067,1.42571,-226.63517473738253,-155.5523118000672,48.606301592128254,281.5365636246131,31.886247214620575,-355.77355922412363,-97.421865,-2906.228861,-195.03481,-96.324597,-6.7382504,-92.31216699999999
1440,0.363407,-0.616471,1.07054,3.26313,1.49107,1.59318,-210.57344886648013,-153.43294091587828,66.0912546261356,256.6415474261789,25.207736563016674,-350.91086641684836,-46.409548,-3128.619829,-156.63114,-98.09588500000001,-15.81221,-93.642341
1441,0.215692,-0.813069,0.80665,3.37144,1.29978,1.51524,-232.67128510908574,-174.88963738573247,84.32735532955942,245.7862890396303,38.44810365913584,-343.8090545462018,23.8339,-2891.8886310000003,-417.07036,-108.63000000000001,-4.3215724,-96.291578
1442,-0.105571,-0.885403,0.949386,3.83391,1.55032,1.70588,-256.65988207562305,-166.21161862068104,66.27746590955311,278.6471374637684,44.68709838609489,-359.87994774182624,297.206361,-2713.8226969999996,-277.423376,-94.863393,10.358529,-92.424635
1443,-0.231009,-0.602658,1.13179,3.74789,1.2525,1.46935,-261.96890900530525,-141.27191171422658,59.516563927009386,239.26832116222207,42.22521333197677,-353.6536153821396,509.666299,-2935.805342,-90.24835999999999,-109.77092,20.007958,-96.359594
1444,-0.0188628,-0.493155,0.911622,3.47291,1.4776,1.56907,-228.98659352859943,-158.81874419010802,104.13393334943686,224.60976893159508,30.171499125353044,-353.0479989926863,352.8563328,-3113.121945,-313.525702,-98.587068,-2.32969386,-93.64956099999999
1445,-0.0533355,-0.889403,1.18545,3.67345,1.51155,1.57986,-252.99925472253224,-132.36184504214714,13.396268912174264,294.66359966885545,43.03623509098445,-358.63548341080207,246.1114955,-2727.6529969999997,-41.691099,-96.829654,8.489333,-92.978185
1446,0.139659,-0.569751,1.09482,3.70853,1.5058,1.65629,-218.19436049951523,-149.40504761610862,73.01487662249646,239.64074372905708,10.965151691654668,-345.601266529371,174.57349100000002,-3095.869649,-131.73359,-96.911846,6.1237435,-93.514023
1447,0.172226,-0.69509,1.19571,2.95017,1.38672,1.42079,-233.5479105356359,-136.679654986253,43.96522886000956,260.2895697077768,56.67566729141223,-351.12859037899807,108.651914,-2987.1567099999997,-29.356976000000003,-104.37335,-23.560051,-94.03408999999999
1448,0.0659227,-0.597224,0.792996,3.81509,1.25243,1.68629,-227.71749201238464,-168.974994066597,104.35795984733302,198.9418326675293,19.984767894163113,-327.7811331852121,233.9868173,-3043.191976,-430.11091600000003,-108.33993,11.844092,-100.171774
1449,0.343575,-0.724716,0.763003,3.29451,1.32308,1.72133,-221.87332250205026,-179.48647777606706,93.741624861354,245.06436221776548,43.314577987859,-346.9047455132936,-61.419725,-3018.555884,-460.954983,-108.27644000000001,-20.259964,-99.197992
1450,0.0548947,-0.822032,1.20221,3.31558,1.32021,1.62887,-247.85982330020872,-129.26787294844067,19.62815896247369,273.55468858064563,61.819281305640175,-354.83963801806044,174.1043853,-2828.579468,-20.983642,-107.95000999999999,-13.991283,-97.594284
1451,-0.0309041,-0.74919,0.806927,3.67676,1.37429,1.6892,-248.17896079209663,-176.60793781332984,95.8346396869669,246.94423674358967,44.60946260485466,-355.9104961371599,276.0836741,-2867.87511,-417.189447,-103.441423,2.9564820999999997,-96.949249
1452,0.388046,-0.545599,0.957934,3.75366,1.44433,1.48122,-202.6190757966789,-138.6569323372495,35.236961696325146,122.11449487623236,18.768149311982327,-202.0054379980938,-53.543074000000004,-3202.518501,-268.66771400000005,-100.01229599999999,18.781800999999998,-93.78033099999999
1453,0.305782,-0.4074,0.780185,2.98634,1.78592,1.42949,-188.4670182569476,-179.95171950571333,109.29055350561427,-56.52429184193867,15.347877753948877,-53.78440766562307,82.86271,-3304.407,-451.044915,-80.157237,-22.414189,-88.993904
1454,-0.369734,-0.503399,1.122,3.33047,1.71812,1.43914,-292.32364003354115,-151.66994978026074,73.21312001961172,-93.24257862179503,93.75824063741278,2.1016091925398594,680.578444,-2982.748201,-106.31667,-85.116349,-3.2958293000000003,-89.76969299999999
1455,0.205668,-0.495111,1.17153,3.10887,1.27925,1.58045,-209.8973586682258,-132.81161691132482,58.06698070532841,-134.51845818301953,35.99126063361487,24.889515803601014,145.264822,-3187.685689,-51.384173999999994,-111.27241,-22.815561000000002,-98.16632
1456,-0.347503,-0.802904,0.828687,3.0179,1.79248,1.42478,-285.92370146192985,-181.88086840191878,82.63426504494785,-67.73564349816105,104.40551534432886,1.6627750876712106,562.417863,-2707.3660959999997,-401.059207,-79.887041,-20.310639000000002,-88.90883
1457,0.201697,-0.711903,0.780627,3.04905,1.23995,1.50114,-232.25760958100128,-175.05751401970582,97.37933390263959,-125.26862753842754,56.04770554794885,15.061055081706385,76.471213,-2980.996297,-441.799897,-113.41868,-21.590567,-97.370236
1458,-0.245426,-0.445835,0.862823,3.12092,1.28694,1.429,-282.08488423455333,-160.63387448508246,104.0176229170253,-139.71002876469996,94.94254439994819,-1.1546474670594402,586.7457959999999,-3078.434365,-358.585273,-109.92745,-13.841559,-95.08159
1459,-0.0729702,-0.834378,1.1635,3.01536,1.67199,1.60501,-264.6406112040003,-145.87505464030758,42.8297411016193,-71.1957356229561,93.80006655645732,-0.3901304004513483,294.9042002,-2770.809022,-65.451434,-86.708382,-30.786804,-89.403727
1460,-0.131492,-0.698985,0.923894,3.04249,1.7133,1.56737,-268.4622396975229,-171.64383147631636,90.9610606815841,-91.16732548783119,93.91981473563968,-0.2920761222660446,395.551082,-2878.400915,-305.350434,-84.241116,-27.074215,-88.767817
1461,0.213079,-0.51513,1.06218,3.82268,1.90936,1.57146,-208.14983739307675,-140.27954881305996,41.0104282147404,48.37448286821832,19.40155415449945,-118.29286638270976,120.806971,-3171.01957,-169.78913,-77.947693,17.752607,-84.788632
1462,-0.347661,-0.531463,1.15905,2.98802,1.90732,1.71189,-301.2732407934846,-151.52900216265857,59.067365015626834,-59.95659551366987,135.17392190064922,17.229241970040444,659.424951,-2960.192137,-72.208502,-69.661184,-37.020520999999995,-81.05071099999999
1463,-0.0103004,-0.812372,1.12626,3.60177,1.56301,1.7125,-249.90069896646472,-148.73468699580553,50.95107407292164,-82.72880308114443,51.620919031209084,0.06857846441479849,235.50291040000002,-2815.4820280000004,-101.12722000000001,-94.141035,-3.3675156,-92.118008
1464,0.293248,-0.451185,0.738593,3.58164,1.29882,1.63437,-195.33792813615642,-160.96275225948756,97.52543814039794,-232.89989526934295,15.722076489948815,110.37802740077258,72.961446,-3259.942215,-484.75168299999996,-107.5745,1.0077053,-98.12091000000001
1465,-0.200378,-0.67445,0.999009,3.7705,1.52529,1.5858,-260.8951860972301,-161.02291282797628,80.49484063792936,-102.43052982451292,45.6857065272284,0.4772400388340631,458.085608,-2879.47155,-226.803479,-96.00197899999999,13.681738,-92.70098300000001
1466,-0.0513607,-0.649877,0.860024,3.12124,1.70129,1.48775,-253.6678964694499,-175.66198449356884,103.20975242589084,-99.60527493672284,70.2091022997408,-2.9010743928197513,334.43947069999996,-2953.539823,-368.748494,-85.460581,-18.072437,-89.700366
1467,-0.225523,-0.812975,0.938671,2.8246,1.88274,1.71956,-282.82170795909155,-171.66732274591675,68.18598832513388,-54.73076205584065,128.22967342366366,8.125286380088744,450.304643,-2734.9607250000004,-292.947951,-68.789664,-46.851935999999995,-80.099526
1468,0.022653,-0.436314,0.97807,2.88294,1.82301,1.72821,-244.29430694110965,-158.4503323278389,104.08924264141666,-111.68036046910493,88.58672357856197,-4.1538122344055886,343.523347,-3175.635186,-252.65631,-74.053515,-44.645121,-82.688456
1469,0.103446,-0.751467,0.945604,3.7448,1.64826,1.44448,-233.79084464077138,-168.11899512067154,71.9451644189872,-66.59316565467019,12.419203984137672,-14.382959531169053,143.39103400000002,-2910.751233,-283.361634,-89.898054,20.155945,-90.59020699999999
1470,-0.262848,-0.48547,0.876091,3.43004,1.8219,1.48667,-274.7790993888402,-172.6241622637852,109.5569788803501,-102.54970504590014,73.38787214712663,-0.05892068782007334,585.119928,-3035.1747299999997,-353.944011,-79.74339900000001,-0.13835680000000017,-87.93611200000001
1471,0.0279728,-0.501874,0.756191,3.16824,1.75929,1.61943,-233.03052964663277,-179.10087717994404,124.0711457466041,-111.74052103759367,54.93335993219891,-7.436190039884903,312.0218272,-3119.647826,-473.362951,-81.747201,-22.691183,-87.47241299999999
1472,-0.165587,-0.687058,0.998904,3.49761,1.33757,1.47852,-260.26378660699595,-156.85407191060443,77.22611641670801,-115.70710785328437,55.00137002248094,4.144249568804855,423.242797,-2879.318942,-224.517264,-106.18356,4.7521173999999995,-95.058125
1473,0.190676,-0.552881,0.801512,3.05902,1.76667,1.40474,-216.39527302280445,-181.102218758336,110.8341018056967,-89.0834779869404,33.371296523820156,-18.43629215704255,139.464644,-3128.363919,-428.873172,-81.56049200000001,-16.929968,-89.566334
1474,-0.235644,-0.69506,0.880679,3.48017,1.4446,1.7217,-273.82627057553765,-170.58787025989028,91.32603479708243,-107.60720350351991,82.92761943605483,-1.615437314637502,490.74206399999997,-2847.59464,-344.377629,-100.590309,-10.499041499999999,-95.484026
1475,0.235829,-0.654663,1.10069,2.90454,1.29116,1.61306,-229.87009444869113,-145.3748624851584,61.622756781910304,-113.16432115849376,67.27040176851483,10.497045173032786,66.719955,-3044.8926370000004,-122.89382,-112.30511,-36.187711,-99.44526400000001
1476,-0.107224,-0.58279,0.928658,3.25157,1.91512,1.46165,-255.2309253345668,-171.72748331440548,101.53385087513318,-87.89802830881473,63.9741755731272,-7.787241280961558,406.87958399999997,-2996.72301,-303.541068,-73.606741,-8.7125415,-87.032785
1477,-0.337868,-0.756891,1.0266,3.45799,1.89161,1.66823,-282.38053045684086,-164.85943822417227,68.47074834931391,-66.17490646422469,88.9310712134356,5.533420120567244,565.449048,-2754.741209,-204.25578000000002,-76.023512,-8.2137467,-83.941712
1478,0.2969,-0.551065,0.956681,2.82829,1.8866,1.4849,-213.71898716174837,-169.6465006024903,94.46928126117014,-82.07964189926122,49.86457420601506,-20.897432366027004,43.57775,-3164.168835,-276.313761,-72.61276199999999,-34.268965,-86.386702
1479,-0.353248,-0.8211,1.05191,3.19025,1.79033,1.73941,-288.0350509369869,-158.7683239041365,51.58934905669737,-59.03986304146055,114.15897589084088,6.319896367631519,563.043668,-2687.5314,-177.9826,-79.335226,-27.999481,-85.05657500000001
1480,-0.150304,-0.59538,0.956861,2.8695,1.72174,1.59634,-276.2298285261114,-167.28419561316593,92.81114140206154,-96.46890396617671,113.14484059345932,1.2102358323430327,451.835164,-2968.08612,-272.066751,-82.685676,-38.574794999999995,-87.956318
1481,0.155652,-0.858911,0.823798,2.90969,1.58513,1.46636,-244.71485796273566,-179.32375776224993,85.16673849942609,-84.99886186545277,71.97323935094862,-0.4970913075619607,71.150408,-2827.167589,-403.771518,-92.185271,-28.964178,-91.49160699999999
1482,-0.16064,-0.600902,0.963509,3.74799,1.38486,1.55214,-253.81629253838875,-159.46045692065456,88.85773261565885,-123.55720260437178,38.35528449632464,5.021889130652396,444.54335,-2961.8735979999997,-260.57079899999997,-102.894667,14.677873000000002,-95.339406
1483,0.15322,-0.847604,0.792206,2.9652,1.31873,1.43004,-243.2566803741277,-177.1413615205966,86.53095100963259,-104.95039820749828,66.364555494413,8.893909262256743,75.522222,-2837.161596,-431.38412600000004,-108.48837999999999,-22.978709,-94.973211
1484,-0.0649426,-0.801309,0.847283,2.87906,1.62468,1.42036,-262.61234060923715,-177.93777285582846,89.95953045569543,-89.04680868805202,89.00269093782696,-0.8954528196981584,299.0645126,-2805.612291,-380.027213,-89.668043,-28.057857000000002,-90.974902
1485,-0.347452,-0.45535,1.05913,3.35739,1.89389,1.53396,-293.6219623973076,-159.61802031431552,86.92056231032154,-89.06399742190594,98.02734916893255,6.704580231282354,677.0456819999999,-3034.63265,-171.66441,-75.29652899999999,-6.6530113,-86.10687399999999
1486,-0.309934,-0.571317,0.958322,3.12782,1.75877,1.74434,-293.92505707093176,-169.12453605112614,88.14153537174532,-86.00612166929275,123.91988488868957,7.1619151433557775,609.208944,-2936.3545830000003,-271.046732,-80.840427,-32.000934,-85.82838699999999
1487,0.0167825,-0.865777,1.017685,2.8009,1.90649,1.68565,-262.217572688392,-164.79698582450305,61.99288751756481,-58.093336763904425,108.33829765010684,-0.46212082853615083,203.8579875,-2768.913623,-214.252055,-67.376175,-46.189629,-80.105891
1488,-0.0363696,-0.563813,1.18692,3.41975,1.80625,1.42167,-238.2180895237472,-145.61092109675226,66.45221803706801,-78.08555310940424,35.433027853818906,-15.141383764583725,342.2927296,-3040.2312869999996,-43.70042,-80.51776699999999,2.7772384000000003,-88.997995
1489,0.156574,-0.771959,0.855077,3.78766,1.4582,1.69204,-232.16135267141934,-174.27198888258147,84.78113790330305,-104.08752376803126,22.438516947590376,8.645703945406071,89.713983,-2910.4267409999998,-371.257747,-99.09126400000001,8.745448,-94.919089
1490,-0.384557,-0.697798,1.08832,3.52301,1.88063,1.64041,-286.353419808278,-158.65029459833954,63.857865140715646,-68.76352978262575,87.55597250512163,6.042183724331609,627.913467,-2793.847502,-142.58266,-77.21312999999999,-3.0705135,-84.66372700000001
1491,-0.326377,-0.871804,0.8984,3.38804,1.48463,1.44026,-277.23708832995146,-169.7318713139648,69.71120197577214,-84.91635594295391,75.59318670058516,-0.023950266090043054,513.202957,-2650.737796,-327.11055999999996,-98.284037,0.12700250000000013,-92.66678399999999
1492,0.0526783,-0.451225,0.817247,2.96135,1.85392,1.45747,-222.64910735665737,-172.22939434294008,121.3180835410005,-107.69887675074084,48.89977057479427,-17.45567489067615,305.85981169999997,-3175.211975,-414.161997,-75.732856,-25.259342,-87.777406
1493,0.397486,-0.572624,1.19053,3.07214,1.64412,1.49392,-205.50105350618696,-143.48009105666074,48.63924666534828,-75.33993935513733,25.361060068993684,-9.232011657163442,-61.980484000000004,-3180.989776,-39.115472000000004,-88.84299800000001,-21.266065,-90.657129
1494,-0.308524,-0.587831,1.06209,3.68367,1.44646,1.61547,-276.5409446088675,-152.5448563334255,74.89647002170608,-108.92901713688673,67.93102210630066,-1.257510580019277,591.119014,-2924.0446690000003,-162.58806,-99.960593,7.203460699999999,-94.568734
1495,0.0403301,-0.693035,1.06219,3.74256,1.90772,1.41754,-236.03168257752802,-155.83993661322287,56.11565834245137,-24.728170888492176,19.29910930073006,-42.8148441989459,221.5099099,-2943.1329650000002,-169.94556999999998,-76.534008,21.701825,-87.569766
1496,-0.373393,-0.625775,1.19925,3.03103,1.71717,1.69787,-298.41532731137204,-142.98906622623363,41.5027135523168,-67.35863726896497,131.51444046314865,6.476886803497365,650.8197329999999,-2863.995325,-28.997968999999998,-83.234064,-35.020243,-87.358493
1497,-0.0775239,-0.550038,0.832068,3.05518,1.65737,1.4602,-254.40758498296378,-173.14268906837862,112.42749743395552,-114.1182958873866,73.0715994442144,-1.981591723193806,393.6321739,-3038.0262620000003,-396.08423799999997,-88.027782,-20.324355,-90.536366
1498,-0.0249606,-0.698193,1.12156,2.95294,1.43873,1.67053,-260.5548491669224,-146.8525206388008,60.932342638777655,-101.58083341433391,97.0561857061858,0.45050410923987344,297.9172706,-2914.339007,-103.56115,-102.46632199999999,-37.700378,-96.068752
1499,-0.228689,-0.727957,0.887088,2.97332,1.62095,1.41157,-277.04973113094366,-173.9608727998254,89.13332531511678,-92.31897065604416,97.51684377347098,-0.15287717185460137,476.462199,-2818.6786429999997,-340.167388,-90.10932700000001,-22.191303,-91.0659
1500,0.1799,-0.802496,1.15937,3.62208,1.24673,1.65176,-233.5370243375284,-133.19148792949656,24.927216426520623,-102.73419745593226,33.23928704782201,17.78397970728611,57.755193,-2889.549804,-64.345549,-110.20861,2.7600369,-99.587435
1501,-0.25491,-0.647693,0.787782,3.82348,1.68096,1.55208,-265.4484816951348,-183.03480540131227,104.50349112729624,-94.58616465137683,45.29804328304288,-0.9153459143451005,517.55529,-2885.109107,-440.06357199999997,-88.65807600000001,18.516255,-89.52912500000001
1502,0.21617,-0.464032,1.11524,2.90184,1.25285,1.52274,-207.3339454928105,-137.16724206990932,69.40466955537714,-139.12331998248598,42.19702380845633,24.993106572960667,148.54734,-3219.192368,-107.2644,-113.60726,-31.217872999999997,-98.046887
1503,-0.281415,-0.859361,0.888626,3.72663,1.46057,1.59279,-270.8193880666911,-170.831950280616,73.18905579221622,-88.53401146140993,58.50701229198888,-0.31401467624160384,471.443445,-2677.555139,-336.841486,-99.178215,10.830948999999999,-94.075696
1504,-0.192178,-0.506945,1.08227,3.05268,1.26922,1.66257,-280.76536243236706,-143.94533278630698,71.88958751285952,-126.3331831217806,110.30182401402017,-5.058208925285738,519.5875580000001,-3037.732255,-139.33398,-113.0636,-30.308141,-100.34199600000001
1505,-0.0236809,-0.513123,0.796971,3.6383,1.68651,1.56942,-229.52975751838343,-176.613094433486,115.3341123286542,-102.68721491673153,21.554786844380594,-11.828713680475845,349.1771809,-3092.6567769999997,-431.352651,-87.76507600000001,6.933954999999999,-89.432098
1506,-0.103482,-0.437234,0.86108,2.8922,1.34317,1.5185,-264.95974869588815,-158.61477121504143,108.0959365027665,-142.19208193320668,96.39728424178536,1.7752352436994887,460.25339199999996,-3133.294566,-361.73991,-107.901,-32.127089999999995,-96.274249
1507,0.286472,-0.750549,0.791547,3.64705,1.43298,1.65044,-223.00147640066285,-179.2355222617998,88.73110894293494,-110.54991473931182,19.5480594627144,16.042932855222077,-23.432495,-2975.665951,-434.370747,-100.652004,3.178527,-95.250794
1508,0.247795,-0.880877,0.967303,3.11516,1.85665,1.48197,-236.44077444325143,-168.25535907591268,62.231810918134364,-53.761546649597356,54.61387866563397,-12.518554865813357,-27.317843,-2838.418323,-265.869293,-76.299985,-17.833358,-87.41338900000001
1509,-0.028608,-0.78647,1.10333,3.30809,1.4557,1.53316,-252.6955870911129,-149.31623915786332,56.65784830398366,-94.78211621731157,61.099073357160734,2.451990072996212,263.239598,-2833.49733,-122.14721,-100.024193,-9.7184619,-93.775503
1510,0.0519904,-0.497229,0.802971,3.54539,1.64982,1.68658,-219.8742727548388,-173.90013927354155,116.47945496112071,-112.14159149418525,23.6027098915167,-7.835255144193521,285.9235596,-3133.9293709999997,-425.27365100000003,-89.446699,-5.1593167,-89.90461300000001
1511,-0.228015,-0.40808,1.09861,3.31313,1.27689,1.72131,-283.9309542504649,-139.55189241324382,73.99921811453122,-131.40156777750786,101.72349990532149,-6.559851092232308,584.099765,-3119.97682,-122.96395,-110.88324,-18.843788,-100.382507
1512,0.174877,-0.618569,1.005466,3.01579,1.82977,1.56395,-229.15733495154842,-164.78552666860043,88.43775455182796,-86.10524336785038,57.414381776674404,-11.599702449762056,134.772873,-3059.425831,-225.831726,-76.71555,-28.035025,-86.305373
1513,-0.0330144,-0.732403,1.07372,3.02856,1.79945,1.41113,-254.81839572207258,-159.20090703946028,72.54104052592328,-79.70186704946829,72.74157575421906,-5.6616136976498135,288.53629440000003,-2881.852497,-157.13077,-79.591272,-18.966001,-89.115738
1514,0.0940682,-0.703747,1.14407,3.61304,1.29953,1.5573,-233.6791178707209,-140.10078598097917,48.836917104668416,-118.93629798664166,28.322621616245392,19.863759207831485,171.39040179999998,-2953.314953,-79.491849,-107.65583,7.112964900000001,-96.925307
1515,0.0921801,-0.736791,0.942582,3.18256,1.79668,1.57924,-242.28437099579068,-171.6925328889025,86.83232680987139,-80.33727724426838,61.13173195148319,-6.764855391330117,168.6025699,-2920.436109,-288.941002,-79.833187,-19.601751999999998,-87.17107
1516,-0.15709,-0.564554,0.950644,3.35144,1.68342,1.4711,-259.23819215371174,-164.7723486393124,98.0617266366404,-106.11006478484306,61.570044664758264,-2.124888467756025,459.57844,-2998.3076459999997,-277.366804,-87.118988,-3.9368955,-90.10436600000001
1517,-0.346873,-0.710043,1.10863,3.45995,1.6358,1.62253,-283.6083790118062,-152.5465752068109,59.02496613878715,-82.94939183226981,88.24638664825426,1.0148171171577627,589.220573,-2796.123857,-118.70166,-90.02933700000001,-6.3452611,-90.32065899999999
1518,0.294215,-0.452585,0.821719,3.54222,1.69531,1.50617,-195.19296981398833,-160.44193362371365,78.1331086064001,52.68163579733478,13.360172571081023,-148.28548808442298,70.144344,-3258.993715,-408.04450899999995,-86.959135,4.8734889,-89.760689
1519,-0.258219,-0.753208,1.04065,3.44429,1.68671,1.55853,-273.2000277054596,-160.53360687093456,69.58973492320439,-82.4996199630921,75.08898384087004,0.25302904852787905,489.832119,-2786.1450919999997,-187.47451,-87.199664,-3.6213708999999996,-89.51890200000001
1520,-0.282743,-0.415163,0.78787,3.42908,1.57317,1.67449,-288.534670134341,-173.23035161103363,117.61849505784079,-124.24876266309468,97.94885395099962,0.010299661212610218,631.622493,-3095.245337,-438.32804,-93.406426,-11.1181065,-91.8523
1521,0.257812,-0.615097,0.808486,3.42035,1.36635,1.66508,-216.40329443193627,-173.5552186808728,100.73801249769647,-132.02265402742967,27.68726871722482,18.96066313114628,52.788897,-3093.195803,-416.267466,-104.93522,-10.311839,-97.076464
1522,-0.201799,-0.737563,1.13097,3.0346,1.32649,1.43088,-273.3312350405446,-142.96958566119918,49.31608170873633,-100.2756355570259,91.53631030789545,1.0868092641159508,446.253419,-2818.9757369999998,-91.71094400000001,-107.83406,-19.067439,-94.682167
1523,0.0483259,-0.444526,1.20298,3.00374,1.59407,1.61687,-225.71786930737807,-134.52533367656113,69.43847406528985,-113.32933300349144,56.22635378847064,-1.1087191702017536,313.1943141,-3180.037074,-24.448775,-91.709077,-32.173902,-91.38766100000001
1524,0.133238,-0.560045,1.02083,3.63268,1.42263,1.43294,-217.47472550883094,-144.43979536350489,71.69306298912964,-188.6858881346876,7.560922951884883,77.30289276125553,181.58745199999998,-3102.2049549999997,-204.29353999999998,-101.386134,14.708926,-93.54459200000001
1525,0.0794775,-0.844982,1.05744,3.60549,1.7171,1.70415,-243.41940038794488,-158.152967232166,57.52668150452004,-68.69821259398083,44.67403494836591,-3.9069648275293756,139.42137250000002,-2815.639118,-172.54071000000002,-86.265394,-2.61531481,-88.050107
1526,0.0371273,-0.421341,0.823446,3.17826,1.35332,1.52086,-211.5022134523872,-154.12335505901092,114.00427728615554,-166.26032003326716,29.039105339056484,22.916650227627052,328.1845527,-3199.7543589999996,-399.526936,-106.14143999999999,-16.000066,-95.622762
1527,-0.0259762,-0.784709,0.907382,3.27585,1.55412,1.43413,-251.19329175227986,-170.9081536673684,84.73873902646336,-94.98608919237815,55.630019315298476,0.4758666589991345,260.5860762,-2835.668291,-319.968882,-94.385113,-6.1057468,-91.870138
1528,-0.292868,-0.881739,0.729717,2.89711,1.38804,1.58922,-284.27358301195306,-183.27372880188182,81.1686390050032,-89.53038506714243,119.01135545780382,-3.1911113582929254,488.169068,-2649.982161,-494.089497,-105.50102,-36.081429,-96.46014
1529,0.185492,-0.447616,0.836342,3.1418,1.71535,1.57794,-201.45367964138285,-171.93603995183307,113.71493359961448,-100.37590317117379,23.257560115729888,-19.840669008687712,181.535178,-3225.4130840000003,-393.430842,-84.450723,-21.957793000000002,-88.866868
1530,-0.0491209,-0.746799,1.03525,2.91135,1.27948,1.51497,-261.6887326434863,-152.56834760302587,66.23965069507447,-109.93570398293157,92.10067373609932,3.2439495261598896,302.7601609,-2860.799001,-187.55716999999999,-111.88061,-30.412725,-97.28835500000001
1531,0.396392,-0.585434,0.868688,3.00446,1.9181,1.56586,-209.52264427021024,-179.75290315080292,93.30273919028379,-63.10557155570886,41.711785851760034,-26.547483775371077,-62.037608,-3166.737566,-364.902628,-71.099626,-28.366853,-84.447171
1532,0.0474616,-0.667496,1.07822,3.7707,1.86859,1.46348,-233.76162379321968,-154.0952801270495,56.620147681064054,-28.736812806345466,17.093508268373952,-42.34839925792989,224.1327484,-2969.914704,-153.37797999999998,-78.986607,20.739272999999997,-87.26671300000001
1533,-0.365939,-0.869767,0.83454,2.85746,1.33367,1.55938,-289.8284088357464,-171.7372235969227,66.9483994876513,-91.15701224751884,124.78161341256633,-5.437392394103317,560.9967790000001,-2635.700933,-388.66122,-109.09197,-36.324023,-97.335426
1534,0.091826,-0.453899,0.906034,3.67999,1.37932,1.42388,-207.90403849896566,-142.28833884278865,75.13768525345616,-254.04776748762166,15.09686494390206,136.44760707922504,256.26901399999997,-3187.592801,-318.117104,-103.533305,17.953297,-94.024332
1535,-0.302636,-0.632497,0.999933,3.67023,1.54922,1.56606,-274.4479297832546,-161.06531170481597,81.91463005426354,-102.0489399329558,63.83895753347633,-0.14738537138827246,569.621076,-2884.125403,-225.872553,-94.80808900000001,8.954974,-92.147301
1536,-0.375438,-0.644163,0.993442,3.06457,1.62224,1.64313,-296.492480950913,-164.06359984673557,74.2461629242326,-86.59741411386774,124.9500630043348,1.7855141065441358,645.4327380000001,-2847.135537,-233.008962,-89.827099,-30.184734000000002,-90.500952
1537,0.181666,-0.805767,1.019713,2.89636,1.24682,1.6843,-244.9520624899198,-153.49367444216216,60.24307441123528,-104.7836674891152,86.38370085628395,5.774784321344055,66.719646,-2883.101733,-203.361733,-116.60158,-40.054926,-102.60862999999999
1538,-0.257381,-0.698074,0.964748,3.38294,1.50256,1.48957,-273.29628461504166,-164.02635759005207,81.88598216450698,-101.7962655453031,74.78073254708966,0.05282877135912437,507.997891,-2838.432526,-260.245948,-97.25394200000001,-3.0503891,-92.702787
1539,-0.374362,-0.529633,0.740299,2.92806,1.48463,1.40195,-300.39718832472954,-183.6524539044633,108.2575106009934,-110.35224429999168,122.81808704865301,-2.1228143605376517,682.880542,-2954.668167,-484.653869,-98.399367,-24.042218,-92.621783
1540,-0.220571,-0.650858,0.995642,3.61369,1.4566,1.40338,-262.4817062319473,-159.5486924211047,81.29182493095632,-109.85892763838405,45.932422153811736,2.6268281441803825,484.569251,-2894.332342,-229.308082,-99.78038600000001,15.273197000000001,-92.812362
1541,-0.183544,-0.716433,0.986027,3.64856,1.6594,1.43317,-259.39862033634836,-165.0811728908879,79.3729892750632,-87.72957871704625,42.5069939756221,-2.4197325491303467,427.64665399999996,-2845.801767,-241.603747,-89.032539,15.327003,-90.45735900000001
1542,0.0197423,-0.723,0.867101,2.92249,1.53809,1.5115,-253.1138462815584,-173.4675561382178,94.89842664972312,-103.27793440351141,82.2280379682001,0.6109448969479968,245.75464770000002,-2907.8664,-359.65293099999997,-95.224689,-30.743745,-92.417553
1543,0.359412,-0.584289,1.08699,3.252,1.35802,1.44382,-207.2119054824476,-145.55591714841972,59.76236282112052,-136.97300937735997,18.006115444458327,39.91848524878007,-33.623712,-3157.732711,-137.74462,-105.50112999999999,-7.4643741,-94.455361
1544,0.164851,-0.786365,1.15849,3.57443,1.47075,1.48477,-232.4065786077353,-141.31316467547597,36.89309620315078,-88.95456248303597,23.088365678827756,9.869656387364534,76.933342,-2900.289435,-67.638642,-98.918647,8.3292211,-93.177195
1545,0.210352,-0.609508,1.09592,3.12158,1.47664,1.42708,-219.945319521435,-149.4961479055344,69.88251635651625,-110.25885217938536,33.19390879044766,8.352922512094219,99.777899,-3082.365392,-130.4289,-98.82395899999999,-14.410212,-92.908294
1546,-0.132315,-0.582146,0.947707,3.70009,1.5381,1.425,-247.78705766022713,-163.54793783111782,93.72901978986111,-113.63471950829617,27.421874666520228,2.024809929680524,423.776715,-2989.635754,-278.23513699999995,-95.41024,18.761724,-91.972027
1547,0.377918,-0.411079,0.938165,3.07171,1.2929,1.70675,-189.34135185231725,-154.60292073353543,91.04356660408294,-154.58630495747664,26.304492374456096,36.226459808516076,15.109662,-3324.814921,-285.39956500000005,-111.78295,-31.838658,-100.630544
1548,0.0773866,-0.874395,0.980451,3.13886,1.5638,1.64624,-250.73320664278984,-163.8183739104196,67.00340343598386,-83.60943921226051,75.16518722762244,0.06377192147144602,138.5083134,-2786.242705,-246.643371,-93.75307199999999,-26.122503000000002,-92.064864
1549,-0.0264245,-0.801982,1.1917,3.15271,1.87986,1.50102,-255.43776309860903,-147.10977868881454,45.84481690693623,-60.054571296637235,71.67129059291467,-5.896824331706919,257.37890450000003,-2817.868718,-40.812087999999996,-75.037391,-16.596912,-86.764797
1550,0.0780124,-0.547181,1.16054,3.15838,1.2356,1.48221,-228.47322334416222,-133.7111606496802,58.142038176490544,-131.76768780859646,45.72415199528168,19.448250214802613,246.1681276,-3094.3877190000003,-61.363524,-113.02516999999999,-14.254386,-96.788072
1551,-0.0498867,-0.722766,1.16096,3.72773,1.37611,1.51323,-246.1249070965526,-140.99803788815402,47.73798405360749,-105.52163712924371,30.038171846426103,10.12404964840262,297.9606067,-2885.514534,-63.514864,-103.520716,15.742474999999999,-95.10882699999999
1552,0.380308,-0.803237,0.876464,3.22367,1.54296,1.54108,-223.21117895368073,-172.99314708384944,73.54371666740221,-83.21008762905433,36.77701495385728,1.9514484135919734,-125.129058,-2957.881363,-351.929174,-95.032012,-15.192664,-92.292851
1553,-0.159046,-0.871571,0.953042,3.65342,1.49231,1.72999,-263.6820528127464,-165.23759036895862,68.33782214084354,-87.49122827427183,63.42184425862108,-0.2968843840827825,356.051586,-2708.9712289999998,-272.36256199999997,-97.630758,-1.23726528,-94.06742200000001
1554,0.030575,-0.472727,0.796045,3.29687,1.36031,1.42935,-219.32022256694728,-161.9316238910538,114.78292692973835,-162.16367179808177,24.947098062011662,25.0335573932969,314.275295,-3149.4648730000004,-427.060705,-105.23436,-4.100322,-94.127541
1555,0.225365,-0.501992,1.12021,3.48659,1.32322,1.6826,-205.5457442142072,-137.37522574954184,63.39949890461099,-155.79925660976858,17.5776576052595,43.463203239915934,120.425785,-3189.056508,-103.5117,-106.92746000000001,-7.1838204,-98.31137
1556,0.3272,-0.60849,0.807377,3.62078,1.55409,1.53445,-209.82860373281008,-171.17228721092368,94.3311984325436,-177.21756490734901,0.8881533373881917,73.56892681038796,-15.704668,-3123.91491,-420.760767,-94.483238,7.896626099999999,-92.095048
1557,-0.17478,-0.481908,1.02965,3.43494,1.24144,1.41677,-255.53860367055205,-144.84258469348185,82.70473885374894,-141.21461593471346,51.36801546043834,9.378058599142287,501.4369,-3069.1807919999997,-191.5395,-111.64223,4.9893914,-95.322011
1558,-0.0830547,-0.545662,1.04087,3.35664,1.54326,1.58582,-249.19424200506842,-152.55459661594273,86.93316738181441,-116.20901888181898,57.692266307312856,0.5945067378056934,397.0568147,-3041.202338,-185.32787000000002,-95.053918,-10.1346034,-92.406099
1559,0.265519,-0.520032,0.799254,3.21332,1.26242,1.42334,-206.05682256746385,-165.1699813491332,102.47006391237696,-171.49600836517263,21.915177297517882,50.77082155057348,77.813854,-3185.3262680000003,-423.168004,-111.00572,-8.1333129,-95.24320499999999
1560,0.149935,-0.790621,0.894874,3.36061,1.50499,1.42469,-235.0255686892783,-171.2376043995686,80.90278658806251,-96.22253211427045,34.20523659463307,4.566622596219395,91.109493,-2890.906079,-332.341634,-97.18118899999999,-0.6599348300000001,-92.425679
1561,-0.170473,-0.597159,1.10331,2.99847,1.46138,1.65939,-277.2393801611319,-148.38919344534165,69.26486785336523,-107.49719560685479,110.38432993651901,-1.46665163439793,469.015213,-2959.959041,-121.77771,-100.70963,-34.569407999999996,-95.164776
1562,0.159818,-0.587602,1.014986,3.12667,1.38806,1.61206,-226.00091045817268,-153.56013754639733,83.10237156356973,-123.26556708665018,50.010277373316825,9.015949272619608,157.992582,-3084.029098,-209.600206,-104.68715,-24.173779,-96.302471
1563,-0.0977296,-0.582781,0.883437,2.81304,1.34259,1.67113,-272.35262312646114,-165.43526080827877,96.78746850026944,-125.22164499922681,116.64446680611837,-2.0871878448364165,408.0209096,-2996.7215189999997,-339.589737,-110.37241,-45.073501,-99.934565
1564,0.0501005,-0.897489,0.993682,3.5477,1.50577,1.60767,-247.04335844214734,-160.68715956002964,59.110336850261646,-83.20435805110303,45.892544291270625,1.7992249865816161,149.39676949999998,-2756.305111,-232.80013200000002,-97.084789,-0.3252948,-93.17401699999999
1565,0.238961,-0.852865,1.1322,2.94798,1.66627,1.4766,-237.7115948328516,-148.27975850647167,41.931801645090275,-67.66230490038431,63.52956032410568,-3.7766742249166265,-7.4545052,-2861.674535,-97.830745,-87.268075,-27.43224,-90.283884
1566,0.200237,-0.489955,1.12194,3.14886,1.31889,1.41097,-206.29230822126266,-137.05608825765395,65.86608221264918,-150.7492066034855,21.906926705268003,39.62828212554631,149.206883,-3191.584645,-101.50371,-107.89862,-11.378121,-94.507215
1567,0.366774,-0.641495,1.05829,3.09134,1.59635,1.69287,-215.92430171520692,-157.04085615181708,70.05612256844088,-90.98054124661854,45.766092505885254,-1.540689240684735,-53.746604,-3104.254305,-170.61574,-91.63155,-31.526614000000002,-91.255642
1568,-0.341784,-0.850389,1.14736,3.44193,1.79445,1.48757,-278.58124731732835,-147.00951107466662,35.16763380311431,-55.58527131149876,76.46293663359376,0.8214667796129153,534.411854,-2665.6635109999997,-82.614264,-81.305677,0.47568070000000007,-88.25134200000001
1569,-0.219379,-0.590471,0.897925,2.84507,1.75755,1.74275,-288.2825687044835,-174.58998045887907,93.65109752972332,-84.65852493514505,134.43709817611096,6.995299016531734,520.868859,-2947.354629,-331.15313499999996,-78.224821,-47.993348000000005,-84.437562
1570,-0.175748,-0.401301,1.17813,2.91414,1.91561,1.40903,-276.8755519612239,-144.99441850919152,78.60350695620251,-94.02695784332914,100.74259616005752,-0.8673435102690402,538.364068,-3143.265999,-53.413144,-72.076269,-25.131797000000002,-87.718234
1571,-0.286993,-0.878531,0.976424,3.64897,1.45091,1.41352,-269.91984432833567,-161.1953731243107,58.40846355122638,-84.85333058548952,51.877203052971105,1.326105087252339,468.698143,-2657.605069,-248.344414,-100.01409100000001,16.666065,-92.89154900000001
1572,0.134035,-0.699475,0.794333,3.33945,1.23652,1.73452,-236.27576259825372,-173.16904512695461,98.34591370302529,-128.047472844812,55.83267448743625,9.359494766580049,142.461975,-2969.957725,-428.209303,-113.1194,-17.678124,-101.78682
1573,0.22708,-0.77652,1.01404,2.93882,1.42917,1.52039,-235.7262960727233,-158.13921624508288,67.7419460339075,-98.4037824403335,64.78032719087626,5.362701615930063,31.260998,-2928.98388,-211.87428,-102.23379000000001,-30.018,-94.558147
1574,-0.29416,-0.611275,0.896492,2.84338,1.70595,1.51735,-291.7134399817268,-174.2078176095268,91.79987089365562,-88.48760188000433,125.48864333175777,2.9820390588496877,581.59857,-2904.433925,-331.641292,-84.081693,-35.620073,-89.07406499999999
1575,-0.331892,-0.405592,0.765546,3.77878,1.28312,1.45755,-276.5220370016282,-168.83633828017534,116.23480198259985,-143.8731401041205,53.48916251379216,-0.058237722128277394,672.181852,-3085.808008,-456.76404599999995,-108.17609,22.231393,-95.786602
1576,0.350111,-0.785405,0.829252,3.26428,1.25456,1.58713,-224.50663652847152,-171.55788780704674,79.25037630690521,-115.48823797554438,41.44232380071001,19.20474315187201,-90.755943,-2963.278495,-394.574732,-111.8766,-14.019966,-98.479919
1577,-5.57e-05,-0.542713,1.19392,3.47174,1.38708,1.73451,-236.4063969755436,-134.55570043970306,59.57099491754682,-118.60512838105608,47.33433528693783,5.803546802659622,319.5002857,-3072.686787,-30.345636,-103.71067,-11.429155999999999,-97.22985
1578,0.094095,-0.889652,0.827989,3.00793,1.33371,1.57537,-250.97384891674477,-173.95285139069358,79.58211887028595,-99.33827660419188,79.36496786593138,4.360907829455624,118.34749500000001,-2776.4053480000002,-395.909879,-108.4251,-28.650468,-97.12839500000001
1579,0.0490285,-0.753651,0.765282,3.74995,1.45997,1.66998,-239.8028907850791,-182.5317484571874,98.2811694721755,-105.9507825177967,30.824040758227543,5.092529097214075,196.7821515,-2891.159449,-460.664462,-99.10888299999999,7.718321400000001,-94.66856999999999
1580,-0.191071,-0.686805,1.10648,3.16141,1.47878,1.69677,-275.5462898765204,-149.4571867754655,62.667831800228925,-98.60145287965364,101.51780805686951,-1.234890206267512,455.78128100000004,-2869.6767950000003,-118.73328000000001,-99.243953,-27.489005,-94.65929200000001
1581,-0.165516,-0.771876,1.14585,3.04484,1.85343,1.42717,-269.3216763902191,-152.44458871927762,55.77738406020613,-67.20451162207479,86.94118879094624,-2.5232545635545836,400.171786,-2798.9073240000002,-85.479518,-76.35177999999999,-18.768304,-88.226692
1582,0.251008,-0.667561,0.884987,3.40695,1.7922,1.63997,-221.4132373925602,-176.4715738580887,89.71143973040378,-69.65161436507852,31.970815785181887,-16.983901442165426,41.354774,-3041.2831389999997,-346.19646700000004,-81.16443199999999,-10.1710215,-86.75423400000001
1583,-0.0418997,-0.727525,0.721998,3.35562,1.28545,1.66166,-253.9263004350539,-181.52792640011822,105.27182753056667,-121.0762953514553,67.28472571339309,3.250813560545557,298.09697969999996,-2883.5575750000003,-500.366318,-109.81456,-13.236571999999999,-98.952636
1584,0.0920494,-0.482366,0.941934,3.55101,1.40408,1.45631,-211.58300050150066,-146.25377974288907,87.48320686514,-203.37996374861268,8.843775455182795,78.17321565205926,248.1647506,-3161.6353339999996,-282.317044,-102.389142,8.749088,-93.976174
1585,0.395142,-0.799877,0.950738,3.37504,1.3822,1.62846,-221.81717263812743,-162.08861432691964,61.674322983472074,-99.14862757400357,32.992456829679654,14.011912063042335,-139.259512,-2966.405423,-274.806768,-104.18887,-10.9499296,-96.27173
1586,-0.032129,-0.878192,0.785036,3.61962,1.66179,1.7269,-253.5825257579754,-183.90226350314035,86.891914420565,-77.35274008943192,55.122321413033056,-0.868025330045246,233.938569,-2745.5779079999998,-444.061246,-89.187711,-3.2215971000000003,-89.435936
1587,-0.00961778,-0.861016,0.866077,3.30772,1.65156,1.5301,-252.99925472253224,-176.53803696232387,82.06359908099755,-80.31264005907776,61.168974208166695,-1.7930255832383009,220.63868778000003,-2769.887784,-362.390647,-88.85685600000001,-9.8702535,-90.342003
1588,-0.198171,-0.754743,1.1039,3.07406,1.79213,1.53349,-274.08066383657575,-156.0324504323868,62.238686411675936,-73.48871271906965,95.71890221235046,0.3812598678671329,437.846161,-2803.232257,-126.61749999999999,-79.71275,-23.183594,-87.609251
1589,-0.247798,-0.68395,0.834191,3.45658,1.33091,1.56716,-272.36350932456867,-172.29184674260932,95.22157484617689,-116.50924876646751,74.00437473468739,-0.5821136606970138,503.807048,-2854.02635,-388.887991,-106.64106,-2.5773798,-96.40562
1590,0.244919,-0.824839,1.06491,3.07278,1.71501,1.71729,-237.8634286485613,-157.97706918906084,58.763124426412354,-72.03855653959353,70.39875132992913,-3.566851350761768,-1.6191984000000001,-2889.122561,-165.82046,-83.63615899999999,-33.8698,-87.451142
1591,0.346254,-0.816792,1.20165,2.85838,1.8893,1.60348,-232.27193352587958,-141.3595742568816,27.126973289366394,-47.33697089279543,72.03511879282274,-11.160874074471359,-92.551454,-2929.3870079999997,-31.779987000000002,-71.17959499999999,-38.830601,-83.617816
1592,-0.391926,-0.677897,1.0558,3.10904,1.87531,1.49655,-292.9630609329071,-162.04965319685073,66.83781863319105,-66.23392111712316,109.62516085797067,5.8111098455553485,646.286716,-2809.789503,-174.93285,-74.996304,-18.821158999999998,-86.795238
1593,0.148538,-0.805766,1.008903,3.2674,1.541,1.53409,-238.3974253136232,-160.88998661950595,67.94018943102276,-89.29146166657289,49.06541267336659,1.2040536177335712,90.671989,-2876.723834,-218.090293,-95.096026,-12.320521000000001,-92.23689800000001
1594,0.27727,-0.576217,1.13347,2.87104,1.41838,1.73951,-222.27382000084668,-144.10977167350953,64.70526971971414,-109.68990508882045,67.81471167388911,5.752152488436386,56.234513,-3132.1504830000003,-92.088091,-105.14505,-46.112237,-98.313722
1595,0.0516425,-0.856082,0.786829,3.05891,1.46989,1.68956,-254.6052554222839,-180.70172125953957,89.12473094818982,-94.20801250659048,86.14706928689492,0.8152845650034536,171.0896675,-2793.2905180000002,-438.777249,-100.052059,-32.889158,-95.050056
1596,0.184805,-0.71937,0.923544,3.21414,1.68495,1.51609,-231.05898187358764,-171.6409666873407,86.55215044805242,-85.5277019103585,44.08228413755479,-6.343158454113831,87.051449,-2969.1152300000003,-306.411544,-86.692521,-14.308521,-89.85458200000001
1597,0.151926,-0.725411,0.985867,3.07287,1.78209,1.74151,-241.34357429618592,-167.39076576306027,82.69442561343658,-82.82448703293127,75.4413528848755,-4.070836486514742,120.422404,-2950.376489,-245.19307700000002,-78.86147199999999,-34.93553,-84.924124
1598,0.130043,-0.57538,1.03831,3.30512,1.72732,1.71681,-226.19915385528796,-158.5488810686014,86.89019554717962,-95.93433434331965,45.71108855755269,-7.298336394376426,189.077717,-3085.6849199999997,-191.60127,-84.14021,-20.432437,-87.552995
1599,-0.042619,-0.541395,1.04494,3.2673,1.81834,1.39663,-239.9701944612573,-158.06072102714995,89.80139410423931,-91.40051931044944,44.369622471812896,-13.060916714684193,358.369379,-3059.071505,-185.8217,-79.27608400000001,-4.4746392,-89.148263
1600,-0.0669926,-0.607211,0.901151,3.65473,1.91162,1.40527,-242.1714983101499,-174.13447901175005,94.31171786750916,-60.81030262841479,27.31667961533421,-26.242269157904886,353.64355259999996,-2987.649389,-330.467211,-75.717342,17.349913,-87.818526
1601,-0.266709,-0.560949,0.907494,3.52384,1.88203,1.45827,-271.17003823731113,-173.573553330317,101.37743339706248,-89.21812306879615,63.03509774690779,-1.8574489577228106,560.636979,-2962.699651,-323.240954,-76.854232,6.9195180999999994,-87.443189
1602,0.149919,-0.595816,1.13344,3.13183,1.29005,1.58863,-227.70488694089178,-140.03546879233426,61.635361853403175,-122.43707011489101,51.157797245404836,13.520944528394732,164.166341,-3072.985184,-89.43906399999999,-110.52457,-21.947745,-98.044277
1603,-0.206147,-0.614653,1.13992,3.05271,1.34543,1.52995,-276.90190801979986,-142.05170727339961,58.783750907037074,-109.7781405892706,99.49240225108205,-1.0757970152935363,493.913367,-2933.0419469999997,-82.923281,-107.18286,-23.624858,-95.999242
1604,0.0880415,-0.588045,0.770101,3.06472,1.27569,1.72954,-239.951286854018,-171.78248726273802,110.18952428617453,-135.9319450636073,74.31835560641908,6.155342888869947,227.6539985,-3057.209955,-452.501861,-113.35288999999999,-33.36423,-101.77479
1605,-0.191225,-0.653226,0.990177,3.44521,1.44297,1.58076,-266.09477808804235,-159.2794022573932,82.95798619919675,-111.16068774892128,69.26143010659443,0.40936975025404626,461.464585,-2902.7344740000003,-234.51269699999997,-100.58567000000001,-4.4536252,-94.374635
1606,0.119263,-0.658245,0.823325,2.81773,1.34869,1.44948,-240.14437363097704,-172.03401573480045,101.26341479583144,-121.88130105361411,72.53359207458656,7.90309334713701,173.88104700000002,-3002.435055,-400.920065,-107.24145,-32.646808,-95.22452
1607,0.0637373,-0.682206,0.934694,3.23185,1.69928,1.608,-241.61630220666814,-169.76338399269702,92.3458996724153,-94.0040395315239,58.77343766672472,-3.842489886843304,214.1007527,-2962.732394,-294.94593399999997,-85.73577999999999,-18.645364999999998,-88.997386
1608,0.242012,-0.752953,0.835242,3.73785,1.60851,1.5037,-224.80973120209572,-177.585403811823,77.82428435482458,-65.35271202821195,6.974844423245563,-13.6149669025757,14.241005,-2957.3148469999996,-393.085922,-91.92716399999999,16.344255,-91.06650599999999
1609,0.285995,-0.492505,1.12066,3.20915,1.52769,1.43753,-200.31693137584327,-146.86340683690827,70.53568824296538,-119.46227324257178,9.089345166175868,15.370967953092649,67.752939,-3218.8039949999998,-106.55963,-95.791474,-9.990404,-92.28933599999999
1610,0.341117,-0.856331,1.02086,2.93185,1.29951,1.66979,-234.2950475004865,-152.95051045237813,49.55219761610973,-92.51434926418376,73.00284450879872,8.014877412967035,-101.338557,-2891.135269,-203.58076,-112.30536,-37.849556,-100.4089
1611,-0.171591,-0.743445,1.04642,2.84106,1.46028,1.69161,-278.877466497411,-155.5167884167691,63.32043072888293,-95.02103961788112,122.85876705210728,-2.098824617655524,422.542731,-2819.8805549999997,-178.86772000000002,-101.607645,-45.409081,-96.065681
1612,0.324029,-0.439317,0.86085,3.14274,1.45971,1.73337,-194.0344491522338,-166.0655143829227,105.75884165642788,-135.48446502561012,24.05110666198608,14.415102463475895,56.363034999999996,-3280.3098830000004,-364.89008,-100.591666,-30.529221,-95.696508
1613,0.352799,-0.828299,0.849919,2.9721,1.25393,1.68035,-231.7992433448966,-170.11747191008786,75.07122214922099,-104.12075532014886,69.33763349334683,10.093854772599226,-102.293639,-2921.241101,-373.939879,-115.12934,-35.629611,-101.75
1614,-0.0165953,-0.448194,1.03442,3.08635,1.43219,1.41969,-228.41478164905885,-144.4609948019247,89.9870324298617,-137.09333051433745,43.49465862286862,8.83288925707531,369.9176153,-3155.832106,-189.747,-101.36635199999999,-15.754632,-93.34105000000001
1615,-0.0809637,-0.786071,0.797222,2.79307,1.47369,1.48906,-267.08198436905275,-179.81249076149652,93.57489414297092,-99.12341743101781,102.34401319744818,0.7049042457715006,321.3796337,-2813.365329,-427.775542,-99.393075,-36.724838999999996,-93.584345
1616,0.227286,-0.576792,1.009479,3.2501,1.70537,1.71763,-217.73714017900085,-161.86000416666243,87.34054037415244,-93.62073076658139,40.43741312383006,-8.27820881560916,97.97487699999999,-3118.007308,-220.255419,-85.158873,-23.726865,-88.077341
1617,-0.173549,-0.601103,1.14101,3.38395,1.87254,1.46011,-261.7723844815754,-152.4239622386529,72.78913125121491,-81.33651563897654,62.2174869732561,-4.895706635430734,461.333579,-2957.507497,-90.286457,-76.722072,-1.15562651,-87.648002
1618,0.0244054,-0.463392,0.883153,3.62017,1.25294,1.52626,-216.8215536223818,-148.1651669474455,96.01913209699902,-199.2334681852509,17.010945050095604,61.911527510656235,318.8085646,-3155.527208,-338.750393,-109.92847,9.539791,-97.25238499999999
1619,0.0833612,-0.638023,0.858018,3.03657,1.7834,1.59785,-241.12012075608484,-177.26168265757408,104.5229716923307,-94.29796688042602,69.26601376895547,-5.996232509162117,214.2272688,-3010.063377,-372.302878,-79.564893,-28.970392,-86.87988499999999
1620,-0.159876,-0.798336,1.12268,3.26858,1.36405,1.4543,-265.02391996894283,-144.4776105779835,47.20605003660804,-95.15224695296607,71.28855478576729,2.4602292060901934,382.857886,-2776.787964,-100.97838,-105.24259,-7.1104807,-94.369904
1621,0.176357,-0.406021,1.12634,3.10606,1.51837,1.57269,-192.46855549814128,-139.5398602995461,78.81951204496683,-131.06466859397096,14.865733769346289,11.450848014587068,204.33406300000001,-3262.151879,-99.875707,-96.469829,-23.615032,-93.05376899999999
1622,-0.223955,-0.546014,0.771612,2.85753,1.41214,1.40864,-282.97927135275256,-176.4137051207805,110.52928825868712,-123.40422287307184,109.86809496310613,-0.6636913915677404,536.2977450000001,-2990.617786,-452.012952,-102.846316,-28.249254,-93.598314
1623,-0.204019,-0.498379,1.17433,3.39077,1.63613,1.72905,-274.06118327154127,-142.60461154570083,69.67281380349837,-103.45039469984579,88.77923739772594,0.801573684965973,529.468389,-3044.218621,-52.865536999999996,-89.743916,-16.423147,-90.060337
1624,0.354965,-0.801106,0.958656,3.02264,1.52251,1.49465,-226.32749640139727,-165.0250230269651,67.50760629569899,-86.13847491996796,48.79669546745023,2.68716632958561,-97.72977900000001,-2950.379194,-268.670226,-96.155525,-23.970069,-92.51098999999999
1625,0.237792,-0.534505,0.962587,3.42356,1.3513,1.63678,-208.9124442183959,-155.3552143185422,87.40070094264117,-149.66115975053208,20.03564654637073,32.282218346835485,97.868138,-3162.7317949999997,-261.68994699999996,-105.66668,-8.4441158,-97.016178
1626,0.215082,-0.446982,1.05849,3.4015,1.36515,1.43183,-197.73059988862275,-130.42524769460493,54.73144960519481,-219.70467724748008,12.604212056185416,112.80736845212726,147.259108,-3237.3701180000003,-165.38729,-104.73461999999999,1.6989729999999998,-94.134405
1627,-0.330435,-0.687252,1.12493,2.99168,1.56212,1.4251,-288.07458502485093,-149.28644535251652,55.51588612250842,-86.75268567634821,108.26725088351063,-0.13782327874533412,585.654715,-2822.514748,-101.075021,-93.630731,-21.847012,-91.744635
1628,-0.219502,-0.533727,1.16292,2.93315,1.43384,1.56361,-284.8855019371528,-141.07538719049668,61.10136518834125,-108.58065879744717,116.21818620654105,-2.225677473497488,536.431152,-3003.629173,-61.264702,-102.184994,-32.78929,-94.955923
1629,-0.329889,-0.776232,1.05861,3.38414,1.54795,1.43398,-278.6270839409388,-155.78722449607082,59.746320002856855,-85.2710168181399,76.8502561031022,-0.06922075010314015,548.780809,-2739.628068,-167.53687,-94.746084,0.14747330000000014,-91.86588300000001
1630,0.277437,-0.767741,1.13952,3.14016,1.82709,1.40486,-227.22131056180135,-150.50054292039871,45.75623763180901,-52.089025549830964,40.10675918026006,-18.18052379729615,-17.883945999999998,-2955.016859,-93.164388,-78.445008,-12.128151,-89.085292
1631,-0.383206,-0.582018,1.18533,3.52344,1.37357,1.44377,-285.69108059710675,-138.1086117273093,48.63855911599412,-101.31097029282729,76.3374588764601,-1.7354318656717505,662.992546,-2903.768082,-37.801496,-104.22999999999999,7.9834731,-94.122668
1632,0.239893,-0.747777,1.000802,3.43103,1.56705,1.41343,-225.49040506271115,-162.06798784629493,67.10481696572202,-85.64114755379441,19.847945572685873,0.4690221051785017,20.940039000000002,-2962.313623,-227.00578199999998,-93.72002800000001,4.0337962,-91.60565000000001
1633,0.153861,-0.539875,1.11086,3.39798,1.81831,1.42613,-214.7921371120284,-151.36570919104628,66.4762822644635,-43.95548857749234,17.700786235433114,-46.15690701794399,172.403819,-3128.316425,-120.76286,-79.80201100000001,1.3645571,-88.799876
1634,-0.353925,-0.428914,0.886542,3.56202,1.57577,1.67564,-294.93117095918154,-167.52999450727705,104.40780717550939,-116.6112352540008,96.80752202309903,0.10424164941492145,691.854015,-3058.015986,-339.38032200000004,-93.402332,-3.5581176,-91.747342
1635,0.165224,-0.54656,1.003979,3.4598,1.50437,1.67044,-215.51807463845915,-156.7532313386614,87.9570429617132,-120.42426938059641,23.181184841638952,7.2366288398408365,162.141696,-3126.35234,-222.515299,-97.21445800000001,-8.9776667,-93.642083
1636,-0.0927363,-0.646612,0.872386,2.96615,1.28103,1.45187,-262.4083676341706,-165.74179322867374,95.09724300463351,-125.73845293043482,86.18832224814435,4.042068275621224,376.9717863,-2941.303788,-349.678156,-110.88712,-23.868167,-95.77477
1637,-0.0921642,-0.539898,1.20126,3.26343,1.50245,1.6226,-254.85850276773175,-136.79367358748405,61.65656129182301,-108.98230221183388,70.82732376068698,0.8283078956867772,409.3485142,-3043.020002,-24.576505,-97.521382,-17.471344000000002,-93.495917
1638,-0.0946657,-0.845684,0.897643,3.78697,1.74242,1.6616,-255.0080447522609,-174.21469310306838,77.0828769679253,-71.41002183833503,43.35651849846258,-2.4691043223367695,300.5610557,-2754.736116,-331.687363,-85.879725,10.263845,-87.565672
1639,0.188058,-0.640434,1.20243,3.65643,1.81796,1.66829,-221.8314965830057,-142.2339078522512,42.718529993584404,-43.97336486070042,20.953066567934208,-27.61937321850182,105.589202,-3045.350966,-28.839696,-81.458269,2.6324176,-85.804276
1640,-0.0724084,-0.780941,0.863045,3.5405,1.50372,1.52578,-252.78382259156302,-174.17286718402383,88.33576806429467,-98.96871882633249,47.35427421820838,1.7203917235495665,303.27607839999996,-2823.550459,-362.967545,-97.192453,3.916508,-92.85320899999999
1641,0.298853,-0.572367,0.976785,3.81359,1.38907,1.53272,-208.72222223041246,-138.56354021664316,42.79060808421186,-230.7747948072027,14.84997742998019,140.85422548157618,20.029725,-3147.1517329999997,-248.86803500000002,-102.424565,19.400658,-95.27477
1642,0.0669118,-0.587753,0.775559,3.36446,1.27351,1.57541,-231.25665231290776,-170.72939083528757,109.2223715279937,-144.26275140480948,41.073911938440894,16.060751842650642,241.6754982,-3052.433347,-446.98456899999996,-110.17672999999999,-7.8094794,-97.798686
1643,-0.244351,-0.672082,1.03093,3.36832,1.5048,1.52461,-273.07684177950654,-157.41327871865212,75.89341658523371,-102.26036135935907,77.39284713509107,-0.07744441333665285,505.145511,-2866.922818,-194.62917000000002,-97.167447,-5.888495499999999,-92.85444199999999
1644,-0.15201,-0.829733,1.16341,3.08035,1.89578,1.65487,-271.4421931899983,-149.3626487392689,43.519009329161676,-55.31666869714144,99.38697801677799,1.97337550841163,369.91413,-2747.4691669999997,-68.817849,-72.358166,-28.953141,-83.192076
1645,-0.35667,-0.712504,1.20949,3.14884,1.28404,1.52992,-288.5323783031605,-125.72699377453219,13.98910834279613,-85.29851879230617,105.05353061062183,-4.728420147986388,600.57634,-2789.723696,-12.016651000000001,-110.45133999999999,-17.790029,-96.888132
1646,0.169028,-0.41859,0.739078,3.02799,1.87648,1.49325,-198.49377967173703,-181.4872463966639,124.34903027724258,-81.45970156492966,26.886216423852417,-40.25836381285168,207.780472,-3246.31231,-492.824838,-74.436243,-23.315942,-86.825922
1647,0.0926155,-0.63925,1.17117,3.55372,1.26896,1.73713,-232.22323211329345,-136.23217494825585,50.81723113197908,-119.71437467242933,39.87860738623897,12.62065594490567,198.43061450000002,-3013.31135,-51.915167999999994,-109.51447,-5.9384702,-100.50824999999999
1648,-0.207912,-0.768891,0.936176,3.69517,1.78866,1.68872,-265.9309121586349,-171.87358755216383,81.9862497786549,-77.97611817053426,60.85900404100091,0.6171213819795072,435.19442200000003,-2787.550609,-293.948956,-83.219789,3.5802202999999997,-86.25891
1649,0.285855,-0.674467,0.87942,3.66829,1.77417,1.53871,-217.48331987575787,-169.8653704802303,67.54771334135815,-13.378449924745697,11.165285849493864,-57.986766614010094,0.29874072999999995,-3046.4002330000003,-352.21885,-83.515289,10.426007,-88.095609
1650,-0.224657,-0.648699,0.905457,3.06201,1.72959,1.50405,-277.8083272516969,-173.3323380985669,94.68070268757342,-92.19177402552512,98.44961906394396,0.5896996219045458,499.75440699999996,-2894.497601,-323.61764700000003,-83.513998,-22.338822999999998,-89.029538
1651,0.0281501,-0.728387,1.13514,3.25071,1.27068,1.7097,-249.70245556934947,-141.0685116969551,51.152812512587204,-108.08906100922493,71.9377159676505,3.7595771643099223,233.3972899,-2906.382713,-87.37378600000001,-111.74086,-21.661911,-100.50075
1652,-0.0687603,-0.744888,0.800075,3.67888,1.34194,1.73563,-252.49619777840735,-176.5460583714557,96.83788878624095,-114.73651734833275,51.34263343011404,2.288118414010845,313.5072003,-2858.836112,-423.514195,-105.01113000000001,0.6025645000000002,-98.338553
1653,0.147371,-0.699081,0.767133,3.48636,1.58357,1.56771,-229.82540374067096,-184.23171423534058,102.11311120601044,-96.50041664490891,29.853851323732517,-0.9955829239752212,126.18540899999999,-2975.9106189999998,-460.953083,-92.91509400000001,-1.69871872,-91.57274100000001
1654,0.0851282,-0.71219,1.19112,3.76145,1.36967,1.65232,-234.25723228600788,-136.5398532842411,40.37954438652185,-106.86235836984984,24.566138424029177,14.312256539249912,175.79244179999998,-2942.31601,-34.005787999999995,-103.399361,9.874288,-96.850351
1655,-0.133325,-0.684456,0.838076,3.53002,1.70234,1.73263,-260.91294778887914,-178.72902757090412,101.515516225689,-95.26454668081172,67.87429928458272,-0.020535208447945295,398.092405,-2893.367044,-390.188186,-86.61241899999999,-8.527826,-88.225674
1656,-0.389575,-0.788195,0.873417,3.67564,1.6833,1.52784,-280.32303901452605,-175.99945663490087,79.73337972820049,-77.72115195170103,67.17070711216206,0.9112664548437692,598.259985,-2707.4952049999997,-354.33945700000004,-88.105299,11.433636,-89.653855
1657,0.192991,-0.862403,1.06359,3.73646,1.86513,1.69624,-234.87946445151996,-154.5261443889879,40.63834942258244,-37.33203917000051,29.909542821419237,-15.85729452959969,24.218398,-2837.5450969999997,-168.64241,-79.84611799999999,5.8136574,-84.25354300000001
1658,0.298883,-0.597095,0.850599,3.80608,1.40909,1.66836,-210.4479711093465,-158.533984165928,79.66748958176045,-209.6561434364757,7.672305947258314,102.86540479101721,13.911403,-3124.605105,-375.350909,-101.22591899999999,11.26671,-96.06108300000001
1659,-0.0327688,-0.46261,0.797559,3.21274,1.78026,1.52438,-234.14894326272812,-172.88886876513564,122.38722278671463,-113.40152568567792,48.41120946288621,-10.01845352676001,379.7588488,-3136.13269,-432.368839,-81.057253,-14.786953,-88.17203599999999
1660,-0.292141,-0.833312,1.11906,3.18101,1.80651,1.5661,-280.3471032419215,-152.3701042059106,45.777494366008355,-59.80189690898454,97.49392546166574,2.3169152727941205,498.720091,-2697.435188,-111.4625,-79.255791,-18.810304,-86.99383900000001
1661,-0.132333,-0.474668,1.07507,3.46422,1.70621,1.52587,-247.9635286611274,-150.44496601427105,88.25440805738609,-107.75330774127826,47.15568704641604,-4.443167380102556,464.944163,-3091.030532,-153.43985,-86.229446,-0.5732060000000001,-89.482061
1662,-0.385306,-0.682396,0.943243,3.53137,1.45672,1.52475,-284.6259520559586,-165.66329801074085,80.12356398668459,-100.60336741584072,79.53800112006088,-1.4213822390046438,632.370586,-2809.005304,-280.926483,-99.671669,3.5858938,-93.652755
1663,0.0519193,-0.794899,1.20695,3.65761,1.34605,1.48083,-240.82848523836327,-128.40786329794932,17.300231440857154,-93.60010428595668,27.628196768546836,15.678130627062282,177.6469607,-2853.241601,-17.350635999999998,-105.33815,13.659121,-95.136557
1664,0.0844765,-0.581444,0.778521,3.58914,1.24853,1.71638,-227.1926626720448,-169.94214682477784,108.32798440979448,-150.2358364190483,32.74012621670404,19.310396569294134,225.5848335,-3064.5744560000003,-444.19163100000003,-110.28904,-2.6283342,-100.708373
1665,-0.0700826,-0.460616,1.08937,2.92086,1.58489,1.54731,-257.44598017054255,-146.16038762228274,84.69920493859934,-117.75657788646731,88.70475288435892,-0.24063138775683826,420.1823326,-3123.394784,-137.41919000000001,-92.235973,-32.917836,-91.581295
1666,-0.00493002,-0.630723,1.15396,3.77723,1.39214,1.46765,-235.87583805725245,-140.55571447031303,56.632466273659375,-128.6530892342653,15.399501251290163,25.45324897823023,285.87691002,-2987.6421769999997,-70.567908,-102.665818,21.145218,-94.376
1667,-0.153276,-0.495505,0.92736,3.08815,1.66511,1.60319,-271.22561514343886,-164.25439479251415,103.38908821576679,-113.70805810607291,96.07700083430723,0.24412413847595574,485.554736,-3063.046695,-300.32494,-87.318851,-26.597268,-89.665663
1668,0.0196447,-0.779658,0.834952,3.46441,1.22271,1.48991,-245.33880900163314,-170.45379813582966,87.00306823282037,-124.03504940551089,44.49469915848996,13.725318573917896,217.1394653,-2855.369142,-387.539982,-112.49908,2.8359693999999998,-97.04014699999999
1669,0.0469355,-0.83543,0.940748,3.43039,1.26013,1.74033,-248.94099465962057,-161.83192923470102,71.01410800189963,-108.45403512472326,62.63746503708698,3.842552912200769,177.1696545,-2812.68037,-281.938208,-111.03339,-13.086719,-100.905211
1670,-0.00224298,-0.666303,1.15222,3.0396,1.63359,1.53053,-251.19042696330422,-147.46558547959077,64.70412380412387,-93.53478709731176,74.71942606301066,-1.3856984275238962,283.42398298,-2954.251697,-76.061202,-89.347805,-25.233111,-90.624827
1671,0.192873,-0.733747,1.20813,2.95569,1.65094,1.60967,-237.52882129620488,-141.49880300109837,45.04164466972184,-78.75763260309269,70.45490119385194,-2.496531811989682,78.486435,-2957.109153,-21.050707,-87.911872,-34.571013,-89.928883
1672,0.198884,-0.830322,1.14602,3.81722,1.76694,1.69417,-232.27479831485522,-141.13096409662438,21.701177561036523,-36.418859036121006,21.799611710239997,-15.55895540567507,29.062540000000002,-2869.8578780000003,-84.535559,-85.01678700000001,10.209588,-86.723507
1673,-0.20256,-0.730188,1.21129,3.51331,1.88408,1.40938,-263.61444379292095,-144.7377334169729,45.42810470253758,-59.87924621132721,53.890404857722274,-5.949593744638468,441.53091,-2825.529712,-20.11925,-76.62174800000001,9.081489000000001,-88.215754
1674,0.13918,-0.677032,0.972484,3.35636,1.69777,1.42939,-228.96883183695036,-166.8504665622519,82.83136252647286,-81.29698155111251,29.217180621783143,-11.365878373569165,140.97184,-2994.008368,-257.089994,-86.36234999999999,-1.27772857,-90.177495
1675,0.338444,-0.724737,0.809342,3.67871,1.84104,1.46705,-218.24019712312568,-170.10028317623392,56.919346241681374,20.903391127096363,13.26179571765706,-79.64056056538931,-67.35533199999999,-3016.481463,-423.507062,-79.93627199999999,15.157230000000002,-87.785594
1676,0.0809154,-0.633696,0.864724,3.2671,1.57856,1.42084,-232.00092448878266,-172.92668397961427,100.76895221863354,-107.09669810805835,36.16933591634153,-0.5992680170832306,211.68435459999998,-3014.747304,-362.887204,-92.962495,-5.8544271000000006,-91.616703
1677,-0.154704,-0.521041,0.925013,3.09537,1.53325,1.5215,-268.186646998065,-162.27998223049335,100.6979054520373,-120.56693587158401,87.9719398643866,0.13029117557054432,477.034314,-3038.985059,-300.546243,-95.524803,-21.368147999999998,-92.462756
1678,-0.138583,-0.839905,1.12235,3.66352,1.68153,1.56611,-259.00156058432276,-150.2249502209408,46.9588760437886,-69.4373281496996,48.867513050928395,-1.6881112813718957,343.947563,-2744.657995,-106.5423,-88.23277200000001,8.546624999999999,-89.581688
1679,0.341318,-0.609166,1.13855,2.90283,1.52047,1.64906,-217.27877394289618,-146.8175702132978,61.21882153634307,-97.80561450221693,55.45824656831826,2.562387580962019,-17.183994000000002,-3124.663634,-89.004384,-96.774604,-39.705629,-93.55225
1680,-0.153506,-0.679286,0.896197,3.67574,1.52278,1.44387,-254.9650729176261,-170.4618195449615,92.18547148977868,-105.65628221109945,37.08154202196931,1.68335573167231,410.700286,-2890.406914,-330.182647,-96.233806,16.286365,-92.260794
1681,0.3948,-0.88382,1.0545,3.08883,1.5607,1.45914,-227.32215113374437,-151.33362355451894,36.61979533487339,-66.12964279840935,43.90220350254517,0.5814604888105647,-165.20303,-2886.45278,-174.12850999999998,-93.901185,-18.150272,-91.856356
1682,-0.117319,-0.503918,1.18902,3.59193,1.27853,1.53039,-244.57161851395296,-131.3299480531165,57.625230245282545,-131.14832043206005,38.09069258653323,12.508871879075645,438.626399,-3068.8457820000003,-33.2737,-108.86174000000001,7.511489900000001,-96.90509399999999
1683,-0.302286,-0.695934,0.972223,3.76312,1.38919,1.45318,-270.31289337579545,-161.79296810463214,77.1367350006676,-106.73458878153566,48.028416359959316,1.5126143087233246,544.344396,-2823.556066,-251.673593,-102.960577,21.121777,-94.16788700000001
1684,-0.0692628,-0.816741,1.09236,3.05488,1.41152,1.45652,-260.60068579053285,-149.24232760229143,53.73484681634425,-93.75881359520791,79.17130813117716,2.4951853611711248,294.8984228,-2790.0498589999997,-132.27667000000002,-102.810931,-19.648173,-93.904749
1685,0.379783,-0.610017,1.02703,3.13509,1.5173,1.41207,-208.69472025624617,-158.46121852594638,71.44038860147695,-101.909711188739,20.153217485931577,8.361173104344104,-60.153558000000004,-3140.604283,-200.58563999999998,-96.394451,-12.841098,-92.312875
1686,-0.149884,-0.873412,0.897674,3.05505,1.79179,1.5487,-269.89749897432563,-175.4293636287457,76.13348590139353,-68.06910493492718,93.56859160722449,-0.3483021895756177,352.933314,-2708.6322880000002,-332.560534,-79.485856,-25.108169999999998,-87.359319
1687,0.107954,-0.430653,1.14242,2.93849,1.82599,1.42583,-207.9109139925072,-145.14338753592554,81.78113088799805,-90.66426854370633,34.3613102980267,-24.963312767613864,259.87861599999997,-3214.6737470000003,-88.553968,-77.470888,-24.951978,-88.50144800000001
1688,-0.158042,-0.76052,0.845616,2.84193,1.59138,1.57885,-275.43570902206017,-177.48971986003616,89.69367803875473,-90.98111420441369,113.01764396294027,0.0857448529147131,403.10562200000004,-2810.4121800000003,-380.970126,-91.62572300000001,-39.275302,-91.35722200000001
1689,0.303322,-0.752573,1.19165,3.79448,1.5201,1.62076,-221.43099908420925,-133.28430709230776,17.94796022825255,-83.43067638017969,7.194229963001156,16.814363230586217,-44.56337,-2979.151927,-36.461899,-96.27789000000001,13.019806,-93.0969
1690,0.0159811,-0.529989,1.06815,3.70916,1.91338,1.57528,-226.6552282602121,-155.5729382806919,76.74483186879812,-48.00521156925651,20.71167944884559,-40.49224518482408,303.24429890000005,-3089.163611,-163.69192,-76.885092,11.212612,-84.96668500000001
1691,-0.150373,-0.587174,0.945771,2.95681,1.75583,1.50695,-271.5642332003612,-168.13160019216443,96.7141299024927,-98.03938128263029,98.489153151808,-0.4381058755110376,451.752913,-2977.0026260000004,-283.798791,-81.46968100000001,-28.52096,-88.44915
1692,-0.206729,-0.866255,1.018021,3.30861,1.30178,1.44008,-268.69715239352655,-154.04428688328287,54.44932518687239,-96.41619184902467,71.9245379383625,2.400578570039123,402.885959,-2696.711245,-204.770411,-108.65990000000001,-3.7973708,-94.92402999999999
1693,0.116297,-0.876251,1.09797,3.40898,1.22473,1.46025,-241.82657771748117,-140.13057978632594,31.595528429371193,-100.1788056896488,42.92966494109012,16.341214683367184,93.018816,-2798.5998489999997,-124.44019,-112.62758,1.2348178,-96.34659500000001
1694,-0.214568,-0.637866,1.18167,3.76442,1.5007,1.71532,-264.6652483891909,-141.6689714662522,55.824022824729774,-98.03708945144977,57.20536677301068,-0.28999972321649053,485.58511799999997,-2909.890834,-43.733943999999994,-97.11361,5.9306652,-93.793625
1695,-0.0472526,-0.544187,0.989847,3.72713,1.82806,1.50264,-234.76773768146944,-163.19327695593185,88.76434049505254,-68.00264183069203,20.34584589665456,-27.554915466549605,356.9696126,-3054.257913,-240.281027,-80.913961,15.962504,-87.42393799999999
1696,-0.232353,-0.844954,0.906112,3.63615,1.64264,1.56622,-267.5856142709727,-172.29528448938012,75.81778615627644,-79.29907771949134,58.94475204746883,-0.26808867121509755,431.353253,-2707.986046,-322.129002,-90.123087,6.9080525,-90.32584
1697,0.344904,-0.590594,1.13068,3.37987,1.73678,1.74174,-209.60686906609445,-151.65677175097272,60.81889699534176,-68.48335342080678,27.02378359046333,-16.362643304905077,-19.837585,-3146.3267060000003,-100.308909,-83.954528,-17.646966,-87.176054
1698,0.368955,-0.798205,1.002882,3.7188,1.31366,1.73324,-221.592000224641,-153.99787730187728,50.94557367808838,-113.80546093124516,20.793555117769785,26.801418670173057,-118.405565,-2958.9833949999997,-222.482292,-106.1547,3.2649310000000002,-99.19026
1699,0.238854,-0.613695,1.05849,3.14675,1.54642,1.58667,-219.98084290473312,-154.9375280858918,76.23203464215604,-103.44581103748473,40.56667240241158,1.580486889134522,73.976283,-3087.565805,-169.01737,-94.803964,-22.181247000000003,-92.375159
1700,0.114396,-0.562677,1.04779,2.80846,1.55701,1.48649,-233.92377084924175,-153.19287159971847,84.97823538482804,-112.5907904055678,68.1361409969575,0.5074309039328916,211.844084,-3090.6098230000002,-179.33502,-94.00682599999999,-35.845383999999996,-92.134016
1701,0.00168571,-0.694312,1.15865,3.13126,1.90049,1.61096,-251.91693744753007,-152.20108165634701,64.79006747339349,-73.07217240200954,75.63443966183459,-5.2570768463976965,269.77160428999997,-2928.568788,-73.855981,-72.957801,-23.694275,-84.28436500000001
1702,-0.149461,-0.4029,1.2191,3.15944,1.76075,1.73485,-273.77642324736127,-138.01292777552246,69.9541360809076,-100.81879954680991,101.87533372103115,2.4732353480396627,513.9359109999999,-3151.1083,-10.2265287,-80.98383100000001,-29.689422,-85.95704699999999
1703,-0.0864994,-0.533362,0.80679,3.79537,1.65304,1.50282,-237.9275999216159,-176.97806854898434,111.32455367832868,-101.3539421274621,16.852751402859983,-9.626263915992961,396.8847594,-3051.0488379999997,-420.70047999999997,-89.79828,19.655416,-90.258045
1704,0.338398,-0.691815,1.15893,3.42083,1.74856,1.51598,-216.62617501424216,-144.39109395091876,35.3694868343389,-40.73151236007071,19.707628208658335,-25.979625304616917,-51.587388,-3049.0450849999997,-72.189545,-83.78817099999999,-2.4572218,-88.796102
1705,-0.352374,-0.442524,1.17461,3.77358,1.38818,1.70395,-287.3348965113371,-138.22148441295005,62.50167403964098,-112.87612338754296,78.36859426019888,-4.5336775229993735,681.847384,-3045.786376,-49.034725,-102.40051299999999,7.5277242,-96.79915500000001
1706,0.0415135,-0.624203,1.15783,3.36857,1.85143,1.62237,-238.07026641260347,-150.4569981279688,68.73373597727894,-77.4564454503506,49.372575347336216,-10.224202670991488,252.40534649999998,-3009.920297,-73.839922,-77.668109,-11.1198177,-85.57943
1707,0.0160579,-0.753076,0.910514,3.51892,1.3973,1.74492,-247.1774305662079,-167.1948141971255,85.43430978975218,-109.42290675628949,55.70559244847624,2.6151741826274217,233.0597621,-2879.863924,-314.281664,-103.026342,-9.3728763,-97.01036099999999
1708,-0.224224,-0.440033,1.003727,3.04104,1.72507,1.73845,-291.9712709895357,-160.51584517928552,93.22137918337519,-101.6977168045406,126.83795893929086,5.7192417926840715,574.387474,-3089.389667,-224.832947,-82.474069,-36.744876000000005,-86.736468
1709,0.188128,-0.509745,1.16763,3.46732,1.72253,1.44292,-207.82840807000838,-136.46422285528382,39.55225062613245,-3.9340943791288203,8.382200655425406,-76.28016309694702,149.315352,-3168.973555,-62.631420000000006,-85.290321,4.2102185,-89.802248
1710,0.0206784,-0.765383,1.06263,3.21299,1.79372,1.60125,-250.34474125769114,-160.30041304831633,70.58095190878072,-76.56664199451244,68.41402552759595,-4.242930089860236,226.9660916,-2869.377717,-168.20266,-80.070835,-19.007887,-86.95445199999999
1711,-0.360587,-0.730306,1.16054,3.24313,1.2448,1.44254,-285.01613631444263,-135.07250837091107,31.111436388265158,-94.62569873924085,91.40395705722023,-2.4951395245475143,595.436787,-2771.380094,-60.906772999999994,-112.09773999999999,-7.391500199999999,-95.68572599999999
1712,-0.0567016,-0.884027,0.873531,3.6767,1.85613,1.42472,-251.79890814173316,-175.9496093067245,69.85673325573536,-48.50173679451688,34.336501225497535,-12.933433605267584,249.6791716,-2730.735273,-357.45741100000004,-78.91129099999999,17.431426,-88.133816
1713,0.049524,-0.849544,0.971474,3.27126,1.74204,1.47316,-247.4782334086516,-167.8611641128627,71.00494067717753,-71.22438351271263,54.88523147740792,-5.6814781444069995,168.281236,-2800.6195559999996,-258.988654,-83.643729,-8.6125402,-89.266334
1714,0.0726628,-0.76443,0.964761,3.08165,1.69133,1.50407,-245.7994670689183,-167.96716130496188,81.76050440737335,-86.21181351774472,65.57043599036167,-3.6038988017949265,179.0304872,-2888.05307,-264.633931,-85.91494,-21.268864,-89.719972
1715,0.290665,-0.539039,1.04411,3.57208,1.328,1.63407,-205.6878377473996,-143.17756934083167,65.11436158543754,-174.8713027362883,13.20954196674113,66.5226918458691,44.682542000000005,-3176.668161,-179.89826,-106.16413,0.34074019999999994,-97.452029
1716,0.301595,-0.609331,1.0766,2.98527,1.5189,1.61336,-217.9560100567408,-152.84279438689353,72.10903034839463,-103.14558115283619,49.37395044604453,2.940883500425441,18.936521000000003,-3111.962369,-150.66414,-96.653646,-32.933667,-93.265218
1717,-0.187533,-0.680094,1.09518,3.07217,1.23668,1.43679,-271.38432445269007,-144.70106411808456,58.99746416462087,-113.40897413701462,87.98454493587947,2.016593714898348,451.865703,-2877.811306,-126.14116,-113.10399,-16.812606000000002,-95.83682900000001
1718,0.391585,-0.608339,0.828512,3.3082,1.24999,1.73218,-210.016533889613,-169.88141329849395,91.66236102282423,-135.65635236414934,33.90959037234556,25.909896340949494,-68.614502,-3144.856361,-395.092182,-112.59806999999999,-19.481123,-101.446924
1719,0.170174,-0.584347,0.836728,3.00431,1.85522,1.71256,-230.52613112411595,-179.50252059433072,109.48994281831979,-92.51664109536428,67.74652969626854,-9.120227591333418,153.475426,-3088.483753,-394.848758,-73.437884,-36.620439000000005,-82.75943
1720,0.00886068,-0.514634,1.03402,2.95935,1.58137,1.66862,-247.9142542907462,-152.7345053636138,90.04490116716991,-116.71035695255841,83.91024205470418,-0.2214521985226291,328.39304932,-3099.085366,-193.05917,-92.489225,-37.664244,-91.71525100000001
1721,0.272452,-0.703927,0.900793,3.37244,1.62399,1.67106,-223.14471584944556,-172.81438425176864,86.19806253066157,-88.30024468099657,35.71423553966912,-3.4777334953071195,9.4495384,-3014.260573,-328.349323,-90.481465,-14.208718000000001,-90.586066
1722,-0.25944,-0.479108,0.833529,3.76229,1.29771,1.483,-263.8189897257827,-164.83881174354758,107.72637872490712,-141.4048379226969,43.66236336950341,4.30947340818673,579.1998600000001,-3042.063892,-388.639849,-107.35933,19.850551000000003,-95.94807800000001
1723,-0.366262,-0.850845,1.1359,3.06396,1.63414,1.70074,-289.6353220587873,-141.05934437223303,21.099514580369643,-55.813308513960834,121.40975678822146,1.883575833180776,566.479342,-2655.122755,-91.210109,-88.99878299999999,-33.537237,-89.923114
1724,-0.222789,-0.748272,0.97179,3.26897,1.57477,1.53972,-272.79437358650705,-165.1665436023624,78.46313229639546,-93.06553466309963,83.68048597885672,-0.04318411549790771,460.96711899999997,-2802.7846280000003,-254.55798,-93.14871,-12.540223000000001,-91.668874
1725,-0.111134,-0.891615,0.810857,3.82833,1.34465,1.63952,-256.5974296759538,-176.3455231431599,79.1128664360738,-97.94885395099962,41.42307241879361,3.1479504475857203,299.717944,-2705.608885,-413.183847,-104.27301999999999,14.568159,-97.21468
1726,0.334558,-0.526944,0.973497,2.94464,1.69099,1.61123,-207.29613027833184,-164.8634489287382,91.32202409251651,-96.21508366293375,41.38319455625251,-9.11541474585432,17.270851,-3200.653856,-256.251877,-85.068561,-35.199055,-88.819817
1727,-0.0850173,-0.542828,1.07707,3.02869,1.90139,1.50268,-258.328335175044,-157.00877051528977,87.40528460500221,-91.37645508305394,81.68831172518685,-5.100745311996251,403.7763473,-3040.838972,-154.89875999999998,-72.89880099999999,-23.650062,-86.226501
1728,-0.321762,-0.802472,1.02416,3.42229,1.67553,1.43606,-276.93628548750775,-161.48700864203227,63.87791866354522,-76.36667972401177,73.1031121229466,-0.13438094831218816,531.649172,-2717.705828,-203.91608,-87.801497,2.1308061,-90.314699
1729,-0.390113,-0.894446,0.785395,2.99576,1.22189,1.50338,-288.32554053911826,-173.86748067921909,68.96807571548744,-96.46890396617671,111.85396668102958,-5.322892508324374,572.432953,-2605.618054,-435.538585,-114.83123,-24.668378999999998,-97.724674
1730,0.31275,-0.515206,0.881749,3.81872,1.85042,1.7083,-202.3503585907626,-159.88788343582215,66.33991830922237,41.07517244559018,15.720013841886345,-118.40459315276027,29.899901999999997,-3205.378194,-349.998249,-81.203284,9.695456,-84.35811199999999
1731,0.116126,-0.490632,1.04001,2.95186,1.89472,1.50524,-221.82748587843977,-157.91920045175263,94.11060968141823,-92.7807746389196,51.87651550361694,-18.620097017720518,232.97848399999998,-3159.601768,-192.32559,-72.71596199999999,-28.242245999999998,-86.143118
1732,0.229581,-0.55948,0.817568,3.20649,1.41889,1.69128,-215.91226960150917,-171.50746752107523,106.70880568075478,-128.83414389752664,39.81329019759405,9.932051491254281,101.97771900000001,-3134.8612200000002,-407.792748,-102.827842,-24.274651000000002,-96.38491
1733,0.00745791,-0.752612,1.14813,3.46285,1.56301,1.69524,-248.05634782393858,-146.85767725895695,54.93181294615206,-88.58672357856197,56.73680188815269,0.09325518369328792,241.01718209,-2877.711688,-79.107647,-94.006095,-10.3561218,-92.087312
1734,0.35758,-0.710107,1.03304,3.07577,1.47287,1.58009,-220.667819301095,-157.04945051874404,65.7474799490571,-96.59266284992496,45.20871916278199,5.900262078477705,-69.92721399999999,-3036.9423930000003,-193.99465,-99.43957200000001,-25.68236,-94.070936
1735,-0.268492,-0.897555,0.892676,3.6349,1.33137,1.50424,-269.8316088278856,-167.46696914981266,66.81604623697609,-93.632189922484,57.83206800932478,1.0676266371349707,446.29182199999997,-2645.906545,-330.781526,-106.08562,11.118229,-95.538676
1736,-0.306719,-0.437492,1.05353,2.94242,1.50595,1.48364,-300.31468240223074,-152.68637690882284,81.1554609757152,-113.01535213175976,126.61106765241905,-2.0261506509211302,651.123829,-3064.390408,-171.68182,-97.240721,-27.886269,-92.83569
1737,-0.285424,-0.802951,1.18567,3.14685,1.63321,1.47088,-279.23728399275313,-141.2335235419528,34.17538549350675,-69.36513546751311,93.16121861488647,0.17144673399479138,502.115164,-2730.0218489999997,-41.566911000000005,-89.591093,-15.613463,-90.73381099999999
1738,-0.253186,-0.850639,0.974268,2.83419,1.73753,1.74442,-284.6385571274514,-165.17628388487964,57.56220488781816,-60.153120037399745,131.71784048042008,5.258457674683961,463.861706,-2691.0583610000003,-254.418758,-79.671616,-48.78534,-85.07563400000001
1739,0.317023,-0.557095,0.908585,3.33954,1.88934,1.65349,-208.01347343783564,-173.954570264079,89.68737550300828,-53.440804875883124,27.1489175729199,-35.28904355990253,17.642956,-3167.6600049999997,-324.549005,-75.166681,-14.287519000000001,-84.23159100000001
1740,-0.36082,-0.839665,1.0909,3.20547,1.86756,1.71002,-287.3824520083329,-154.4293145216108,42.46935064848201,-49.88428395416756,110.50121332672569,7.637069042857768,562.98295,-2666.9837350000003,-140.52617,-74.969751,-24.99223,-83.336658
1741,0.162936,-0.879161,1.13193,3.18075,1.35076,1.47689,-241.20090780519828,-139.24707886623423,29.161145349419353,-85.46181176391846,54.488171725382266,8.618259267019303,51.673103,-2811.894239,-92.57284299999999,-106.24766,-13.415237999999999,-95.00594
1742,0.0968254,-0.735981,0.932536,3.37097,1.68696,1.40131,-235.97324088242465,-170.82507478707444,83.35733778240295,-80.75725530809927,33.549371806546816,-8.37967964112683,158.9653046,-2923.906519,-297.26315600000004,-87.022745,1.0715075,-90.48720399999999
1743,0.212905,-0.475044,0.776596,3.08016,1.84286,1.69368,-208.82592759133112,-181.27009539230932,119.77224340973754,-94.8439956591857,41.949563336739324,-19.054800096886275,149.209905,-3207.617356,-455.130886,-75.298845,-31.435665999999998,-83.938937
1744,-0.182359,-0.507012,0.988919,3.47239,1.43699,1.56874,-261.1782272480247,-154.05689195477575,92.18948219434459,-126.33662086855139,62.140137670913425,1.3014277950160544,502.380629,-3043.425088,-235.50129900000002,-100.83421200000001,-2.2108306,-94.387483
1745,-0.0911001,-0.721345,1.0274,2.92648,1.74647,1.58471,-267.00749985568575,-162.78017438564254,77.18772824443424,-84.42819590150245,100.11635328997953,-0.4374223368614465,351.88085010000003,-2870.944155,-201.87183,-81.370322,-34.606181,-87.603725
1746,-0.378595,-0.672346,1.010773,3.68328,1.79841,1.66377,-283.82151931159484,-164.92876611738313,76.6703473554311,-80.33040175072682,77.64666743833402,4.295785446461055,629.136735,-2820.766754,-218.239983,-82.552424,4.371609100000001,-86.218338
1747,0.0169004,-0.517213,1.02535,3.45678,1.24982,1.57094,-228.33112981096974,-144.9772297753376,82.01031400605038,-149.73277947492343,33.73013999091059,22.14653765519171,310.8263096,-3102.279987,-196.63643,-111.00193,-2.20192757,-98.05224899999999
1748,-0.0109234,-0.743854,0.863192,2.81785,1.89299,1.60386,-261.43720417142384,-180.57452462902052,93.54567329541923,-75.08382722071386,102.16525036536736,-2.2044207392981345,270.81495340000004,-2875.254146,-368.526182,-70.320157,-41.10619,-83.17997799999999
1749,0.0146449,-0.726182,1.19601,2.93191,1.55373,1.64189,-256.532685445104,-141.03012352468136,47.9377171409901,-87.86135900992636,92.57565574826276,0.11316775890526456,250.5992451,-2902.251518,-30.714252000000002,-94.340545,-37.683246000000004,-92.430053
1750,0.138373,-0.648844,0.799487,3.05905,1.46812,1.7401,-238.27595826105542,-176.46183357557146,105.81040785798965,-115.48537318656874,72.77824505310743,2.260009104581727,160.409187,-3018.074756,-426.048477,-100.41032799999999,-35.805437,-95.608851
1751,-0.3833,-0.682748,0.93604,2.91325,1.87878,1.54689,-296.0260933056765,-173.13581357483704,76.55117213404391,-61.91783004640268,126.32458875485364,8.982373945824941,640.4353699999999,-2806.2636519999996,-294.93585,-72.99086700000001,-32.685584,-85.338818
1752,0.30086,-0.668858,0.818548,3.30229,1.28917,1.47911,-217.9984089335805,-171.59914076829617,91.71965680233731,-136.1072701489173,27.82346078512742,30.006773759252933,-7.2962338,-3057.131242,-405.38869800000003,-109.39225,-6.249151100000001,-95.833838
1753,0.389754,-0.608526,0.994814,3.07902,1.64559,1.57468,-210.15347080264928,-164.15355422057112,78.42818187089247,-86.6484073576344,34.15917078790455,-6.634622084496881,-65.152227,-3144.400374,-234.435734,-88.553256,-25.560176,-90.202608
1754,0.0191949,-0.43425,1.13832,3.50773,1.35159,1.46243,-211.42429119224943,-125.74647433956665,60.30953751547045,-187.1509342015321,12.276136422693506,67.58209080906599,334.3882251,-3182.2335500000004,-84.695527,-105.25913,6.1287284,-94.717942
1755,0.134384,-0.796556,1.03203,2.89731,1.44664,1.59357,-246.70817813199577,-156.71942682874868,65.64778529270433,-95.90339462238258,82.11344640917393,2.6377945563791867,113.457676,-2876.874744,-194.01380999999998,-101.658057,-36.573603000000006,-95.10456
1756,0.372813,-0.563892,1.07353,3.33251,1.88202,1.50594,-205.0518545948044,-154.20987168607567,54.701254729391415,-18.87867287066306,19.982705246100643,-56.62352813205533,-39.492798,-3180.486008,-160.05208000000002,-75.929773,-6.6370765,-86.83980299999999
1757,-0.378574,-0.492955,0.939815,3.71988,1.66464,1.63997,-288.6366566218743,-166.4620011771532,96.36118790069212,-105.31938302756254,79.33116335601865,2.0522316897554855,689.631974,-2989.283845,-287.263715,-89.215715,7.5071034999999995,-89.572153
1758,-0.224087,-0.820795,1.03483,2.85173,1.80912,1.68099,-281.8310639313104,-161.32256975482971,57.06413267651093,-59.88268395809799,124.11297166564867,5.04454961144982,445.540367,-2729.793805,-195.16333,-75.347063,-43.875388,-83.84827299999999
1759,-0.05168,-0.829499,0.991487,3.27729,1.82888,1.47585,-255.71965833381336,-167.4864497148471,72.04600499093023,-68.10348240263505,63.18349381584666,-5.585501984144636,270.27367999999996,-2784.456501,-239.89804700000002,-78.688373,-8.2734928,-87.991761
1760,0.06962,-0.482152,1.17011,3.10049,1.46701,1.69158,-227.68139567129143,-136.48255750472802,69.33935236673223,-119.93381750796445,57.12566834370798,4.047562940876529,280.28205,-3151.995548,-55.274323,-100.106544,-30.581951,-95.082303
1761,0.0866223,-0.710939,1.05005,2.8427,1.40581,1.49907,-247.02731562388365,-153.54925134828986,70.9596770113622,-106.58046313464547,80.33670428647325,4.3019390131807596,187.20397770000002,-2941.512361,-175.02897,-103.89133,-34.194859,-94.922748
1762,0.196857,-0.658213,0.946463,3.186,1.5988,1.49899,-225.53738760191186,-167.13064292407088,88.20513368700483,-98.53097907085254,38.864701271975456,-1.9568915126457165,96.84568200000001,-3031.292787,-281.699943,-91.688073,-14.963563,-91.329626
1763,-0.246868,-0.506894,1.12183,3.01661,1.67997,1.54046,-287.02779113314693,-150.18484317528166,74.89704297950121,-98.00672268830783,112.29170643650951,1.7306705863942133,569.9946379999999,-3020.096106,-106.18714,-86.313211,-27.060041000000002,-89.60755999999999
1764,0.0469711,-0.854108,0.997042,2.89901,1.60898,1.54419,-255.22003913645932,-163.1846825890049,67.63365701062777,-82.32945149793825,87.55998320968754,-0.6643789409218973,176.09876889999998,-2793.759292,-230.661782,-90.601819,-34.032232,-91.007013
1765,-0.136252,-0.829139,0.849731,3.03328,1.52598,1.60947,-270.1438708262319,-175.9049185987043,84.39496434938486,-91.0704956204541,98.51608216817914,-0.1521936332050103,356.476792,-2754.597361,-376.173721,-96.122619,-29.999915,-92.975328
1766,-0.375581,-0.480968,1.08809,3.29879,1.37099,1.49271,-296.6752544875597,-147.36531786544288,70.73908826023683,-114.97314891772179,102.71127914412703,-4.454122333145459,695.259651,-3001.352332,-134.92646,-104.81103999999999,-7.6074012,-94.78945
1767,0.395597,-0.811044,1.12534,3.367,1.41693,1.5238,-221.6624740334421,-138.67526698669366,22.71216159054486,-83.14763522938507,27.151667770336527,15.085692266897011,-145.374387,-2956.306556,-100.959334,-102.13736200000001,-5.611021099999999,-94.465661
1768,0.377876,-0.595358,0.973544,3.03527,1.80759,1.7254,-212.87043666715962,-168.5865286814983,85.51910754343155,-79.03207938696036,49.345073373169946,-13.382517925091125,-47.806839000000004,-3150.314042,-258.862594,-76.99336699999999,-36.019000999999996,-84.31171499999999
1769,-0.332691,-0.559187,1.17852,3.65156,1.33697,1.44193,-276.8033592790374,-137.9602156583704,53.62781830021382,-109.14158447888025,60.17890313818062,0.10973459579684065,621.0977809999999,-2942.283413,-44.49208,-105.94093000000001,15.551358,-94.630922
1770,-0.322716,-0.428586,0.988028,2.95914,1.58772,1.45046,-301.91552648182625,-160.25973304486206,91.0538798443953,-109.62630677356093,125.42160726972747,0.4539372723482973,668.571996,-3067.935314,-238.226448,-92.120337,-25.168425,-91.45555300000001
1771,0.302394,-0.64063,0.886583,3.51369,1.26873,1.61016,-215.0654379803058,-163.34339189825613,84.11650686095129,-148.78109657721112,21.885555379509622,39.347819284829775,-0.15805705,-3084.62637,-336.695133,-109.6538,-1.2660818889999998,-98.40476199999999
1772,-0.356775,-0.880168,0.831024,3.38013,1.41125,1.41764,-279.2945797722662,-174.56935397825433,73.96713247800389,-88.52885484125376,76.79868990154041,-0.13093861787904215,538.883545,-2632.906732,-392.591024,-102.312894,1.144888,-93.336875
1773,0.00321355,-0.842961,1.20816,3.3067,1.88189,1.61528,-253.01415162520564,-143.0331839764587,34.54139093303632,-52.34043943033437,66.79656567194164,-4.808634239304704,215.43299645,-2790.677839,-23.902698,-75.49315,-14.018129,-84.92444
1774,0.0559774,-0.885127,0.874528,3.30252,1.81519,1.56177,-249.01891691975837,-177.7097356533664,77.70109842887146,-63.97589444651259,59.94914706233317,-5.925644108802,151.4968426,-2769.335073,-356.455318,-79.404651,-11.6510164,-87.06576199999999
1775,0.0942787,-0.426667,0.92848,2.95369,1.29557,1.72481,-221.65960924446645,-149.16497829994879,100.3335042943341,-148.64358670637975,62.72684645312739,11.167692272233415,278.3279013,-3210.7378329999997,-294.06939,-113.13557,-39.528389999999995,-101.86776
1776,-0.152674,-0.408117,0.949972,3.46517,1.69117,1.58031,-248.5301839205118,-155.88348140565282,106.37190649721786,-122.02855120696273,50.6706112322051,-3.2240277836231908,508.044454,-3146.7043830000002,-278.002372,-87.008953,-3.6395626,-89.422515
1777,-0.19593,-0.53677,1.003464,3.29218,1.4225,1.68892,-274.16316975907455,-154.61151510046238,87.13026486333942,-120.9204508311797,92.13791599278281,-1.6483308216559627,509.71509,-3009.6697299999996,-220.59741400000001,-102.300291,-19.269991,-95.984331
1778,0.0306957,-0.504201,1.19624,3.33152,1.41902,1.70975,-230.16344883979812,-133.5616186651511,62.302284726935454,-120.32400176644853,47.653931145061804,6.153967790161633,306.1934543,-3119.065599,-28.322029999999998,-102.39469199999999,-18.151094,-96.240555
1779,-0.286298,-0.473716,1.18392,3.26501,1.4588,1.6678,-290.9920861176571,-138.7096444544015,60.52439668864451,-108.57091851492996,109.26362448924313,-3.077975112066393,616.674398,-3038.557484,-40.534755,-100.171662,-19.795637,-94.841923
1780,0.340252,-0.421287,1.08228,3.15096,1.29945,1.6861,-190.89349451932662,-140.69150546775904,70.73908826023683,-153.79619615799123,22.80435049978141,41.21205206284693,45.869101,-3303.058113,-141.081,-110.48454,-26.29347,-99.660519
1781,-0.173217,-0.689756,1.12705,3.57104,1.26558,1.56609,-261.4704357235414,-142.38459575237061,54.93937598904778,-111.56462299448852,56.99033571249808,3.094453378254355,429.545387,-2874.608644,-95.165898,-109.61119,4.4568461,-97.592669
1782,-0.18345,-0.741051,0.826493,3.66968,1.77677,1.57099,-261.6589388381395,-181.90779741828993,95.16886272902488,-80.23471779893997,51.557721786406155,-2.2112790441058503,421.21999999999997,-2822.581249,-403.008533,-83.406295,8.776684,-87.661818
1783,0.140811,-0.733299,0.866083,3.45068,1.81382,1.59689,-233.72151674756054,-178.8063768732468,90.10219694668301,-69.92033157099488,38.9375815035161,-12.66528935714636,121.735059,-2941.504001,-364.993473,-80.298006,-5.114077,-86.730203
1784,0.0212604,-0.404886,0.933666,3.26838,1.52989,1.66397,-209.36679974993464,-150.02384203484988,106.59192229054808,-141.60594610878783,27.496874841902848,4.12298710502755,349.3734296,-3210.020414,-292.047226,-95.82490499999999,-19.652562000000003,-93.009927
1785,-0.214161,-0.716637,1.08217,3.79455,1.71671,1.68797,-264.3822072383963,-156.40601891481214,67.64053250416933,-82.9975202870608,53.62930799048116,0.15155535822123456,457.384191,-2834.966563,-146.46751999999998,-87.127761,9.152082,-88.017323
1786,0.229751,-0.403759,0.848077,3.42219,1.73549,1.5076,-189.6753862468785,-158.27959090488991,84.70436155875551,31.799501404437766,13.668251977522866,-136.43442904993702,148.90001900000001,-3283.0704410000003,-382.201957,-84.415976,-2.0464643,-89.10855
1787,-0.329752,-0.896704,1.03843,3.10752,1.8111,1.54702,-283.12079192814986,-158.8313492616009,46.662370384808405,-53.688723713836225,103.30887412444848,2.807865618707869,513.653012,-2624.4154959999996,-192.33794,-78.675788,-21.920846,-87.07014600000001
1788,0.241091,-0.63989,1.10265,2.89047,1.32555,1.61038,-228.31909769727199,-145.84526083496078,63.44762735940197,-112.51286814543002,66.08838983715994,9.657776594725156,66.836631,-3060.58911,-121.51299,-110.07279999999999,-37.125723,-98.599545
1789,0.134635,-0.562357,1.02181,2.89267,1.31227,1.41198,-227.44189931292672,-150.1636437368618,82.40164418012473,-129.98636202353472,54.37065808160093,14.234047800214555,190.972985,-3098.755243,-201.52069,-108.92963999999999,-26.03611,-94.881891
1790,0.29003,-0.719004,0.925882,3.4071,1.44433,1.43842,-220.86720861380053,-166.45168793684087,77.40373333319857,-112.68991210412544,19.182168614743855,18.66988705011739,-16.146607,-3006.868896,-300.205622,-100.486031,1.4494483000000002,-93.29070899999999
1791,0.398128,-0.502434,1.14787,3.457,1.2887,1.64059,-197.692211716349,-128.12081144258877,35.04542190541291,-166.56169583350595,15.603073155900143,74.04505473814167,-41.156125,-3247.627466,-75.546314,-108.87043999999999,-6.296937699999999,-98.384197
1792,-0.346866,-0.451354,0.830086,3.6635,1.91346,1.52503,-283.5436347809564,-178.78288560364643,113.17635327219152,-96.39098170603891,70.38500034284598,3.8253870966586487,673.3321159999999,-3038.6422460000003,-400.159566,-76.25735,11.404361999999999,-85.733351
1793,-0.324976,-0.59136,0.987927,3.32193,1.36426,1.69461,-289.41530626545705,-158.16270751468323,79.86057635871953,-113.78655332400585,105.57320333080548,-5.496378399112036,612.591766,-2913.9975400000003,-235.216337,-105.64752,-17.565515,-97.552295
1794,0.101049,-0.586653,1.20037,3.56699,1.43493,1.62946,-224.53643033381832,-136.64756934972567,54.1940151933621,-115.00580751204423,24.274560202087102,12.714563727527612,206.71755100000001,-3066.4601470000002,-25.099085,-100.747088,-0.21277630000000003,-95.02247299999999
1795,0.0709697,-0.748475,0.951598,3.25796,1.87628,1.59143,-243.89552831569858,-172.11766757288956,84.69634014962368,-72.33305684629079,59.64662534650409,-8.488713509540226,183.7360603,-2902.018825,-281.085938,-75.564968,-15.621087,-85.442847
1796,-0.284474,-0.898005,0.948207,3.17431,1.80516,1.55238,-278.7577183182286,-169.3932532570425,62.99269887006809,-60.125045105438325,95.56649543884566,1.7450690157858508,469.672874,-2639.079595,-282.671257,-79.357044,-18.436722,-87.203799
1797,0.186769,-0.75959,0.773177,3.60686,1.45181,1.69684,-230.82578805096935,-181.63908021237359,94.83482833446361,-104.83065002831594,31.71092212931054,6.814931902624551,69.056728,-2932.75131,-452.817407,-99.795202,-1.88557832,-95.043481
1798,0.361194,-0.688329,0.959189,3.30288,1.87021,1.63451,-217.31773507296506,-170.18508092991328,74.15219784583114,-53.58158060614676,35.12712568699856,-22.807272584536577,-68.615755,-3058.923571,-274.338349,-76.054586,-15.439173,-84.952847
1799,-0.126359,-0.622402,0.874613,3.10961,1.42751,1.6108,-266.8058187117997,-168.1814475203408,98.66275936373262,-118.68763430355489,90.8831384214463,0.08707526091500686,416.83601899999996,-2952.403598,-349.84488300000004,-102.292952,-25.300823,-95.303484
1800,0.376684,-0.458266,1.17883,3.24706,1.45067,1.6948,-193.549153899758,-138.5400489470428,57.10189059521005,-124.15021392233217,16.02121775478662,23.931530370142276,-2.440639,-3281.658234,-47.277856,-100.702177,-22.273647,-95.370852
1801,0.394539,-0.663834,1.14961,3.26333,1.806,1.63884,-213.74820800930004,-149.40504761610862,47.300015115009494,-52.75669326849692,32.973205447763256,-19.85029469964591,-91.90096299999999,-3093.790266,-82.932565,-79.527233,-18.277179,-86.380285
1802,0.31746,-0.614814,1.20788,2.79585,1.46468,1.50284,-218.89566084075537,-137.49726575990468,47.08315058955248,-96.56458791796355,55.05912416823013,6.026427384965512,2.513149,-3111.479186,-18.775025,-100.17661700000001,-37.315778,-94.011318
1803,0.29142,-0.750253,1.08433,3.15135,1.77105,1.62579,-227.631548343115,-157.26717448089374,60.80972967061967,-68.74175738641078,51.117976678643245,-9.337607778806053,-21.676619,-2975.737647,-147.4095,-80.98929399999999,-23.965054,-87.098151
1804,-0.379853,-0.835554,0.826368,3.14272,1.5231,1.57341,-288.1066706613783,-177.1574043388603,76.66576369307008,-82.3844554462708,108.12343847693279,-0.946898700122955,582.028683,-2666.278646,-398.712438,-96.18444199999999,-21.628614,-92.789129
1805,0.359219,-0.69873,0.915481,3.70012,1.80578,1.6472,-215.55474393734752,-166.44939610566033,58.39012890178219,-13.70715581181225,13.42686485843425,-50.329300273645664,-75.572653,-3049.11177,-316.404491,-82.356391,6.2397148,-86.30020999999999
1806,0.17754,-0.485118,0.815609,3.40111,1.41675,1.40608,-205.27358926152004,-157.77825283415046,101.38430889060405,-208.62711123642075,8.554890134877835,82.62910842479168,168.92344,-3188.513482,-409.059369,-101.907897,3.0037325000000004,-93.351848
1807,-0.179135,-0.811912,1.01925,3.05625,1.34694,1.72665,-275.6522870686196,-155.4314177052946,59.70506704160743,-97.82108436268545,109.04360869591288,-3.4317765505596762,403.82359499999995,-2754.619788,-204.20988,-108.60905000000001,-34.317583,-99.41094100000001
1808,0.0457165,-0.878186,0.842998,3.09182,1.49141,1.40773,-250.33958463753495,-175.7267287244186,81.53017537373076,-90.87053334995343,63.90828542668716,2.406714948024974,164.3895035,-2772.444814,-383.01763800000003,-97.901067,-15.022543,-92.472983
1809,0.354672,-0.694268,0.800865,2.95597,1.74245,1.6034,-221.98905997666668,-184.2546325471458,96.2867033873251,-80.23185300996431,55.17314276946116,-8.674523722501151,-58.976922,-3049.339532,-430.51505499999996,-81.801063,-34.016352999999995,-87.67738499999999
1810,0.130857,-0.552552,1.21798,2.84963,1.61379,1.68688,-235.8935997489015,-138.32518977386874,60.31354822003637,-99.58694028727865,79.24350081336364,-1.204701060042069,201.509013,-3104.717748,-9.969004400000001,-89.900774,-45.069211,-90.557761
1811,0.218736,-0.758245,1.05115,3.80269,1.82538,1.72496,-227.4103866341945,-157.41728942321805,52.524874544586986,-40.986249395785876,20.747432015261754,-23.312678655621475,35.705117,-2944.245855,-180.42488,-82.299392,7.8560697,-84.89912199999999
1812,0.394213,-0.829629,0.778916,3.4117,1.4958,1.5,-222.24345323770476,-180.2508034747716,76.1999490056287,-86.59397636709697,22.97148228862107,8.627197408623346,-149.924903,-2938.489571,-448.04231599999997,-97.64248599999999,-1.95485279,-92.873606
1813,0.0302142,-0.42514,0.890407,3.61328,1.38615,1.65007,-207.87653652479938,-146.4995786370002,101.48457650475193,-197.50886522190712,10.621892676591793,57.209377477576595,328.2554358,-3194.56086,-333.129617,-102.981232,1.4624835,-96.296858
1814,0.25328,-0.81057,0.78928,3.81703,1.45556,1.70499,-227.8693258280943,-179.87952682352682,83.16253213205847,-100.75634714714066,17.382336292899403,12.531503711983312,-13.874701,-2907.22603,-437.02929,-99.117943,9.749984,-95.08188399999999
1815,0.0573943,-0.400746,1.009665,3.38702,1.25876,1.44545,-200.31005588230173,-129.74457383398953,72.28951205386083,-217.89126582589103,17.39814992804501,91.04986913982938,312.2300457,-3226.373054,-211.845045,-110.65211000000001,0.6238283999999998,-95.576504
1816,-0.0798091,-0.48677,0.932213,2.85802,1.77402,1.49717,-261.499083613298,-164.65030862894955,105.67690869172418,-109.83142566421776,93.72672795868058,-2.6000538264139195,421.41773909999995,-3095.14683,-297.31627299999997,-79.937229,-33.504926,-88.154623
1817,-0.396638,-0.508068,0.934914,2.92032,1.48362,1.68334,-308.4466723885225,-166.46658483951427,84.1130691141805,-106.67614708643232,147.2398401083092,-6.563288839003093,714.922458,-2965.504332,-289.665464,-99.47417800000001,-40.486379,-94.887224
1818,-0.0646235,-0.443551,1.10606,3.58843,1.70809,1.39893,-224.60633118482426,-147.3085950437249,78.61783090108078,-72.51812221411802,11.366164852466731,-34.88298837049332,407.8274135,-3143.531049,-122.81377,-86.301373,13.773420999999999,-90.21545900000001
1819,-0.0102953,-0.643369,0.81325,3.44775,1.56493,1.57828,-242.61324877019578,-177.07890912092736,106.35700959454445,-109.7277203032991,45.44649664776128,0.16595378761287216,294.1352553,-2974.797731,-413.3794,-93.876509,-4.5346101,-91.92897400000001
1820,0.00809854,-0.868332,0.979973,2.8862,1.66227,1.59627,-260.014549966114,-165.60256448445696,68.08915845775677,-77.39055530391055,96.08731407461958,-0.8275916984428637,209.29151146,-2766.001668,-248.666543,-86.90317900000001,-37.71776,-89.550521
1821,-0.215705,-0.884365,0.919723,3.47822,1.28723,1.46278,-267.236682973738,-164.02062801210076,65.95145292412367,-99.3073368832548,62.101176540844534,2.7742616440234458,403.214195,-2676.860235,-302.45122299999997,-108.9572,4.6844497,-95.46225
1822,-0.243114,-0.580364,0.851219,3.80645,1.5005,1.73105,-267.38737087385744,-171.60945400860854,103.70421500308873,-115.81425096097382,58.41763087594847,-0.5841648496035822,531.9513039999999,-2952.998536,-374.433439,-97.114323,7.4136014,-93.927347
1823,0.380694,-0.456781,0.956182,2.96256,1.57926,1.73275,-196.97773334582084,-163.12624089390155,94.24296293209345,-110.31385612771793,36.462174645432896,-0.7761458180180671,-0.44597222,-3281.612719,-271.882682,-92.60955299999999,-41.183600999999996,-91.820101
1824,0.147044,-0.888874,0.733646,3.00589,1.29971,1.62606,-247.68908187725975,-182.0802577146243,87.57144236559016,-101.16543901286407,79.2744405343007,5.080170397573103,69.81513000000001,-2794.645326,-489.86442600000004,-111.09781,-31.282526,-98.938414
1825,0.221388,-0.728964,1.0648,2.97702,1.91767,1.66972,-236.04715243799654,-161.97516868348373,71.26449055837179,-68.73774668184487,72.77480730633664,-9.753116771834925,54.25685,-2970.248736,-168.37471,-69.524608,-35.442085,-81.78939799999999
1826,-0.106621,-0.429627,1.16071,3.14976,1.44126,1.43168,-246.3271611982338,-134.4027207084031,71.87182582121046,-126.20999719582748,58.13745451412951,4.528211505633824,459.390731,-3142.297073,-63.750663,-100.866931,-12.941899,-93.27062600000001
1827,-0.121176,-0.749587,1.000434,3.18609,1.57399,1.63104,-265.8071532748867,-162.27883631490306,76.76832313839849,-94.30999899412377,86.65814764015163,-0.05209068712743685,367.769716,-2835.6895130000003,-226.189624,-93.132847,-22.489314999999998,-91.78860399999999
1828,0.00571209,-0.487892,1.19613,3.19943,1.33717,1.48936,-229.90561783198925,-130.39545388925814,59.67584619405576,-128.89373150822027,43.500159017701876,13.64917248294501,334.61461791000005,-3126.3063079999997,-26.791022,-106.94416000000001,-12.855124,-95.391051
1829,-0.00797251,-0.47199,1.10863,3.0342,1.78661,1.48564,-236.1548685034811,-148.27231005513497,86.41292170383562,-103.65837837947828,58.36033509643539,-9.094902856788634,354.17899251,-3135.34061,-121.51615000000001,-80.020967,-22.863613,-88.34107
1830,-0.103337,-0.539329,1.07535,3.2086,1.29567,1.51066,-255.2521247729866,-143.92126855891146,75.69345431473306,-128.6846019129975,68.64435456123854,5.1768570255014295,419.717707,-3039.9239709999997,-146.78833999999998,-109.42419000000001,-13.366831999999999,-96.305181
1831,0.348746,-0.672777,1.03428,3.31277,1.80137,1.44273,-215.02017431449048,-160.17207050220702,59.38249180294878,-41.777962477097645,21.738419817720025,-33.15534873083535,-54.327175,-3070.217123,-197.79533999999998,-80.434967,-4.4729107,-88.820917
1832,-0.264503,-0.467795,0.92722,2.98523,1.63233,1.70062,-296.59102969167554,-167.22804574924314,97.42345165286467,-105.43626641776922,132.84885916800832,2.645346140119011,603.491943,-3049.003105,-299.91195999999997,-88.913161,-37.997007,-89.986806
1833,-0.24358,-0.852358,1.06807,2.94728,1.55952,1.69698,-281.8929433731845,-152.8794636857819,46.20308741623153,-74.06167051420047,120.21112908080775,-0.2920761222660446,451.97484000000003,-2693.770142,-158.83729,-94.118431,-39.973245999999996,-92.381421
1834,-0.068411,-0.413059,1.07876,2.99333,1.36461,1.5801,-251.52045065329955,-139.29176957425443,82.32372191998694,-134.8725461004104,80.88330602302806,3.614888132305536,434.259651,-3169.266541,-144.34471,-106.51265,-29.905334,-96.59446200000001
1835,-0.0417583,-0.612256,0.843993,2.95851,1.90088,1.5198,-256.7418150403268,-180.0691758537151,108.2540728542226,-89.54127126524992,85.11345342447893,-5.244729605912627,341.4795983,-2990.417844,-387.523443,-72.19635600000001,-28.577245,-85.657914
1836,-0.0110135,-0.445631,1.12417,2.91273,1.50485,1.61918,-245.71409635744382,-140.16610316962405,78.81492838260579,-122.36716926388505,81.59491960458053,1.3508052978004288,370.6740235,-3157.726969,-101.37875000000001,-97.68177999999999,-37.362421,-93.755816
1837,-0.201669,-0.612545,0.971513,3.48614,1.75156,1.42809,-262.5029056703672,-166.30501074128736,91.56323932426659,-93.32565750208902,54.83853541710476,-3.448226168857882,482.357509,-2937.450655,-257.51937300000003,-83.70106200000001,6.282164700000001,-89.484738
1838,0.0274268,-0.422775,0.813227,3.03383,1.2931,1.63024,-226.40427274594478,-155.51850729015447,114.23059561523223,-157.53818351799063,57.61835475174098,12.039848627981554,341.0905932,-3192.716725,-408.909997,-111.27841,-29.817557,-99.170929
1839,-0.326461,-0.641642,1.04209,3.64017,1.71633,1.69257,-280.5820159379252,-160.33077981145826,76.98375526936768,-89.19978841935195,78.78628049284924,2.5088962412086055,591.673821,-2867.817758,-185.87208,-86.34257,0.04718,-88.051454
1840,-0.131133,-0.821865,0.932165,3.40416,1.44149,1.53489,-261.547212068089,-166.4860654045487,76.20682449917028,-97.64805110855595,64.4892646309498,1.446781458062793,347.750393,-2765.032935,-292.604375,-100.663967,-4.1960877,-93.982416
1841,0.350377,-0.499495,0.872936,3.57407,1.86108,1.64459,-199.02834929459408,-166.76394993518716,74.65983845231706,11.392692798381288,15.253683492429367,-92.50747377064219,3.0395507,-3233.324105,-359.772926,-78.63758600000001,-0.5858785,-85.092152
1842,-0.0920521,-0.818145,0.86316,3.7224,1.79843,1.41206,-252.2985273390872,-177.71317340013718,79.07619713718543,-59.87924621132721,30.978051813558704,-11.450217761012423,304.74777209999996,-2780.6588549999997,-366.64360999999997,-81.982141,20.686127,-88.865175
1843,0.383304,-0.719827,1.21985,2.96593,1.63417,1.43184,-219.26865636538554,-136.01101323933534,26.58856484928196,-65.17566806951653,41.46501292939719,-4.73661917403471,-98.756585,-3036.729773,-10.2585686,-89.396139,-23.742666,-91.007954
1844,0.26871,-0.55865,1.02932,3.29525,1.56531,1.51045,-209.21783072320062,-158.10770356635066,80.34930935796613,-103.30371750429231,16.92225118340935,0.9229376051305839,60.862601,-3150.89055,-198.53569000000002,-93.722409,-9.3534376,-91.851341
1845,-0.136871,-0.485889,0.96169,3.58132,1.50956,1.67487,-250.7945131268688,-155.95853887681494,98.80657177031046,-126.90499500132118,51.54053305255223,0.9791562239888204,466.130041,-3079.013711,-263.8583,-96.86549600000001,-2.28831405,-93.45755199999999
1846,-0.279698,-0.724869,1.019583,3.27031,1.28916,1.57602,-279.4234952761706,-154.40123958964938,66.03281293103225,-107.63699730886671,91.91904611504285,-2.7372027338343847,523.0092880000001,-2804.067131,-202.75753300000002,-109.85665,-13.383786,-97.491086
1847,-0.265872,-0.659241,1.05934,3.26793,1.47967,1.57245,-279.2057713140209,-154.1617432312847,71.00837842394832,-102.03576190366779,91.98092555691697,-0.8934073603695414,532.5649719999999,-2871.210259,-165.69436,-98.71833899999999,-14.263563000000001,-93.631523
1848,-0.000619113,-0.725696,1.15254,3.315,1.58071,1.55539,-247.9280052778293,-146.77746316763864,57.50204431932942,-90.05865215425305,57.06928929666711,-0.3112828134744201,258.02325911300005,-2900.241904,-74.896573,-92.870138,-10.8302356,-91.567508
1849,0.0372809,-0.820469,0.949457,2.82392,1.85864,1.70037,-259.6495758506157,-171.81571881485561,76.39188986699753,-68.33839509863868,105.34058246598238,-0.9091694293135903,199.77646909999999,-2818.335731,-282.616387,-71.067577,-46.144363,-81.54643700000001
1850,0.262511,-0.868659,0.830734,3.24,1.58401,1.50728,-233.3009657259345,-177.90396834591576,77.41060882674013,-78.41500384160447,43.979896579564915,-0.757650740391244,-36.648474,-2856.025741,-397.391834,-92.648005,-12.316424,-91.53545799999999
1851,0.353814,-0.556704,1.11978,3.44277,1.31987,1.45527,-204.55051652406493,-130.01959357565232,35.66266933810734,-175.21106670880087,13.714375080030898,85.15241455454782,-20.97054,-3181.519796,-104.07140000000001,-107.17141,2.9578606,-95.017703
1852,-0.0427137,-0.530216,0.910964,3.40531,1.89128,1.47029,-237.77748497929167,-170.6606358998719,104.99852666228928,-85.89324898365197,39.65864888868824,-17.727944434922314,361.3469237,-3069.040484,-320.908004,-75.774835,-0.4893721,-87.257485
1853,-0.227317,-0.64717,0.90557,3.49914,1.59568,1.4952,-267.35757706851064,-170.24810628737768,94.67153536285132,-102.9095225412423,62.4965174194848,-0.24407371818998425,495.36975700000005,-2896.0528299999996,-321.46095,-92.23817199999999,3.1470666000000005,-91.28778
1854,0.0367778,-0.71811,0.893063,3.59619,1.77401,1.69823,-241.49311628071504,-175.40529940135022,91.81476779632904,-81.07639279998713,43.25957403952644,-6.158723339861219,223.4579322,-2920.41809,-337.112083,-83.27164300000001,-2.65709535,-86.60616499999999
1855,-0.331608,-0.533324,0.995824,3.71936,1.46907,1.63789,-280.47372691464545,-158.11114131312146,86.77216624138265,-113.81462825596725,71.10062462896437,-1.5660712710090303,631.428268,-2966.906976,-229.056734,-98.778689,7.8775598,-94.222736
1856,-0.356718,-0.660017,0.886009,3.39127,1.55035,1.56058,-286.0812648555908,-172.49295492870024,90.24486343767057,-98.88907769280931,91.13180210453308,-0.3634105136754224,616.131418,-2839.391983,-340.103949,-94.664575,-6.6939538999999995,-92.140111
1857,-0.241913,-0.540828,1.05751,3.38812,1.49617,1.4698,-271.5201154501361,-151.72438077079815,81.22650774231141,-113.86905924650468,71.56815818979113,0.288004684173845,546.439943,-2991.241172,-167.64061,-97.647173,-1.586530416,-92.728464
1858,0.281755,-0.430459,1.007223,3.00021,1.71498,1.52386,-193.5938446077782,-159.38138874492648,91.57126073339843,-88.41254440884221,20.660113247283814,-23.60821028634995,97.85842699999999,-3274.5211409999997,-222.820943,-84.11112999999999,-27.025100000000002,-89.100384
1859,-0.349299,-0.503994,0.769442,3.43658,1.69441,1.55445,-289.8261170045659,-182.8955766570955,113.85187051265075,-104.17805109966193,91.80731934499234,2.241491108643099,662.026219,-2988.856806,-458.47690200000005,-86.750702,-3.7862848,-89.41006300000001
1860,-0.154204,-0.534414,1.18657,3.46196,1.43321,1.53724,-256.3665276845161,-136.91112993548586,61.81297876989373,-113.91432291232002,56.21397790009581,2.486281597034792,465.247704,-3027.421286,-37.999884,-101.066417,-1.0248026700000001,-94.190037
1861,-0.311998,-0.446734,0.880593,3.12795,1.84451,1.68378,-300.00872293963084,-175.53937152541084,104.1866454665889,-89.22385264674745,125.6301639071551,11.354820288123141,653.143188,-3053.701866,-349.51242299999996,-75.70702899999999,-28.11649,-84.29214999999999
1862,-0.00826183,-0.855165,0.991009,2.965,1.68139,1.72269,-262.08006281756064,-164.94251710446625,67.79236631987901,-76.5007518480724,100.84286377420541,0.043215742768198936,229.80888183000002,-2772.354035,-237.845809,-85.279623,-40.361965,-88.164216
1863,-0.0997101,-0.644693,1.15711,3.78716,1.71666,1.59898,-248.13598895746182,-148.18808525925073,62.337808110233574,-81.85962610593097,33.033767086708586,-5.3400239463987855,371.9140801,-2941.6868069999996,-71.807604,-86.953286,13.718934,-88.627048
1864,-0.14773,-0.513845,0.906374,3.2263,1.49214,1.41365,-257.94101570553556,-161.70587851977223,103.29569609516047,-126.58012793148198,64.09277783671928,1.75054076272935,469.04016,-3049.042155,-318.57495400000005,-97.84705699999999,-7.6246407,-92.505831
1865,-0.236482,-0.678077,1.21522,3.34292,1.75521,1.70432,-276.77757617825654,-143.19246624350507,49.75674354897144,-76.21255407712158,92.60201180683877,2.5726435254948608,498.878172,-2863.317523,-14.207327000000001,-82.796074,-17.478498000000002,-86.823042
1866,-0.120591,-0.773086,1.20609,3.72587,1.51392,1.61638,-255.81591524339535,-137.55513449721292,35.56790211879271,-81.85905314813584,44.929001167199125,0.8776853984711516,349.48029099999997,-2814.6843139999996,-20.127146,-96.587986,9.362143999999999,-93.035938
1867,0.261127,-0.503057,0.790607,3.52622,1.74093,1.69302,-203.02415695783642,-180.34476855317303,101.70058159351625,-51.3266479076299,11.81393136936147,-45.784427155329446,87.717389,-3199.7852430000003,-439.695577,-84.614432,-6.446179000000001,-87.54928100000001
1868,-0.174914,-0.870484,1.03123,3.4775,1.55212,1.39968,-262.76589329833223,-157.91576270498183,56.85001834847054,-80.19346483769054,53.66918585302226,0.3401255088813057,368.550264,-2703.832916,-195.76563,-94.63825,7.487065599999999,-91.760923
1869,0.163137,-0.729676,1.07219,3.30032,1.3203,1.4096,-231.37181682972903,-148.8045878468115,59.40082645239297,-115.63491517109786,35.32720254905825,18.485451935864774,100.35336299999999,-2952.433224,-151.83537,-107.60222,-2.6444691000000002,-94.367817
1870,0.0550619,-0.727208,0.961033,3.3782,1.82992,1.48221,-240.49674267498256,-170.18794571888895,83.17571016134647,-71.74119144392063,43.37714497908729,-12.264161604775271,202.3014181,-2917.484492,-270.821843,-79.115846,-2.8687392999999997,-87.921241
1871,-0.0465717,-0.789785,0.970024,3.22603,1.29972,1.71691,-259.64556514604976,-159.59567496030542,72.46082643460495,-108.44257596882065,83.20664988228354,0.4882047321594816,284.21211170000004,-2822.429615,-252.852164,-110.22761999999999,-23.684888,-99.913976
1872,-0.364346,-0.430941,1.07623,2.98708,1.66765,1.55549,-308.24327237125107,-155.42454221175302,77.04735358462719,-93.7250090852952,135.9428312617148,4.790832440609989,708.057556,-3050.7816589999998,-151.39934000000002,-86.963521,-29.590628000000002,-89.73398200000001
1873,-0.371256,-0.439952,0.977592,3.48199,1.6226,1.74129,-301.05723570472026,-162.199768139175,92.17974191182736,-106.97637697108087,111.23689113567367,2.0364638912334847,706.835596,-3041.8751479999996,-249.019072,-90.766571,-11.881604,-90.431594
1874,0.134547,-0.760939,0.884542,3.18267,1.75443,1.56042,-239.20185805798687,-176.62913725174965,89.39058336513051,-80.16137920116323,56.806187077143036,-6.572226980607134,120.868723,-2913.1201610000003,-345.88408200000003,-82.38045100000001,-18.652528999999998,-88.20168799999999
1875,-0.0713762,-0.73407,1.12793,3.72751,1.84386,1.63608,-250.21754462717206,-153.25360512600236,59.70735887278796,-66.48831437816125,41.100038813898855,-6.555095542532722,316.38786619999996,-2867.37633,-103.00753,-80.640788,8.632323000000001,-85.474332
1876,-0.288746,-0.733539,1.17373,3.46181,1.74316,1.40295,-273.12210544532184,-147.08857925039467,49.51237704934814,-72.1010089392628,65.2140562417903,-1.2677837132859726,522.053826,-2793.194261,-55.740194,-84.153725,6.2767467,-89.760625
1877,0.0461504,-0.504273,1.19864,3.07542,1.90397,1.60431,-233.94611620325182,-144.38822916194312,73.16212677584508,-87.00364119061551,61.631351148837254,-12.080356744097303,293.8747096,-3123.087327,-33.492905,-72.159927,-26.471717,-84.081306
1878,0.18104,-0.893416,0.978057,3.04541,1.69057,1.42779,-241.48624078717347,-165.4639086980353,62.93425717496476,-69.4911861824419,59.0427278304362,-4.82508385760291,31.80976,-2804.6221840000003,-251.668577,-86.084811,-19.084787000000002,-90.225965
1879,-0.216062,-0.73013,0.904219,3.37792,1.71901,1.44216,-267.92652415907554,-174.01530379036285,89.2101016596643,-86.2318670405743,67.07903386494112,-1.5550876700763725,457.59756200000004,-2821.84907,-324.617589,-85.199968,-0.7388487899999999,-89.76333100000001
1880,-0.376578,-0.83846,0.951666,3.67755,1.23285,1.52,-278.3446157479393,-160.0895645797082,60.01217241979755,-98.34591370302529,64.38384039664574,-2.0432820889955416,568.282928,-2664.16774,-270.054916,-110.87804,13.253445,-97.45826199999999
1881,0.0257228,-0.822503,1.06369,3.25288,1.77612,1.54785,-250.1086826460972,-159.54296284315336,63.45106510617275,-70.75226628952484,62.855188999236695,-4.8017759344969875,201.00586719999998,-2817.476997,-167.13451,-81.49175100000001,-13.82801,-87.983255
1882,-0.0329883,-0.724101,0.832865,3.22821,1.65593,1.46711,-251.32679091854533,-179.0796777415242,99.09591545685153,-94.42287167976454,60.47512231826326,-2.3826850980971876,289.9298283,-2890.7617990000003,-395.136255,-88.40772600000001,-10.8273736,-90.486777
1883,-0.390352,-0.725877,0.828067,3.34563,1.63344,1.70613,-290.908434279568,-179.90530992430772,87.83729478253086,-84.26604884548044,106.8617854120547,1.75259768121387,628.487442,-2765.911423,-398.62863699999997,-89.801998,-17.710441,-90.141326
1884,0.0947908,-0.490174,0.833716,3.82603,1.48608,1.72429,-212.14621801411428,-159.21064732197752,106.0865735152427,-194.22810888698803,4.0746409262744105,64.20221277558927,243.2989592,-3155.266026,-392.04625599999997,-97.635293,8.953988,-94.374062
1885,-0.305282,-0.696032,0.751407,3.40171,1.39841,1.42375,-276.740333921573,-181.96222840882737,101.4691066442834,-109.47046225328535,73.38901806271689,0.25508883180137437,553.1781520000001,-2823.167068,-472.307997,-103.10004599999999,2.0799912000000003,-93.597442
1886,0.348957,-0.507389,0.836867,3.44554,1.37869,1.40598,-199.7061583662338,-155.42167742277735,78.10216888546304,-227.88536864635796,12.875908642636452,122.50868983928237,-0.47210212,-3225.882911,-388.175007,-103.94327,5.6359633,-93.740174
1887,-0.353711,-0.558204,0.90982,3.0895,1.29129,1.39682,-292.64392344101924,-163.30042006362132,88.91560135296707,-122.19814671432147,105.09421061407612,-3.639553965385918,650.318901,-2935.8159960000003,-311.50964000000005,-109.62554,-13.906755,-94.488076
1888,-0.0107521,-0.844153,0.894915,3.52839,1.66844,1.72423,-252.2211780367446,-174.0886423881396,80.80652967848052,-80.67188459662478,58.85537063142843,-1.062796602922018,226.7884521,-2785.124147,-334.01455500000003,-88.488011,-8.3021139,-89.240554
1889,0.0723084,-0.770823,1.09961,3.64894,1.39297,1.44439,-237.8153001937703,-147.6208570420712,51.95311996082594,-107.85701310219694,22.790599512698268,16.810237934461274,166.0906316,-2882.4522770000003,-125.75049,-103.00697199999999,15.060782999999999,-94.087007
1890,0.20604,-0.718161,0.992905,3.65161,1.88175,1.67512,-226.61684008793833,-165.78992168346474,69.19324812897386,-47.06023227774724,26.757644694625064,-24.420206073609357,63.239716,-2977.714839,-239.216045,-78.247309,2.3003659999999995,-84.20841200000001
1891,0.319282,-0.459198,1.01205,2.93163,1.57442,1.67863,-200.03331726725352,-156.5670200552439,90.04146342039914,-113.14713242463985,38.18895484839817,-0.3524005566841885,55.384409999999995,-3258.257302,-216.01242,-92.964691,-39.7958,-92.002858
1892,-0.271456,-0.618475,0.966259,3.35835,1.8128,1.60296,-279.07570989452626,-168.80539855923828,90.421907396366,-88.08080184546147,88.14440016072098,2.5562110959305087,550.879606,-2907.206625,-263.921199,-79.757018,-10.694301,-86.590718
1893,0.033524,-0.733399,1.07192,3.72635,1.24679,1.51624,-239.38692342581413,-146.98831163624678,57.51235755964177,-127.68650943387959,26.053536860188796,23.686705504282873,215.149126,-2903.935001,-151.33518,-109.92575,16.113674,-97.343417
1894,0.265037,-0.586859,1.02103,3.41091,1.53177,1.69204,-213.1156626034756,-158.27558020032401,80.38254091008372,-107.27947164470507,24.661020234902843,4.063313550664675,55.594788,-3122.719341,-206.37107,-95.761945,-13.101061,-93.037789
1895,0.182706,-0.799175,0.825513,3.07966,1.2371,1.45087,-237.54257228328802,-171.89994361073985,85.24466075956389,-116.39809495421214,56.60146925694279,14.348582063461205,61.916200999999994,-2892.880925,-397.464163,-113.17202,-17.182651,-96.31020099999999
1896,-0.341543,-0.439442,0.739018,3.48071,1.2594,1.58588,-291.3977402366097,-173.27103161448792,114.88319454388623,-138.4105604853432,91.79242244231892,-6.70933578098194,676.542793,-3051.690458,-482.325028,-110.36336,-1.73249678,-98.106543
1897,0.0406132,-0.751571,0.86306,3.05915,1.35339,1.50867,-249.11517382934036,-170.36269784640385,90.23168540838256,-113.03425973899907,70.81471868919411,5.379139775072367,214.0077468,-2888.3881290000004,-361.21545000000003,-106.58922,-22.094415,-95.57582699999999
1898,0.078657,-0.890056,1.19415,3.00237,1.64787,1.53324,-251.48148952323064,-137.69951986158586,24.026125702118378,-61.863399055865244,77.3172167061338,-1.638745237743424,131.539983,-2771.400844,-34.8292,-88.38920399999999,-27.494679,-90.29832200000001
1899,-0.361813,-0.730609,1.017025,3.0635,1.64967,1.61131,-291.4842568636745,-161.91271628381446,65.47016837621378,-78.44422468915614,118.1501998917222,2.0172812642525053,602.3141929999999,-2770.208791,-210.360435,-88.231576,-28.460438,-89.89627300000001
1900,-0.067847,-0.556977,0.988589,3.26715,1.46134,1.60261,-250.78190805537594,-155.58382447879941,91.39077902793223,-122.64390787893325,65.47131429180403,2.0076670324502097,380.643897,-3035.291823,-236.43868899999998,-99.847807,-15.993587999999999,-94.267026
1901,0.397162,-0.495343,1.12288,2.9001,1.75785,1.59199,-200.5461144938956,-152.568920560821,70.45375527826167,-80.45473359227019,37.06641593617786,-16.692495107561893,-31.099675,-3251.091657,-108.50242999999999,-80.49183099999999,-36.483433,-87.352325
1902,-0.355484,-0.740652,1.14879,3.15042,1.62197,1.41238,-285.6137312947641,-147.10691389983884,46.92111812508948,-76.86687187916098,95.97214955779829,0.2866313043389164,588.1653640000001,-2763.516048,-78.86804500000001,-90.408763,-12.106081999999999,-91.023247
1903,0.131026,-0.814186,0.753027,3.4335,1.48145,1.63239,-239.28550989607595,-184.14233281930015,94.28478885113802,-96.9410211893645,46.18670082329079,3.190458186406476,103.571264,-2862.525814,-473.529007,-98.50975199999999,-8.2735543,-93.920287
1904,-0.228327,-0.853151,0.877127,3.57978,1.60356,1.62576,-269.04894847973685,-174.47653481544316,78.59720442045607,-82.26929092944951,67.04580231282354,0.03291608155558872,426.89849699999996,-2702.250849,-350.02653699999996,-91.991852,0.31810819999999995,-91.046364
1905,-0.125679,-0.628311,0.953393,2.94821,1.6728,1.47819,-267.56670666373344,-166.61383499286288,92.97328845808356,-100.61253474056282,93.32623045988413,-0.8364954625791967,414.583489,-2947.466289,-274.772243,-86.73421400000001,-27.429526,-90.101142
1906,0.167504,-0.549125,0.996706,3.38624,1.25211,1.4405,-215.40061829045734,-147.68159056835506,78.16920494749334,-164.98033231894487,21.923427889767765,47.80043645327675,156.74614599999998,-3124.289575,-225.755856,-111.11872,0.864277,-95.624058
1907,0.0904942,-0.546351,0.869173,3.50375,1.4447,1.63026,-221.9392126484903,-165.58995941296408,104.27545392483417,-134.6777404500659,25.261365412640917,11.918496166972846,232.4252458,-3100.881049,-355.757453,-100.32143599999999,-3.9501588,-94.808384
1908,0.399254,-0.83151,1.15116,3.12064,1.84219,1.53912,-225.24632504198541,-142.9604183364771,22.563192563810844,-38.01998959461409,46.71307714967748,-15.55488740532964,-151.488864,-2936.48329,-81.89071100000001,-76.93309699999999,-20.620165,-86.787691
1909,0.376634,-0.784175,1.19631,3.25076,1.48724,1.60526,-222.67718228861878,-129.79900482452697,10.845346216692814,-68.68904526925874,38.573237641592414,5.409993552340161,-115.11632399999999,-2974.6410250000004,-30.888628,-98.418286,-17.129767,-93.75226
1910,0.137835,-0.855152,0.870237,3.02888,1.68016,1.51634,-244.87700501875767,-176.6188240114373,81.64362101716665,-78.321038763203,68.34011397202407,-3.231573637785064,87.979641,-2824.853548,-359.142027,-86.489013,-24.996405,-89.850615
1911,-0.143094,-0.747719,1.06726,3.22318,1.69326,1.61161,-266.9175454818502,-158.08363933895518,69.4224312470262,-84.3193339204276,84.53705788257732,-0.13782327874533412,387.699114,-2829.571581,-161.65035,-86.047304,-19.226609,-89.037736
1912,-0.256112,-0.562757,1.09695,2.83669,1.91135,1.62059,-291.20809120642144,-157.97133961110953,72.24883205040655,-69.77193550205601,129.79671299334643,10.158312524551445,563.114242,-2961.1352429999997,-134.54506,-68.950007,-40.742211,-82.35920200000001
1913,-0.0388679,-0.4207,1.15715,3.21563,1.49831,1.48514,-224.34391651465435,-134.39813704604205,75.05919003552324,-127.82573817809642,35.3580849742158,5.4902248323923315,398.4369979,-3174.6014999999998,-68.344021,-97.545011,-12.343804,-92.851189
1914,-0.397793,-0.865764,0.892152,3.11007,1.4271,1.3966,-286.5230153156367,-168.52980585978034,65.44037457086698,-85.23721230822719,98.230749186204,-0.9907758080740735,586.1745129999999,-2631.5033359999998,-332.136282,-101.652092,-13.184486999999999,-93.049225
1915,0.117779,-0.5767,0.855359,3.52401,1.42934,1.47294,-220.99039453975365,-167.56494493278004,101.68625764863798,-144.09315589745074,15.185616106367828,25.999105869651366,193.19255099999998,-3081.3862,-369.64981900000004,-101.110152,6.2548405,-93.781448
1916,-0.344658,-0.590748,0.982108,3.59227,1.2425,1.46595,-279.6584079721743,-156.2364234074534,79.65201972129192,-121.7157162508213,67.58839334481243,-1.316496585027995,623.246428,-2907.790552,-239.47844800000001,-110.96694,11.30514,-96.235377
1917,-0.0955067,-0.795197,1.15706,2.93339,1.39751,1.69713,-269.7290493825571,-140.5270665805565,39.01808207373198,-88.76032979048662,108.73020078197632,-1.3144167482316702,331.78355669999996,-2799.1840030000003,-66.76618500000001,-105.60195,-40.07552999999999,-97.800614
1918,0.221723,-0.548402,1.13026,3.47472,1.29659,1.47191,-210.79461057540067,-132.87120452201845,50.13082769341235,-168.0084142662113,15.728951983490385,64.73219873608528,104.606267,-3144.056498,-93.18175600000001,-108.3383,3.9702336000000003,-95.65867999999999
1919,0.324846,-0.845006,0.862589,3.0547,1.51021,1.5985,-231.62219938620123,-173.9104525138539,76.20567858358001,-86.37109578479108,58.21251198529164,2.403300119565994,-83.385976,-2898.137494,-364.774839,-97.109194,-28.077487,-93.268815
1920,-0.198949,-0.869777,0.832978,3.3392,1.75158,1.57894,-269.7382167072792,-180.9142886015331,82.51967348592169,-71.25646914923996,78.83498190543537,-0.010262590843265253,396.580729,-2696.245523,-396.482078,-83.216182,-10.677390200000001,-88.101228
1921,0.193349,-0.485933,0.790916,3.07098,1.63491,1.45616,-206.7266102299718,-176.30427018191048,116.03483971209918,-110.84097729923828,24.42381570771868,-8.411249615638537,160.866861,-3192.707767,-437.51217599999995,-89.340665,-19.180688,-90.82374
1922,-0.0275703,-0.413773,0.910593,3.14822,1.29641,1.61721,-231.7173103801929,-147.95661031001785,103.08198283757667,-154.32503620289697,55.47337265410971,10.99488820122196,393.6795103,-3183.100727,-311.408853,-110.22446,-22.615407,-98.460632
1923,-0.238729,-0.457941,0.888082,2.81569,1.59563,1.55104,-294.1805962475602,-168.96181603730898,102.85337267731947,-112.09059825041861,131.66455540547292,0.6939206448388426,582.9445390000001,-3066.353159,-338.756972,-91.437509,-39.140972,-91.30172400000001
1924,-0.20894,-0.679189,0.996692,3.34126,1.70483,1.73367,-274.37287231209245,-164.67093510957426,82.83537323103877,-90.64421502087676,92.09952782050905,1.7669961106055074,473.43494,-2871.894711,-231.589902,-85.553656,-19.410704000000003,-87.98798000000001
1925,-0.317313,-0.428351,0.733525,3.13738,1.54659,1.67063,-302.2633118634706,-182.18453603333813,117.15611811717022,-116.73614005333933,128.16263736163333,-1.1292654367351447,664.699043,-3069.885549,-492.097195,-94.84102999999999,-27.506615,-92.634415
1926,-0.267156,-0.430773,0.809217,3.3656,1.41589,1.49589,-279.7947719274154,-166.95130713419493,113.52241978045053,-135.29195120644616,82.56149940496624,-0.9037034119480423,609.758766,-3085.865027,-414.278947,-102.11638,-4.0874790999999995,-94.12971300000001
1927,-0.255832,-0.660149,0.804758,3.33327,1.57207,1.64238,-278.15553967554615,-179.75290315080292,102.19103346614824,-102.37667179177062,91.22404830954915,-0.028758757089898977,523.644482,-2874.0793510000003,-421.17771799999997,-93.3567,-14.710635,-91.819226
1928,0.367816,-0.529678,0.793352,3.3299,1.40649,1.68902,-202.03924250800654,-174.87645935644446,103.73916542859172,-136.84753162022636,20.01708271380849,24.703705590640087,-18.867152,-3210.942422,-431.956202,-103.03226,-16.987303,-96.376297
1929,-0.0161932,-0.715996,1.11099,3.32326,1.70855,1.48259,-247.72231342937735,-153.72113868682908,66.73010256770645,-83.21352537582511,52.520348178005456,-4.59949318492605,274.7268832,-2903.9338040000002,-118.49044,-85.662678,-6.1968513,-89.673143
1930,-0.165747,-0.625017,0.947164,3.74229,1.60182,1.71993,-258.6108033680435,-165.58881349737385,92.76243998947541,-105.33084218346515,52.6996839678814,-0.16317666117987306,444.880857,-2938.565783,-279.591094,-92.322012,4.2390297,-91.037667
1931,-0.30965,-0.544752,1.15285,3.09765,1.40166,1.44646,-289.0955958157741,-141.8190864085765,59.56354646621012,-107.73325421844869,104.25597335979973,-2.1090977509222197,613.40124,-2964.0153480000004,-70.611101,-103.31429,-16.640073,-93.920047
1932,0.0614155,-0.681027,1.03176,3.57403,1.88797,1.44001,-234.66059457377997,-162.34128871457233,71.2163621035808,-49.67068528814279,26.60982158348131,-28.301078403148477,209.1125145,-2962.8213729999998,-200.18527999999998,-76.79762899999999,10.794644,-87.660905
1933,-0.0389072,-0.442955,1.15299,3.41882,1.52,1.44186,-222.25491239360738,-137.48924435077288,75.0122074963225,-126.09998929916236,19.113413679328158,7.257198024686033,387.1471072,-3154.046645,-72.877095,-96.272331,1.7630051999999998,-92.325861
1934,-0.0505949,-0.446499,0.969316,3.02159,1.51063,1.46466,-241.52462895944723,-151.6636472445143,100.12552061470161,-132.3223109542831,62.3217652919699,2.1626349272992433,403.44236490000003,-3145.098801,-256.109506,-96.854033,-22.39088,-92.647752
1935,-0.0271565,-0.546686,1.09296,3.75635,1.65009,1.49762,-231.686943617051,-152.09737629542832,75.94211799781984,-86.71487046186958,12.69296321865118,-14.14025460915164,336.9901365,-3059.233314,-135.15207,-89.865225,17.815049000000002,-90.33242299999999
1936,0.278101,-0.536738,0.720428,3.53952,1.23422,1.48653,-206.59998655724792,-166.95760966994135,98.96470812176658,-209.1210008558235,17.852734642701808,89.68852141859855,56.034203,-3173.6843620000004,-502.102118,-111.3765,7.1773437,-96.82267300000001
1937,0.285707,-0.602667,1.06827,3.29586,1.45976,1.62346,-213.9367111238981,-152.25608560467955,71.15161787273102,-112.09518191277964,28.651327503311943,10.600578646612927,31.536927000000002,-3114.7967329999997,-158.07661000000002,-99.935319,-15.557544,-94.559371
1938,0.0847801,-0.503842,1.002476,3.28675,1.49427,1.7426,-223.7572077324404,-152.65257239891008,92.93490028580979,-126.38073861877648,45.36817331716689,3.6093934670502317,257.0903099,-3137.823258,-223.369956,-98.10345699999999,-22.927454,-94.383411
1939,0.0820598,-0.486429,1.1696,2.89851,1.25376,1.50552,-228.30076304782781,-131.7722714709575,61.65598833402789,-130.18174063167436,60.72779670591596,14.699003050963217,267.28286019999996,-3151.612971,-52.607277,-113.42763000000001,-30.503317,-97.67619400000001
1940,-0.133244,-0.760027,0.899874,3.14261,1.91516,1.52809,-266.0351904773487,-177.78307425114315,88.92935234005022,-71.3000139416699,83.85924881093754,-2.215375692341036,374.59090399999997,-2820.811173,-332.05969400000004,-72.695231,-18.440408,-85.64904800000001
1941,0.074316,-0.474799,1.20615,3.09562,1.45285,1.50561,-219.14203269266162,-132.32861349002954,62.73429490446409,-121.29058156683422,38.52304653873895,8.807507226751014,275.338614,-3162.085701,-18.936445000000003,-100.377038,-20.254837000000002,-93.846081
1942,0.352237,-0.431489,0.772787,3.32162,1.50725,1.56939,-189.86961893942785,-163.26546963811833,102.23515121637331,-218.36968558482525,3.621305259611001,98.72234697442624,27.562058,-3299.190411,-453.724107,-96.99329399999999,-11.107913,-93.075142
1943,-0.00204563,-0.894226,0.881551,3.20789,1.30045,1.52506,-254.83443854033627,-168.03706215596782,72.94726760267102,-101.50291115419613,69.04943572239604,4.964318331397651,203.43797563,-2740.418174,-341.630161,-109.22319,-14.242219,-96.455396
1944,0.167719,-0.695042,1.16046,3.55623,1.53798,1.50561,-226.7795601017555,-144.73200383902162,50.22003722211422,-90.71812657644863,19.303234596855,4.118861808902608,105.716391,-2987.084558,-66.82028,-95.375721,5.9773618,-92.205768
1945,-0.109994,-0.506778,1.016594,3.54887,1.30603,1.60098,-246.24293640234953,-147.85519678027973,86.33328057031244,-138.13210299690965,45.55507214993857,7.855824329038718,432.72291399999995,-3068.252122,-205.968424,-107.54285999999999,1.0154747000000002,-97.452798
1946,-0.0916287,-0.428314,1.07246,3.30674,1.53493,1.43602,-234.29332862710112,-143.3448730170099,87.88886098409263,-127.92485987665403,37.10079340388571,2.301829294048326,443.5387787,-3149.3968860000004,-153.19193,-95.41836,-4.403,-92.100863
1947,0.389599,-0.426968,0.782725,3.11726,1.46098,1.47941,-188.68875292366323,-170.66751139341343,108.04150551222908,-170.131222897171,7.9075624179390305,52.590134437452384,-4.894529899999999,-3316.0248319999996,-443.58947500000005,-99.734827,-17.537855,-93.502889
1948,0.143269,-0.873824,1.04406,3.37897,1.76742,1.43156,-239.46771047492757,-158.77405348208782,51.54746584187331,-55.19027420753557,38.91764257224555,-11.205392895153024,68.42862199999999,-2810.5254760000003,-187.14071,-82.57604699999999,-0.10690130000000009,-89.276224
1949,0.298601,-0.827928,1.16378,3.28098,1.82659,1.39916,-227.94323738366617,-138.8672078480625,16.010159669340595,-29.655264151940173,32.86113490303567,-21.570829662644257,-60.505846999999996,-2905.879572,-68.966123,-78.952243,-3.7841264,-89.16261899999999
1950,-0.357684,-0.416852,1.08098,3.3054,1.24861,1.64935,-302.60594062495886,-144.0776860369822,70.50360260643806,-126.71133526656696,115.7059619376941,-12.284730789620466,702.650984,-3067.383048,-139.94483000000002,-112.22298,-15.104930999999999,-99.66769599999999
1951,-0.047883,-0.454404,0.94907,2.88496,1.53673,1.47996,-249.92304432047482,-155.13978218757302,102.39901714578072,-129.18250223696617,79.40106420702462,0.80226123432013,400.953593,-3137.068796,-277.00063,-95.30647300000001,-31.068043,-92.40871800000001
1952,-0.24849,-0.737774,0.911961,2.87311,1.77388,1.48364,-282.1662442414619,-174.35564072067055,83.66673499177358,-77.16996655278518,112.35129404720313,1.5139894074316385,494.29044,-2801.158126,-317.70732100000004,-80.14148999999999,-31.909592,-88.25721899999999
1953,-0.331788,-0.478107,0.828308,3.63784,1.45459,1.48532,-279.97697250626703,-170.35181164829635,108.64311119711644,-124.67160551590122,66.57253917404549,-0.6904427910223986,649.759748,-3018.266993,-396.254308,-99.76496,11.973694,-93.463949
1954,0.0257961,-0.604399,1.05954,3.00264,1.60835,1.60364,-247.4003111485138,-154.399520716264,82.27559346519595,-105.698108130144,77.20377106269791,-0.8255405095362953,280.1456039,-3021.384801,-168.24353,-90.785487,-31.508107000000003,-91.012311
1955,-0.145866,-0.584857,0.968048,3.19125,1.80274,1.64347,-267.9219404967145,-166.71524852260103,95.64670953016397,-95.66447122181303,89.13504418850218,0.42994752946616976,447.05746600000003,-2981.540043,-262.128638,-79.12991,-22.5442,-86.10025399999999
1956,0.229232,-0.763813,1.019697,3.04875,1.47351,1.41392,-231.2761328779422,-158.4446027498876,67.72819504682435,-96.78574962688405,47.82914163881281,5.511470107435781,31.018693,-2942.657687,-206.907747,-99.011623,-17.747980000000002,-92.79628000000001
1957,-0.0124351,-0.624985,0.907524,3.70189,1.65945,1.45419,-236.51239416764275,-171.16827650635778,93.58062372092222,-88.4400463830085,18.085928465320055,-10.639024114666203,296.0242851,-2990.370315,-321.092884,-89.201909,17.084146,-90.370317
1958,0.0723461,-0.874145,1.18723,3.07477,1.39791,1.5667,-250.96640046540804,-131.66913906783395,17.798933905739023,-76.3987653605391,74.79562944976306,3.3276128234048925,142.09246389999998,-2784.1972549999996,-38.0669,-104.17275000000001,-24.701363,-95.512479
1959,-0.345676,-0.531343,0.831576,3.49132,1.90729,1.60005,-287.40135961557223,-181.73820191093122,107.61522491265174,-87.80349027261813,88.00345254311878,6.151217592745005,648.648036,-2963.798457,-399.194096,-75.466532,-2.5316710899999997,-84.757316
1960,0.174315,-0.666775,0.786912,2.88986,1.45548,1.66183,-237.87087709989797,-178.27352612377513,104.80314805414966,-113.08181523599492,77.6294787044801,3.007398170862178,121.801075,-3012.7315249999997,-438.569102,-101.483152,-40.968818,-95.69964499999999
1961,-0.192895,-0.673238,0.956527,3.07381,1.77244,1.74272,-278.72219493493054,-169.88943470762578,86.41292170383562,-84.0741079841116,112.01382190587107,3.8953395138661717,464.46785500000004,-2880.018562,-273.531907,-79.52909899999999,-34.907056000000004,-85.183918
1962,-0.372316,-0.643801,1.1533,2.95291,1.83057,1.68158,-298.12483770924075,-149.91555301157015,48.019420922575755,-57.67565053125406,133.7375167082562,11.561944531062935,644.464806,-2845.9003989999997,-76.937061,-74.947934,-37.996955,-83.87229599999999
1963,-0.316854,-0.429997,0.997349,3.13505,1.64571,1.5836,-299.83855447447706,-160.29067276579912,91.55178016836398,-106.25846085378195,120.81273476569511,2.4972422796556444,661.798954,-3068.9665029999996,-229.801609,-88.702821,-22.764308,-90.179468
1964,0.244406,-0.561489,1.11575,3.08424,1.8819,1.59884,-216.30073498660786,-154.9128909007012,75.05002271080114,-74.21006658313935,44.34343830057542,-20.257610396204413,87.054517,-3137.316411,-117.28490000000001,-73.796493,-25.81637,-84.89150599999999
1965,-0.183134,-0.621249,1.1998,3.12272,1.29423,1.60863,-273.9706559399106,-133.49171781414512,44.74989456044123,-107.22102994960173,96.93414569582293,-1.7258405521812603,469.357824,-2933.816251,-22.70879,-110.56633000000001,-23.665564,-98.30777400000001
1966,0.0895189,-0.830775,0.780393,3.29362,1.42531,1.74285,-247.34817198915692,-180.41868010874492,91.79643314688484,-100.23495555357161,68.59393427526703,1.9288280398402085,141.80881109999999,-2831.461225,-444.409213,-102.260779,-22.257664,-96.40157400000001
1967,-0.163287,-0.702232,1.18645,3.68326,1.72621,1.58483,-258.76836676170444,-145.4848703818235,53.02311864323275,-77.3727936122615,48.63655376371116,-2.183164005098781,414.235267,-2866.183368,-42.596671,-86.054506,8.65861,-88.56821
1968,-0.0901751,-0.583251,1.1527,3.20138,1.6952,1.49524,-254.465453720272,-147.1521775656542,71.72686749904237,-96.82986737710912,66.81260849020529,-2.676853089273255,391.8031251,-3003.132849,-76.147712,-86.063708,-13.907377,-89.779004
1969,0.182713,-0.658147,1.20028,3.33695,1.75389,1.71258,-227.99652245861336,-144.808207225774,54.72451681587373,-75.45567682975377,45.6169515918127,-8.209625767532,110.81229699999999,-3026.092053,-30.392805,-82.802492,-18.275167,-86.880818
1970,-0.319829,-0.883325,0.951847,2.85516,1.46514,1.59437,-286.8398609763441,-162.35618561724573,54.44107459462251,-79.13807657905956,124.43841169328299,-2.3319554149163046,513.335829,-2639.3262750000004,-272.850957,-100.472539,-39.098161,-94.681296
1971,-0.196023,-0.413584,1.09462,2.91858,1.47533,1.54547,-286.5212964422513,-145.03910921721175,79.66920845514584,-120.6580361610098,117.72907591230103,-1.6517456501149426,555.543413,-3124.5422160000003,-130.06602999999998,-99.368986,-32.756508000000004,-93.910546
1972,-0.0768687,-0.854177,1.17557,3.17421,1.64866,1.63133,-262.7676121717176,-143.15121328225567,37.184216058856755,-69.55879520226733,84.33193899192048,-0.3380021272925509,290.29654869999996,-2752.458623,-52.591351,-88.564334,-23.183517,-89.94197700000001
1973,-0.183462,-0.544129,1.07338,3.56155,1.76038,1.41561,-255.97863525721252,-155.32885825996618,83.43296821136022,-93.63734654264017,43.517347751555796,-6.162848635986161,486.265772,-3007.368771,-156.01964999999998,-83.470158,11.324068,-89.486109
1974,-0.158476,-0.68012,0.727995,2.80079,1.38143,1.55511,-276.66527645041083,-183.46165895868472,105.391575709749,-113.2302113049338,115.12670160681682,-1.2410609617210708,431.363266,-2884.79048,-496.080865,-106.18874000000001,-39.608911,-96.431353
1975,-0.395613,-0.894687,0.815011,3.20995,1.72815,1.66699,-288.1547991161693,-179.67440793287,69.91861269760949,-60.70373247852046,109.41259351597714,3.776015323452226,577.063883,-2604.991113,-413.220141,-83.665278,-23.061156999999998,-87.688568
1976,0.0114842,-0.409816,1.0942,3.06857,1.29206,1.43524,-215.12273375981889,-132.64545915073688,77.39399305068135,-153.28225301575887,35.05974585029118,25.11858433009432,356.02952580000004,-3201.582584,-127.97627,-109.7725,-17.239752,-95.23330499999999
1977,0.152831,-0.647673,0.821652,3.42313,1.8285,1.68069,-228.16038838802078,-182.33064027109648,102.63851350414541,-77.90850915070882,39.95418051941672,-13.381200122162324,141.35203900000002,-3025.511527,-409.924152,-79.230175,-11.2603393,-85.414676
1978,-0.17952,-0.830097,0.983288,3.82126,1.83202,1.50033,-259.78479389026654,-166.2500067929548,64.79465113575455,-59.24784672109304,37.38744418878966,-6.059315162406021,383.15328000000005,-2738.944403,-246.77482799999999,-81.243433,21.521166,-87.193707
1979,0.00707412,-0.805274,1.20863,3.52437,1.63228,1.64154,-248.21161938641907,-139.20983660955073,34.92521535999446,-71.4782038159556,50.320877794057246,-1.4419800717395967,221.97482588,-2828.565926,-19.552177,-90.391581,-3.7771008000000004,-90.39450400000001
1980,-0.0204516,-0.848791,1.06152,3.02588,1.47726,1.66985,-261.0447280817593,-153.77958038193242,56.20011232145365,-87.74848632428558,93.3141983461864,0.262620362018369,241.7023416,-2775.0969090000003,-164.20255,-99.50906,-33.649629000000004,-94.678055
1981,-0.132402,-0.871473,0.864213,3.35571,1.68197,1.45126,-261.73571518268704,-176.98379812693565,80.07257074291793,-76.08306561542202,62.6787179983364,-1.9095995762356182,331.561072,-2717.757227,-364.323923,-87.282083,-2.55131587,-90.20832300000001
1982,-0.117892,-0.432581,0.868682,3.71324,1.86206,1.45614,-232.98641189640767,-168.8598295497757,108.25292693863234,-70.37697893371414,18.66639200756709,-38.30005136487404,461.07262199999997,-3134.261319,-361.790502,-78.902353,17.853225000000002,-87.632785
1983,-0.258124,-0.422502,0.893806,3.75096,1.22786,1.58182,-265.7280850991586,-155.36610051664968,102.12227853073254,-147.33896180686685,51.616793735084144,1.5133018580774817,598.392654,-3095.586998,-327.756466,-110.41994000000001,14.108827,-98.846989
1984,0.305503,-0.641189,1.08052,3.69222,1.37287,1.50416,-213.8679561884824,-133.39603386235825,34.91215192226548,-183.42556261759148,9.854243822675516,96.02944533731136,-8.3533437,-3085.063311,-144.82318,-103.668513,14.230345999999999,-95.021849
1985,0.0494472,-0.55454,0.925757,3.04892,1.85966,1.66767,-241.37737880609862,-169.47862396851698,104.37171083441616,-97.6549266020975,73.14665691537655,-6.745661305193234,274.5515628,-3075.77036,-306.051927,-74.19832199999999,-31.752244,-83.847243
1986,-0.37711,-0.775871,1.13729,3.12453,1.7705,1.56864,-289.5871936039963,-149.53281720442277,42.29700494370666,-60.58513021492838,109.99414567803491,3.9858267384511823,599.44753,-2722.434329,-92.304251,-81.06825,-22.279701999999997,-87.606236
1987,-0.0203214,-0.830652,0.934331,3.60092,1.23423,1.51699,-249.1564267905898,-161.8164593742325,70.14951468904721,-114.8453793294076,41.503515693229986,11.612651295932013,236.1772314,-2794.150948,-287.99184099999997,-111.16765000000001,9.07361,-97.40246800000001
1988,0.354799,-0.802374,0.87043,3.09738,1.29887,1.50435,-226.0530496175296,-168.79164757215514,74.34070096042919,-107.10873022175609,46.90140837693698,15.757026915451794,-99.449278,-2948.740726,-354.05391,-109.70093,-19.33594,-96.407537
1989,0.258155,-0.403816,1.13363,3.36192,1.8162,1.41153,-189.6679377955418,-130.46019812010792,35.031670918329766,47.02172951391445,18.47657109004025,-130.00125892620812,121.848395,-3292.469184,-98.10905,-79.732958,0.050906600000000024,-88.956108
1990,0.282261,-0.693339,1.08733,3.06934,1.68122,1.62261,-225.4078991402123,-155.77805717134876,66.66994199921773,-82.95798619919675,52.75056262008901,-5.325625517007148,7.4594957,-3026.1491610000003,-142.75406,-86.220952,-28.7116,-89.208142
1991,-0.366503,-0.556612,1.16834,3.71035,1.22439,1.63459,-284.2495187845576,-137.05035867970267,50.810298342657994,-111.04265844312432,74.35846265207825,-6.267757208274615,655.781853,-2932.8863880000004,-53.391232,-110.72378,8.877652000000001,-99.785629
1992,-0.103776,-0.660793,1.13072,3.62918,1.39653,1.68925,-253.59455787167312,-144.7451818683096,62.204881901763216,-108.5829506286277,52.5595384911924,2.044015474973309,374.33016599999996,-2926.041207,-93.693421,-102.57773,0.0695367,-96.389514
1993,0.101049,-0.547882,0.921145,3.17054,1.89792,1.41737,-224.15885114682712,-171.27599257184238,101.26799845819248,-78.46427821198571,37.89542856995265,-25.29522721833315,223.01762100000002,-3101.4461180000003,-311.524225,-74.353053,-11.0098606,-88.12398400000001
1994,-0.392478,-0.894776,1.09361,3.74138,1.84091,1.65843,-279.9145201065978,-150.7938973115057,33.98315815324036,-49.66524218908904,70.0544036950555,4.146976847909677,565.0194779999999,-2606.2308239999998,-136.46306,-80.97900600000001,8.183236,-85.169986
1995,0.0710626,-0.771408,0.834728,3.22216,1.26091,1.56376,-245.10160447444895,-171.21010242540234,89.34245491033953,-118.38052892536477,61.36779056307708,8.486650861477754,176.4682274,-2880.499892,-388.212268,-111.67724,-15.305371999999998,-97.966885
1996,-0.200312,-0.799534,1.05685,3.09015,1.67314,1.45166,-272.1520878981654,-158.56435092906992,63.69743695807902,-79.27730532327635,88.2469596060494,-0.5279364904628285,423.131322,-2761.203266,-171.86749,-87.22432099999999,-17.797818,-90.28963900000001
1997,-0.0565667,-0.699049,0.953186,3.38602,1.90902,1.50719,-251.14229850851322,-171.86270135405633,88.74485993001808,-73.72649020404894,54.934047481553065,-8.970055353229629,317.7292967,-2904.722851,-279.393236,-74.772029,-3.528635,-86.376373
1998,-0.219188,-0.832026,0.921093,3.73471,1.51505,1.41329,-263.0684150141613,-168.817430672936,72.62755715298802,-87.91922774723457,40.054562725123645,1.3103315591523874,419.993698,-2723.853374,-305.158993,-96.648115,21.52409,-92.175978
1999,-0.353268,-0.475277,0.945344,3.34208,1.51229,1.54816,-294.63896248366484,-162.78303917461818,94.16446771416054,-114.73479847494735,101.76532582436604,-1.4008073245814958,676.677908,-3015.040023,-279.546704,-96.756069,-8.7511232,-92.854694
2000,0.195331,-0.784616,0.901083,3.72379,1.90377,1.48301,-230.02078234881054,-168.83060870222403,59.346395461855536,-12.207839853513912,18.706269870108194,-46.17134555438128,46.628415,-2910.095284,-331.89918300000005,-77.069948,17.096422999999998,-86.55837899999999
2001,-0.32756,-0.798516,0.912226,3.30852,1.29342,1.67712,-283.53847816080025,-165.13617683922047,71.24730182451788,-101.98534161769626,99.28212674026905,-5.392833466375993,544.10821,-2718.835184,-309.430476,-109.7077,-16.842185,-99.10731
2002,-0.0581079,-0.635771,0.741074,3.28817,1.49613,1.73557,-256.1476578067761,-181.68663570936943,113.506949919982,-116.1649011315939,77.15965331247283,0.2866313043389164,347.3767679,-2964.1600289999997,-484.392104,-97.97748299999999,-22.506354,-94.261293
2003,-0.00720641,-0.77589,1.1802,3.30549,1.29464,1.61773,-252.0452799936394,-135.15272246222938,35.85214648095711,-97.85374295700791,65.91879432980122,4.4610264745767845,247.98639641,-2850.22251,-42.791563,-109.45038000000001,-13.736286999999999,-98.01992
2004,-0.0992517,-0.475699,1.15261,3.56546,1.73688,1.69024,-243.0836471199982,-144.05190293620132,78.10789846341434,-101.96414217927642,45.93792254864499,-4.572088613584943,434.4026617,-3102.049701,-76.25133,-84.959535,-4.0737757,-87.608844
2005,0.389284,-0.485777,0.742569,3.1811,1.44596,1.44787,-195.69659971590832,-176.89842741546116,108.84192755202683,-160.63960406303377,9.528918386600234,47.96235432618072,-25.358636,-3260.4644230000004,-483.024819,-100.490619,-12.039451999999999,-93.33443799999999
2006,-0.25947,-0.468648,0.874466,3.6614,1.81857,1.74352,-275.08162110466924,-171.36881173465358,110.55850910623879,-106.45555833530696,74.73947958584024,3.7170694254891674,587.92583,-3052.030952,-355.286796,-81.513756,-1.2966527600000002,-84.920052
2007,0.319968,-0.75886,0.98164,3.7791,1.74922,1.71612,-221.3576604864325,-162.40660590321724,54.27778162301023,-38.58716051601409,15.052861785236015,-26.290970570491005,-59.179364,-2979.17474,-249.09499,-85.637001,6.733911999999999,-87.04546400000001
2008,0.331327,-0.776714,0.802271,3.66648,1.73584,1.49016,-221.5249641626107,-175.55083068131347,62.766953498786556,-15.240161688464278,10.391449051390175,-46.77913918345606,-77.369604,-2965.702486,-428.586121,-85.34676099999999,13.038801000000001,-89.11
2009,-0.258872,-0.481473,1.06196,3.02453,1.36702,1.39805,-285.3559002869552,-147.7967550851764,78.40010693893106,-122.46228025787677,102.01227063406742,-1.1731711925760198,587.755702,-3040.224427,-161.10747,-105.30068,-17.98596,-93.779819
2010,-0.1045,-0.708113,1.15391,3.50285,1.37077,1.64854,-256.9211508302027,-141.768666122605,52.8639509677454,-103.37992089104469,60.82004291093202,1.9068780267087466,360.61213999999995,-2881.500487,-69.73568399999999,-104.32609,-4.7252903,-96.54577499999999
2011,0.138503,-0.843275,0.722504,2.99821,1.26052,1.66176,-247.65756919852757,-182.4761715510597,92.85468619449148,-108.16239960700169,81.84358328766731,5.1679532613650965,94.174861,-2834.2533249999997,-500.462934,-114.17699,-33.271607,-100.852352
2012,0.0370023,-0.763349,1.14796,3.48769,1.64587,1.64283,-244.379104694789,-148.41325767273713,54.062234900482004,-80.26966822444294,48.70599624848102,-2.1385764294817005,208.0487177,-2877.899551,-80.834475,-89.595831,-5.973896399999999,-90.125173
2013,0.0154513,-0.508025,0.991712,3.00536,1.22557,1.6586,-244.637508660393,-148.1072982101373,87.25918036724386,-139.15254083003765,78.61038244974408,6.845126778427946,323.0549887,-3107.303675,-229.74918200000002,-116.32802,-32.347367,-101.69416000000001
2014,-0.233321,-0.712563,0.787654,2.87228,1.25886,1.51802,-281.7605901225093,-175.9398690242073,93.67974541947986,-116.59347356235175,113.67711838513586,-2.962787676933292,489.255001,-2829.881937,-433.81244399999997,-113.37556000000001,-32.721092,-97.886462
2015,0.239113,-0.536845,0.951124,3.63437,1.86591,1.57701,-208.41511685222233,-160.49120799409488,69.83667973290578,2.850459301197894,14.847227232563561,-84.12510122787825,92.288921,-3160.286255,-281.109394,-78.742073,6.5570407,-85.875984
2016,0.0515885,-0.882275,0.96376,3.39115,1.44005,1.49812,-247.05367168245965,-162.7962172039062,64.83647705479909,-91.7024680684834,48.83451068192887,4.479527281781559,153.9103915,-2771.094525,-261.48641999999995,-100.753462,-2.8761403000000003,-93.707633
2017,-0.147827,-0.470512,1.002553,2.97174,1.58672,1.45653,-268.91029269331517,-154.8240824424559,94.7420091716524,-119.01708503575513,92.03592950524953,-0.17142782638755205,488.444537,-3088.406988,-224.134493,-92.15244,-24.813147999999998,-91.507021
2018,-0.262025,-0.673143,0.888484,3.11483,1.59165,1.53245,-281.0856458398452,-172.82928115444204,92.0485345767424,-98.00672268830783,100.37189246660787,0.13784390522595882,526.335025,-2858.828657,-338.46297400000003,-92.020709,-20.988367,-91.38269799999999
2019,0.12526,-0.735616,0.778229,2.91696,1.31435,1.40994,-241.09605652868936,-177.31439477472614,98.90741234225348,-117.30566010169935,65.9445774305821,9.825080270903356,140.48529,-2932.999384,-444.930319,-108.70488,-24.642157,-94.742323
2020,0.109303,-0.551424,0.757313,2.92253,1.40939,1.53147,-231.54542304165366,-174.0662970341295,116.23652085598523,-132.37960673379618,62.335516279053046,6.751161700026491,220.937537,-3100.0103759999997,-467.319233,-103.54513999999999,-31.465387,-95.124226
2021,-0.0672388,-0.607994,0.843162,3.81989,1.74892,1.66474,-242.6854414523823,-177.27199589788646,104.08122123228482,-90.66083079693556,29.701215367109665,-7.717970683530241,355.2099488,-2987.957406,-385.588612,-85.676881,11.880891,-87.32932
2022,-0.277038,-0.583671,1.12563,2.90803,1.25914,1.41603,-287.3228643976393,-141.72569428797019,57.26730351066432,-114.23116857302736,111.35492044147063,-2.8174168251526996,571.8010079999999,-2937.363629,-95.751323,-112.15017,-25.193633,-95.418391
2023,-0.342086,-0.78697,0.975168,3.22121,1.59442,1.4103,-282.0654036695189,-165.0886213422246,69.94324988280012,-83.51547413385904,88.26987791785463,0.02263784896451639,559.2533559999999,-2725.86463,-251.163378,-91.94342,-7.8657968,-91.32164200000001
2024,0.239606,-0.804794,0.90449,3.75172,1.43762,1.57137,-228.12085430015676,-168.0680018769049,71.56529340081548,-109.59536705262387,14.323772990932042,20.934846510049045,-0.8955025,-2907.571606,-322.07138000000003,-100.269435,13.721250999999999,-94.55932
2025,0.364113,-0.427068,0.819399,2.8237,1.27061,1.55948,-193.87115618062154,-165.19347261873355,106.14444225255092,-149.75283299775302,35.66885728229475,29.528067521421132,24.707906,-3303.8167320000002,-403.71121899999997,-113.51554,-37.797221,-98.963364
2026,-0.0663081,-0.657018,0.745804,3.48728,1.54777,1.67788,-251.51472107534826,-183.3126899319507,111.85969625898089,-110.02222060999632,57.80170124618284,0.29073024440528233,343.3294981,-2942.046182,-480.91652400000004,-94.896461,-7.9555748,-92.525265
2027,-0.0539429,-0.589638,0.939708,3.04786,1.73208,1.56836,-256.1333338618978,-167.20111673287198,99.25748955507842,-102.76055351450827,81.48548466571056,-2.3024767363568235,359.6021829,-3008.190562,-289.601238,-83.063257,-26.781222,-88.411517
2028,-0.159639,-0.498293,1.07953,3.64158,1.37027,1.48454,-249.22117102143957,-144.45698409735883,78.89399655833384,-131.58319539856433,36.33772821233048,8.339228820790593,479.271919,-3059.301107,-143.9745,-104.05138000000001,12.459637,-94.789107
2029,0.280799,-0.89386,0.941658,3.02289,1.86977,1.65895,-238.48967151863923,-171.02102635300918,64.94419312028369,-55.96445478031634,71.47533902697994,-8.003933919080035,-59.151862,-2835.85704,-291.964468,-73.42139900000001,-32.661849000000004,-83.626377
2030,0.1773,-0.458306,1.06921,3.75639,1.85923,1.66449,-202.21055688875066,-140.9510553489533,51.99775337306663,31.726162806661026,16.02259285349493,-114.15439222847982,176.84792,-3212.772294,-162.25241,-80.16021099999999,8.656028,-84.705295
2031,-0.0895852,-0.734865,0.847195,3.2529,1.91547,1.64808,-261.2177613358888,-182.51799747010426,97.05561274839067,-74.57561365643282,79.47726759377701,-1.5434222493675092,342.2283352,-2859.177035,-385.214165,-72.93598899999999,-18.621454,-83.50789999999999
2032,-0.202893,-0.68686,0.891067,3.5107,1.68955,1.4218,-263.13716994957696,-174.12760351820847,93.72844683206597,-91.70361398407366,53.53654612344948,-2.2921749552003714,457.931173,-2867.1598400000003,-337.234297,-87.116541,8.0228577,-90.22378900000001
2033,-0.256954,-0.41472,1.15828,3.73278,1.76721,1.42745,-260.77314608686726,-144.14529505680764,76.82275412893591,-97.79702013528996,39.08190957210956,-5.366087796499286,597.9184939999999,-3103.94118,-70.40737,-83.660677,20.485862,-89.12980099999999
2034,-0.122686,-0.613025,1.17663,2.83971,1.56687,1.68474,-275.2214228066812,-143.50587415744164,58.199333956003635,-94.94025256876766,118.99302080835963,-0.09941046928637835,420.739336,-2960.354375,-49.847822,-93.42055599999999,-45.458826,-92.18423
2035,0.250787,-0.458803,0.798341,2.86361,1.44654,1.44876,-201.2984080789024,-169.27350507786016,114.31596632670671,-138.4266033036069,31.00005339289173,13.436605140951475,118.515753,-3236.409897,-427.362191,-100.86228399999999,-30.276360999999998,-93.69225399999999
2036,0.231429,-0.615798,1.008334,2.93015,1.3992,1.4824,-223.19800092439272,-156.05307691301155,80.90622433483328,-117.26096939367916,51.04097115097766,9.899163713813772,81.70652899999999,-3081.8353020000004,-216.87336399999998,-103.93287,-28.213349,-94.727255
2037,-0.236339,-0.683494,0.828669,2.8775,1.45273,1.74487,-286.638179832458,-176.23150454192887,91.72080271792757,-104.21930406091136,131.463447219382,-4.081138267671195,504.92636899999997,-2854.364606,-395.766599,-102.407054,-46.265395000000005,-96.922362
2038,-0.263611,-0.659168,1.03552,3.07748,1.27462,1.56499,-282.90879754395144,-152.01429741513437,67.89607168079768,-113.49090710171834,105.64367713960658,-3.828801925117629,533.1353909999999,-2870.713132,-186.28795,-111.64959999999999,-23.685745999999998,-97.953245
2039,-0.366681,-0.75953,0.937037,3.00022,1.46525,1.66019,-292.5831899147354,-165.98873803837515,68.85176528307589,-90.23168540838256,125.5688574230761,-3.498984499928522,598.921961,-2740.5543700000003,-287.155697,-100.323957,-34.532779,-95.024327
2040,-0.121024,-0.83095,0.882249,3.76159,1.40989,1.59827,-256.4885676948789,-171.00956719710655,79.0979695334004,-99.17269180139907,42.69051235740251,2.7516240815378272,329.669454,-2758.95555,-343.124209,-101.581431,12.800607,-95.259339
2041,-0.0894498,-0.537136,1.13213,2.81265,1.91835,1.71043,-272.2517825545181,-153.32980851275474,76.34891803236272,-81.52043509121353,118.38740441890636,3.901521728475633,415.3394898,-3041.4240640000003,-99.850188,-66.119816,-46.781634999999994,-79.008004
2042,0.0020597,-0.750092,0.881207,3.37883,1.5813,1.67198,-249.64515978983636,-173.48130712530093,91.51854861624639,-97.37990686043472,61.80667623414729,-0.222818129906221,248.5347003,-2877.844108,-346.297777,-92.93823499999999,-13.883612000000001,-91.648543
2043,-0.158615,-0.848125,0.998862,3.44831,1.24207,1.68503,-266.0523792112026,-155.44230390340206,59.66324112256289,-102.80810901150414,74.84146607337352,-0.913976545214738,365.391775,-2729.756875,-223.321832,-111.68943,-8.867783,-100.267844
2044,-0.236056,-0.799347,0.870671,3.01939,1.63419,1.69527,-281.03465259607856,-175.79662957542456,81.22421591113088,-81.4493883246173,115.07742723643558,1.1978943214359148,462.588676,-2747.524253,-356.743781,-88.90884,-35.764505,-89.964872
2045,0.0473928,-0.410501,1.011155,3.19413,1.91862,1.59877,-210.5167260447622,-155.4148019292358,100.52544515570293,-88.24352185927862,34.57920614751495,-30.637600291691967,322.2254172,-3212.6167990000004,-221.050265,-72.384257,-19.401438000000002,-84.260415
2046,-0.173185,-0.649605,1.15998,3.42706,1.26409,1.53415,-263.24030235270055,-137.89948213208655,51.83852840179977,-112.54896448652326,65.17566806951653,2.886011332385762,444.832095,-2912.262295,-62.041498,-110.39885,-1.97888004,-97.054823
2047,-0.0833569,-0.813883,1.19586,3.28116,1.7229,1.64296,-261.09400245214044,-143.34945667937095,40.82645146672389,-68.6363331521067,77.23814853040575,-0.7857371315085571,308.4754269,-2788.253117,-33.571166000000005,-84.483585,-17.628119,-88.157854
2048,0.30899,-0.890198,1.12525,3.25744,1.67261,1.68935,-233.37487728150637,-145.42069910876884,29.68379745013769,-57.0552518306864,53.66506055689732,-3.647094089969839,-86.664525,-2850.681802,-105.06706,-87.32858,-21.748904999999997,-89.191337
2049,-0.183034,-0.474619,0.740471,3.3921,1.26879,1.61679,-265.4318659190759,-168.9933287160412,118.12097904417051,-146.5855223062698,73.75341922042008,0.5526636300272895,516.643914,-3072.898681,-481.336491,-110.39352,-8.5354527,-98.49913699999999
2050,-0.0566955,-0.586678,1.02537,2.80451,1.22881,1.60883,-265.17117012229147,-149.98831865155177,77.28799585858214,-126.61278652580445,106.75636117775065,0.8859016132533276,367.0210155,-3006.985522,-196.44867000000002,-117.50119,-41.087549,-101.492331
2051,0.293252,-0.752298,0.89133,3.64943,1.75372,1.41739,-222.05609603869698,-164.53686298551364,51.24001668900611,1.3845353231997803,9.863181964279557,-62.707365888092944,-34.013205,-2975.377202,-339.45007999999996,-84.14885699999999,16.178932999999997,-89.47969499999999
2052,0.0200203,-0.575873,0.760068,3.14388,1.28611,1.64967,-243.8645885947615,-171.75097458400583,112.64694026949063,-138.3916528781039,69.12277432017278,6.3137084234441065,294.1776097,-3046.307827,-462.487258,-111.15328,-24.601204,-99.312373
2053,-0.259873,-0.718288,1.008365,3.01883,1.87516,1.62111,-283.3276296921921,-166.79202486714857,74.3727865969565,-68.81738781536805,112.40343320656004,5.143275969128812,511.169573,-2815.704212,-222.785025,-73.357007,-30.73758,-84.191201
2054,0.278282,-0.717449,0.855389,3.27277,1.48461,1.49433,-222.932148507452,-174.36251621421212,88.24753256384453,-103.33580314081962,31.305955559712075,7.394364120840352,-1.5015433999999999,-3003.926951,-371.282909,-98.351367,-9.5908292,-93.11223700000001
2055,-0.345948,-0.415935,1.007296,2.97822,1.52869,1.56179,-307.87428755118685,-158.21370075844987,85.75573911282058,-111.0180212579337,136.6217862489448,-2.1769875200672706,696.351608,-3070.700765,-218.228356,-95.949935,-30.379315000000002,-92.757416
2056,-0.121803,-0.746878,1.1048,3.51552,1.30866,1.58183,-258.2836444670238,-145.9386529555671,55.60922094733523,-106.21949972371306,57.870456181598534,3.322118158149588,362.479433,-2838.408422,-118.35542,-107.60606,0.13239580000000006,-97.019189
2057,0.200752,-0.575225,0.809934,3.66283,1.90944,1.49124,-214.9428250121478,-174.45533537702332,84.08843192898988,3.6962137617464053,16.75718204263216,-83.54469498141073,113.859378,-3109.977075,-422.687064,-76.40442,13.081932,-86.39115100000001
2058,0.0456351,-0.819885,1.03775,2.93261,1.48446,1.59575,-254.86251347229768,-156.85120712162876,63.793120909865856,-91.78726582216275,88.25899171974714,1.1245328053473642,188.5585149,-2824.663915,-188.62272,-99.001417,-34.834077,-94.07687399999999
2059,0.222326,-0.787908,1.18829,2.84351,1.6984,1.50557,-238.1447509259705,-143.7579755872992,41.82465853740081,-70.71387811725107,71.70394918723714,-4.515864265148756,32.547473,-2916.2599920000002,-41.664402,-84.770153,-35.026680999999996,-89.410818
2060,-0.136311,-0.524825,0.860629,3.73941,1.86937,1.64792,-248.53304870948745,-174.34761931153872,109.69563466677177,-92.95552676643449,39.63252201323028,-7.819441509047911,449.792821,-3041.908475,-369.657749,-79.46616700000001,8.742622,-84.730316
2061,0.143685,-0.541619,1.12063,3.69257,1.60419,1.67074,-214.8202120439898,-149.35004366777605,70.37468710253363,-90.6207237512764,9.059092994592959,-9.332794933326953,180.692365,-3123.863981,-107.42924000000001,-92.12789000000001,4.1752989,-91.028308
2062,-0.129158,-0.891719,0.993537,3.08065,1.26728,1.4765,-266.6356502466458,-155.66060082334693,55.70049312409957,-97.46012095175304,85.07735708338568,2.5781381907501655,325.550608,-2698.476181,-228.817797,-111.47818000000001,-18.615142,-96.226268
2063,0.0706125,-0.702571,1.2101,3.70309,1.43052,1.71317,-236.0482983535868,-136.2035270584993,41.19652490659888,-97.76779928773828,32.381970298967765,6.476886803497365,194.21724749999998,-2946.7604290000004,-15.708919,-100.637791,2.7267666,-95.748591
2064,0.0723706,-0.561271,0.811646,3.43933,1.798,1.44831,-224.6515948506396,-180.2250203739907,107.63184068871054,-74.72859338773274,23.497514840330677,-26.611941527323292,242.9164694,-3079.881729,-418.812076,-81.050381,2.4874086999999996,-88.76949400000001
2065,0.215484,-0.647471,1.15294,3.39007,1.47622,1.54068,-221.19092976804944,-144.10461505335334,55.775321412143654,-103.88584262414521,25.621011020644534,9.6509583969631,79.957257,-3048.8079289999996,-73.298873,-98.759226,-5.4651988,-93.51930499999999
2066,-0.114446,-0.651953,0.979298,3.11035,1.40545,1.66059,-266.7393556075645,-159.19746929268948,83.85982176873267,-114.15210039729931,93.58807217225893,-0.35584288711733447,395.924856,-2928.479947,-244.863908,-103.95257,-27.964214,-96.46037
2067,0.101115,-0.599142,1.10691,2.97418,1.83389,1.68915,-240.48872126585073,-154.6825618670586,78.9638974093398,-89.07144587324264,77.58421503866478,-5.949593744638468,211.70863500000002,-3051.149258,-124.54235,-74.84346500000001,-37.31061699999999,-83.716004
2068,-0.0773394,-0.66744,0.836961,3.19416,1.45536,1.58231,-258.0882658588842,-173.05445356792848,101.16142830829816,-114.91012356025739,75.7759602372319,1.2787902325304357,353.36416940000004,-2927.5550599999997,-388.177551,-100.32386199999999,-18.989206,-94.304647
2069,-0.166872,-0.437447,0.825221,3.28963,1.60064,1.40879,-255.40395858869627,-166.09473523047433,117.49588208968278,-129.4019450725013,57.605749680248096,-0.868025330045246,512.294942,-3114.7498530000003,-401.388541,-91.638617,-3.9142232999999997,-91.308652
2070,0.0990536,-0.743946,0.990475,3.30533,1.83799,1.71234,-242.18639521282336,-167.8634559440432,80.7669955906165,-75.68657882119149,61.63421593781292,-5.849498017829114,159.8085364,-2916.1635539999997,-241.483755,-77.648653,-19.788212,-84.4987
2071,0.322727,-0.780168,0.920788,3.23445,1.60093,1.6283,-226.09315666318878,-170.45207926244427,75.67970332764992,-82.75344026633506,44.047219120492784,-1.670269375631522,-61.803258,-2959.1239320000004,-308.453748,-91.62406899999999,-19.568543,-91.204464
2072,-0.256594,-0.815219,0.853227,3.79058,1.46121,1.44629,-265.8839296194342,-174.58998045887907,80.80022714273409,-93.7490733126907,41.605903251219864,1.7937532396381168,460.764534,-2726.727481,-371.952407,-99.33603400000001,22.954261,-93.101382
2073,0.0472315,-0.689351,1.15409,3.59833,1.84726,1.53971,-236.97992772846953,-150.17567585055954,56.61258463816833,-58.23084663473582,31.21388124203455,-17.540014278119404,219.9810085,-2950.791749,-77.294274,-79.334309,6.532629399999999,-86.790731
2074,0.244299,-0.640091,1.08152,3.1552,1.22837,1.60771,-223.21576261604176,-145.03796330162146,62.10690611879585,-124.04020602566705,47.74394281467685,18.54647194104621,59.711482000000004,-3063.6069089999996,-140.88294000000002,-114.26867,-21.162433,-99.70177799999999
2075,-0.198555,-0.44354,1.14271,3.47675,1.45555,1.53191,-260.9307094805282,-138.80189065941758,73.63768174580366,-122.07209599939267,59.53489857645358,1.4536512220264117,538.5679650000001,-3098.2544599999997,-81.71438599999999,-99.768349,0.05922130000000014,-93.718593
2076,-0.145504,-0.642908,0.999078,3.40469,1.54794,1.71084,-264.3174630075465,-160.12451500521118,85.22575315232457,-106.39482480902309,77.21752204978104,-0.1055846624867081,424.744464,-2927.933492,-227.146288,-94.87205300000001,-14.520788000000001,-92.594448
2077,0.182307,-0.770305,1.04377,3.14471,1.42101,1.66764,-238.0353159871005,-154.8515844166222,64.95851706516196,-99.69064564819732,63.679102308634825,4.198388350866766,74.220788,-2919.962595,-181.83246,-102.854651,-26.562334999999997,-96.052352
2078,-0.176495,-0.477757,0.819364,2.94705,1.65036,1.42933,-274.65247571611627,-172.71583551100613,115.06825991171348,-117.83908380896615,97.66008322225369,-0.32431473852467063,513.509405,-3071.668343,-408.335604,-88.24634,-24.731085,-90.683894
2079,0.0467915,-0.690329,1.02727,3.08734,1.75627,1.6141,-247.4432829831486,-162.41176252337343,81.94958047976652,-88.46411061040398,73.33516002997459,-3.833586122706971,230.30472849999998,-2948.362571,-202.68722,-81.478027,-27.041399000000002,-87.399807
2080,0.309832,-0.891264,0.98849,3.55983,1.69007,1.70062,-230.3290336425909,-161.35694722253757,49.21930913713872,-56.69531974378522,34.107604586342774,-6.547532499636995,-91.585715,-2850.735536,-241.71932,-87.45422400000001,-5.0751973,-88.787685
2081,-0.302952,-0.405513,0.913044,3.50406,1.62214,1.69414,-290.76805961976095,-163.8504595469469,104.89768609034626,-118.28026131121688,96.98055527722853,1.334321302034515,652.852132,-3097.753887,-313.380544,-90.81952899999999,-7.9728102,-90.552282
2082,0.0301478,-0.504003,0.749557,2.87071,1.58805,1.65107,-245.95301975801337,-176.19368932745024,122.2600261561956,-125.11335597594709,86.01872674078562,-0.37914737247648556,313.9019322,-3115.795497,-477.37093699999997,-91.90101200000001,-41.742465,-91.51413000000001
2083,0.357255,-0.57699,1.07947,3.14088,1.44896,1.49836,-207.45082888301715,-150.9239587310004,67.44859164280051,-113.7298305022879,24.265622060483057,15.709700601573989,-26.552260999999998,-3163.55351,-146.89855,-100.55099899999999,-17.257777,-93.854965
2084,-0.251199,-0.446931,1.016963,3.10536,1.31551,1.47713,-285.48137804408884,-149.2451923912671,84.95016045286664,-130.6492741925011,101.80314103884467,-2.644641402031,592.361349,-3074.994569,-205.226413,-108.53598000000001,-17.543339,-95.574347
2085,0.157535,-0.830024,0.794399,3.77646,1.4621,1.47078,-234.0188818432334,-179.06764562782644,82.47956644026253,-106.7706851226289,12.721840291525773,19.09026618440487,66.166803,-2855.592076,-431.637019,-99.205547,20.738654,-93.36530900000001
2086,0.236978,-0.578309,1.13833,2.86813,1.61059,1.65505,-224.1124415654215,-147.5704367560997,69.72380704726501,-99.733044525037,64.58838632950744,-1.7052427194463073,92.340439,-3117.169191,-90.174138,-90.27811799999999,-42.149754,-90.800595
2087,-0.308927,-0.852654,0.986677,2.97365,1.33996,1.41653,-282.40860538880224,-157.76392888927217,56.154791359858805,-91.7826821598017,103.04989720104933,-0.8817419396606778,509.20919699999996,-2673.605046,-236.34330699999998,-107.07654000000001,-21.82471,-94.353106
2088,0.32234,-0.842038,1.07204,3.44375,1.5349,1.40658,-225.94819834102066,-149.60672875999467,36.63560897001899,-72.9913853528961,19.270232227855463,4.96979007834115,-89.39196,-2901.643762,-155.99659,-95.54820699999999,5.225933899999999,-91.99937700000001
2089,0.331489,-0.582708,1.18785,3.3248,1.87331,1.42071,-208.49647685913092,-138.05991031472317,28.900220369516774,-7.542817485558748,19.13610280801534,-58.75109231271462,-8.907430399999999,-3148.990792,-45.376717,-76.46873099999999,-2.47717211,-88.346001
2090,0.191967,-0.58488,0.824994,3.72323,1.61954,1.58975,-215.50260477799063,-177.48055253531408,93.32794933326954,-59.59505914494232,3.9453128927574816,-34.67517657819937,120.13694299999999,-3099.21902,-403.196294,-91.3806,10.500715,-90.73297199999999
2091,-0.318208,-0.716976,0.818836,3.77574,1.52768,1.6597,-275.1435005465434,-178.7674157431779,94.20342884422944,-97.65320772871212,63.850416689378946,-0.5320617865877705,555.818488,-2799.594924,-406.490006,-95.836428,9.673435,-92.874001
2092,0.144205,-0.623956,1.14469,3.01622,1.72791,1.4028,-229.00779296701924,-149.90122906669188,68.32922777391659,-86.23243999836941,47.25807460440592,-9.521355343704506,159.002705,-3045.054144,-85.379273,-83.78948100000001,-19.200827,-89.946952
2093,-0.182662,-0.586016,0.787326,3.81433,1.39615,1.59985,-255.90529665943575,-175.07871345812563,109.31289885962437,-126.63742371099508,39.22348744328639,3.340618965354362,470.899422,-2968.3073839999997,-436.734036,-102.025469,15.738323,-95.649736
2094,-0.395741,-0.817901,0.828908,3.77797,1.69121,1.44902,-277.7796793619403,-179.58445355903444,79.17531883574307,-72.76563998161456,54.28614680681913,0.06995184424972709,591.374641,-2676.830199,-398.564838,-87.802403,21.77621,-89.857923
2095,-0.391147,-0.693778,1.11069,3.02401,1.43201,1.51886,-294.3782666868803,-147.2896874364856,48.771026958228376,-90.4310747210881,117.85856437400061,-3.319350771999106,641.7202070000001,-2794.579822,-113.47048000000001,-101.83242,-25.063006,-94.29995000000001
2096,0.182157,-0.888703,1.07379,3.39683,1.38663,1.54728,-238.38195545315463,-148.03453257015565,40.72761624706382,-87.71869251893878,43.11593352028715,8.332353327249024,28.244516,-2809.974697,-151.50597,-103.74748,-5.1286146,-95.165873
2097,0.0766357,-0.646062,0.750298,3.55745,1.55937,1.50462,-230.80115086577874,-184.17957507598365,108.68780190513664,-106.0384450604517,23.14474472586863,1.093673298501618,208.7984543,-3001.442038,-476.996588,-94.24210000000001,6.036672899999999,-91.923304
2098,-0.149057,-0.655523,0.957315,3.34911,1.52192,1.44762,-259.8976665759073,-163.697479815647,88.90299628147419,-108.3428813124679,60.924321229645834,0.8975727635401424,420.566437,-2915.381977,-268.403575,-96.221508,-2.5963562,-92.294788
2099,0.146105,-0.679476,0.999779,3.27843,1.68397,1.69672,-233.72724632551189,-163.7410246080769,83.48510737071712,-91.72825116926427,53.27269905879174,-3.968683841220868,139.009335,-2993.5962240000003,-229.298519,-86.615206,-20.963227,-88.816318
2100,0.252167,-0.681276,0.8521,3.35012,1.50829,1.60798,-222.38268198192156,-174.7263444141202,93.26721580698567,-105.02946638322634,32.668678379651226,4.6797473832900245,36.396583,-3029.1265240000002,-374.74606,-97.03328,-11.720277000000001,-93.202657
2101,0.150365,-0.830919,1.03456,3.20674,1.72106,1.69832,-242.990827957187,-161.48528976864688,64.99575932184545,-74.16021925496298,66.74614538597012,-3.199333302653052,83.63556100000001,-2852.028781,-195.66527,-84.089914,-25.098421000000002,-87.718395
2102,0.262535,-0.744488,0.906604,3.72324,1.25068,1.69536,-224.26083763436037,-163.26948034268426,74.6495252120047,-134.93900920464557,22.41720291761151,30.935996711396108,0.33080121,-2972.7918120000004,-316.867524,-109.13401,6.0973924,-100.206274
2103,-0.240642,-0.722425,0.892897,3.49816,1.84072,1.66706,-272.5588879327082,-176.95744206835963,90.84646912255793,-79.06130023451203,77.31377895936302,2.148236497907606,484.78277199999997,-2820.488575,-337.426317,-79.125062,-6.216414400000001,-85.198603
2104,0.256753,-0.615362,0.828413,3.19098,1.24497,1.70307,-220.82251790578033,-168.63752192526493,97.88869338251088,-134.61700692378204,48.26000590075119,16.4941371188876,57.596095,-3090.789938,-394.357023,-113.73438999999999,-24.425303999999997,-101.392063
2105,-0.206994,-0.475754,0.878189,3.32184,1.48768,1.64998,-274.5550728909441,-163.94614349873376,106.43206706570659,-127.17485812282779,88.68985598168553,-0.7967436507530201,540.501024,-3064.065546,-346.46512900000005,-98.288747,-15.628273,-93.95271
2106,-0.310406,-0.865546,1.1525,3.56863,1.54598,1.5988,-275.65572481539033,-140.78718941954588,27.85084816773467,-68.43293313483527,72.74444054319471,-0.23035882744793773,499.412086,-2662.545454,-73.713077,-95.013781,1.2935793,-92.260183
2107,0.0851637,-0.753691,1.16563,3.81843,1.34836,1.72185,-236.7335558765633,-139.26942422024433,40.862891582494214,-103.39367187812783,27.573880369568432,11.405584348771733,161.7907563,-2903.681309,-59.070303,-103.97172,9.265462000000001,-98.17462400000001
2108,0.269202,-0.709709,0.86394,2.98343,1.25971,1.45718,-226.98124124564154,-168.21124132568758,87.01853809328891,-121.31178100525408,52.152050907295354,17.10101401549017,13.509807,-3005.9812909999996,-359.31823,-112.19286,-23.059649999999998,-96.2614
2109,0.366458,-0.462326,1.0919,2.97568,1.40035,1.66752,-197.46933113404307,-146.34144228554408,72.86075097560627,-124.00410968457382,33.85321132530469,16.235675857504084,9.0397091,-3272.274074,-133.58386000000002,-104.95604,-36.032019000000005,-97.22209199999999
2110,-0.356939,-0.651447,1.03279,3.1802,1.22352,1.39854,-287.2632767869457,-151.28778693090848,64.9648196009084,-113.63300063491079,94.69388071686141,-2.565790950265096,619.418679,-2846.719753,-188.03807,-113.38974,-8.538445900000001,-95.092345
2111,0.0338293,-0.668935,1.13625,3.24654,1.53016,1.40111,-239.6453273914181,-147.03930488001345,63.57940765228206,-99.8871701719272,43.90839144673259,2.120127188478488,242.7740507,-2965.8017649999997,-90.514694,-95.69953799999999,-5.847402499999999,-92.035595
2112,-0.106979,-0.760852,0.917233,3.47756,1.54328,1.55295,-257.09762183110297,-169.64535468690005,85.27330864932041,-97.41027362357664,56.78556059651832,0.40936975025404626,343.943509,-2830.158848,-309.669883,-95.114554,-1.32486597,-92.285186
2113,0.262945,-0.690668,0.882111,3.39203,1.63611,1.59875,-221.80743235561022,-174.7337928654569,88.27560749580593,-86.09894083210393,29.187615999554396,-5.623202607064244,21.914464000000002,-3023.949832,-346.82523100000003,-89.852202,-8.9393326,-90.448548
2114,0.38533,-0.842681,0.817145,2.85232,1.27527,1.41371,-228.48926616242588,-173.44349191082227,75.52099401839868,-101.25825817567527,58.194750293642585,15.28250326952445,-139.31389000000001,-2920.1860189999998,-407.078715,-111.35085000000001,-28.304776,-95.37791399999999
2115,0.0775816,-0.590512,0.976049,3.24227,1.2584,1.72923,-236.49520543378887,-153.5372192345921,85.93335602931113,-132.84427550564726,61.072717298584706,8.305596198216413,233.6026384,-3052.771288,-246.220789,-112.69615,-23.133865,-101.392728
2116,-0.0453114,-0.690601,0.836094,3.6699,1.27266,1.63809,-246.67380066428794,-170.4136910901705,96.06095801604356,-128.23024638145876,41.32819060791995,8.477025170519555,308.1981314,-2917.3001990000002,-387.02466400000003,-108.55729,6.0875212,-98.80875400000001
2117,-0.170641,-0.449182,0.775721,3.43228,1.55273,1.64236,-261.19369710849327,-170.24065783604098,121.15421761159308,-131.97452557263867,68.5824751193644,0.04802228571155141,513.6328010000001,-3101.595518,-450.30006099999997,-94.54812100000001,-8.9806548,-92.325068
2118,-0.247208,-0.48816,0.896196,3.07335,1.77941,1.52541,-285.6400873533401,-171.44272329022544,105.33943655039211,-101.44733424806843,106.61025693999228,2.743384948443846,576.084138,-3037.01744,-333.540146,-80.474518,-22.783458,-87.94896999999999
2119,-0.121679,-0.509761,0.96231,3.36031,1.80647,1.5922,-254.50613372372632,-163.4711614865703,101.93434837392964,-103.72999810386963,63.57367807433075,-3.728018648954117,446.107939,-3061.5296390000003,-267.53712,-80.128287,-10.0687095,-86.915678
2120,0.0737272,-0.682725,0.810142,2.9017,1.82494,1.47753,-245.4144394305904,-183.58484488463785,105.46262247634525,-87.20933303906747,74.68963225766385,-7.517779229911532,208.4434528,-2963.8232749999997,-421.14888199999996,-77.022592,-29.858881,-87.626265
2121,-0.353482,-0.746306,1.0458,3.09656,1.32311,1.64918,-290.15614069456126,-151.76735260543296,53.91813601500661,-98.01359818184942,116.36887410666046,-6.595546362868959,588.888792,-2757.915994,-176.47953,-109.13295,-27.604084,-98.441421
2122,0.386491,-0.684044,1.0331,2.89155,1.25163,1.43128,-218.16685852534894,-151.80173007314082,61.43081592054148,-113.85931896398745,47.814015553021356,21.42787669275912,-87.69274200000001,-3070.711456,-190.47681,-112.83924999999999,-26.900961,-95.971462
2123,0.239649,-0.783088,1.182,2.95165,1.57219,1.64857,-237.0297750566459,-141.86263120100642,40.31772224042723,-78.37203200696966,72.3130033234612,-0.08088674376979885,18.560516,-2926.742512,-46.017138,-93.18422,-37.010782999999996,-91.972037
2124,0.0175487,-0.475055,0.971643,2.79939,1.49546,1.51525,-242.82295132321366,-153.69879333281898,98.12417903630966,-128.56256190263466,79.27214870312017,2.1708511420814194,333.59676129999997,-3139.480845,-254.01556300000001,-98.131155,-37.932618,-93.452677
2125,0.0542921,-0.407879,1.10771,3.57599,1.28351,1.61947,-201.86506333828677,-122.03714557388969,56.121158737284624,-208.6465918014552,14.93660864860397,87.57316123897554,311.86824790000003,-3218.828121,-114.65223,-108.41553,1.6886283000000002,-98.20314200000001
2126,-0.114303,-0.689953,0.981977,3.82225,1.58103,1.59411,-251.06380329058032,-163.78571531609714,81.93697540827364,-97.32604882769242,33.35273269125792,-0.36611544742623503,370.379613,-2894.532047,-244.679097,-93.381841,15.976849,-91.517094
2127,-0.333095,-0.742894,1.12031,2.80051,1.54718,1.50189,-291.0482359815799,-148.0035928492186,44.94825254911552,-78.53589793637708,126.58127384707225,-0.5389189454798962,573.178135,-2766.432206,-106.12378,-94.69502800000001,-37.152114999999995,-92.22581600000001
2128,0.184345,-0.405949,0.796246,3.03728,1.91613,1.58636,-196.3612307582601,-176.32088595796927,120.08966202824001,-81.92666216796128,30.331755420651138,-39.85912682120452,198.854105,-3262.946151,-436.387096,-71.232185,-27.610982,-84.154769
2129,0.0596627,-0.618738,0.984408,3.15903,1.43862,1.61175,-239.692882888414,-157.8366945292538,87.68202322005041,-118.48423428628347,61.261793370977884,3.988571206289859,240.4014573,-3020.745662,-240.740278,-101.482443,-22.685275,-95.006532
2130,-0.377364,-0.759344,1.03052,3.37084,1.40648,1.44363,-283.59119027795225,-155.76888984662665,60.4516310486629,-93.9278361447715,83.04507578405665,-1.0833371398774578,599.708304,-2738.911956,-193.45479,-102.668027,-0.81862223,-93.681309
2131,-0.304772,-0.72587,0.944951,3.75558,1.47018,1.71603,-275.124019981509,-166.00019719427777,79.99865918734606,-99.07013235607064,68.15447564640168,-1.4885615404837327,541.068042,-2795.63663,-279.889881,-98.576245,5.4924781,-94.647936
2132,-0.222203,-0.856843,1.17208,3.18495,1.44516,1.71001,-276.5907919370439,-134.97739737691933,20.830911966012312,-73.21082818843121,101.91085710432927,-1.8938088594018125,426.865453,-2698.939457,-53.128793,-101.427887,-26.723223,-95.700411
2133,0.33545,-0.452694,0.950675,3.26181,1.39249,1.66575,-194.11466324355212,-155.9052538018678,90.65452826118911,-154.30842042683818,16.05565251827398,37.15298985902213,37.686563,-3272.777006,-274.264185,-104.00431,-19.486055999999998,-96.583505
2134,-0.347645,-0.782986,0.751826,3.66108,1.34061,1.74109,-280.51383396030457,-181.991449256379,91.56381228206173,-101.1734604219959,79.99923214514119,-4.649546777908679,564.234575,-2727.008414,-471.192946,-105.17819,-0.68446472,-98.458224
2135,-0.375722,-0.800712,0.854576,3.47465,1.7459,1.58259,-283.1929846103364,-178.81497124017375,81.27979281725858,-72.95586196959799,84.53705788257732,2.3546158957137284,585.135712,-2701.0089879999996,-374.015126,-84.12069699999999,-3.0898374,-88.18475099999999
2136,0.229658,-0.465071,1.16102,3.04069,1.77291,1.47932,-201.8673551694673,-146.50244342597586,71.17396322674112,-76.60445720899106,25.12385554180952,-26.987744545149603,133.079492,-3224.080129,-70.023772,-80.937399,-22.095325,-88.718151
2137,-0.277567,-0.894124,0.88212,2.85244,1.49155,1.62116,-283.9739260850996,-170.25670065430464,64.69552943719691,-79.65259267908705,123.31484145703143,-1.6181703233202762,470.35486699999996,-2642.668276,-343.84199,-98.832067,-40.881572999999996,-94.227816
2138,0.364831,-0.747099,0.989443,3.22961,1.74807,1.66975,-222.10193266230743,-166.07468170764477,68.74920583774748,-67.91211449906135,43.57091930540053,-9.946490027691578,-89.521113,-3004.7238009999996,-241.73260299999998,-82.642782,-22.029199,-87.277428
2139,-0.248471,-0.490313,0.728757,3.05753,1.67466,1.46182,-284.334316538237,-184.30562579091244,120.93993139621415,-110.54762290813129,102.8149845050457,0.8077329812636294,576.298351,-3035.3451870000004,-499.32872699999996,-86.998092,-20.249564,-90.219176
2140,-0.207276,-0.560437,0.913185,3.32666,1.45247,1.44415,-267.13985310636093,-163.47402627554595,98.0989688933239,-121.74493709837297,69.31299630815622,1.2205146951876797,508.419036,-2984.935563,-310.971855,-100.061262,-3.4973731,-93.13617799999999
2141,-0.268954,-0.646201,1.12416,3.30361,1.61604,1.46426,-276.3667654391477,-150.38423248798716,65.72628051063725,-92.75384562254845,80.92799673104827,-0.03425021378155084,537.420804,-2882.876299,-102.98536,-90.853395,-6.2564178,-91.019369
2142,-0.294143,-0.639576,0.9703,3.49541,1.87674,1.48511,-275.4477411357579,-169.67686736563226,88.0538728290903,-80.90908912380894,70.19821610163334,0.12891779573561576,560.6281429999999,-2878.977424,-260.95402,-77.158355,3.8570422000000004,-87.119133
2143,-0.036246,-0.836176,0.756952,3.28702,1.48752,1.64853,-257.09303816874194,-183.87533448676916,94.42745534212558,-95.48742726311761,73.19879607473345,0.6849939623907044,256.832786,-2783.3316240000004,-469.23605200000003,-98.387699,-17.574756999999998,-93.95085599999999
2144,0.128001,-0.589192,0.920904,2.84109,1.31366,1.65189,-239.08039100541913,-160.44365249709904,93.7937640207109,-127.56446942351675,81.69404130313816,6.484449846393092,191.88746899999998,-3069.125908,-302.391184,-111.87377,-42.188815,-100.164526
2145,-0.253147,-0.812244,1.14495,2.99214,1.29252,1.46763,-278.91528171188963,-137.34772377537556,30.071059623866617,-88.8216362745656,101.41123790697519,-0.8879413430039933,470.484177,-2730.339156,-77.356093,-110.21426000000001,-23.380551,-95.83046
2146,0.39223,-0.457215,1.11886,3.30658,1.61043,1.65316,-192.2926574550361,-150.39855643286546,64.87543818486799,-77.79620942286317,7.832619538335918,-16.200840023560133,-18.516080000000002,-3288.474585,-110.15785,-91.149886,-16.943284,-91.05683
2147,0.0336032,-0.828162,1.15296,3.78088,1.35441,1.74449,-244.8758591031674,-139.7747729955497,35.170326704751425,-91.42687536902545,38.60486491188363,5.12132595599735,186.4629768,-2816.0466380000003,-71.49651999999999,-103.85311,5.8469803,-98.095542
2148,0.140904,-0.713192,0.806555,3.34339,1.61564,1.49208,-232.13786140181895,-181.18243284965433,98.40607427151403,-92.94750535730266,36.075141654822026,-2.9826807715802346,128.870676,-2960.7766079999997,-421.532595,-90.917016,-5.5980523,-91.027872
2149,0.184392,-0.624292,0.989853,3.25596,1.46392,1.49852,-222.70296538939968,-159.32581183879878,83.72288485569642,-115.79018673357832,32.440411994071106,8.896659459673371,118.48965799999999,-3059.446708,-236.073753,-99.55196600000001,-10.7394756,-93.52448
2150,0.175531,-0.731404,0.809263,3.33406,1.79984,1.65293,-233.06433415654547,-184.20134747219865,96.95878288101356,-75.24941202350666,47.7625066472391,-9.454834943689818,92.13541099999999,-2954.457996,-422.420203,-80.30892399999999,-14.968026,-86.35489799999999
2151,-0.197536,-0.613251,1.09339,2.91471,1.49597,1.47671,-278.0300619184125,-150.45871700135416,70.47610063227178,-104.3596787207184,105.5863813600935,-0.2495649456985181,487.722506,-2936.6407489999997,-132.00024,-97.832007,-29.08521,-92.97233
2152,-0.111209,-0.432588,0.907063,3.03015,1.83513,1.5932,-263.53480265939777,-165.35905742152636,111.67692272233415,-111.26840381440587,91.3288995860581,-1.396682028456554,468.339459,-3135.667412,-323.32631299999997,-76.29820400000001,-28.778094,-85.793256
2153,-0.220389,-0.622617,1.1889,3.20892,1.27814,1.5715,-275.5863969221796,-134.50126944916562,45.86676119048974,-108.11369819441556,91.49047368428499,-1.6675420965266994,502.385649,-2920.031583,-33.415246999999994,-110.83532000000001,-16.553824,-97.726337
2154,0.137703,-0.494357,0.746721,3.01436,1.39894,1.53601,-217.3142973261943,-171.0531119895365,119.81349637098698,-143.00854679126806,43.56885665733806,11.634595579485522,211.860107,-3164.268943,-477.753221,-103.95277,-26.370696,-95.298119
2155,0.00383157,-0.413377,1.08877,3.50809,1.56408,1.5937,-208.0518616101094,-142.39891969724889,86.53782650317414,-126.62940230186325,8.323071410967904,2.2750721650157164,357.79353843,-3196.980023,-137.55632,-93.918325,-1.95579526,-91.952094
2156,-0.0651055,-0.528272,0.789558,2.96572,1.82222,1.58194,-259.1316220038174,-180.2399172766641,118.64580838451035,-104.22044997650163,90.09990511550248,-2.5815301008973397,393.5654855,-3061.634628,-440.785458,-76.660543,-31.894253000000003,-86.052426
2157,-0.083328,-0.789438,0.95338,3.59883,1.53452,1.51683,-253.10238712565575,-166.3170428549851,77.12069218240393,-93.49697188283312,43.79362800036788,0.9770993055043006,309.67440799999997,-2812.010362,-273.03677999999996,-95.56307600000001,7.7403832999999995,-92.283964
2158,-0.132688,-0.563724,1.17008,3.07729,1.27072,1.73868,-272.01285915394857,-135.77380871215118,54.92562500196465,-116.9126110542396,104.73553903432422,-3.57715313191822,443.96142799999996,-3004.043476,-51.950642,-113.64187000000001,-33.060372,-101.99397
2159,0.219165,-0.528848,1.11612,3.65898,1.88785,1.41235,-209.26882396696726,-132.43632955551413,25.21289318317285,50.82903406255877,18.96897101917568,-115.9139456173266,109.953015,-3160.172552,-116.3355,-77.060626,17.077317,-88.01450200000001
2160,-0.217806,-0.670536,0.729664,3.80337,1.32104,1.57418,-262.1740278959621,-182.1747957508209,106.84058597363486,-120.75944969074796,44.66578435611602,2.629572612019059,475.589596,-2876.374464,-493.530074,-105.68389,16.966558,-96.89502999999999
2161,0.0247181,-0.619569,0.84658,3.49416,1.72875,1.43581,-234.14951622052328,-177.5384212726223,102.16123966080144,-85.78839770714303,27.192233182231792,-13.767889338096117,266.5927419,-3008.891931,-382.61544000000004,-84.96385199999999,6.2411316,-89.664013
2162,-0.23844,-0.838953,0.887209,3.4928,1.8445,1.66939,-272.03864225472944,-177.19751138451943,79.54258478242193,-67.27212064190022,77.25018064410351,2.076931900303575,442.95767,-2711.725347,-343.190029,-78.861389,-6.6261866,-85.055827
2163,-0.388714,-0.786901,0.947505,3.74995,1.56949,1.57959,-279.92196855793446,-167.18392799901804,70.95509334900115,-83.83346571015667,65.52918302911225,-0.05963115548603556,597.3647440000001,-2709.103999,-278.737785,-93.88247,12.751686,-91.73466499999999
2164,0.316185,-0.763957,0.853745,3.51245,1.29118,1.47363,-222.32194845563768,-168.08977427311987,76.46350959138888,-134.77342440185276,20.795617765832255,38.467125857934185,-57.222913999999996,-2972.749543,-370.469765,-108.58498,6.0863022,-95.727098
2165,0.186848,-0.736387,1.06028,3.58095,1.42594,1.68348,-229.5326223073591,-153.3051713275641,62.86893998631984,-104.10356658629493,31.35477156385722,8.882278219015587,75.65145100000001,-2954.4667130000003,-165.67785,-101.224125,-2.4866691000000003,-95.67426
2166,-0.189927,-0.488298,0.911832,3.33262,1.5662,1.43463,-262.2851817082175,-162.33441322103076,104.58141338743404,-122.53676477124377,63.48601553167573,0.030190922394607984,516.392887,-3058.7340019999997,-314.114952,-93.660447,-2.8566744,-91.705583
2167,0.196736,-0.710907,0.895134,3.00294,1.4259,1.69241,-236.6172454441517,-168.73263291925664,89.27771067948974,-109.20518279413979,71.75780721997943,3.830194212559797,83.60921,-2979.1839929999996,-330.736174,-103.36187,-36.052442,-96.695049
2168,-0.227813,-0.595636,0.993595,3.7306,1.47419,1.68937,-266.1652518968434,-158.731081647453,86.43354818446034,-113.06233467096047,59.16075713623316,-0.37983033816828154,512.5349729999999,-2944.105564,-231.624165,-98.48724299999999,5.5320158,-94.413702
2169,0.174875,-0.587897,1.05155,2.89961,1.31944,1.4509,-226.32692344360214,-148.94152475984777,76.1999490056287,-124.42466070619983,54.94367317251127,13.520944528394732,144.82442500000002,-3088.425603,-172.16728,-108.76925,-27.83004,-95.48497400000001
2170,-0.230262,-0.515499,1.14594,3.25767,1.73309,1.47165,-274.08811228791245,-147.9812474952085,74.84146607337352,-97.53632433850542,81.73357539100219,-0.3051080473162952,546.223752,-3018.782101,-83.03934,-84.051871,-9.2905697,-89.353327
2171,0.0546003,-0.660808,1.017073,3.7544,1.69598,1.70575,-234.12144128856187,-161.96027178081033,79.77864339401583,-84.86249791021163,27.075349792025104,-7.480766156346081,223.9461597,-2980.508492,-211.71848300000002,-87.904036,5.764187,-88.529984
2172,0.213531,-0.697286,0.757145,3.7218,1.50031,1.72769,-224.01904944481518,-183.88049110692535,99.90264003239574,-105.96396054708471,19.925638649705615,7.091956996570303,63.182997,-3000.499614,-470.002075,-97.201066,2.8072255000000004,-93.97616599999999
2173,-0.314113,-0.592867,0.999092,3.47797,1.57782,1.71733,-285.0361898372722,-161.28647341373647,83.95264093154387,-102.29187403809127,94.11060968141823,0.11042099923540738,599.806813,-2917.5191330000002,-227.012872,-93.1995,-10.759525400000001,-91.72604600000001
2174,-0.00460431,-0.785675,0.992003,2.9573,1.45275,1.63501,-259.19006369892077,-160.81149140157302,72.82465463451302,-98.67593739302065,93.42363328505638,0.7947039210023544,249.00118430999999,-2839.887725,-233.064233,-101.19671100000001,-35.488901,-95.19540099999999
2175,-0.148913,-0.62846,0.946482,2.96609,1.91097,1.46099,-269.90265559448176,-171.8953599483788,94.92707453947966,-83.81054739835142,93.9816941775138,-2.1824821853225753,435.447483,-2938.33374,-285.659572,-72.22492399999999,-24.977192,-86.771304
2176,-0.0946392,-0.622244,1.05191,3.81443,1.55267,1.51604,-244.99961798691564,-155.71789660286,77.56072376906441,-103.89615586445757,23.280936793771225,1.187615458591268,373.3529092,-2964.287656,-174.84308,-94.72774700000001,20.081948,-92.00945200000001
2177,0.308957,-0.782151,1.10092,3.25788,1.84324,1.49118,-225.77058142453012,-153.91594433717356,46.82022025736694,-46.67079286439682,37.19017481992611,-19.610970228619767,-53.201773,-2952.351549,-132.15947,-77.808374,-10.1816772,-87.716642
2178,-0.108655,-0.707754,0.970279,3.74358,1.6,1.6865,-253.5504401214481,-165.19862923888974,83.59339639399684,-96.46661213499618,45.64582866468729,-0.4484053648363093,361.622105,-2880.182046,-256.766079,-92.426413,6.205156799999999,-91.102801
2179,0.0737206,-0.472153,0.907273,2.83977,1.23669,1.52256,-230.8825108726873,-152.93389467631934,100.17250315390235,-147.0444615001696,67.55859953946563,13.652610229715794,281.5394594,-3160.9272469999996,-314.550353,-115.12328000000001,-34.561636,-98.682824
2180,-0.215565,-0.698432,1.17866,3.72909,1.48631,1.53287,-262.8117299219427,-141.7761145739417,49.009205513664256,-92.74697012900688,46.98041925688552,1.0333351130963908,463.49975500000005,-2851.764568,-46.706618,-97.983581,14.405733,-93.206879
2181,-0.210016,-0.779285,1.03615,3.8251,1.34612,1.66177,-263.723878731791,-154.95930048210678,62.8196656159386,-100.92594265449938,49.75599870383777,0.2653671216882262,431.142626,-2776.980015,-187.98878,-104.18762000000001,13.111322000000001,-97.44960900000001
2182,-0.266102,-0.463536,0.855534,3.49198,1.76705,1.68002,-280.5676919930469,-172.69349015699603,111.83505907379025,-108.57435626170074,86.39114930762067,3.1932026542451526,598.210242,-3054.789864,-373.71307399999995,-83.051876,-7.5564777,-86.915452
2183,-0.000484228,-0.713367,1.0543,3.70771,1.51382,1.63713,-242.3748983274214,-155.78264083370976,70.56147134374628,-99.74335776534936,33.75695441572271,2.3258190369304534,256.596304228,-2912.0113330000004,-172.33336,-96.576918,7.0291503,-93.142791
2184,-0.211402,-0.575537,0.766583,2.95282,1.60101,1.56107,-281.8895056264137,-182.15932589035236,111.27241451897179,-107.28806601163204,112.08773346144294,0.3188395538344005,515.163852,-2966.640963,-460.28889300000003,-91.246362,-31.903527999999998,-91.196281
2185,0.0355349,-0.50962,1.07679,2.97758,1.75705,1.70754,-243.54716997625903,-152.58496337908468,87.93641648108849,-104.70116156661638,81.05404744597703,-3.474290018958383,304.6151451,-3112.6057800000003,-153.13592,-80.08600200000001,-38.558515,-85.90071599999999
2186,0.256202,-0.418378,0.888895,2.88816,1.66237,1.43777,-192.51668395293228,-166.8023381074609,107.4639640547372,-105.70269179250505,20.0473348853914,-15.454046833386618,126.576838,-3277.061322,-339.94611499999996,-87.369589,-28.580382,-90.54696
2187,0.32338,-0.834715,0.966086,3.39238,1.22488,1.71411,-228.85595915130958,-157.0803902396811,57.270741257435105,-107.74242154317079,45.22659544599007,14.999347527170796,-82.701137,-2907.568385,-257.39970600000004,-113.22128000000001,-13.353398,-101.53655300000001
2188,-0.189718,-0.779872,0.99974,3.16535,1.49632,1.43213,-269.3193845590386,-160.94900127240442,71.67014467732442,-95.06114666354027,79.98891890482884,0.6027229525878695,418.77497800000003,-2784.335428,-225.61555,-97.637394,-12.203936,-92.543904
2189,0.262534,-0.431128,1.16176,3.35984,1.30164,1.62327,-193.51649530543554,-124.99933737471605,47.07833774407337,-179.2355222617998,15.440066663185425,73.21312001961172,111.217026,-3268.4887719999997,-61.242609,-108.63106,-10.972032599999999,-97.95022900000001
2190,-0.053205,-0.874099,0.99536,3.20052,1.90972,1.51725,-258.7735233818606,-167.64916972866428,66.7048924247207,-58.76369738420749,73.11743606782488,-4.971136529159708,258.811835,-2741.107201,-237.28602,-73.46443,-14.59659,-86.03456
2191,0.283575,-0.497135,0.874919,2.99386,1.84799,1.72474,-209.0459433846614,-174.69540469318312,107.2112896670845,-91.36098522258541,48.59879584501204,-16.785772636609188,75.86403,-3210.1549649999997,-357.054259,-73.634956,-38.029523000000005,-82.68778999999999
2192,-0.151069,-0.499361,0.755791,3.63378,1.4829,1.42282,-246.38789472451765,-174.2502164863665,119.31903379378907,-133.99649363165537,29.873847550782585,5.319483409443345,470.941699,-3061.086839,-469.254761,-98.262579,15.181987,-92.656064
2193,0.171111,-0.581524,0.878174,3.0788,1.91496,1.64399,-226.81909418961953,-176.8806657238121,105.04035258133382,-84.52101506431366,57.10091656695833,-14.688804402209888,151.385909,-3092.4952759999996,-354.428124,-71.154012,-28.292450000000002,-83.029617
2194,-0.099098,-0.489431,1.04371,3.06443,1.47507,1.66221,-263.6723125302292,-149.3901507134352,86.6558558089711,-122.73042450599797,93.28784228761037,0.06033875836302212,437.59420800000004,-3086.3031690000003,-181.31138,-99.60047,-30.994249,-94.67913
2195,0.327969,-0.501811,1.12684,3.27495,1.35157,1.67522,-201.18840018223727,-140.85021477701028,62.60939010512558,-135.49649713930788,22.835290220718473,29.847663379545104,27.86928,-3223.484989,-97.467277,-106.47784,-19.009259,-97.685773
2196,0.24582,-0.879772,1.02244,2.91517,1.38419,1.57147,-240.4755432365627,-155.02862837531762,52.9050893374358,-88.72709823836902,73.92817134793499,5.407936633855642,-21.006034,-2837.911528,-202.82193999999998,-105.54416,-34.08766,-96.20975
2197,-0.353499,-0.628062,0.871606,2.92836,1.46413,1.63269,-297.17716551609436,-172.43795098036767,87.38293925099211,-103.08542058434746,132.67066929372263,-4.290250674160092,632.4478190000001,-2867.367738,-353.215956,-100.55563599999999,-37.062701,-94.96687899999999
2198,-0.235361,-0.86945,0.877132,3.33932,1.45523,1.50351,-271.5814219342151,-171.66216612576056,75.40124583921634,-90.42419922754652,76.37011747078256,0.22148600303254182,429.496201,-2684.1853499999997,-348.047682,-99.964881,-6.2230061,-93.52930900000001
2199,-0.214545,-0.544703,0.784187,3.71326,1.89909,1.56775,-261.01378836082216,-183.72808433342055,114.73365255935708,-89.81915579588836,48.587107505991376,-3.969365660997074,516.701045,-2996.043497,-446.621427,-77.511504,11.848676000000001,-85.263644
2200,0.112885,-0.459898,0.863819,3.26877,1.45971,1.56159,-208.31141149130366,-160.3049967106774,109.72886621888935,-147.01810544159358,21.318900120125235,15.589723239273596,243.082675,-3190.039002,-361.096549,-99.804079,-13.559887,-94.084682
2201,-0.196856,-0.82592,0.97704,3.69187,1.40693,1.65694,-264.87265911102827,-161.67894950340107,68.02899788926804,-95.76760362493657,58.240013959457926,-0.01162863681841616,405.14981600000004,-2738.5424799999996,-247.38284,-101.837672,5.4410772,-95.79815900000001
2202,-0.111404,-0.7383,0.865334,3.48782,1.53806,1.61893,-258.07050416723513,-174.06285928735872,93.03058423759664,-100.99011392755403,60.94380179468027,0.29553678734863476,357.43769399999996,-2850.4674,-360.954714,-95.341998,-4.5130524,-92.53467400000001
2203,-0.126986,-0.570547,1.06949,3.479,1.34813,1.40794,-250.26280829298742,-147.10863277322426,75.94383687120522,-126.78696569552422,42.520744962705244,9.085219870050926,425.251166,-3002.5138530000004,-153.86158,-105.71599,7.6109976999999995,-94.064771
2204,0.370214,-0.693564,1.09202,2.88797,1.42566,1.6456,-222.70239243160455,-149.92873104085817,58.0091119680202,-97.21489501543704,61.92527849773937,6.375415977979696,-72.75005300000001,-3054.748536,-134.20963999999998,-103.51848,-39.973903,-96.430441
2205,0.0659215,-0.433394,1.017245,3.70363,1.4926,1.72277,-205.07649177999505,-139.4642298705888,85.27502752270581,-194.902480211857,4.059491922171152,66.60118706380202,291.6277685,-3199.326906,-208.287595,-97.51002100000001,2.0455397,-94.150866
2206,-0.125069,-0.579039,0.761767,3.69075,1.57131,1.51802,-248.15948022706215,-180.39805362812024,114.35721928795614,-113.9177606590908,33.625002235504084,-0.06993121776910237,419.953439,-2995.3484609999996,-464.55365700000004,-93.686898,12.81643,-91.680114
2207,0.0264668,-0.466649,1.11211,3.03554,1.58632,1.73321,-238.84605126721064,-143.69380431424455,82.05213992509493,-117.444315888121,74.17339728425098,-0.39081336614314427,327.5490932,-3151.161051,-114.84673000000001,-92.177069,-37.095197,-91.544599
2208,-0.187592,-0.6575,0.909073,2.80253,1.62395,1.63023,-281.724493781416,-171.5573148492516,89.80082114644419,-94.7528953697599,124.48539423248371,0.9160735707449167,467.213502,-2895.4256,-318.604153,-89.215199,-44.459591,-90.33391
2209,0.179071,-0.820728,1.02173,3.12588,1.24169,1.74235,-242.61897834814707,-152.77575832486323,58.204490576159806,-105.04436328589973,74.2685082782427,5.761778179394584,61.385711,-2870.0928719999997,-201.08572999999998,-115.07213999999999,-30.209709999999998,-102.68842000000001
2210,-0.197039,-0.713876,1.03669,3.14568,1.38229,1.44308,-270.7626652449731,-154.4780159341969,69.87506790517955,-106.28023324999693,83.27941552226515,1.1896551883419335,448.359659,-2843.202624,-187.14736,-104.37774999999999,-13.605573999999999,-94.086203
2211,0.148836,-0.482737,1.21779,3.16769,1.73118,1.57813,-211.20312948332892,-139.59658312126405,65.06279538387575,-87.5777449013366,31.306643109066233,-15.214779658139985,202.468624,-3180.445463,-12.024595999999999,-83.58045999999999,-20.554767,-88.434098
2212,-0.0131453,-0.768593,0.913862,3.07296,1.56722,1.7139,-258.93567043788266,-170.42572320386822,85.76891714210858,-95.54816078940146,91.0149187143264,-0.035643589843529486,261.99917530000005,-2852.4633070000004,-313.695352,-93.62440799999999,-33.721651,-92.170554
2213,-0.213547,-0.519806,0.917479,3.43259,1.75925,1.73524,-274.07378834303415,-168.49772022325303,103.60222851555545,-104.74642523243172,86.55329636364267,2.4650134036795355,530.8401769999999,-3019.7978940000003,-311.776099,-83.00046400000001,-14.098898,-86.540119
2214,0.301111,-0.867096,0.985239,3.32635,1.50311,1.66172,-231.5712061424346,-160.99598381160516,57.61548996276532,-81.90718160292684,46.24783542003125,2.892193546995223,-71.90671300000001,-2870.354604,-241.984349,-97.45008700000001,-16.061911000000002,-93.607662
2215,0.115103,-0.855456,1.017498,3.46217,1.53403,1.50961,-240.48757535026044,-159.15908112041572,59.35498982878251,-83.40088257483289,38.603489813175315,1.7889461237369695,101.20642699999999,-2818.485544,-209.811218,-95.585555,0.2546033000000001,-92.29396
2216,-0.271608,-0.434545,1.01377,3.36661,1.36045,1.42503,-277.6393047021333,-149.3156662000682,88.02407902374351,-130.78907589451302,76.36667972401177,0.1090476194004788,610.801108,-3080.534455,-209.02026,-105.22963,0.13906280000000004,-94.05704300000001
2217,-0.0334637,-0.684117,1.1414,3.68592,1.25174,1.61015,-244.554429780099,-140.09219161405218,52.73830132327321,-118.9758320745057,37.219682146375355,11.736123700782704,297.8767737,-2927.972483,-81.199641,-109.54744,8.6147527,-98.806503
2218,0.259382,-0.737778,0.773262,3.79142,1.3679,1.71693,-223.5045333447877,-179.00977689051822,91.86518808230055,-126.6958654060984,16.737185815582095,25.552657155685427,5.479414500000001,-2978.221122,-451.704312,-103.16881000000001,7.9875085,-97.523769
2219,-0.0775598,-0.780295,0.958284,3.83768,1.8353,1.71877,-251.8957380091103,-169.76395695049214,77.20491697828817,-69.59718337454109,40.831951861557144,-3.8795373378764633,306.1992098,-2821.548305,-272.501584,-82.122725,10.219073,-84.579642
2220,-0.141782,-0.880317,1.14741,3.7458,1.63194,1.41494,-257.34972326096056,-141.9027382466656,26.521242308354083,-59.455257442930396,33.81814630824269,-2.3634795528044026,329.470582,-2705.1038829999998,-80.483156,-90.703125,21.844672,-90.819295
2221,0.394184,-0.877125,0.962642,3.6675,1.84927,1.58066,-224.20927143279863,-151.51467821778027,18.04828513817996,-0.4312481436611167,19.250923550159555,-36.33159756392258,-170.112694,-2892.235675,-270.470752,-79.88043300000001,8.305698999999999,-86.25734999999999
2222,-0.0413767,-0.538447,1.14635,3.37351,1.69435,1.41793,-236.99826237791373,-146.70297865427162,74.23986038848616,-95.59399741301195,35.39458238576563,-8.195874780448861,356.5930967,-3062.868053,-82.544789,-86.56002699999999,0.27692859999999997,-90.260638
2223,-0.0212551,-0.505459,0.793923,3.272,1.52309,1.65575,-239.71923894699,-169.7330172295551,117.63969449626062,-131.13342352938665,57.092665974708446,1.349430199092115,355.2679051,-3100.030141,-432.19354300000003,-96.24499,-18.997711,-93.134183
2224,0.276278,-0.482644,1.21139,3.12963,1.80311,1.69704,-203.73118687702785,-143.0119845380389,62.744035186981314,-75.4579686609343,34.03059905867719,-20.69512096856631,84.82105899999999,-3222.8198559999996,-20.107528000000002,-78.34216400000001,-29.102375,-85.293122
2225,-0.203341,-0.822234,1.17051,2.89792,1.2677,1.56682,-277.66050414055314,-129.85057102608872,15.551965320574473,-83.78189950859489,110.997394777309,-2.4156072530054047,423.03529100000003,-2736.746166,-51.535754,-113.2983,-33.928208,-98.746581
2226,-0.276673,-0.870713,0.98718,3.46215,1.84594,1.54749,-273.70537648076504,-166.70951894464972,62.96576985369695,-60.69399219600324,73.87946993534887,0.6260480644276453,466.565583,-2668.532287,-243.52239,-78.63560299999999,-1.6037112699999998,-86.681963
2227,-0.334007,-0.714689,1.0312,3.03374,1.80012,1.41514,-286.5281719357929,-163.4470972591748,70.4170859793733,-73.5248090601629,103.53576541132028,1.7286079383317423,579.011197,-2795.511711,-198.44416,-79.51695099999999,-18.853472,-88.958455
2228,0.254532,-0.779213,1.15853,3.54567,1.46064,1.7254,-228.13460528723988,-141.24612861344568,36.9754875340906,-86.11555660816272,34.103479290217834,6.079884347251218,-0.70574694,-2937.777187,-67.701079,-99.491658,-7.0413181,-94.95595499999999
2229,-0.233757,-0.651813,0.720744,3.56972,1.31655,1.70889,-271.38718924166574,-181.8081027619372,109.1072070111724,-121.03332351682047,74.43924970119168,-2.464297206435622,502.254567,-2889.168987,-501.77074400000004,-106.90950000000001,-3.9445718000000003,-98.72753999999999
2230,-0.25968,-0.748241,0.838992,3.13993,1.44788,1.44345,-277.1769277614627,-175.19502389053721,90.09704032652682,-101.95669372793972,89.918277494446,-0.03425021378155084,496.84925,-2789.618659,-385.355722,-100.487474,-14.157238999999999,-93.244574
2231,-0.267948,-0.69679,0.972898,3.61716,1.66627,1.51295,-270.1788212517348,-166.3817870858349,82.24809149102967,-90.23111245058743,59.59391322935206,-0.39081336614314427,514.850618,-2835.50551,-254.675568,-88.712381,8.851991000000002,-90.056332
2232,0.273227,-0.594764,0.724059,3.55731,1.61755,1.39761,-211.45924161775238,-170.90127817382682,77.80709562097067,46.9373901264712,3.39430511075812,-132.8666208596574,39.127385000000004,-3117.597236,-505.03645900000004,-91.03043,11.967596,-91.184037
2233,-0.0846898,-0.631162,0.946528,3.46229,1.82673,1.59083,-251.614415731701,-169.74504934325284,95.31382105119297,-88.51796864314626,54.984238584406526,-5.301612855813215,367.88237979999997,-2959.819338,-284.340968,-79.62505,-4.0974308,-86.543824
2234,-0.218211,-0.830788,1.15476,3.11848,1.50918,1.71874,-277.8037435893358,-141.7503314731608,34.13350227868269,-76.0939518135295,107.52297870763569,-1.0819735003250466,433.451601,-2725.1734119999996,-70.76023699999999,-97.423799,-31.263729,-93.916687
2235,0.321412,-0.635187,0.940745,2.95534,1.6249,1.72979,-221.76331460538512,-168.22556527056588,88.89382895675209,-97.20572769071495,61.55858550885565,-2.2681852123182438,-6.5354209999999995,-3092.695013,-288.390285,-89.32303800000001,-41.466995999999995,-90.21037
2236,-0.363244,-0.420179,0.875492,3.36522,1.46601,1.53478,-298.7430591701869,-166.4820546999828,103.33523018302449,-122.88225832170765,103.68015077569325,-2.8160245377105317,704.702264,-3063.0143209999997,-348.618712,-99.351007,-6.523630799999999,-93.626829
2237,0.0918416,-0.527975,1.18724,2.86359,1.48955,1.67589,-238.56816673657218,-137.77400437495288,64.18846178850613,-110.9658820985768,80.5475527550814,1.975438156474101,246.1372184,-3114.639825,-38.742994,-99.229125,-43.406459,-94.83943099999999
2238,0.100198,-0.594567,1.18975,3.31066,1.8655,1.51887,-228.1810148686455,-147.01581361041306,63.11531183822609,-68.61169596691609,38.338153058250235,-19.305125357578934,206.965152,-3057.535433,-42.445345,-76.715168,-8.581897999999999,-86.93302100000001
2239,-0.0651131,-0.673379,1.18595,3.39167,1.57618,1.71722,-255.14727349647765,-142.6871174681997,56.68810047556657,-93.6768806305042,69.16288136583194,-0.08498511087836962,338.1787431,-2927.4566210000003,-40.894058,-93.214757,-15.689281000000001,-91.778503
2240,-0.170303,-0.695259,0.944543,3.55553,1.61615,1.40554,-258.5042332181492,-167.94424299315665,86.70914088391827,-95.41752641211166,45.3042312272303,-1.3507823794886236,422.919033,-2869.903641,-282.925973,-91.204938,11.566891,-91.108662
2241,-0.0864987,-0.513703,0.760092,3.13429,1.80848,1.55816,-255.16904589269265,-181.44427456202908,122.8140763440871,-107.28061756029534,75.26144413720442,-3.786976006073079,415.1175987,-3068.8555969999998,-470.13762199999996,-78.862247,-21.08694,-87.121602
2242,-0.0654417,-0.710458,0.945027,3.15915,1.88581,1.73059,-261.9866706969543,-172.76109917682146,89.60658845389484,-78.8057610578837,90.0259935599306,0.30446289683897787,329.96524170000004,-2889.091542,-287.291767,-73.163535,-28.594144,-82.29005000000001
2243,-0.184349,-0.780826,0.903626,3.5451,1.8968,1.72167,-266.9496311183775,-176.73112373928296,85.47212500423082,-70.7253372731537,72.15372105641482,1.8280447636766968,412.027159,-2784.479774,-327.63420599999995,-76.51043,-6.1943548,-83.01746800000001
2244,0.196185,-0.574479,0.991558,3.5585,1.6728,1.64093,-215.0877833343159,-163.41042796028646,84.35371138813545,-81.15374210232982,15.966213806454059,-16.74732716855591,122.335375,-3110.8714210000003,-237.500848,-88.33363399999999,-1.7570830990000001,-89.56047099999999
2245,-0.34593,-0.881007,0.95675,2.94727,1.47609,1.50585,-286.4004023474787,-162.42436759486628,55.73000045054881,-79.12661742315694,113.704047401507,-1.3438954267911511,536.1809199999999,-2634.164793,-268.02893,-99.171355,-28.840608,-93.463494
2246,0.0892666,-0.654104,1.10983,3.51118,1.61181,1.65462,-232.6208648231142,-151.50608385085334,69.04256022885446,-93.83673585534571,36.24903434564423,-2.183164005098781,196.3598734,-2998.754396,-118.25508,-91.434071,-5.2873718,-90.90865199999999
2247,0.146458,-0.41153,0.779606,2.93194,1.45005,1.42085,-196.88663305639503,-162.08116587558294,120.71017532036672,-157.47000154037005,21.39871314098696,19.019620488265243,231.974972,-3246.0716700000003,-445.144496,-100.391156,-24.757619000000002,-93.208494
2248,-0.327283,-0.601696,0.874393,3.2723,1.44182,1.49252,-285.80509919833776,-170.09054289371673,95.14938216399042,-112.40114137537951,93.69005865979221,-1.4947609438270482,609.131223,-2904.130604,-350.135893,-100.842625,-9.362102,-93.7193
2249,-0.0877114,-0.869755,1.1834,3.77006,1.77461,1.59624,-254.46087005791097,-139.44016564319332,23.19161267351033,-49.07251735002621,40.2291429653,-4.416415980647899,284.18363139999997,-2734.173645,-46.638664999999996,-84.191307,13.071853,-87.391168
2250,0.107508,-0.470235,1.02544,2.9055,1.22683,1.73668,-230.67681902423533,-144.03528716014253,83.98816431484198,-139.7633138396471,75.33822048175195,9.931363941900123,251.995472,-3173.188865,-196.17262,-118.87087,-41.997068999999996,-104.89228000000001
2251,-0.0625296,-0.590558,0.953514,3.00353,1.43476,1.40526,-253.80999000264237,-159.48108340127925,93.1411650920569,-121.7695742835636,72.43733516500458,3.4887400145515826,365.4870396,-3005.527442,-270.995544,-101.27385199999999,-19.809905,-93.161947
2252,0.353292,-0.405891,0.721355,2.85622,1.30644,1.51137,-189.292077481936,-172.27580392434567,117.73652436363773,-159.28226704636884,26.77827117524977,35.18602574833801,41.472063999999996,-3320.8327090000002,-502.465985,-110.25791,-33.575494,-96.884919
2253,-0.294989,-0.79388,1.18318,3.25335,1.68975,1.4806,-278.4488940666531,-143.33455977669755,37.94080682732701,-67.83018153435764,86.80367892011485,0.3401255088813057,512.717589,-2735.3007199999997,-45.03349,-86.537537,-10.0312339,-89.877005
2254,0.172639,-0.869626,0.871054,3.46545,1.91583,1.42909,-236.89111927022424,-175.97367353412,67.04694822841381,-36.23963783780408,34.13029371502996,-23.453225202767065,41.571839000000004,-2823.788274,-361.90461400000004,-74.720434,5.2116476,-87.593597
2255,-0.227608,-0.585694,1.19679,3.65791,1.7359,1.73167,-269.00425777171665,-143.99632603007362,62.08971738494191,-89.26338673461149,68.48449933639704,1.4001541526950465,517.318608,-2954.214706,-31.715982,-85.5002,-1.1092484,-87.26732399999999
2256,0.241289,-0.820832,1.009884,3.07384,1.47294,1.70516,-237.68466581648048,-159.2198146466996,64.0893400899485,-90.85219870050925,69.33247687319066,2.4451260386105447,3.2888129999999998,-2891.978068,-216.662214,-99.884185,-32.963354,-95.060772
2257,-0.164473,-0.74928,1.15657,3.10367,1.47464,1.7434,-274.31443061698906,-143.41477386801586,46.95475074766366,-89.28114842626053,106.25788789598681,-1.4501733682099676,410.698473,-2819.42072,-68.478624,-99.80633599999999,-33.419741,-95.26177299999999
2258,0.101496,-0.653235,0.823357,3.37187,1.87349,1.70243,-235.0719782706839,-182.74660763036147,104.7687705864418,-80.06798708055689,50.89601282880957,-10.222140022929018,188.240024,-3002.508265,-408.812187,-76.195839,-15.184431,-83.82604
2259,0.23588,-0.57531,1.18893,2.89406,1.42556,1.72162,-225.17986193775025,-138.03928383409846,56.381969125628174,-107.0308079616183,68.32349819596527,5.226228798707853,95.261615,-3119.16689,-36.585082,-104.19695,-43.823944,-97.543667
2260,-0.247191,-0.64627,1.000345,2.94394,1.45479,1.5,-283.09787361634466,-159.36420001107257,78.28207763313411,-105.86598476411734,110.25426851702431,-1.1566986559660086,523.4112210000001,-2888.50053,-224.256585,-100.492817,-28.614541,-93.84062
2261,-0.315618,-0.832276,0.947762,3.51011,1.50384,1.68087,-278.7405295843747,-165.8540929565194,68.80822049064595,-86.55329636364267,83.86727022006937,-1.0456078690680932,518.608088,-2692.198724,-277.30512200000004,-97.169049,-6.6402846,-93.55457
2262,0.0561268,-0.550753,0.778394,3.25674,1.9168,1.56348,-231.29618640077177,-184.34344100539107,117.32055700437274,-85.65375262528728,47.2120087976774,-17.000402626665196,266.64804319999996,-3083.290247,-454.299484,-73.201157,-13.833654000000001,-85.137266
2263,-0.0497874,-0.588758,1.20629,3.46743,1.3444,1.71257,-247.29431395641458,-133.4229628787294,52.41572608461456,-113.65992965128193,57.118792850166415,3.806892019031826,350.8435574,-3012.057342,-17.284879999999998,-106.04320999999999,-10.148928100000001,-98.105199
2264,0.0172663,-0.414718,0.997772,3.27364,1.26887,1.6921,-217.49993565181668,-140.19131331260982,90.67630065740408,-157.90946016923542,39.79541391438597,19.321340063181133,350.30947369999996,-3198.501782,-223.776792,-111.42811,-19.365551,-100.155909
2265,-0.0867907,-0.770732,0.897488,3.78967,1.50317,1.6367,-251.9633470289357,-171.12072100936192,84.50669111943537,-98.33674637830319,38.60555246123779,1.4824480808096867,317.79006069999997,-2827.553168,-329.047068,-97.056976,11.851047000000001,-93.426314
2266,-0.20049,-0.645697,1.13213,3.53071,1.35706,1.47597,-262.9853361338673,-143.58895303773562,60.08493805977918,-110.26171696836101,55.52556910924613,3.1321769194857687,469.4578,-2906.733403,-91.273734,-105.07351,6.693161600000001,-94.75244500000001
2267,0.0162075,-0.517995,1.18342,3.45964,1.36645,1.71826,-231.01314524997713,-134.1196795576085,61.98429315063785,-124.57878635309004,42.058883684050286,8.806819677396858,313.2381525,-3101.3601049999997,-40.477419,-104.86129,-10.9577325,-97.68321
2268,0.395878,-0.494435,1.06561,3.3689,1.41062,1.66111,-196.63166683756182,-147.56413422035328,68.58132920377415,-147.5538209800409,12.360762289034328,43.72865458640005,-35.419539,-3254.602465,-160.1072,-102.56239,-13.204627,-95.980954
2269,-0.0816742,-0.568963,0.728638,3.58094,1.65058,1.54301,-243.8124494354046,-184.34917058334236,119.4198743657321,-108.2128198929732,37.130358026114465,-3.574420123235446,384.2528542,-3019.8603369999996,-499.420758,-89.489447,5.0449653,-90.34032599999999
2270,-0.0466432,-0.468168,1.18451,3.07104,1.61867,1.43915,-239.86706205813374,-137.98084213899511,72.0918416145407,-110.82436152317949,56.35962377161807,-2.054947509704405,390.8242332,-3126.808332,-42.991125000000004,-90.37571899999999,-18.236159,-91.107876
2271,-0.00455707,-0.855583,1.16344,3.23355,1.72849,1.42914,-252.08653295488884,-146.24232058698647,40.48938039584842,-63.74671132846026,59.019809518630964,-4.655035713586033,216.47171707,-2776.575017,-66.61860899999999,-84.338428,-8.3182101,-89.78353
2272,-0.12512,-0.479009,1.08962,3.723,1.87146,1.40631,-239.33879497102313,-152.59756845057754,79.48758083408937,-62.91191182095465,20.865690504176758,-32.421504386831785,450.31741999999997,-3087.9860909999998,-141.07168,-78.168738,21.109626000000002,-88.170715
2273,0.0873504,-0.437244,1.13996,3.10711,1.55397,1.43483,-206.5403989465543,-139.71232059588044,77.84032717308826,-120.85169589576401,20.69517826434582,2.5301587049859102,275.0498296,-3202.759056,-86.65117500000001,-94.20155600000001,-15.791254,-91.868854
2274,-0.352684,-0.463094,1.10628,2.87255,1.65925,1.53129,-306.10155613305204,-152.75226705526288,70.58954627570768,-90.37263302598474,139.00815546566466,4.252567239974337,687.083174,-3024.081506,-121.08193,-87.20881,-34.786832,-89.956952
2275,-0.00253901,-0.865805,0.845246,3.23846,1.45515,1.68217,-256.1957862615671,-174.9102638663572,82.68296645753396,-94.543192816742,77.02959189297813,0.8317399128796108,215.95769901,-2766.763295,-380.12688599999996,-100.479797,-22.150465,-95.074149
2276,0.0389615,-0.485675,1.17395,3.24866,1.39612,1.6175,-225.78777015838403,-134.22052012955152,66.16344730832208,-126.58127384707225,43.12899695801613,9.6522761998919,304.53196849999995,-3139.3631250000003,-50.251594,-103.76105,-17.512775,-95.982157
2277,0.023799,-0.603302,0.957882,3.07421,1.55818,1.53813,-243.5506077230298,-162.14476419084244,94.36213815348067,-113.01878987853054,65.49595147699466,0.3311993993909626,280.761321,-3023.202398,-268.837962,-94.02085699999999,-23.621183,-92.063076
2278,-0.161781,-0.85444,0.885971,2.93671,1.49507,1.67825,-275.06099462404455,-171.56820104735908,74.96121425255586,-88.01319282563601,112.87096676738679,-0.9606153097383869,374.270401,-2720.23886,-339.974871,-98.556458,-39.33636,-94.41413700000001
2279,-0.201466,-0.674666,1.06083,2.81422,1.58971,1.5039,-280.21303111786096,-156.563009350678,70.73622347126117,-93.04548114027004,115.09175118131385,0.0843714730797845,472.276276,-2876.306634,-166.18289000000001,-91.810072,-36.562796,-91.434787
2280,-0.073961,-0.888042,0.90837,3.48163,1.53572,1.64448,-258.0682123360546,-170.2337823424994,73.4841290567086,-85.3787328836245,62.762369836425506,0.2537154519664458,271.352651,-2722.184658,-318.54825999999997,-95.493229,-6.322583699999999,-92.652237
2281,-0.0183131,-0.400772,0.989869,3.19571,1.52474,1.67186,-223.55781841973487,-145.88479492282482,99.68262423906549,-137.45200209408935,46.278775140968314,2.3320012515399147,389.5438631,-3199.345128,-235.672799,-96.195806,-24.182212,-93.202961
2282,0.320791,-0.634729,1.19799,3.03645,1.68824,1.51757,-216.6376341701448,-143.7041175545569,50.05324920795164,-75.92206447499026,40.07381410704004,-8.766426152840134,-10.1255025,-3095.602171,-32.177363,-86.020824,-24.620154,-89.75214000000001
2283,-0.36738,-0.441801,1.11909,3.54905,1.87596,1.5098,-290.59216157665577,-153.1378676513859,79.67321915971175,-90.41044824046338,82.97402901746042,5.056868204045133,696.90543,-3040.5726990000003,-111.23865,-77.446608,5.5724948,-86.70453
2284,-0.375375,-0.727667,0.89459,3.21928,1.22362,1.67514,-290.7537356748827,-165.28629178154478,74.88501086580347,-110.83467476349185,110.57970854465863,-9.45002209821072,614.686075,-2768.3426329999998,-325.895,-114.53801,-21.131575,-101.059628
2285,-0.305112,-0.660092,1.11869,3.48195,1.82549,1.47704,-276.59422968381466,-154.903150618184,66.8424022955521,-77.45873728153111,71.63920495638735,0.2811601303532122,564.000332,-2856.593108,-111.76024,-79.835774,3.4143784999999998,-87.960301
2286,-0.041694,-0.458189,0.817599,3.66255,1.48575,1.54565,-223.71767364457637,-163.8968691283525,115.78273828224162,-151.02881000750935,12.987348933789397,16.197917938804963,383.860224,-3138.344911,-407.520199,-97.93967599999999,9.90811,-93.371281
2287,0.156539,-0.760416,1.19925,3.47494,1.57924,1.61504,-233.65677251671076,-139.8578518758437,37.9696839002016,-77.37336657005663,37.05060230103225,-0.4915725780792606,96.661625,-2922.088484,-28.646691,-93.172205,-5.0811603000000005,-91.65481399999999
2288,0.399329,-0.623564,0.991568,3.6275,1.41393,1.5639,-207.997430619572,-147.55955055799222,56.00794227696677,-182.62170283102293,7.952310421738748,89.94577946861229,-88.71834,-3134.528236,-234.675998,-101.64924599999999,6.9803568,-94.893894
2289,-0.30192,-0.746958,1.13246,3.28657,1.71992,1.68516,-283.0485992459634,-151.21330241754148,53.019050642887315,-73.18962875001137,101.03251280439372,2.863396688211948,537.8074,-2775.9721419999996,-96.434951,-84.587957,-19.752623999999997,-87.86164099999999
2290,-0.183431,-0.483892,0.873722,2.86384,1.56421,1.4564,-279.86238094724087,-167.45894774068083,106.75349638877498,-119.67827833133609,109.17137828422706,-0.06717185302775233,519.678401,-3062.598208,-352.417442,-93.49035099999999,-30.947374,-91.872445
2291,-0.160385,-0.430776,0.747946,3.31059,1.75877,1.54778,-259.2553808875657,-176.22004538602624,127.54097815391638,-119.89657525128094,68.43694383940118,-2.455359064831581,510.791375,-3122.3488239999997,-480.892416,-82.649038,-10.4724882,-88.328266
2292,0.338148,-0.667533,1.07662,3.71531,1.30313,1.47492,-214.4351844056619,-123.85227586886415,10.808963396702005,-177.65645057841922,13.728126067114038,102.71185210192215,-48.685337,-3070.9840670000003,-147.91316,-107.22356,17.495773,-95.803755
2293,0.00634655,-0.842124,1.10911,2.84601,1.85919,1.41494,-257.4156134074006,-155.5798137742335,55.062218140323836,-63.66477836375655,86.20551098199827,-6.049001922093666,216.99216345000002,-2790.4011760000003,-122.86857,-75.21081500000001,-29.45541,-88.160124
2294,0.0250596,-0.882156,0.899799,3.16559,1.57601,1.42182,-251.18698921653342,-171.84665853579267,75.66480642497652,-83.48166962394635,61.23658322799213,-0.20770980580641632,181.0242804,-2761.665944,-328.09538899999995,-93.022246,-11.769145,-91.57999099999999
2295,-0.252901,-0.510911,1.17271,3.30703,1.81254,1.53449,-278.3514912414809,-147.29369814105152,71.50455987453161,-90.53420712421163,86.55845298379886,1.4536512220264117,569.511001,-3015.042589,-57.403479000000004,-79.607843,-9.808152,-87.434645
2296,0.130871,-0.827101,0.887217,3.54597,1.66889,1.43246,-236.69058404192847,-174.01874153713362,74.75838719307956,-68.85463007205155,25.935908624848434,-8.534664724709717,94.284273,-2850.115999,-342.09868700000004,-88.37867299999999,9.359649000000001,-90.42051000000001
2297,-0.277157,-0.6184,1.004314,3.70023,1.53198,1.63545,-272.26839833057693,-159.8592355460656,83.03476254374429,-105.27641119292772,63.91286908904821,-0.3051080473162952,550.836687,-2906.0236,-221.429114,-95.692322,6.7170437000000005,-92.722513
2298,-0.326293,-0.423836,1.12048,3.70395,1.2241,1.64552,-283.67999873619755,-138.9989881409426,68.65524075934603,-126.98234430366384,74.7721381801627,-6.280075800869927,663.7834929999999,-3071.886564,-100.847443,-110.70786000000001,7.927798900000001,-100.000691
2299,0.339087,-0.632639,1.09487,3.08936,1.84374,1.48605,-214.75260302416436,-157.04601277197324,64.73334465167554,-60.49231105211719,36.08820509255101,-23.42171252403487,-28.189365,-3103.775461,-138.00911,-76.854385,-19.584758,-87.545544
2300,-0.32304,-0.848609,0.835589,3.48873,1.89862,1.63208,-278.5205137910445,-182.05905827620447,79.80729128377237,-59.92680170832306,81.49350607484239,3.8418653628466113,519.44001,-2673.1672909999998,-395.67484900000005,-75.962374,-4.4603495,-84.368692
2301,-0.119965,-0.869145,1.03395,2.95067,1.87243,1.61663,-270.22694970652583,-162.80022790847212,59.344103630675015,-59.077105298144055,103.60509330453111,0.8221485993891209,328.253535,-2721.431755,-197.36962,-72.90345,-34.401018,-84.038743
2302,0.292054,-0.472043,0.803011,3.43635,1.31903,1.41616,-198.18438246236636,-156.09432987426095,87.334237838406,-231.21081568929725,15.959338312912488,116.6186837053375,65.33272400000001,-3239.621357,-420.688551,-107.2086,4.7577353,-94.50809000000001
2303,0.231257,-0.691904,1.18387,3.6476,1.50706,1.70238,-222.735051025927,-140.90922942990875,43.45924983112953,-91.33863986857531,21.411089029361786,6.3658475828010115,48.227568,-3012.252696,-43.122596,-96.94982399999999,-0.021392500000000148,-93.61119400000001
2304,-0.0123909,-0.647551,1.20987,3.542,1.34022,1.72764,-244.41921174044816,-133.78335333186672,46.432385125842885,-108.36579962427312,50.92620770461296,4.773001994025518,293.9286909,-2969.362749,-14.167118,-105.9457,-6.715499899999999,-98.403697
2305,0.120371,-0.632076,1.1195,3.64755,1.32691,1.72382,-227.29694099075863,-143.44628654674804,61.81870834784504,-124.36851084227702,28.792962670268285,16.19929303751328,173.650159,-3030.043524,-104.44054,-105.93637,-0.35616112,-98.697488
2306,0.298781,-0.888661,0.937204,2.79808,1.87105,1.46347,-237.59986806280105,-171.31037003955024,65.55152838312236,-57.275095736678104,72.66594532526179,-11.173880216420828,-73.637972,-2846.738539,-296.105904,-73.696714,-34.897425,-86.909792
2307,0.162638,-0.540421,1.02436,3.45334,1.59571,1.40234,-213.06925302207003,-158.66175375424217,81.82925934278904,-89.27255405933357,5.671262306919817,-13.433281985739717,162.757902,-3131.4075789999997,-203.62918,-92.13552299999999,5.7936631,-91.342503
2308,0.006401,-0.889899,0.981157,3.3033,1.73548,1.63783,-254.17553707593584,-166.43908286534798,66.55191269342077,-70.14206623771051,68.87067289031522,-2.1385764294817005,197.102159,-2747.6192010000004,-248.883167,-83.882016,-16.086667,-87.950791
2309,-0.0503391,-0.836422,0.825903,3.26179,1.32388,1.70434,-259.8793319264632,-174.0760373166467,85.58213290089593,-105.72962080887619,80.66844684985399,0.5650234755838516,271.3874191,-2777.215078,-397.462603,-108.43317,-21.182738,-98.906582
2310,-0.0870387,-0.501608,0.929217,2.99171,1.64987,1.59491,-261.775249270551,-162.9915958120458,103.74489500654303,-116.27376311266875,91.71450018218113,-0.5889719655047297,422.7851487,-3079.320692,-298.363497,-88.015761,-31.566886,-90.006502
2311,-0.297137,-0.656627,1.015886,3.38208,1.56525,1.57843,-280.31501760539425,-160.22764740833472,78.0884178983799,-98.16715087094447,86.92858371945337,-0.10421873110311623,561.386627,-2863.5430730000003,-210.182096,-93.796161,-8.2431079,-91.878647
2312,0.204411,-0.802325,0.840507,3.17395,1.79866,1.66738,-237.5036111532191,-181.4408368152583,88.17018326150186,-71.90276554214752,61.895484692392564,-6.7113984290444115,42.728888,-2897.313275,-390.969837,-79.18188400000001,-24.985385,-85.875081
2313,-0.0946811,-0.732807,1.11845,3.73915,1.79569,1.58225,-251.5857678419445,-153.60597417000778,60.43043161024306,-69.63098788445382,38.547798315488606,-6.310958226027478,337.6566211,-2860.437593,-111.75793999999999,-82.89613,12.110437,-87.11197200000001
2314,0.0767999,-0.770394,1.04998,3.63846,1.71554,1.67771,-239.62298203740804,-159.66442989572113,66.30095717915347,-74.64093084507773,37.58677620571567,-5.623202607064244,166.0301901,-2885.097206,-179.73287,-86.487067,0.6944608999999999,-88.27198800000001
2315,0.152314,-0.850737,1.02153,2.90649,1.4233,1.47178,-244.9039340351288,-156.922253888225,60.446474428506725,-92.12531092128994,72.96903999888599,4.459657105446421,76.09745699999999,-2833.229563,-204.26024,-102.437353,-29.091764,-94.12668
2316,0.142336,-0.691346,1.07154,3.07495,1.90611,1.46438,-235.1596408133389,-160.8424311225101,74.36075448325877,-70.01773439616713,55.4115505080151,-15.228473349443611,137.526364,-2980.593054,-161.29317,-73.154677,-18.989007,-86.96763700000001
2317,0.23324,-0.532095,0.91524,2.82663,1.29157,1.47196,-216.34198794785726,-159.01756054501843,95.4203912010873,-136.09638395080984,51.044408897748454,17.69138972759297,110.28855,-3160.5584049999998,-308.02643,-110.97708999999999,-33.047308,-96.485677
2318,0.247415,-0.659155,0.995626,3.42731,1.49097,1.5266,-219.43424116817835,-160.7438823817476,77.05079133139797,-108.70441768119544,20.89049957670592,10.265971294256525,45.309430000000006,-3048.7476450000004,-231.01788599999998,-97.917018,-2.5646329999999997,-93.225956
2319,-0.28882,-0.409174,1.0363,3.62916,1.77288,1.51492,-274.81863347670424,-154.98622949847797,93.86366487171686,-107.46854771709825,63.60690962644834,0.31338957928711614,632.67158,-3098.266626,-192.74779,-83.294985,9.569218999999999,-88.29638
2320,0.0841632,-0.660075,0.939226,3.01062,1.63271,1.6501,-244.16653735279547,-167.44748858477823,93.09246367947077,-102.02602162115056,76.20510562578488,-1.3754539421469567,207.0496268,-2989.0953250000002,-289.012576,-89.060455,-33.740192,-90.223259
2321,-0.0603262,-0.766701,0.792245,2.92622,1.59613,1.43982,-261.08025146505736,-182.31001379047177,98.45076497953423,-94.71909085984717,85.87548729200292,-0.4607543241947639,306.1850362,-2839.530099,-435.111985,-91.56245,-26.433501,-91.367116
2322,-0.141762,-0.73608,1.1503,3.53947,1.47334,1.73159,-262.51493778406495,-144.69590749792835,53.29286717318034,-94.12206883732085,68.8798402150373,-0.22830935741475475,387.49179200000003,-2842.2692199999997,-74.95839000000001,-98.83131499999999,-7.7544147,-94.65684399999999
2323,0.344114,-0.815164,0.941164,3.29664,1.76337,1.68528,-226.94800969352394,-170.14898458882007,68.0467595809171,-62.51427911113387,45.45956008549026,-9.235392108154713,-94.205764,-2933.070436,-290.86762400000003,-82.102994,-19.014646,-86.847358
2324,0.283826,-0.442589,1.12482,3.30291,1.72002,1.60539,-193.868864349441,-147.43349984306343,63.88880486165271,-43.581232545712886,10.617767380466852,-51.042117066567926,87.51744199999999,-3264.963311,-105.76065,-84.83596299999999,-14.34025,-88.669733
2325,0.394352,-0.424094,1.18711,2.93644,1.27722,1.5605,-190.85625226264312,-131.42162130033745,49.69423385352266,-135.9617388689541,27.597199751830257,37.85875927106428,-5.249307,-3318.306806,-36.39102999999999,-112.28554000000001,-31.477218,-98.336839
2326,-0.190226,-0.698861,1.11917,2.92114,1.3024,1.45168,-275.2661135147014,-143.96309447795605,54.21939722368639,-105.54799318781973,101.07663055461879,0.3798864880322043,450.760626,-2858.7479390000003,-103.15749,-109.74849999999999,-26.61938,-95.552887
2327,-0.333241,-0.877151,0.884212,3.34312,1.58971,1.43266,-278.3079464490509,-172.80349805366114,71.34470464969012,-77.45529953476034,78.80289626890803,-0.03837562449805179,518.5557510000001,-2643.364149,-343.039092,-92.464499,-2.16930214,-91.37367499999999
2328,0.0072307,-0.422368,0.985417,3.2567,1.28644,1.6093,-219.0411921207186,-142.0030058608135,92.60659546919983,-157.833256782483,37.52839180639184,20.214867744687655,356.2927393,-3188.270732,-236.441427,-110.07834,-15.986219,-98.19387400000001
2329,0.29669,-0.619413,0.806922,3.00122,1.28243,1.64094,-220.23409025018097,-172.27007434639435,99.90149411680548,-127.91741142531734,54.33565036031843,14.474747369949014,20.373238999999998,-3099.818987,-416.748712,-112.43554,-32.190571,-99.900081
2330,0.149056,-0.541485,1.003112,3.01993,1.33363,1.62627,-225.3815430816363,-151.43561004205225,86.36823099581542,-131.12540212025482,56.75055287523583,10.6705367933984,185.491924,-3122.8357149999997,-220.442252,-108.78695,-30.723824,-98.167584
2331,0.274387,-0.820068,1.010193,3.76202,1.55859,1.46066,-226.57272233771326,-158.04009454652524,49.05177627784247,-77.98070183289529,4.703393351495074,6.48720004380972,-41.443765,-2904.445932,-218.373863,-94.45773600000001,20.267928,-91.916579
2332,0.302294,-0.630995,0.995527,3.34388,1.67224,1.66122,-215.40004533266222,-164.36784043595003,79.4526304085864,-83.42781159120405,29.387005312259923,-9.061270234214456,6.8419943000000005,-3093.734805,-233.90441700000002,-87.620276,-15.263125,-89.35888
2333,-0.29003,-0.734186,0.958038,3.52942,1.60485,1.6184,-276.0590871031624,-167.05157474834283,79.81187494613341,-90.89918123970997,76.51335691956527,0.2578138190750165,526.30782,-2792.880314,-268.80904799999996,-91.81476,-2.1661176,-91.03047099999999
2334,-0.109916,-0.711877,1.07521,3.18673,1.37274,1.5696,-262.8329293603625,-150.1653626102472,65.75149065362301,-107.08638486774599,80.26966822444294,1.3940005859753417,368.588486,-2874.6597229999998,-148.65235,-105.25146,-18.28815,-95.838127
2335,-0.351678,-0.815232,0.804882,3.46356,1.28829,1.62395,-281.7010025118157,-175.49869152195654,81.95531005771782,-101.83408075978173,85.70073516448801,-4.125697195398519,558.264428,-2695.124568,-416.97497200000004,-108.93162,-5.0036653,-98.122011
2336,0.260215,-0.4134,0.815144,3.18661,1.57059,1.68794,-190.59097280349755,-170.6107885716955,114.98575398921466,-124.4355469043073,14.675225302465288,0.0054946652553045944,124.065355,-3283.5106,-412.56726399999997,-93.345975,-25.706194,-92.013886
2337,-0.291706,-0.581418,0.803611,3.43283,1.45969,1.6462,-281.82648026894935,-175.86309267965973,105.66888728259234,-115.8996216724483,89.31552589396838,-1.810838841088918,582.773746,-2935.7752819999996,-420.716731,-99.70711999999999,-8.9502344,-94.52878
2338,-0.201756,-0.548272,0.766125,3.79597,1.27751,1.50397,-256.15739808929334,-172.72500283572822,111.63280497210908,-141.97378501326182,35.817367942792664,8.575058249266439,500.363706,-2996.207328,-456.54560499999997,-108.1323,20.622681,-96.75060599999999
2339,-0.0361688,-0.426058,0.96653,3.42962,1.82813,1.68236,-225.6067154951227,-157.63100268080183,105.58122473993733,-104.2256065966578,37.32006435208228,-15.018656204866703,393.9866088,-3169.697242,-263.87861999999996,-79.216163,-11.0111028,-85.392039
2340,-0.0270326,-0.446622,0.817274,3.45586,1.5835,1.58315,-222.94074287437897,-165.38655939569264,118.54038415020628,-131.54022356392952,25.605197385498926,-1.273272648963326,377.7189126,-3154.5561780000003,-409.378104,-92.79517,-4.316882,-91.520616
2341,-0.120451,-0.516998,0.839427,3.25506,1.72733,1.50753,-255.26931350684052,-172.640778039844,114.02547672457538,-111.57493623480086,65.33265850538237,-3.1437907739930706,443.027091,-3054.828102,-389.729937,-84.362022,-11.5079062,-89.231916
2342,0.200192,-0.810495,0.853315,3.04731,1.77144,1.44347,-236.72381559404607,-179.7213904720707,85.52254529020233,-71.91078695127936,55.69459165880972,-9.074963925518084,42.748132999999996,-2888.8185049999997,-377.553645,-81.20603799999999,-19.775392999999998,-89.06383600000001
2343,-0.29077,-0.582973,0.734554,2.99591,1.4065,1.67569,-292.5969409018185,-182.5838876165443,107.07950937420442,-116.09901098515384,126.44490989183112,-5.6314531993141275,588.5682099999999,-2931.644527,-489.124144,-104.51219999999999,-35.339244,-96.996779
2344,-0.0147621,-0.543127,1.21573,3.54693,1.33024,1.64608,-234.94879234473075,-130.6286477118764,52.50356051460812,-123.05070791347612,37.30493826629082,11.54681844527148,331.4123621,-3067.885873,-7.4501745999999995,-106.27096,-1.82062547,-97.567737
2345,-0.0471874,-0.794058,0.76388,3.32164,1.406,1.49452,-253.84092972357942,-181.3365584965445,96.76913385082527,-106.23267775300106,59.42087997522255,3.7869989243848843,278.2422674,-2819.994342,-460.44424999999995,-102.77418300000001,-6.5941681,-94.263179
2346,-0.288556,-0.69976,1.17777,2.96889,1.63691,1.45917,-284.71877121876975,-144.70622073824072,47.89451612323724,-79.26355433619322,108.1555241134601,0.528673887145162,542.685286,-2824.30254,-49.83227,-89.14502,-25.156244,-90.707072
2347,0.375128,-0.726851,1.17555,3.5006,1.4259,1.4924,-216.63820712793992,-132.6884309853717,20.65369611997835,-102.73362449813713,13.706124487781015,31.00457975947326,-100.475638,-3028.687249,-50.947697,-101.37689900000001,3.8281642999999996,-93.95352700000001
2348,-0.251589,-0.759831,0.925556,3.0787,1.77018,1.6319,-280.9395416020868,-173.10315498051457,80.83231277926141,-75.75246896763153,107.69773083515058,2.923734873617175,488.70661900000005,-2779.4677690000003,-304.50963599999994,-80.571309,-28.451356,-86.795153
2349,0.0438087,-0.437548,0.757767,3.28503,1.28688,1.63022,-215.4836971707513,-159.2421600007097,119.1093312407712,-169.6573868005978,33.936404797157685,22.950913103775875,316.8126113,-3186.402052,-464.371517,-109.99655,-15.542744,-98.53613999999999
2350,-0.223825,-0.484622,0.835288,3.45365,1.29436,1.40191,-263.97999086621445,-163.0884256794229,107.49719560685479,-142.44074561629344,57.04940766117607,5.001331404963102,547.2311050000001,-3049.877678,-386.349858,-108.69892,6.666189699999999,-94.435718
2351,-0.154892,-0.570605,1.19054,3.19247,1.31186,1.40827,-262.1820493050939,-134.15749477208712,53.8103626537425,-115.40515909525043,70.50188373305268,4.544007952045582,456.376072,-2992.688395,-32.05119,-108.27445,-8.6742827,-94.366079
2352,-0.0978733,-0.810889,0.957509,3.2749,1.22479,1.39909,-258.5311622345203,-159.07943998689257,69.61093436162423,-112.82398422818605,62.40083346769796,7.94566411131523,319.3175833,-2785.8315110000003,-264.234799,-113.07589,-3.1347772000000003,-95.086084
2353,-0.320677,-0.791841,1.03295,3.13782,1.8135,1.65106,-285.595969603115,-162.48853886792094,61.23199956563108,-63.960424586044056,109.7408983325871,5.006803151906601,542.034437,-2726.608359,-197.00469999999999,-78.036631,-25.936194,-85.550208
2354,-0.123275,-0.822983,0.91436,3.09306,1.5959,1.57701,-267.2441314250748,-171.14249340557691,79.82734480660196,-87.24084571779967,90.33539076930126,-0.10900006390348294,345.03367499999996,-2764.859417,-313.31774,-91.718993,-24.767489,-91.281469
2355,-0.14289,-0.605949,0.868712,3.23027,1.68025,1.61919,-265.804288485911,-173.58272065503905,104.07205390756273,-104.19466687572073,83.46161610111676,-0.20224550731425364,436.50459,-2962.9330510000004,-359.675052,-86.844756,-19.268106,-89.333574
2356,-0.197576,-0.882779,1.12843,3.55494,1.56736,1.68293,-267.81708922020556,-146.05553634577382,38.0507001324331,-72.19440105986912,70.51276993116015,-0.058237722128277394,388.65837600000003,-2684.974421,-98.53997799999999,-93.896552,-4.3387052,-91.93780699999999
2357,0.188906,-0.633462,1.11817,3.72038,1.69785,1.67288,-220.5171314009756,-151.37201172679272,59.08569966507101,-62.256448103325,14.288020424515878,-20.80828013310465,106.53457399999999,-3052.4794380000003,-111.54135000000001,-87.701042,5.7308028,-88.732191
2358,0.144937,-0.509427,0.724382,3.11409,1.29914,1.69521,-221.0207613028956,-171.6295075314381,119.25257068955389,-147.65523450977906,51.48690420292798,13.180836781205075,200.609233,-3151.809973,-498.646262,-110.92312000000001,-28.879698,-100.07321
2359,0.354824,-0.867421,0.787252,3.04485,1.55905,1.67247,-232.0146754758658,-181.42651287038004,80.45587950786046,-79.78952959212332,63.33532763155633,0.35793532898515223,-117.895584,-2886.556779,-441.00068200000004,-94.121668,-32.973471,-92.35999600000001
2360,0.0141497,-0.799808,1.14694,3.12138,1.28206,1.58332,-253.59169308269747,-139.09123434595864,40.23258071207079,-98.19866354967665,76.08191969983176,4.5049093121058545,222.02401030000001,-2834.4444919999996,-75.664738,-111.05738000000001,-22.273757,-98.02723
2361,0.0228046,-0.659552,1.0668,3.48683,1.72568,1.45797,-237.57122017304454,-157.83898636043432,74.75323057292337,-81.0534744881819,32.05950965186814,-10.552622079160477,253.6176454,-2970.617248,-162.98917,-85.186146,4.4926148,-89.598202
2362,-0.0365627,-0.59928,1.17649,3.08577,1.4297,1.52794,-251.50956445519208,-138.98179940708866,60.23619891769371,-109.72485551432344,72.4115520642237,2.979976410787217,338.08984269999996,-3006.05892,-48.252958,-101.93236,-22.02115,-94.416803
2363,0.0806617,-0.492211,1.008806,3.26869,1.31222,1.62805,-220.70391564218824,-146.8364778205371,87.56571278763884,-144.56412720504827,38.87707716035029,16.997480541910026,262.7314483,-3147.494789,-214.01987599999998,-108.63808,-16.499722,-98.02367100000001
2364,0.392459,-0.781954,0.935805,3.11463,1.46701,1.57298,-222.82156765299177,-166.13426931833837,69.31356926595134,-91.64058862660926,44.764734167335114,6.138841704370179,-126.942449,-2981.540246,-290.816235,-99.67716300000001,-23.023248,-94.03218
2365,0.188386,-0.738504,1.02896,3.44195,1.43473,1.45047,-228.72303294283924,-156.3928408855241,66.27460112057744,-107.4101060219949,25.470380416304643,13.547014108073185,72.197035,-2952.905396,-197.10123000000002,-101.023505,2.8112585,-93.564223
2366,-0.201117,-0.483199,1.03809,3.7792,1.56843,1.52124,-253.3963144745579,-152.65772901906627,88.65777034515818,-116.19469493694068,33.975595110344635,0.03566266933810734,521.758207,-3058.553001,-188.11960000000002,-93.936248,17.693015,-91.761302
2367,0.120664,-0.76148,0.93932,2.87886,1.62988,1.67202,-248.55768589467806,-169.233398032201,83.50802568252236,-91.0057513896043,89.37855125143277,-0.9571718333896506,139.912286,-2903.99672,-289.52834,-88.88413700000001,-42.495756,-90.109587
2368,-0.110483,-0.805564,0.845834,3.83771,1.31324,1.65746,-254.8275630467947,-172.91121411914574,84.68258916254054,-109.35758956764457,40.265583081070325,3.9529332314327217,327.819093,-2786.228736,-378.41755400000005,-105.65335,14.26099,-98.296139
2369,-0.115122,-0.774969,1.06959,3.12298,1.41862,1.72094,-268.4570830773667,-152.1025329155845,60.489446263141524,-97.19197670363181,97.98093958752696,-1.123117599593391,354.848162,-2812.3807309999997,-154.93416,-103.37226,-30.755977,-96.796283
2370,0.0583366,-0.554392,1.10094,3.46887,1.69508,1.41314,-224.36225116409855,-152.28416053664097,74.81625593038777,-79.82390705983116,17.698036038016486,-19.47724187923623,256.5953134,-3081.932808,-128.30934,-86.758912,6.1271092000000005,-90.336825
2371,0.278725,-0.735575,0.882695,3.09312,1.50886,1.71392,-229.77670232808484,-172.28325237568237,87.11651387625628,-98.89308839737522,60.76847670937025,2.106393390129202,-2.2134784,-2984.4051249999998,-344.741425,-97.507194,-32.46889,-94.018949
2372,0.0864424,-0.615748,0.899635,3.69282,1.61728,1.56743,-226.83857475465396,-171.26854412050568,94.51168013800981,-94.55006831028358,15.166307428671917,-7.046005781400812,208.5634776,-3033.393952,-328.675995,-91.443231,10.189989,-90.886083
2373,0.0864002,-0.438663,1.09021,3.11421,1.38805,1.4041,-207.17179843678844,-137.9023469210622,79.3431954697164,-150.80936717197423,21.735669620303398,27.82254405265521,274.6535298,-3200.966237,-133.64409,-103.89095,-13.233845,-93.624746
2374,-0.21015,-0.494421,1.07683,3.83888,1.54079,1.53298,-254.6253089451135,-149.56089213638418,82.1203219027155,-115.01325596338091,32.474789461778954,0.9243127038388979,525.75401,-3044.773679,-149.10794,-95.29473800000001,20.487208,-92.28264
2375,-0.361963,-0.74729,1.08026,3.18306,1.63535,1.44228,-285.97641357908185,-155.21655853212053,58.15922691034447,-79.23204165746102,96.15664196783041,0.5067445004943248,592.151883,-2755.43451,-147.40310000000002,-89.624247,-11.945907,-90.792746
2376,-0.173636,-0.565256,0.785903,3.32983,1.82176,1.51439,-263.973688330468,-182.85088594907526,115.4773517774369,-97.60336040053573,70.21826962446292,-2.4793488077137087,476.518706,-2991.3788440000003,-444.489273,-79.21965,-7.3643511,-87.59566500000001
2377,0.146787,-0.666235,1.17346,2.8373,1.45019,1.56154,-239.62871161535935,-141.2392531199041,54.87073564519112,-100.41429134344754,76.68810904708016,3.593642857262085,146.20909300000002,-3004.5899649999997,-52.036651,-101.336744,-38.283944999999996,-94.76341199999999
2378,0.0264837,-0.432375,0.918084,3.07895,1.39098,1.61771,-224.75472725376315,-150.96177394547905,104.19122912894994,-146.36894425971036,51.78994158077268,8.806819677396858,337.6478363,-3184.200925,-305.59155400000003,-104.70136000000001,-27.226941,-96.416622
2379,-0.163236,-0.660124,0.942781,2.80259,1.5561,1.71132,-280.4880508595237,-167.1873657457888,85.08996215487856,-98.89996389091678,127.92256804547353,-0.38808150337596053,444.262046,-2900.667976,-283.598881,-94.32934399999999,-49.035641,-92.703734
2380,-0.0789723,-0.636753,0.823998,2.92009,1.84965,1.67568,-267.28481142852905,-182.3438183003845,105.76915489674023,-87.2173544481993,105.81212673137505,0.8962033944097798,370.8995223,-2952.921347,-406.936818,-73.3164,-39.464344,-83.189082
2381,-0.197101,-0.808807,0.954975,3.19615,1.70726,1.51125,-270.95632497972736,-169.26032704857212,76.44001832178853,-79.33918476515049,84.4012668851313,-0.3860051043264064,416.442981,-2753.6332930000003,-274.500155,-85.392566,-15.089963,-89.44129000000001
2382,0.179076,-0.710523,1.11848,3.45306,1.51614,1.43962,-227.29063845501219,-148.98220476330204,56.14585321825476,-95.12417202100467,22.054062267057596,6.368597780217639,90.243291,-2976.308577,-108.66855000000001,-96.54837699999999,3.8691633999999997,-92.355917
2383,-0.316594,-0.422593,0.749728,3.31657,1.38114,1.50164,-291.63609067938415,-173.5145386774185,117.05470458743206,-134.3299550684215,97.29281727557483,-3.3529318283717235,660.191064,-3076.550607,-473.349988,-104.16622,-7.1292095,-94.76654099999999
2384,-0.292137,-0.637857,1.11082,3.40031,1.59446,1.48723,-277.50981624043374,-151.2860680575231,67.31165472976424,-94.69502663245169,77.85350520237625,0.024011114207885948,561.030267,-2882.832043,-115.94553,-92.200756,-2.02826123,-91.301226
2385,-0.013628,-0.43241,1.11354,3.5161,1.26152,1.6359,-218.90081746091153,-131.37463876113674,71.28225225002085,-160.50438602338292,25.815644783650477,30.925053217509106,368.347058,-3172.22559,-108.30506,-110.00439,-2.4870956,-98.878326
2386,-0.00686124,-0.744693,1.15445,3.79927,1.70766,1.59327,-243.0910955713349,-147.74461592581946,49.51512724676477,-68.05936465240997,27.05334821269208,-7.49170965023308,249.57029124000002,-2879.506607,-74.914548,-87.448726,14.728738,-88.850103
2387,-0.16736,-0.690055,1.19166,2.88442,1.25709,1.52368,-275.11084195222094,-133.2482107512145,36.829898958347854,-101.76417990877577,106.97179330871982,-0.8214152134113534,433.57930999999996,-2873.818045,-30.157863,-113.48241,-32.332759,-97.957858
2388,-0.230431,-0.822545,0.879925,3.07675,1.67924,1.58761,-277.43590468486184,-175.6871946365546,80.43697190062115,-78.4138579260142,102.02029204319925,0.8817820467063369,446.93823100000003,-2728.688255,-348.40810500000003,-86.497364,-26.307447,-89.376779
2389,0.0586494,-0.504919,0.756233,3.16424,1.48042,1.60792,-227.63441313209069,-172.00594080283904,120.62996122904839,-135.5343123537865,48.617359677574285,4.4075351348233704,281.8023006,-3127.418681,-469.293863,-98.84765800000001,-22.199403999999998,-93.991026
2390,0.0924406,-0.473242,0.990771,3.21417,1.60185,1.60519,-215.3794188520375,-154.90773428054501,97.5059575753635,-119.3568490082677,33.18978349432271,-2.6268281441803825,258.74875940000004,-3169.9324579999998,-236.706411,-91.46964299999999,-19.525948,-91.194879
2391,-0.328675,-0.882049,1.17457,3.7958,1.91796,1.60751,-273.72485704579947,-137.81468437840718,13.42852643604013,-37.072489288806246,57.97817224708314,2.2915504312036785,506.743905,-2638.824251,-56.835706,-77.646365,14.413367000000001,-84.01060700000001
2392,0.264635,-0.606104,0.835322,2.95028,1.82157,1.70553,-223.94742972042383,-180.60202660318677,105.0901999095102,-88.7248064071885,63.805153023563605,-9.92385819478391,57.677427,-3100.349096,-396.029062,-75.19661900000001,-39.584244,-83.59608399999999
2393,0.159059,-0.683739,1.05807,3.60022,1.77149,1.41256,-226.1756625856876,-156.0410447993138,56.886401168461354,-35.46591563125942,14.540408333271007,-39.335787171132026,115.750181,-2993.735861,-173.01099,-83.041259,13.717701,-89.393636
2394,-0.0978791,-0.698485,1.1701,3.7551,1.78419,1.55149,-250.09092095444817,-147.76581536423933,54.4857080068632,-68.91822838731107,34.465072954724896,-7.763921898699732,351.4899291,-2891.529415,-59.878505,-83.436917,14.686341,-87.63217900000001
2395,0.0141801,-0.452588,0.960293,3.23955,1.81715,1.56307,-223.27706910012077,-160.10216965120105,105.05926018857315,-102.3801095385414,39.21454930168234,-16.473739821380946,339.08070990000004,-3161.989512,-270.240233,-78.894561,-15.259283,-87.033024
2396,-0.37435,-0.712343,1.10297,2.85237,1.80891,1.44575,-293.76405593050004,-155.04810894035208,53.37663360282847,-62.776693781303784,122.59348759296174,4.539882655920639,621.0256700000001,-2782.1920569999997,-126.95622,-78.049933,-30.906344,-88.204942
2397,-0.293699,-0.564067,1.08478,3.1732,1.79595,1.60178,-288.1685501032524,-157.31931364025067,77.0273000617976,-86.16654985192937,107.57569082478771,4.534393720243287,593.089989,-2950.290833,-145.1072,-79.604402,-21.289158,-86.758527
2398,-0.200402,-0.639333,0.730646,3.76185,1.42602,1.67858,-262.1705901491913,-182.85718848482173,111.26095536306917,-116.87594175535123,52.788320538788135,0.2509686922965886,472.125162,-2912.3405669999997,-493.926586,-100.670951,8.1735991,-95.575955
2399,-0.146224,-0.846404,1.17615,3.62799,1.59458,1.66336,-261.66180362711515,-141.38363848427707,34.27084026217555,-71.48221452052151,59.04903036618264,-0.1336979826203922,351.58099400000003,-2737.232096,-50.95087,-92.539532,0.935127,-91.23344999999999
2400,-0.179466,-0.616937,0.790245,2.83609,1.65685,1.73889,-283.16548263617005,-182.82968651065545,103.91850121846767,-94.93796073758715,130.14048767042493,2.448558055803378,474.66353599999997,-2935.692763,-437.66136500000005,-86.272398,-48.687615,-88.543132
2401,-0.253303,-0.521927,1.04671,3.74855,1.30527,1.5624,-265.7057397451485,-148.82979798979727,79.67264620191662,-127.03677529420126,50.58678750677746,1.5722706743523458,559.364213,-3004.0896730000004,-176.15063999999998,-106.76661,14.548055999999999,-96.974678
2402,0.00136256,-0.715419,1.21864,3.34021,1.42754,1.49746,-245.82410425410893,-134.62961199527493,39.67171232641722,-95.47825993839551,50.54347189746557,4.997899387770268,258.01063744,-2910.714081,-6.5308724,-101.55446,-5.718746599999999,-93.945362
2403,-0.134586,-0.766437,1.20008,3.36175,1.31923,1.58812,-262.9228837341981,-132.80875212234918,31.300283277540284,-93.34341919373807,71.45012888399418,1.5510024809970897,370.340816,-2815.274763,-23.108953,-107.72082,-9.0249084,-96.93868400000001
2404,0.048832,-0.67156,1.04841,3.2882,1.39954,1.4629,-238.76068055573614,-152.6691881749689,73.71445809035119,-114.87230834577876,44.84861518854227,8.395435980492927,228.580188,-2968.5723399999997,-176.19145999999998,-103.144878,-6.6558676,-94.10286500000001
2405,-0.209192,-0.634823,1.09851,3.18942,1.62103,1.52901,-273.52145702852806,-152.69497127574977,71.98126076008046,-96.41390001784414,88.32488186618718,0.008239763347555882,487.59484199999997,-2913.5549770000002,-128.89542,-90.37132199999999,-16.529008,-90.850417
2406,-0.111549,-0.522335,0.788215,2.80718,1.68827,1.48566,-269.51189837820255,-178.1446106198707,116.44106678884695,-111.74395878436445,103.78442909440706,-0.6938576194813783,440.074109,-3051.179365,-439.88611499999996,-85.29587500000001,-35.95174,-89.68347
2407,-0.00805551,-0.815017,1.03263,3.30272,1.70551,1.71742,-254.99601263856314,-161.67780358781084,68.83285767583658,-79.23949010879772,74.18428348235847,-0.9661042454157402,237.44989551,-2812.9242830000003,-196.74662,-85.449833,-20.743571,-88.089422
2408,0.221677,-0.887635,0.813591,3.56459,1.61848,1.51035,-233.8641832385481,-178.82241969151045,72.72954364052131,-68.25989988070576,26.207547915519957,-3.990593747306671,-9.8571455,-2824.460365,-414.83183099999997,-91.154798,6.0287939,-90.915508
2409,-0.29231,-0.479408,1.004382,3.72624,1.37545,1.44538,-269.55429725504223,-153.0204113033841,87.95475113053267,-127.3198164449959,48.98021384923064,1.9109975932557373,609.21495,-3030.219592,-219.11691199999999,-103.76451,19.511248,-94.265422
2410,-0.182472,-0.609626,1.16803,3.22014,1.63694,1.59325,-270.98841061625467,-145.56680334652722,64.10939361277806,-94.76893818802355,87.71640068775825,0.10149488974506428,471.333662,-2946.2818740000002,-59.611329000000005,-89.442564,-18.435091,-90.382961
2411,0.131548,-0.857665,1.08714,3.09589,1.62097,1.5454,-244.82028219703972,-153.61628741032013,52.866701165162034,-76.1145782941542,65.97551715151916,-1.4563498532414778,91.66476200000001,-2820.554535,-141.73817,-90.27195499999999,-22.837944,-90.868151
2412,-0.232201,-0.725515,0.945987,3.20819,1.28193,1.40334,-272.4093459481791,-161.2423556635114,78.0162252161934,-113.58716401130032,79.25209518029061,2.033713693816857,476.11439099999996,-2820.450085,-275.840027,-109.9503,-7.4556054,-94.575688
2413,0.179019,-0.713435,0.794806,3.32398,1.44294,1.65886,-231.6497013603675,-178.47864501443195,99.06440277811934,-110.53043417427737,46.549554994947144,5.4915999311006445,95.98526700000001,-2973.0850649999998,-430.515136,-100.91374,-15.826892,-95.12883500000001
2414,0.0367244,-0.674267,1.016735,2.91261,1.46125,1.68028,-253.81457366500337,-157.3221784292263,79.31569349555012,-108.12171960354739,93.22137918337519,1.0353748428470566,248.0695356,-2957.677933,-209.094335,-101.186787,-40.698173,-95.67967999999999
2415,-0.195686,-0.592498,0.917202,2.95112,1.23803,1.74154,-283.0869874182372,-161.15755790983206,87.2935578349517,-128.4353652721156,122.30070615964986,-8.684092117679835,496.19331600000004,-2954.008202,-303.97079199999996,-117.51944,-39.892918,-104.13159
2416,0.301829,-0.806391,1.21733,3.13733,1.62954,1.4245,-227.75244243788762,-129.85400877285952,9.354452737982898,-54.227934294833844,39.68815621513748,-4.117446603148635,-52.678458,-2927.957509,-11.771249000000001,-89.899332,-13.461299,-90.99601
2417,-0.120374,-0.746039,0.94701,3.31523,1.791,1.66535,-263.6619992899168,-171.25880383798847,85.68297347283895,-81.7708176476857,79.10312615355657,-0.24888198000672213,366.21826400000003,-2838.330661,-283.74356,-80.675436,-16.748558,-86.334698
2418,-0.198854,-0.719339,0.83117,3.67731,1.55404,1.59364,-263.1772769952361,-177.6432725491312,96.20305154923601,-99.57490817358091,53.744758986200026,0.0651453013063746,443.386844,-2838.3637609999996,-394.79883,-94.551214,7.807371,-92.097107
2419,0.126846,-0.534308,0.810218,2.84799,1.83806,1.4674,-228.06699626741442,-178.74621630475806,116.1855276122186,-100.57357361049392,60.588567961699155,-13.034904430785256,210.776234,-3121.8966920000003,-420.835848,-75.91441999999999,-32.293996,-87.440472
2420,0.269725,-0.597645,1.19416,3.09745,1.29424,1.66286,-218.79883097337827,-133.7650186824225,45.90176891177223,-113.44335160472247,48.663368188523286,15.089817563021953,51.090772,-3111.9467550000004,-29.615717,-111.15585,-28.00801,-99.64259799999999
2421,-0.350359,-0.722356,0.782527,3.09034,1.36149,1.60607,-290.1206173112631,-178.8436191299303,90.6207237512764,-104.96243032119602,114.51592859720738,-4.982120130092365,594.245859,-2781.944544,-439.907107,-106.43359,-25.821793,-96.815003
2422,0.279861,-0.470625,0.886215,2.82422,1.85822,1.4714,-203.6165953180017,-172.90433862560417,106.54264792016684,-88.5964638610792,39.523201665919316,-25.11692275248844,87.645452,-3234.130975,-345.954835,-74.527915,-33.802908,-87.07189100000001
2423,0.3957,-0.484327,1.1142,2.8458,1.63196,1.41147,-197.15821505128704,-151.24481509627367,69.71922338490397,-90.57316825428053,25.173359095308825,-8.232945149793824,-27.492404,-3262.608573,-115.08118999999999,-89.248091,-29.494232999999998,-90.97558199999999
2424,0.153007,-0.687616,1.04414,3.46229,1.72155,1.65881,-230.0626082678551,-160.42760967883538,74.68046493294176,-80.64495558025364,37.273368291779114,-8.204125372698746,126.43468299999999,-2988.884184,-185.71828,-85.34369,-8.1944042,-88.24291600000001
2425,-0.0773579,-0.511003,0.773717,3.34582,1.26528,1.50364,-244.1126793200532,-165.8540929565194,114.14006828360155,-150.81681562331093,50.21574003865074,11.145003143546234,403.0001679,-3075.529497,-447.834227,-110.57741,-4.9864401,-96.651002
2426,-0.296479,-0.443894,0.803187,3.27616,1.8797,1.42352,-285.4080394463121,-180.35221700450975,117.61964097343103,-99.74163889196397,88.88695346321052,2.0645903893964572,633.192339,-3063.547206,-427.44406699999996,-75.72869700000001,-5.2803959,-88.078649
2427,-0.117264,-0.751629,1.18649,2.94104,1.46441,1.57799,-269.45001893632843,-139.44073860098845,41.700441287416446,-88.35639454491938,101.30065705251494,-0.032201144818824474,365.310224,-2833.767071,-38.466677,-100.157816,-33.291407,-94.342386
2428,-0.251683,-0.880566,1.19268,3.66556,1.69537,1.6271,-269.73936262286946,-135.4151371323993,16.142742103133866,-53.800679667004786,62.88269097340298,0.3730201618153566,437.044163,-2667.456134,-36.587702,-87.658486,5.1631225,-88.939748
2429,0.0686638,-0.859129,0.939651,3.51851,1.64766,1.57139,-244.22497904789878,-169.06208365145687,71.1195322362037,-76.01832138457223,42.717326782214634,-2.8640498600983975,144.3815762,-2798.392471,-289.638231,-89.601173,-0.0793915999999999,-90.32653499999999
2430,-0.203723,-0.460789,0.986447,3.08286,1.47959,1.68774,-284.698144738145,-155.9052538018678,92.34418079902991,-122.17694727590161,114.62364466269197,-2.137212789929289,546.605653,-3077.350011,-238.468907,-99.32725099999999,-31.436445,-94.73084200000001
2431,-0.0968922,-0.53861,0.785876,3.11911,1.82533,1.56359,-258.95285917173663,-181.09362439140904,118.56272950421639,-102.66888026728734,80.16252511675349,-2.9559064538137707,417.47233220000004,-3042.12179,-444.55792599999995,-77.635081,-22.117420000000003,-86.641031
2432,0.265971,-0.875002,0.979114,3.60706,1.83866,1.46491,-230.52613112411595,-158.5993013545729,37.896918260219984,-19.38167251900841,21.615348483325924,-30.894113496572043,-49.039501,-2850.136498,-253.268334,-79.69304100000001,11.276465000000002,-87.91361500000001
2433,-0.0486941,-0.665245,0.859206,3.71242,1.33537,1.70641,-246.07563272617136,-169.09474224577934,96.84934794214357,-124.91912328339774,41.653344156656686,5.555347215386901,320.4189441,-2940.215255,-364.76219599999996,-105.16877,4.2694747,-98.22430800000001
2434,-0.0959023,-0.818169,1.03401,3.62403,1.45276,1.68576,-257.084443801815,-156.75265838086628,63.37887242398628,-93.85564346258502,56.0229537711992,0.851633007526553,313.47311229999997,-2780.132331,-191.74235,-99.763761,-0.2721758000000001,-94.914254
2435,-0.27968,-0.611865,1.07388,3.50807,1.8176,1.42318,-272.24662593436193,-158.5505999419868,77.68104490604189,-84.30386405995907,62.94113266850633,-1.7491484752871824,554.86495,-2910.7396350000004,-156.19127,-80.195569,7.8372852,-88.727019
2436,0.0146441,-0.783799,1.11995,3.47327,1.6017,1.62822,-247.29603282980003,-150.6059671547028,56.357274644658034,-83.61917949477774,51.5474085460938,-0.8022383160083248,222.6207059,-2851.022601,-107.9353,-91.921416,-5.9397754,-91.123131
2437,-0.296465,-0.711633,1.07725,3.47074,1.32963,1.60507,-277.82666190114105,-149.51734734395424,59.687305349958386,-103.41028765418663,80.61401585931657,-2.4005270038375612,540.544245,-2811.5323670000002,-145.57333,-106.66419,-3.830876,-96.941949
2438,0.275453,-0.603154,0.753846,2.92105,1.55134,1.47671,-218.00643034271232,-183.01303300509727,110.15113611390078,-108.67004021348758,45.2197199524485,1.2794777818845926,45.491309,-3109.026746,-473.866696,-94.392286,-28.836251,-92.16722399999999
2439,-0.39101,-0.473876,0.917064,3.46195,1.67291,1.64935,-299.0192248274399,-169.47747805292673,97.76035083640159,-102.53251631204621,104.9526900386788,3.291929011924145,712.74401,-3002.588324,-310.622144,-88.008124,-7.7665421,-89.39321
2440,-0.0251282,-0.501665,0.870661,2.9772,1.55681,1.45031,-243.6124871649039,-164.13751140230744,110.10931019485622,-126.83738598149573,66.08495209038915,0.43267251673981194,361.9376782,-3101.800235,-355.503991,-94.000777,-24.130651999999998,-91.949646
2441,-0.197218,-0.400865,0.91362,2.84843,1.67435,1.72142,-294.9569540599624,-166.63216964230705,103.48362625196337,-107.97733423917443,140.07958654255933,5.062357139722486,564.908128,-3133.2793349999997,-314.21308999999997,-85.11906699999999,-46.954176999999994,-88.07341699999999
2442,0.174309,-0.511127,0.874122,3.24532,1.51871,1.55781,-211.2157345548218,-166.51700512548578,105.67862756510957,-126.28791945596528,24.645894149111385,6.124460463712396,168.123921,-3162.8374729999996,-352.222022,-96.404571,-14.874417000000001,-92.85900000000001
2443,-0.137018,-0.698163,0.910434,3.5495,1.2517,1.40574,-255.4119799978281,-163.26948034268426,85.3993593642492,-126.56122032424267,44.1173491546168,10.534058246598237,390.338778,-2878.462737,-311.38203400000003,-110.81393,12.121163000000001,-95.071316
2444,-0.0416725,-0.644244,1.1319,3.57712,1.70195,1.5023,-242.97936880128435,-150.74462294112448,67.36264797353088,-84.54164154493836,34.4602601092458,-6.865008413918985,318.9749625,-2962.823756,-97.086628,-86.748829,7.1407498,-89.58479200000001
2445,0.323257,-0.429329,0.871022,3.09759,1.91618,1.72801,-194.64063849948224,-175.3600357355349,105.7777492636672,-71.34413169189497,32.4548505305084,-35.348688466375656,60.453145,-3288.201971,-362.173612,-70.343591,-31.766701,-81.162706
2446,-0.221742,-0.543695,1.08406,3.34866,1.32296,1.44985,-268.9641507260575,-145.27917853337155,73.20051494811885,-122.68917154474856,70.37124935576284,2.022082650575701,526.7837219999999,-2995.4211050000004,-138.36905,-107.32612999999999,-2.13322787,-94.82405899999999
2447,0.0631866,-0.598722,0.829664,3.79768,1.44891,1.48781,-226.81393756946335,-168.1310272343693,101.38259001721865,-166.023115506083,6.951467745204226,48.23055587008147,233.1754334,-3040.474878,-395.904704,-99.757422,21.003528,-93.737122
2448,-0.308343,-0.686688,0.921484,3.22881,1.72294,1.53508,-283.2405401073322,-172.5680123998624,87.3806474198116,-86.0892005495867,96.01626730802336,1.6463197397950535,563.417773,-2830.291912,-307.43982400000004,-84.457223,-14.568056,-88.96715999999999
2449,-0.10641,-0.429621,0.775151,2.89212,1.55113,1.48538,-263.62361111764307,-169.06895914499844,121.86640415094071,-133.89164235514644,92.9778721204446,0.17213371039115322,465.58612999999997,-3139.924479,-451.018931,-94.38132300000001,-30.951757,-92.169246
2450,-0.20111,-0.667153,0.935433,3.49607,1.58201,1.64225,-267.66640132008615,-167.48874154602765,90.45972261084462,-102.34229432406278,71.41116775392528,-0.024633289077618508,466.28611,-2886.3909470000003,-291.243263,-92.994815,-5.4114378,-91.580685
2451,-0.0100124,-0.85248,0.873624,3.5327,1.26005,1.6171,-250.96124384525186,-168.40547401823693,77.06568823407139,-109.64521438080025,52.068914731221874,6.227993937292536,221.3383124,-2777.14342,-349.507374,-110.10573000000001,-0.5080169599999999,-98.649474
2452,0.375249,-0.87906,0.922991,3.57041,1.81701,1.72038,-226.40942936610097,-167.69844409904553,51.95793280630503,-39.62948533691608,32.10213771182587,-15.298431496229087,-148.911269,-2884.2789399999997,-309.451521,-80.906927,-5.1900289,-85.290632
2453,-0.236442,-0.416375,0.897579,3.42861,1.48972,1.42178,-266.8780113939861,-158.79009630035148,107.07779050081903,-133.33358146268898,61.89319286121205,1.0175673145743906,582.826952,-3109.9488250000004,-327.123589,-97.976623,3.4968138,-92.55811299999999
2454,-0.103432,-0.852715,1.19568,3.63194,1.75678,1.55943,-256.5945648869781,-140.13630936427728,28.05894643892619,-55.27684813037985,48.088233153770965,-3.5092576331952174,306.470222,-2745.070685,-34.190178,-84.265505,7.1977822,-88.17333
2455,0.00501594,-0.773058,1.001233,3.64444,1.89242,1.61176,-245.41558534618065,-166.50268118060748,72.35883994707166,-60.58684908831377,40.427099883517705,-10.676724737585813,232.61948406000002,-2857.197142,-230.49425300000001,-77.521072,5.4699933000000005,-84.79243100000001
2456,-0.0430573,-0.435121,1.04962,3.68491,1.69128,1.57496,-219.82843613122836,-151.26429566130813,87.8401595715065,-82.21485993891208,10.511827484147162,-30.367393395508277,391.4457673,-3159.367279,-178.74352000000002,-87.738634,9.241658999999999,-89.371975
2457,0.224555,-0.461486,0.959582,2.93479,1.55994,1.69752,-208.22604077982916,-157.7862742432823,99.40473970842704,-122.44509152402284,47.28213883180141,0.6404235755074776,143.640335,-3223.8006139999998,-267.708412,-94.00074500000001,-40.749269,-92.48738
2458,-0.232844,-0.655224,1.02694,3.02584,1.64407,1.55678,-280.7178069353712,-160.71695336537644,78.1571728337956,-93.1079335399393,106.47045523798036,0.7062564261680093,506.407904,-2885.418076,-200.52677,-88.55644600000001,-27.476177,-90.267722
2459,0.166779,-0.412164,0.997203,3.48351,1.76435,1.50825,-194.10778775001054,-145.005304707299,67.14721584256169,29.61624572609177,14.047263559001907,-128.89029376144947,204.155351,-3253.479236,-233.33326300000002,-83.09441,1.4849024,-88.581619
2460,0.256349,-0.639567,1.21437,3.24734,1.74091,1.60351,-220.01063671007995,-142.67623127009222,48.90418234981678,-69.91746678201923,36.812079970919285,-12.190765711219013,46.76941,-3069.468233,-16.316921999999998,-83.367441,-17.381939,-88.123814
2461,0.315322,-0.673931,1.004689,3.26225,1.29991,1.51726,-218.1284703530752,-154.83726047174395,68.76123795144522,-124.45216268036611,31.517090507217787,24.7208370287145,-21.857000999999997,-3057.4088690000003,-219.429529,-109.03774999999999,-10.715457,-96.38384099999999
2462,0.215489,-0.780374,1.03507,3.15282,1.87029,1.6501,-235.7280149461087,-163.92207927133828,68.76352978262575,-65.14186355960382,61.03776687308173,-9.668089835037511,39.748652,-2921.650726,-197.36813999999998,-74.669055,-24.808454,-84.24511199999999
2463,0.303548,-0.781959,0.855199,3.15337,1.36304,1.62866,-228.78835013148415,-171.97901178646788,82.1483968346769,-105.2666709104105,52.347200332316916,9.156553115544712,-43.302127,-2950.011441,-370.13891900000004,-106.24759,-23.429421,-97.074439
2464,-0.014161,-0.559672,1.14092,3.31303,1.66718,1.44994,-236.94039364060552,-147.1504586922688,73.88691838668558,-98.33617342050806,40.40784850160131,-5.514902124628615,325.393291,-3052.258628,-87.708642,-87.966768,-4.9503414,-90.439148
2465,0.0629496,-0.506516,1.15521,2.94758,1.38616,1.73919,-240.7305094553959,-137.5958145006672,67.63365701062777,-120.52740178371998,81.76623398532465,3.5271281868253475,280.53677039999997,-3124.987984,-68.853886,-106.85454,-41.572917999999994,-98.948675
2466,-0.00424787,-0.897557,0.83083,2.92325,1.46533,1.44885,-258.36500447393234,-176.2824977856955,80.61573473270197,-90.26491696050016,83.94404656461691,1.8876724814159616,208.55347787,-2735.753643,-394.52017,-99.63058699999999,-26.909343000000003,-93.187631
2467,0.281614,-0.785814,0.913365,2.92072,1.62172,1.60191,-233.64760519198865,-171.69425176228788,80.29315949404331,-85.52999374153903,68.08113704862494,-1.830726206157909,-21.322109,-2937.726786,-315.888285,-89.73958900000001,-36.079184000000005,-90.649176
2468,0.23055,-0.872376,0.8549,3.45229,1.60731,1.71317,-235.49883182805632,-176.1002972068439,75.99884081953779,-77.12814063374063,45.83479014552144,-1.3418499674625342,-8.576854899999999,-2841.896724,-373.63230999999996,-91.603453,-12.019762,-90.96128200000001
2469,0.227032,-0.625732,0.903182,3.27258,1.5942,1.48673,-218.96498873396618,-170.99868099899908,92.94865127289293,-98.98189685562049,26.634573360230963,-2.52052155487181,77.691523,-3072.874968,-325.28040200000004,-92.050954,-9.3452422,-91.398612
2470,0.301365,-0.843898,0.743074,3.57492,1.40343,1.49459,-227.1072919605703,-181.9330075612757,81.92551625237103,-106.86465020103036,19.534996024985418,21.41212035339302,-70.282268,-2892.242202,-482.839114,-102.465327,8.0453175,-94.371926
2471,0.183632,-0.522521,0.86328,3.78862,1.83594,1.61809,-210.1185203771463,-163.9765102618757,78.26087819471428,18.987362964399377,13.148292778441643,-104.590007754361,147.91487800000002,-3154.459879,-367.75627,-81.373508,12.917734,-85.771024
2472,-0.318522,-0.534095,1.15193,3.30416,1.81809,1.54874,-287.72278893864063,-150.73029899624618,70.16727638069626,-85.37472217905858,96.60698679480323,3.9542854118292303,623.615052,-2970.914505,-78.02957799999999,-79.22667799999999,-10.7953662,-87.147798
2473,-0.337823,-0.578794,0.966034,3.15645,1.41193,1.41175,-288.75812367444206,-160.87222492785688,84.65852493514505,-112.98555832641294,98.62838189602478,-1.580469700400668,627.153453,-2922.229106,-257.520294,-102.56391,-11.3596995,-93.389197
2474,-0.195691,-0.871884,1.016449,3.44362,1.58102,1.44039,-265.5871374815564,-160.0506034496393,59.50911547567269,-78.82524162291814,60.77134149834589,-0.1803069533386944,388.79891100000003,-2695.723416,-210.63773899999998,-93.03382099999999,3.1411127000000003,-91.483262
2475,0.304745,-0.704323,0.83931,3.76336,1.31841,1.57041,-218.5581886994233,-164.60905566770012,77.98929619982226,-173.88180462409736,11.865497570923244,71.69191707353939,-28.292442,-3024.944877,-384.99546000000004,-105.88761000000001,14.856273999999999,-96.902531
2476,-0.232998,-0.465987,0.846923,3.31122,1.79366,1.44291,-272.1429205734433,-173.08711216225092,114.30737195977976,-108.20365256825109,75.18065708809097,-1.234890206267512,564.8547279999999,-3064.056213,-382.932803,-80.84399,-4.5667032,-88.88016999999999
2477,-0.295354,-0.439464,1.15273,3.83415,1.50772,1.64748,-273.07111220155525,-141.251858191397,71.60368157308923,-113.64847049537931,57.73065447958662,-0.604052214672573,627.161804,-3068.224136,-72.468812,-96.763826,13.75468,-93.364247
2478,-0.0548034,-0.656314,0.901045,3.75968,1.8046,1.61776,-244.3424353959006,-173.9734778713183,94.18509419478525,-79.65946817262862,32.503666534653554,-9.727734741510629,326.9998734,-2946.4037860000003,-328.97990500000003,-82.646185,11.255408,-86.541677
2479,0.374342,-0.85486,1.06538,3.37982,1.71882,1.46797,-224.69513964306955,-149.85997610544246,29.22503014357644,-40.435579658885636,26.195172027145134,-15.138633567167098,-141.41062200000002,-2907.0121400000003,-166.08917,-85.333455,-2.09252919,-89.71075099999999
2480,0.149793,-0.603519,1.018382,3.76209,1.58479,1.65291,-220.42087449139362,-160.03054992680973,79.59873464634474,-95.6341044586711,9.551607515287415,-3.4681421818166296,152.763807,-3067.2724810000004,-209.309132,-93.159699,9.217042,-91.541927
2481,-0.0601999,-0.535604,1.02164,3.50315,1.37818,1.54374,-239.73528176525366,-150.08973218128992,86.08977350738185,-132.79500113526603,38.26458527735544,9.332050088193283,375.2012999,-3058.728796,-202.10407999999998,-103.90990000000001,1.1453128000000001,-95.348106
2482,0.24979,-0.722544,0.891787,3.5022,1.46579,1.65919,-224.57997512624826,-170.60964265610522,84.46486520039082,-105.40475373903703,29.32375077167748,7.918219432928463,22.199818999999998,-2989.1031559999997,-335.038537,-99.290227,-5.7633512,-94.532429
2483,-0.0821083,-0.509458,0.840299,3.58783,1.71367,1.42261,-236.6739682658697,-173.35353753698672,111.03177224501684,-98.87876445249695,23.468637767456084,-13.831659540694178,402.30915830000004,-3075.248242,-388.374799,-86.020929,12.315294999999999,-89.962328
2484,-0.0848117,-0.563713,0.802886,2.88127,1.38467,1.70267,-269.57492373566697,-172.2391346254573,108.01228466467741,-126.88608739408187,111.86657175252245,-1.4618445184967823,401.9856317,-3018.7043869999998,-421.220016,-107.17015,-43.240847,-98.762329
2485,-0.167873,-0.439679,0.955382,3.72131,1.8127,1.74212,-251.771979125362,-160.3536981232635,105.05524948400723,-109.22122561240343,48.59810829565789,-2.724145025683353,510.037563,-3111.646421,-273.95784199999997,-82.216347,2.159206,-85.121018
2486,0.0977392,-0.764373,1.0798,3.02862,1.88485,1.72568,-249.0836611506082,-160.06836514128835,68.21349029930016,-70.2033727217895,84.96104665097413,-3.759542786842215,159.0465408,-2894.198927,-152.60087000000001,-71.61100900000001,-35.725913,-81.691923
2487,-0.351328,-0.40471,1.12325,3.02983,1.27432,1.41019,-304.21824386045705,-140.30876966061166,64.62333675501043,-123.92847925561654,120.14753076554823,-8.25758233498445,701.426758,-3080.9669900000004,-97.930558,-110.82692,-18.011713999999998,-94.952403
2488,-0.31647,-0.717256,1.20027,3.39485,1.39795,1.67798,-282.82399979027207,-135.00375343549536,32.93802583914223,-87.54107560244822,94.135819824404,-3.2555576510892403,559.7805099999999,-2799.3896440000003,-23.458624,-103.282527,-12.661163,-96.31298600000001
2489,0.0527829,-0.462708,0.759153,3.09158,1.29157,1.40609,-218.82977069431533,-162.3200892761525,118.0631103068623,-163.9134849044113,35.68192072002374,24.264819919569877,299.7313271,-3165.871892,-462.98496300000005,-109.55981,-14.310669,-94.632322
2490,-0.216581,-0.526007,1.11512,3.34533,1.73801,1.47656,-268.9143033978811,-150.8437446396821,79.30538025523776,-98.59629625949746,71.88729568167899,-1.1827625060665097,528.357171,-3013.730893,-113.82651,-84.049441,-4.5518079,-89.265877
2491,-0.259131,-0.657868,0.753581,3.42647,1.54958,1.62796,-276.01783414191306,-183.96414294501446,107.2147274138553,-104.41869337361688,82.919598026923,-0.24407371818998425,525.659521,-2874.7624320000004,-472.663801,-94.749775,-8.5253425,-92.329661
2492,0.191442,-0.634774,1.04717,3.3641,1.75026,1.65096,-223.8328381613977,-160.1972806451928,78.15488100261507,-80.99904349764448,36.63950508302589,-11.49273122941113,109.180918,-3051.617126,-183.34342999999998,-83.276388,-13.337944,-87.564534
2493,0.0685738,-0.469263,0.767576,3.36458,1.52657,1.51759,-213.03831330113297,-171.02274522639456,120.9296181559018,-138.23638131562345,17.330712795558117,7.329218819533978,279.6017662,-3166.074137,-458.63540600000005,-95.89234400000001,-5.7030940999999995,-92.536186
2494,-0.117345,-0.898686,0.831074,3.24452,1.42293,1.50873,-263.44026462320124,-175.32909601459784,79.26068954721755,-92.69139322287919,74.04562769593682,1.4927441323881878,310.650205,-2697.102214,-393.396894,-101.943176,-11.812262,-94.130913
2495,-0.0321735,-0.641262,0.755085,3.05436,1.2534,1.6789,-257.8533531628806,-175.2408605141477,107.51323842511846,-130.39144318469224,89.28344025744104,1.8115664974887344,323.4653335,-2965.7435379999997,-466.66186500000003,-114.26164,-30.914996,-101.12597699999999
2496,-0.0159604,-0.789276,0.866974,3.36557,1.79896,1.6628,-252.93680232286295,-178.98456674753248,90.17897329123053,-77.20033331592711,65.65351487065564,-2.9504404364482233,252.3591404,-2834.692524,-363.503794,-80.510519,-13.73092,-86.231066
2497,-0.231226,-0.616939,0.867006,3.69867,1.29987,1.41409,-262.1236076099906,-167.31398941851276,96.00251632094022,-128.5430813376002,41.960564126405835,6.614052899651684,505.43127599999997,-2921.974361,-355.66830600000003,-107.82587000000001,20.043487000000002,-94.773077
2498,0.0759759,-0.551176,1.17627,3.51522,1.39202,1.51816,-222.8295890621236,-136.30035692587643,59.285088977776546,-131.44396665434755,20.33278245892558,23.109335934129547,241.1990941,-3091.1735240000003,-48.353201000000006,-103.136569,3.3077453,-94.79610699999999
2499,0.065613,-0.655678,0.798752,3.47549,1.73742,1.46708,-233.26716121602178,-183.05886962870778,103.35757553703459,-81.57314720836557,29.204117184054166,-13.362636289600086,216.308677,-2988.603722,-431.214612,-84.52161199999999,3.3975732,-89.395327
2500,-0.0305045,-0.790639,0.932158,3.58402,1.75645,1.48393,-248.24255910735613,-171.7183159896834,78.94957346446154,-71.70681397621279,38.514795946489066,-7.711152485768185,258.8342445,-2828.098961,-298.239368,-83.94525,8.704058,-88.912737
2501,0.0155009,-0.411549,1.12863,3.6443,1.8097,1.72061,-206.9959003936833,-142.4865822399039,73.13806254844958,-46.97984629909039,13.386299446538988,-56.38683926688679,347.4967691,-3202.1076510000003,-101.79236,-81.80223,-1.06451691,-85.45742999999999
2502,0.291569,-0.681412,1.03342,3.60621,1.3106,1.70021,-218.70257406379625,-152.0057030482074,63.822341757417526,-128.25774835562504,22.768597933365246,27.385033480293316,-4.5871669,-3042.5704880000003,-191.02354,-106.9912,-1.294339283,-98.788495
2503,-0.299035,-0.817508,0.953994,3.29312,1.51831,1.5697,-279.3621887920917,-165.6197532183109,70.05383073726036,-87.4104412251584,90.55999022499253,-0.5341106836631583,509.608725,-2711.663092,-271.151814,-96.392508,-12.764495,-92.79646199999999
2504,-0.0172547,-0.839556,1.19144,3.73788,1.83379,1.64369,-248.8516132435802,-141.30858101311492,28.970235812081764,-47.94132677509943,39.56789237393952,-6.885577598764182,229.2864547,-2786.676444,-39.589001,-81.279894,8.742141,-85.64350200000001
2505,-0.276894,-0.701959,1.06286,3.8095,1.36797,1.58054,-268.9165952290616,-152.53740788208881,64.87601114266312,-104.03710348205975,51.16811048571719,0.09119482746199747,519.2773139999999,-2826.741141,-161.12992,-103.45142799999999,16.662352000000002,-96.004117
2506,-0.0816667,-0.411427,0.848691,3.6993,1.5395,1.6344,-222.35689888114067,-159.06339716862888,115.68533545706937,-142.90140368357862,14.074822828947699,5.085659333250456,437.78467670000003,-3168.746473,-377.156321,-95.23093399999999,6.814315799999999,-92.54981
2507,-0.109799,-0.613382,1.06452,3.15721,1.81431,1.51776,-260.49125085166287,-158.65258642952008,83.26738340856741,-90.28898118789564,76.88119582403925,-3.1321482715960123,401.735549,-2967.165318,-166.08747,-78.795276,-17.448166,-87.57688999999999
2508,-0.342074,-0.736384,0.95447,2.80854,1.38229,1.51692,-291.9982000059068,-162.95320763977205,68.49423961891426,-98.45076497953423,127.54556181627744,-4.435621525940684,584.255724,-2770.179316,-268.60546,-105.6077,-37.008091,-95.696515
2509,0.179289,-0.708069,1.09086,3.2217,1.46957,1.72829,-234.2520756658517,-150.85978745794574,64.83590409700395,-100.740304328877,58.8066692188423,2.99847148841404,98.572325,-2977.561231,-135.29074,-99.774453,-25.805163,-95.097115
2510,0.396205,-0.809795,1.1466,3.05709,1.25406,1.50391,-224.69743147425007,-127.82631113589152,7.2877366751665065,-83.91998233722141,48.591232802116316,18.252315409026043,-140.09305500000002,-2956.231905,-76.33079000000001,-112.5455,-21.372837999999998,-97.08134100000001
2511,0.347871,-0.695468,1.16081,3.44584,1.75043,1.65123,-217.0782387146004,-146.0778816997839,40.47012901393203,-51.32040266766297,25.767459033079973,-17.917192394654027,-60.724320999999996,-3048.549332,-70.60774599999999,-83.745615,-8.6805326,-87.705998
2512,0.377537,-0.485143,0.748828,3.25419,1.81166,1.49667,-196.43743414501247,-183.77449391482614,96.01053773007204,-23.69105998352587,14.75503832332701,-66.34106422481263,-14.637819,-3256.231157,-483.681678,-79.550896,-10.819435,-88.05818
2513,0.229203,-0.615441,1.05575,3.34569,1.90517,1.40551,-217.64317510059936,-158.96828617463717,66.49175212493203,-36.22388149843798,24.306875021732477,-44.69099449910178,76.211295,-3082.502659,-177.53273,-74.718084,-0.3547408000000001,-88.19759300000001
2514,-0.0164618,-0.441648,0.860914,3.32089,1.79389,1.41872,-220.3630057540854,-167.9952362369233,113.78827219739124,-93.97825643074302,24.386688042594205,-27.185243097131195,368.1286318,-3162.281252,-369.31449399999997,-80.812515,-2.6517701000000002,-89.16576099999999
2515,-0.0955136,-0.492591,0.842365,3.03738,1.26882,1.49786,-257.70094638937576,-160.54563898463232,106.98898204257375,-143.90923644521376,80.17856793501714,4.865546137095048,431.3842036,-3085.2234089999997,-379.115095,-111.68184,-22.260925,-96.781795
2516,0.0337594,-0.898852,1.07005,3.23635,1.65888,1.55593,-251.92553181445706,-155.45490897489495,51.612668438959204,-70.6474150130159,65.67815205584627,-1.8362208714132138,167.77441059999998,-2748.6129480000004,-159.24375,-88.27814000000001,-15.385015,-90.10671500000001
2517,-0.276606,-0.600957,0.863565,3.01443,1.24892,1.44239,-284.7520027708873,-166.57258203161345,93.39383947970958,-125.71324278744905,104.23993054153605,-2.4533136055029643,564.761506,-2921.318543,-357.587355,-112.5959,-20.482951,-95.93698400000001
2518,-0.000373781,-0.487275,1.07063,2.97163,1.46865,1.6337,-245.44881689829825,-145.75817125010093,84.02426065593522,-124.15021392233217,78.8487328925185,2.089267681632742,345.535133781,-3122.214625,-154.55763,-100.135748,-34.702881,-94.78806200000001
2519,-0.241976,-0.483449,1.018453,3.29451,1.45745,1.54164,-277.9154703593863,-152.66231268142732,87.91464408487352,-121.6824846987037,87.39554432248498,-0.7500819679175659,569.316266,-3044.6524510000004,-205.969923,-99.949481,-10.894772099999999,-93.850583
2520,0.0349418,-0.540872,0.835643,3.61814,1.8864,1.50054,-225.77688396027654,-177.24965054387633,102.76169943009855,-54.02327377041312,20.633298822471694,-41.13911453552678,283.0986282,-3085.613328,-395.721103,-77.301768,10.032164999999999,-86.681854
2521,-0.336441,-0.652864,0.870519,3.60888,1.86268,1.71992,-282.52205103223815,-178.95649181557107,95.46049824674645,-81.5273105847551,83.46505384788753,5.927019207510313,598.505491,-2853.413336,-359.467809,-78.799185,-2.6694329999999997,-83.978935
2522,-0.210424,-0.863833,0.982646,3.34136,1.42016,1.59322,-270.92653117438056,-160.60350772194053,62.9388408373258,-90.90605673325155,80.69480290843002,-0.37983033816828154,409.150494,-2698.077667,-241.552236,-102.044754,-11.060651100000001,-94.958365
2523,0.124989,-0.508118,0.914845,3.16689,1.8883,1.65575,-221.1525415957757,-169.70608821318393,106.54608566693763,-91.71163539320548,47.29520226953039,-17.20609447511716,217.632751,-3146.463582,-317.547055,-73.63684099999999,-24.151504000000003,-83.842085
2524,-0.369844,-0.823838,1.008236,3.45708,1.66273,1.71535,-284.8190388329176,-162.07772812881214,60.05972791679342,-72.96216450534443,94.89327002956693,2.024122380326367,573.516314,-2681.086462,-219.43646600000002,-88.538038,-11.833705,-89.334389
2525,-0.359145,-0.812321,1.03619,3.08821,1.89457,1.60027,-288.0585422065873,-162.08517658014884,55.31134018964672,-53.242962549224444,111.67348497556337,6.592796165452331,571.023955,-2693.897879,-194.95749,-72.967518,-25.536997000000003,-84.421858
2526,0.319096,-0.779962,0.78857,3.0947,1.63891,1.42835,-225.6239042289766,-183.49890121536822,88.22289537865389,-78.6871587942916,40.26695817977864,-4.843607583119489,-59.13613,-2958.1120379999998,-441.33611,-89.29960100000001,-16.163886,-90.968454
2527,-0.374458,-0.582369,0.84213,3.42964,1.41013,1.70202,-293.0518693911524,-172.91178707694087,96.67115806785789,-112.84461070881078,103.65207584373184,-4.847704231354674,661.193878,-2906.0158309999997,-381.75844,-102.590327,-12.116459,-96.27076500000001
2528,0.191478,-0.807808,0.749139,3.64921,1.26817,1.70381,-233.14282937447842,-180.02391218789978,90.39268654881432,-118.35932948694494,33.69925756575304,15.163901005932368,47.158355,-2888.715292,-474.228029,-108.85271,1.2353722999999999,-99.93621300000001
2529,-0.210079,-0.845319,1.10235,3.18475,1.49953,1.52272,-272.4425775002967,-149.10080702689413,47.02757368342479,-82.01088696384551,87.16063162648135,-0.021245504226568977,416.209579,-2714.818581,-123.68311,-97.633136,-16.260899000000002,-92.993047
2530,-0.0268186,-0.685075,1.21877,3.53681,1.24843,1.4896,-244.4673401952391,-128.60324190608893,32.768430331783506,-111.6184810272308,39.34105838284723,14.502192048335779,292.0857686,-2929.7003250000002,-3.3136266,-110.78794,6.802456800000001,-96.62672599999999
2531,0.0693412,-0.619615,1.014165,3.46061,1.72136,1.46315,-230.16172996641274,-162.19060081445292,83.4215090554576,-82.74255406822758,26.675138772126225,-13.942756057170044,225.2861488,-3024.126085,-215.280805,-85.325883,2.80471,-89.621644
2532,0.122433,-0.672492,0.908001,3.53742,1.41238,1.55073,-229.47933723241192,-166.52961019697864,89.36938392671068,-121.78905484859806,26.60775893541884,13.490119399016693,157.404957,-2992.588308,-316.997371,-101.998806,2.6433841000000005,-94.783294
2533,0.0738936,-0.856019,0.879192,3.35084,1.90031,1.58088,-246.3644034549173,-178.48036388781733,79.31798532673065,-58.49841792506192,56.33487199486842,-8.802064127697273,143.9474964,-2802.6069810000004,-353.049742,-74.837934,-9.553686599999999,-85.15283
2534,-0.353775,-0.795305,1.03912,3.65383,1.62939,1.40889,-275.6626003089319,-158.77634531326834,59.27362982187393,-77.0066735811729,56.99646636090598,-0.29893385411596546,559.9684550000001,-2712.5503949999998,-188.36271,-90.692511,16.951929,-90.878276
2535,-0.252196,-0.874796,0.953005,2.98342,1.75311,1.57228,-279.8222739015817,-168.5825179769324,64.43540659820752,-64.9539334028009,108.74395176905946,1.8396758069178525,450.47084600000005,-2670.9268039999997,-276.914645,-81.451555,-30.597925,-87.715213
2536,-0.216296,-0.580582,0.837857,3.42674,1.46619,1.57387,-269.44486231617225,-171.37969793276108,105.11139934793005,-119.74073073100534,73.24004903598288,-0.00340336930307709,510.220196,-2962.114718,-387.072707,-99.310915,-5.2361091,-93.869589
2537,-0.361478,-0.428738,1.01838,3.17636,1.55382,1.59479,-304.953921669405,-157.51469224839028,85.37758696803422,-109.04532756929828,124.28657787757331,-0.7466957873483427,703.9897880000001,-3054.301262,-207.58713,-94.437351,-20.966029,-92.188703
2538,0.31633,-0.633271,1.10907,3.35137,1.47023,1.52265,-213.48235559235934,-148.6172306478037,59.34754137744579,-107.92805986879317,19.405679450624394,15.00891592234948,-10.395667000000001,-3096.8808289999997,-117.71974,-99.133838,-6.6228793999999995,-93.623535
2539,0.0558508,-0.629652,0.926238,2.83004,1.72647,1.45687,-245.71352339964864,-169.44596537419454,97.9150494410869,-99.76684903494973,77.3281029042413,-4.716754727277525,243.64727919999999,-3007.4327479999997,-303.539618,-83.13038499999999,-32.994411,-89.38693599999999
2540,0.0320676,-0.813666,0.98072,3.4262,1.36881,1.57332,-246.8869409640766,-160.16118430409955,69.6900025373523,-103.82109839329543,51.242996069540794,5.710315110235934,196.1642324,-2828.775734,-243.43789999999998,-104.65468999999999,-4.8383779,-95.754938
2541,-0.0913495,-0.679844,0.793037,3.44339,1.2538,1.56948,-254.37492638864134,-173.12492737672954,101.20268126954757,-128.65137036087992,57.833786882710164,5.668494920769335,357.55690949999996,-2911.3572560000002,-429.136077,-110.89895999999999,-2.9734721,-97.945212
2542,-0.295741,-0.852953,0.939376,3.55393,1.54331,1.71546,-276.6904865933966,-167.2389319473506,68.90848810479385,-83.13044649553115,81.29583563552224,-0.459388392811172,492.498651,-2679.2672469999998,-286.770556,-95.125064,-6.2261308,-92.63823199999999
2543,-0.163335,-0.721978,0.943944,2.86999,1.84286,1.67685,-277.49491933776034,-172.32622421031718,82.74656477279349,-73.28244791282256,118.53178978327934,4.067433117211666,421.63894500000004,-2842.790322,-287.329674,-73.307085,-42.436248,-83.04565
2544,-0.051171,-0.670245,0.892264,3.68109,1.56754,1.41983,-243.1524020554139,-171.6799278174096,92.94979718848319,-101.67078778816945,23.54845078831781,0.22079959959397508,316.809791,-2934.2457550000004,-334.969744,-93.89368499999999,17.906826,-91.630635
2545,-0.382294,-0.88229,0.84009,3.36175,1.66891,1.55364,-283.58316886882045,-177.6409807179507,72.7925689979857,-69.66536535216166,89.87645157540146,1.17663185765861,564.827174,-2622.42041,-387.22413,-87.940479,-8.0262966,-89.853078
2546,0.15449,-0.510901,0.735605,2.93062,1.57448,1.56795,-220.7887133958676,-178.3422810591908,122.39696306923184,-123.7938341737608,52.66880154272384,-0.24680558095716804,192.56743999999998,-3153.8929989999997,-491.342145,-92.86898500000001,-33.566955,-91.800928
2547,-0.362964,-0.499444,1.14394,3.31003,1.83265,1.65373,-297.6240725962964,-152.0332050223737,69.8538684667597,-81.89916019379501,111.56748778346416,8.52228883633489,679.3059840000001,-2987.8473559999998,-86.227002,-78.171588,-16.180613,-85.45524499999999
2548,-0.161589,-0.744441,0.818546,3.4654,1.33317,1.63797,-264.3741858292645,-174.43127114962783,93.97711051515276,-113.30641469168621,69.67453267688376,0.3970311041359039,403.581259,-2827.040759,-404.54044600000003,-106.52282,-5.9700452,-97.332088
2549,0.168044,-0.809119,1.08392,3.78761,1.72811,1.52485,-232.53434819604948,-149.8364848358421,36.0938773747228,-36.05772373785005,14.393215475701899,-24.0038949396673,63.595703,-2878.750881,-146.30464,-86.282526,18.081967,-88.877272
2550,-0.0791221,-0.511929,0.917363,3.09859,1.90103,1.41113,-250.04966799319874,-169.13771408041416,107.93894606690066,-97.84572154787607,64.98200833476231,-10.069217587408602,406.2645721,-3072.7911710000003,-314.57509300000004,-73.848695,-14.762887000000001,-88.07621
2551,-0.216492,-0.566931,1.1304,3.06542,1.77884,1.51009,-278.3027898288948,-151.88423599563967,73.75341922042008,-89.83863636092282,99.02716052143583,0.9585984982995265,519.580292,-2974.448769,-99.22042499999999,-80.464472,-22.386201,-88.120889
2552,0.201949,-0.477852,0.783597,3.42118,1.45803,1.39706,-202.60303297841529,-157.18581447398518,96.7828848379084,-239.0299707194476,7.122724830168829,117.78809056519951,148.49840099999997,-3203.538248,-441.997747,-99.61894600000001,4.5729332000000005,-92.822616
2553,-0.129677,-0.581753,0.876696,3.35277,1.41653,1.56138,-258.0458669820445,-165.72059379025393,101.68281990186719,-125.4651520621574,65.52574528234146,2.0495101402286138,429.287397,-2991.194947,-347.19246599999997,-102.17976100000001,-8.549388,-94.744542
2554,-0.218062,-0.405454,1.04739,3.79288,1.8775,1.52895,-252.30826762160441,-153.93657081779827,93.36347271656764,-93.94044121626439,33.886213694304224,-10.76518942115401,564.257342,-3125.4274459999997,-182.68208,-78.969515,18.356918999999998,-86.09997899999999
2555,-0.141081,-0.729788,0.79813,3.54481,1.66343,1.44139,-256.9280263237443,-182.8033304520794,99.18586983068707,-89.65070620411991,46.46985656564444,-2.606906401643684,384.531081,-2847.747312,-430.05115,-88.636822,8.846368,-90.437014
2556,0.20878,-0.46896,1.11771,3.40176,1.30737,1.60341,-202.01116757604512,-133.75699727329066,62.428335441864235,-169.29069381171408,16.77299567777777,55.514797502697675,147.64496,-3214.15694,-105.56902000000001,-108.0731,-7.4540529,-97.498417
2557,0.326283,-0.462445,0.93886,2.82923,1.55364,1.66721,-202.21915125567762,-162.3407157567772,98.53097907085254,-117.50791420338054,45.59495001247968,1.1745692095961389,49.595307000000005,-3256.5936549999997,-288.51342999999997,-94.39872799999999,-44.961571,-92.63946299999999
2558,-0.370143,-0.493333,0.926348,3.15979,1.46491,1.63772,-302.31888876959835,-165.33843094090165,91.15128266956754,-113.20786595092372,124.8291689095622,-4.401335731480056,690.935583,-2990.893567,-297.831968,-99.919948,-24.117167,-94.580706
2559,0.258988,-0.612124,1.06041,3.29363,1.59245,1.61274,-216.52017782214295,-156.19058678384292,74.60540746177963,-95.97787913574959,30.190062957915288,-1.9658010063600004,53.541816999999995,-3096.5966759999997,-167.99150999999998,-92.18059899999999,-15.376358999999999,-91.405625
2560,0.286908,-0.472665,1.20029,2.80812,1.62179,1.60335,-205.62882309450117,-139.94436850290845,64.47494068607153,-100.73228291974516,46.632691171020625,-3.612120746155054,81.573255,-3234.3612350000003,-28.190212,-89.425721,-42.629081,-90.562905
2561,-0.284656,-0.73299,0.947673,3.77648,1.86108,1.59803,-270.54551424061856,-171.47824667352356,81.15488801792006,-73.47152398521573,55.6025173411322,0.6836417819941957,516.705186,-2794.23351,-282.979423,-80.08389600000001,13.564492000000001,-85.46782499999999
2562,0.0264208,-0.488176,0.946565,3.80909,1.82121,1.72039,-219.68978034480668,-163.82754123514167,93.89002093029288,-58.57691314299484,14.404273561147923,-41.63225930979588,309.2417992,-3133.1827240000002,-283.703705,-82.489995,8.430371,-84.94765299999999
2563,0.197558,-0.451992,1.09095,2.9597,1.39398,1.42776,-202.1240402616859,-141.7096514697065,78.0941474763312,-139.37083774998248,26.299679528976995,22.612868004648686,168.83748200000002,-3225.567508,-133.45650999999998,-103.84083,-23.395639,-93.962585
2564,0.2811,-0.864767,1.05299,3.34984,1.60499,1.46503,-230.46253280885642,-154.35826775501457,44.5899247440407,-66.67166087260311,32.47135171500817,-2.649419870042391,-56.64889,-2865.704133,-176.40337,-91.61525,-3.6609776,-91.279798
2565,0.164948,-0.616654,1.19937,2.96168,1.57519,1.70153,-234.29447454269135,-140.74994716286238,57.55303756309607,-96.54166960615832,72.03569175061789,-0.17549869152195655,146.714462,-3057.140046,-28.099732000000003,-92.906992,-39.447254,-91.89645900000001
2566,0.191642,-0.88034,1.06909,2.9943,1.22876,1.59065,-243.79526070155066,-145.44189854718869,40.40973926232524,-95.08864863770656,74.77500296913834,8.419442912108908,29.119864,-2818.41756,-153.58728,-115.37482,-29.446887,-99.85440799999999
2567,-0.303004,-0.521493,0.946446,3.69641,1.86168,1.64048,-277.04228267960696,-168.61403065566458,98.65187316562515,-94.88811340941076,68.78186443206994,3.328965003801401,608.862454,-2987.4688069999997,-283.740416,-79.51699,6.6980723,-85.0197
2568,0.362697,-0.515984,1.10504,3.44111,1.43133,1.50764,-199.72850372024394,-132.5434726632036,43.33503258114517,-190.12000149590003,7.7342426849119565,96.97826344604802,-15.266519,-3223.0271159999998,-121.09222,-101.09277399999999,-0.47377147,-94.081434
2569,-0.00580597,-0.764159,1.07795,3.26531,1.52417,1.47382,-249.39764202233985,-153.5933690985149,64.520777309682,-94.10488010346693,56.739552085569315,1.3617659804212816,249.25543597,-2862.1680410000004,-148.73443999999998,-96.089455,-8.9218724,-92.364894
2570,-0.139192,-0.813618,0.850754,2.81786,1.47686,1.49106,-272.1841735346927,-174.9492249964261,84.39439139158974,-94.75977086330145,106.11522140499925,0.18447178355150037,365.855822,-2767.226582,-374.565044,-99.223683,-35.436169,-93.52763300000001
2571,0.0648499,-0.656654,0.734295,2.82808,1.46596,1.72622,-253.0714474047187,-183.15111583372382,110.72982348698291,-113.37975328946295,99.9278501753815,0.8056703332011584,229.99655009999998,-2982.3899460000002,-491.52955499999996,-101.605974,-48.170838,-96.44641
2572,0.18686,-0.748397,1.07664,3.31996,1.8658,1.40098,-230.60348042645862,-158.20166864475215,59.05361402854369,-50.127447242421084,34.05328818736437,-23.15975622010106,71.243498,-2942.349303,-156.14694,-76.843345,-1.6314358899999999,-88.73402300000001
2573,0.258184,-0.530543,0.953043,3.36788,1.64545,1.40729,-205.9382203038718,-164.22975760732353,79.09625066001502,-44.98492184800389,5.458018874728027,-48.84132887969092,78.411053,-3173.5401570000004,-275.85529299999996,-89.268828,0.5628659999999999,-90.868601
2574,0.158894,-0.850159,0.871631,3.2266,1.60651,1.65334,-241.98815181570805,-175.22997431604017,80.95034208505835,-83.40603919498908,61.814697643279125,-0.9674736145461029,68.350802,-2837.569341,-356.65426099999996,-91.23656100000001,-21.597416,-90.99356
2575,0.109357,-0.461415,1.17462,3.73312,1.851,1.49215,-208.0426942853873,-122.91434395823498,22.00135014990556,51.05191464486467,17.46283686311528,-122.41243292970037,236.68175300000001,-3186.253585,-56.580124999999995,-79.764067,16.823409,-87.224136
2576,-0.264177,-0.65879,1.10069,3.00026,1.58223,1.43508,-282.02529662385973,-152.31280842639754,66.09813011967715,-93.12512227379322,102.29359291147667,0.004807115901147607,533.008857,-2871.74101,-125.94089,-92.482241,-21.972759,-91.518468
2577,-0.285108,-0.775025,0.927211,3.68986,1.74785,1.51389,-270.6280201631174,-172.07813348502555,79.17990249810411,-76.65487749496258,55.95981382217578,-0.6026599272304052,502.952348,-2754.884875,-302.279391,-84.897672,13.041547,-88.656777
2578,0.296323,-0.61183,0.757947,3.1449,1.30953,1.63462,-216.80780263529863,-177.04510461101464,105.08275145817349,-130.52322347757232,42.46029791531894,16.87538323576765,22.235684,-3108.2429700000002,-465.420837,-109.52966,-23.876502,-98.446856
2579,-0.105544,-0.487813,1.11126,3.49554,1.3885,1.51274,-242.4568312921251,-140.57977869770852,75.73470727598247,-130.65385785486214,39.53351490623167,8.363235752406576,434.493734,-3088.565687,-112.39869,-103.356012,2.4438165,-94.76155299999999
2580,-0.0737543,-0.46221,0.825423,3.12454,1.76193,1.43543,-243.45263194006247,-170.2503981185582,119.43534422620063,-116.14370169317404,57.32442740283886,-7.349100455025017,418.4278143,-3122.45669,-404.265113,-81.99513,-14.905026999999999,-89.34545
2581,0.0733864,-0.428219,1.017313,3.16231,1.32082,1.43501,-206.66988740825386,-139.92947160023505,86.891914420565,-167.10371390769973,22.54989994296381,37.55354465359809,290.3451736,-3206.1235810000003,-205.206053,-107.79709000000001,-11.95464,-94.80560000000001
2582,-0.028538,-0.757227,0.900475,3.71275,1.32117,1.43625,-245.16348391632306,-166.51242146312472,81.86306385270176,-123.0466972089102,26.547254592253026,17.24981115488564,265.759918,-2859.892773,-323.216955,-106.58758,19.440592000000002,-94.923785
2583,-0.227416,-0.893578,1.06545,3.09791,1.46561,1.68133,-277.58200892262016,-150.6191451839908,42.50911391946409,-78.17493452544464,106.28596282794824,-1.5557694898525782,420.397456,-2662.247422,-159.93440999999999,-100.257226,-30.144450000000003,-95.00480400000001
2584,0.379566,-0.541299,1.04052,3.58523,1.49312,1.70341,-201.53733147947193,-152.2658258871968,71.1940167495707,-147.155615312425,5.400917900865289,46.13565028374464,-38.612246999999996,-3204.944001,-186.70963999999998,-97.683973,-3.5965876999999997,-94.07317900000001
2585,-0.327481,-0.501729,1.09775,3.10825,1.30103,1.58102,-296.4013806614872,-144.88154582355074,65.9760901093143,-118.62403598829539,117.77720436709203,-7.898337797437424,647.023911,-2997.226971,-124.02137,-109.94269,-23.024899,-97.659252
2586,-0.0690389,-0.547339,0.956421,2.80125,1.26253,1.61086,-266.75883617259893,-155.5798137742335,89.4438684400777,-131.42162130033745,108.54857316091986,0.25440242836280763,392.2834689,-3039.5350609999996,-265.787621,-115.23447,-41.700849999999996,-100.728453
2587,-0.304537,-0.638619,1.17016,3.29547,1.50204,1.41119,-279.64694881627173,-142.9289056577449,54.34705222044154,-95.353355139057,81.64362101716665,-0.08225267515339073,572.8460269999999,-2878.321281,-54.884059,-97.283717,-3.5365371,-92.329175
2588,-0.318082,-0.458339,0.781167,3.57104,1.66874,1.57466,-283.4989440729362,-178.07814751563552,117.1354916365455,-113.8604648795777,79.01259882192592,1.3048426234750343,646.388892,-3043.2078610000003,-445.942187,-88.47438799999999,2.7388275,-89.806089
2589,0.0986766,-0.534528,0.873806,3.18925,1.24438,1.54329,-224.8836427576676,-158.80556616082,100.47617078532168,-149.2337332353645,43.80531633938855,19.651879415192106,231.9545534,-3113.1335719999997,-348.034106,-112.64358,-15.829485,-97.917153
2590,0.326497,-0.67693,0.783261,3.19147,1.53901,1.46083,-217.23064548810518,-182.21203800750442,96.66370961652119,-98.3126821509077,28.077854046165506,3.278922869974675,-31.862431,-3058.78647,-444.39604099999997,-95.17641499999999,-12.449057999999999,-92.132315
2591,-0.0805309,-0.881474,0.979328,3.33882,1.76661,1.45175,-257.84475879595357,-166.97422544600016,66.51409747894213,-66.83037018185435,60.080927355213255,-4.233338776369746,278.66429089999997,-2725.891226,-250.999218,-82.47881,-3.51424,-89.11252400000001
2592,-0.373808,-0.698086,1.16495,3.14894,1.76814,1.71822,-293.8196328366277,-147.51543280776713,44.15745620027595,-63.41210397610386,121.09004633853844,6.97197963426991,624.820468,-2795.6165140000003,-64.734123,-80.60875399999999,-29.295078,-85.8949
2593,0.209242,-0.554605,0.904236,3.72252,1.27182,1.68352,-212.1250185756944,-154.69230214957582,85.82162925926062,-185.6211368885328,14.800416580701373,64.30992884107386,113.906928,-3133.5654950000003,-319.12725600000005,-108.04686000000001,6.5308358,-99.618112
2594,-0.341575,-0.866257,0.918368,3.61013,1.8944,1.55363,-276.74491758393407,-173.3082738711714,68.17853987379718,-57.141138204176514,68.58018328818389,1.9164693401992365,527.518285,-2650.075943,-312.869118,-77.03168099999999,6.745553999999999,-85.62517
2595,0.311982,-0.44883,0.769864,3.43807,1.84778,1.40826,-194.86466499737838,-171.41980497842022,87.06666654807991,32.141671799689895,19.312860287813198,-124.6675948113353,54.347834,-3268.07227,-462.678044,-78.209807,4.6133456,-88.746169
2596,0.343508,-0.474754,0.847873,3.65047,1.35497,1.40967,-197.67330410910967,-151.6693768224656,66.57139325845523,112.69392280869135,23.78084247002287,-211.7096241742246,12.734195,-3254.0979460000003,-377.21939299999997,-104.96214,17.218747999999998,-94.09191600000001
2597,0.224455,-0.607884,1.08716,3.71437,1.36183,1.61655,-215.8423687505032,-142.1943737643872,58.88229964779957,199.66375948939412,11.212726754930697,-303.40235196019074,80.938558,-3088.916116,-137.42672000000002,-103.90012,9.251453,-96.49602900000001
2598,0.129882,-0.521866,0.966302,3.34837,1.28179,1.46149,-215.59255915182615,-150.27995416927337,87.31303839998616,198.05947766302782,23.258935214438203,-321.06606782627887,202.51271799999998,-3137.1455339999998,-256.180682,-109.58436,-2.6010932,-95.640359
2599,0.223193,-0.835504,0.728133,3.36857,1.37956,1.66266,-234.78779120429897,-184.26666466084353,91.46526354129924,258.3014061586729,47.693751711823396,-352.6721386790805,11.319435,-2873.407996,-497.149283,-104.43400000000001,-13.214554,-96.709941
2600,0.074557,-0.895149,0.999064,3.20366,1.22541,1.4443,-247.90852471279484,-153.751505449971,53.227664576094455,257.3044595951452,59.007777404933215,-348.8940549779878,129.41984300000001,-2765.7481510000002,-223.253184,-113.33199,-9.6698055,-96.086568
2601,0.261051,-0.466076,1.12753,3.37858,1.38955,1.60962,-198.28636894989964,-136.05799577853608,62.96233210692616,196.20080257562344,12.069814320666897,-306.20296966279017,99.72129500000001,-3235.191624,-97.17923499999999,-103.59887,-9.6275358,-95.86369400000001
2602,0.0238714,-0.5653,1.19989,3.15371,1.38163,1.46614,-236.5771383984926,-134.20218548010735,56.38334422433649,243.74140266880835,50.68092447251746,-351.1658326356815,290.1248386,-3059.5683999999997,-24.247033,-104.43407,-14.488449,-94.47106
2603,0.230815,-0.416396,0.94684,3.48163,1.24738,1.65993,-192.66737185305166,-140.61759391218715,77.83860829970287,144.1166471670511,17.63340639872573,-267.3581500263058,145.094925,-3271.3218039999997,-275.34941000000003,-110.92334,-5.6703639,-99.71448000000001
2604,0.0146755,-0.719708,0.93213,3.21544,1.44323,1.67928,-250.74351988310215,-165.35390080137017,86.80998145586129,250.89879144558262,72.79027716680517,-358.3226484546607,249.5153645,-2910.060392,-292.93534,-101.29839,-23.243412,-95.447108
2605,0.249656,-0.86755,0.988037,3.17296,1.45307,1.41923,-233.92262493365146,-159.93658484840824,58.19589620923284,271.96816844592837,43.803253691326084,-353.1849359057226,-25.336227,-2852.76635,-238.09885699999998,-100.12795,-10.8822387,-92.972647
2606,0.206076,-0.555121,0.782676,3.65259,1.22727,1.5812,-212.6710473544541,-163.19499582931724,97.49507137725601,163.58002346764516,17.23789363274692,-288.263088139449,117.196064,-3131.693679,-439.554326,-110.90955000000001,8.503328,-98.740597
2607,0.265778,-0.519692,0.787742,3.17821,1.30823,1.55922,-207.16091223868096,-169.4751862217462,107.75789140363932,208.5577833432099,28.30749553045394,-330.7158230118722,79.727525,-3185.3756080000003,-435.84622199999995,-109.01480000000001,-17.862724,-97.066923
2608,-0.0717605,-0.558357,0.929326,3.36407,1.25774,1.58565,-248.4854932124916,-156.11667522827105,93.86538374510225,221.43042612641412,57.684817855976156,-352.6578147342022,382.0764405,-3032.563543,-292.577186,-111.09107,-8.3704766,-98.211864
2609,-0.132979,-0.832815,1.19185,2.81828,1.30133,1.50059,-271.7452878636225,-126.61335948359958,10.17756390646784,281.1715895091148,106.27679550322614,-359.41699784336055,352.96052899999995,-2751.590985,-30.742901999999997,-110.81253,-35.144665,-96.85231
2610,0.393668,-0.403832,0.948344,3.52721,1.45355,1.50369,-186.99738151243704,-141.56354723194815,52.615459171997166,107.35281024248184,20.074149310203524,-199.94393585121313,-6.6094143999999995,-3339.458868,-277.95450400000004,-99.759547,4.4796343,-93.686127
2611,-0.112311,-0.528825,1.21552,3.60752,1.42289,1.41114,-242.69460877710438,-133.3519161121332,55.84596710828329,240.95625482667742,27.52569461899793,-349.1238110538353,422.926091,-3046.931775,-9.036661,-101.51570199999999,14.46575,-93.32099000000001
2612,-0.143343,-0.749617,0.984144,3.57256,1.54985,1.59642,-259.6833803605284,-163.43277331429655,77.94345957621181,264.17594243214916,56.41388287481696,-359.8232249201083,382.070203,-2829.102583,-242.02584399999998,-94.73747499999999,1.656445,-92.205074
2613,0.387243,-0.57979,1.15417,3.25407,1.46049,1.46622,-205.27530813490543,-142.42183800905414,50.7231514620186,245.2007261730066,14.192393768508545,-334.9683157673332,-57.519994,-3171.5228100000004,-72.26455899999999,-99.676092,-8.905154,-93.299682
2614,0.198793,-0.549198,1.19138,3.56696,1.55674,1.47686,-211.41397795193706,-140.06354372429567,56.76287146783115,238.8941797220016,1.7804090525895202,-335.98416993810014,124.957457,-3135.8806019999997,-35.98722,-94.361941,8.1013198,-91.89311500000001
2615,0.307065,-0.691344,1.12272,3.41205,1.38423,1.6175,-219.19130706304287,-144.67699989068905,50.22828781436411,251.9839735095604,27.883965128293237,-342.8688308043921,-20.858477,-3038.6353560000002,-102.71303,-103.93928,-8.2021727,-96.114423
2616,-0.0692858,-0.726464,0.773859,3.35439,1.54601,1.66018,-256.7475446182781,-182.38335238824854,103.65207584373184,257.25289339358346,69.62239351752686,-359.8341111182158,324.6068758,-2875.558536,-452.57864900000004,-94.910395,-14.515323,-92.509166
2617,-0.0149583,-0.58111,0.940034,3.23659,1.48514,1.71738,-248.33423235457707,-161.18849763076912,96.52734566128005,239.50094202704517,71.2908466169478,-358.86065582428853,325.3794383,-3030.40479,-285.26524400000005,-98.68385900000001,-24.358334000000003,-94.511767
2618,0.12395,-0.820274,1.08031,2.98792,1.54977,1.48918,-244.86841065183071,-153.6151414947299,57.92488717213597,274.40782273759544,68.95489768619944,-359.4055386874579,112.48012,-2852.917226,-147.0797,-94.472076,-25.72269,-92.082229
2619,-0.249407,-0.723143,1.06175,3.8331,1.88168,1.7161,-267.9093354252217,-160.54449306904206,69.66651126775193,287.31197819953184,56.297801625523455,-357.7600038998422,487.86888700000003,-2816.5467569999996,-168.53699999999998,-79.980468,10.316666000000001,-83.28356
2620,0.100945,-0.864998,1.07172,2.8619,1.56665,1.42445,-249.4583755486237,-154.2826373260573,54.47264456913422,279.57418317629003,77.04849950021745,-359.92635732323185,119.89925500000001,-2802.329402,-156.11653,-93.389885,-29.269734,-91.78095599999999
2621,0.388948,-0.825504,0.840103,3.5327,1.45601,1.64413,-222.4525828329275,-174.03306548201192,71.45299367296984,267.95230725985647,24.78277376636814,-349.2384026128615,-143.912918,-2940.327796,-386.829593,-99.728852,-3.1191063999999997,-94.623051
2622,0.0511549,-0.714292,1.005434,3.56779,1.40264,1.45196,-237.27041733060085,-157.8292460779171,74.16594883291428,244.09549058619925,27.045785169796353,-346.49851843654585,207.0787451,-2928.854508,-219.60350400000002,-102.572813,9.928840000000001,-93.97485
2623,0.0323884,-0.591218,1.08601,3.42534,1.41307,1.48336,-232.4678850918143,-147.44381308337577,73.93103613691065,236.99711646232345,32.031377424127214,-348.4935574791914,269.9319716,-3038.360282,-138.77803999999998,-102.186062,0.004548899999999856,-94.116596
2624,0.379789,-0.503393,1.11526,3.00648,1.43302,1.6553,-201.53332077490603,-146.11512395646741,67.13632964445422,245.21505011788489,34.912667584281095,-347.6295371241341,-18.134442999999997,-3238.270107,-110.86846000000001,-102.52986,-33.746466999999996,-96.041161
2625,0.194659,-0.585456,1.20433,3.23566,1.52168,1.63778,-220.26732180229857,-138.78813967233444,55.60647074991861,258.6904445015667,38.75263072724787,-356.81233170669583,124.501081,-3099.411144,-22.436944999999998,-96.334041,-19.981787,-93.07357900000001
2626,0.19804,-0.680798,1.19781,3.51457,1.34682,1.68376,-225.67489747274325,-134.64336298235807,39.48561563455874,252.39650312205458,32.29602662969813,-345.2781183329172,84.794525,-3010.7644020000002,-26.946419,-105.65036,-5.8418984,-97.745902
2627,0.380589,-0.779873,0.740266,3.08656,1.3674,1.60389,-224.30380946899518,-182.78786059161087,90.1932972361088,257.4150404496055,50.375824446610295,-349.5924905302523,-114.086949,-2978.536727,-485.035386,-106.11143000000001,-25.923628,-96.739033
2628,-0.361229,-0.438551,1.12425,3.3403,1.66146,1.51066,-297.1147131164251,-149.2119608391495,75.04601200623523,259.37111836218213,102.14290501135724,-357.91756729350317,695.873579,-3046.726749,-103.14499,-88.310339,-6.8410988999999995,-90.19292
2629,-0.233501,-0.743579,0.851685,2.82597,1.79241,1.45248,-280.9298013195696,-180.24392798123,89.56590845044055,283.708073668159,112.079139094516,-359.060045136994,478.62839099999997,-2800.897421,-377.93046499999997,-78.957166,-32.822528,-88.332792
2630,-0.338951,-0.436251,0.806411,3.27097,1.65777,1.46708,-294.84465433211676,-176.61653218025677,113.5143983713187,248.14515628218388,101.37514156588195,-358.4040084615692,676.7074709999999,-3056.289549,-420.75453100000004,-88.40670200000001,-8.3326689,-90.44193299999999
2631,0.368503,-0.761165,1.12262,2.84546,1.36258,1.62165,-227.83895906495238,-143.9418950395362,42.92788877192521,268.73038394564406,68.47934271624086,-351.96510875988906,-93.46889,-2989.7063350000003,-102.50439,-107.93475000000001,-40.581555,-97.98087600000001
2632,-0.287614,-0.825913,1.17837,3.12062,1.64414,1.58522,-281.4987484101345,-140.7596874453796,29.63704409405501,295.43422790330635,103.45555132000196,-359.1265082412292,498.415434,-2706.500487,-49.255987,-88.791257,-23.663669,-90.16656200000001
2633,-0.369314,-0.821474,0.852632,2.83685,1.74844,1.5937,-292.0606524055761,-177.1390696894161,70.4021890766999,299.51540627802325,130.33414740517915,-354.7708830826447,581.6914840000001,-2680.443126,-375.778772,-80.59454,-40.163372,-87.14458
2634,-0.265601,-0.665573,1.018469,3.79045,1.84175,1.68581,-269.829316996705,-164.13751140230744,80.3693628807957,278.1675717892439,58.98256726194746,-358.04361800843196,523.0698309999999,-2865.328427,-211.116499,-81.302178,9.365175,-84.780427
2635,-0.304152,-0.640103,0.841814,3.14437,1.81969,1.48299,-284.6832478354716,-181.29988919765614,99.23972786342937,276.50542122556936,99.13831433369121,-357.6465582564063,576.0296820000001,-2875.673797,-388.149714,-78.52685699999999,-16.283451,-87.883347
2636,-0.194535,-0.801633,1.21007,3.00566,1.47128,1.47423,-273.62802717842237,-133.42353583652454,24.97253738811547,282.753525981471,95.85068250523054,-359.8587483034064,418.40466499999997,-2760.869667,-15.499879,-99.38311,-23.703036,-93.25306
2637,-0.0250383,-0.636036,0.975384,3.21148,1.41618,1.70649,-253.02561078110824,-158.7476974235118,87.19443613639407,242.4820414351108,76.86228821679993,-358.59766819632347,315.6657083,-2974.652164,-249.142194,-103.069924,-24.877423,-96.49867
2638,-0.324044,-0.514674,1.17379,3.76583,1.46959,1.44869,-273.59880633087073,-140.90579168313798,61.80896806532782,253.0227459921326,50.81631439950687,-359.6009172955976,626.410184,-2986.799026,-50.952709999999996,-98.927342,21.306273,-93.008217
2639,0.0206784,-0.778077,1.002604,3.48929,1.26491,1.48119,-244.63464387141735,-155.32255572421974,66.74098876581394,243.2870471372696,41.48288921260527,-346.7087939473589,215.9862916,-2857.735923,-220.348094,-110.1081,4.4790919,-96.243261
2640,0.0384062,-0.776546,0.939535,2.86082,1.45518,1.47934,-253.52981364082336,-165.8672709858074,80.85924179563256,258.60621970568246,84.46200041141518,-357.5892624768932,210.1686138,-2863.750354,-285.786525,-100.487852,-32.221013,-93.72815399999999
2641,0.294363,-0.844153,1.11207,3.24248,1.28407,1.63791,-231.93159659557188,-140.07442992240314,30.886894228353388,268.1465399524058,51.64498325860458,-348.34401549466224,-57.569041,-2888.884347,-111.709,-110.55448,-18.305094,-98.844722
2642,0.187245,-0.7174,0.772359,2.97382,1.52222,1.54954,-235.44955745767513,-182.26303125127106,102.4190706686103,256.7739006768541,63.83895753347633,-358.23154816523487,89.68422699999999,-2970.9797,-454.532639,-96.315794,-29.978637,-92.872593
2643,-0.0711099,-0.640514,0.971147,3.30994,1.38367,1.64279,-255.06190278500318,-158.63310586448566,86.646688484249,240.70644522800043,69.69687803089386,-357.91355658893724,355.1096499,-2955.324186,-252.74545700000002,-104.36513,-15.45526,-96.391599
2644,-0.046405,-0.555451,1.010807,3.04171,1.34729,1.53547,-252.6537611720683,-151.25799312556165,85.73683150558126,232.42204846820385,76.78322004107189,-355.7168364024057,363.185975,-3042.945449,-212.448247,-107.16132999999999,-24.576693000000002,-96.134811
2645,0.0586229,-0.710012,1.18446,3.18741,1.41012,1.63798,-245.3158906898279,-138.80475544839325,48.11075039511961,260.6682948103583,66.78338764265362,-356.49548604598846,210.5362671,-2934.398088,-40.32134,-103.24184,-22.325421,-95.88493
2646,0.229832,-0.877215,0.957666,3.36984,1.39351,1.59257,-235.46674619152904,-161.86172304004782,61.11855392219517,266.5004322069949,44.2816161544808,-352.08199215009574,-10.587808,-2837.003885,-267.50466600000004,-103.49441999999999,-9.2381703,-95.557251
2647,0.196569,-0.457176,0.750259,3.2733,1.24095,1.41468,-201.40669710218214,-159.860954419451,107.84784577747486,154.8647624459102,19.228921970826534,-286.23023388232485,163.413161,-3220.475424,-471.347169,-111.9923,-4.0775029,-95.230385
2648,0.0712003,-0.662634,0.872819,2.8599,1.2399,1.58884,-248.6195653365522,-165.43354193489338,93.37722370365078,233.82865985525,86.78477131287553,-353.5493370634258,219.8862397,-2980.6332660000003,-349.193189,-115.74289,-37.01866,-100.246683
2649,0.101361,-0.514131,0.93867,3.51218,1.38289,1.55854,-215.9907648194421,-155.02117992398092,95.0840649753455,203.1112465426963,16.898874505368013,-328.3896143636411,231.268629,-3134.9362690000003,-285.534,-103.54843,0.9007440000000002,-95.33575699999999
2650,0.191984,-0.582351,0.890269,2.96083,1.2811,1.70423,-228.84965661556316,-162.3275377274892,96.17554957506972,228.5345298282412,68.20947959473425,-350.26628889732615,133.832626,-3097.676649,-332.54429899999997,-113.68502,-37.819687,-101.634518
2651,-0.370972,-0.545409,1.11415,3.15543,1.73609,1.56233,-297.5902680863837,-153.82541700554287,68.92510388085265,275.42940648631367,115.86696307812586,-355.26992932220367,672.2280820000001,-2941.854691,-114.53952,-83.295857,-20.265235,-88.432688
2652,-0.128316,-0.82933,1.04197,3.0963,1.25915,1.40814,-264.77983994821705,-150.99500549759662,55.44243293317265,257.3508691765508,78.71752555743355,-355.5483868106372,344.807386,-2757.86887,-180.02839,-111.54177,-13.976248,-94.95289100000001
2653,0.395121,-0.507506,0.819413,3.42952,1.56499,1.67675,-197.68189847603665,-178.46661290073422,99.71528283338795,256.20667245967456,7.221101683592791,-357.6098889575179,-38.540113000000005,-3241.920994,-408.43215299999997,-93.860648,-11.1876951,-92.029675
2654,0.310859,-0.427054,0.98684,3.35017,1.38647,1.60126,-190.70900210929452,-143.3299761143365,76.21541886609722,158.50705514955686,10.33094470822436,-273.6893336625013,67.49619000000001,-3289.115046,-237.66384,-103.81645,-10.8353824,-95.80462299999999
2655,-0.10225,-0.644363,0.874315,3.39049,1.30519,1.67563,-258.12092445320667,-165.85294704092914,96.01970505479413,234.13290044446447,70.02919355206974,-358.40515437715953,383.25564,-2941.3667370000003,-348.121285,-108.5214,-12.141689,-98.639848
2656,0.0492484,-0.63351,0.865122,3.23149,1.2939,1.70921,-242.95072091152784,-165.57850025706148,97.82624098284163,230.47972154271037,66.4556557838388,-354.4431512238299,246.5551816,-3002.8877899999998,-357.398732,-110.44279999999999,-22.967563000000002,-99.953171
2657,0.308405,-0.606808,1.08652,3.31099,1.54004,1.53051,-211.80072446365037,-152.85368058500103,66.9632963903247,260.7508007328571,19.814255654332182,-355.50770680718296,7.105985100000001,-3119.152692,-141.18641,-95.187261,-9.574963799999999,-92.30900500000001
2658,0.156239,-0.692089,0.761348,2.95723,1.35646,1.62442,-239.0540349468431,-178.94274082848793,104.270297304678,242.06034449789456,73.26812396794428,-354.08677147525844,128.664511,-2983.569211,-462.397998,-107.62113,-34.459007,-97.693257
2659,0.0351546,-0.818836,1.17924,3.61075,1.26797,1.4693,-243.62566519419195,-129.87979187364041,18.9563659476828,261.8829653360356,33.21728546848899,-343.19255195864105,186.1186754,-2824.640964,-43.85519,-109.57952999999999,11.979798,-96.02015300000001
2660,-0.314585,-0.737303,1.10747,3.74246,1.78563,1.63676,-274.73899234318105,-154.70032355870765,59.390513212080606,286.5929161666427,63.86416767646208,-358.0333047681196,544.627425,-2780.824897,-122.01674000000001,-83.554963,9.20831,-86.727617
2661,-0.00570256,-0.724168,1.14565,3.22329,1.31459,1.71654,-253.87702606467266,-141.0106429596469,51.14937476581642,254.88657769969316,77.75438350381863,-358.03616955709526,267.10292255999997,-2898.784032,-77.304652,-109.30675000000001,-24.034815,-99.46844
2662,0.294308,-0.847971,0.783831,3.63545,1.55655,1.64978,-228.09736303055638,-181.3084835645831,78.22764664259668,281.33717431190763,24.290431133012223,-358.8371645546881,-63.348209000000004,-2886.297029,-444.195471,-94.485128,2.2074625,-92.20894700000001
2663,-0.0478778,-0.687999,1.2004,3.28351,1.46824,1.71529,-256.08692428049227,-138.4254573880166,49.21449629165963,263.2150922097148,76.21942957066315,-359.4530941844538,318.2562178,-2918.698101,-25.002795,-99.67480800000001,-21.515475000000002,-94.93453699999999
2664,-0.361345,-0.670069,0.839668,3.65465,1.47793,1.41269,-277.84098584601935,-175.61041829200704,93.67974541947986,256.54586347439204,59.34983320862632,-359.91146042055846,610.572125,-2828.234331,-384.939628,-98.559127,16.959775,-92.613315
2665,0.00978771,-0.470073,0.91936,3.17322,1.41107,1.58187,-229.9399952996971,-154.3290469074629,103.1679265068463,219.05666198118712,49.332754780574625,-352.39711893741764,338.59264229,-3143.616827,-304.67753,-102.969505,-19.920032,-95.305511
2666,-0.149998,-0.445213,0.80245,3.37099,1.50834,1.55831,-254.73646275736888,-165.80711041731865,118.31291990553935,223.50396038699256,60.86702545013274,-358.9185245615967,494.851108,-3113.208487,-422.62711,-96.90626400000001,-7.691526400000001,-92.94812
2667,0.00547671,-0.511232,1.03573,3.38457,1.41175,1.60697,-230.77193001822707,-148.08036919376613,86.47480114570975,227.62524580736857,39.544515695898184,-351.40647490963653,325.29771329,-3104.059768,-188.59913,-102.424814,-9.2422311,-95.38290500000001
2668,-0.0953693,-0.514749,1.13329,2.95574,1.29539,1.59849,-265.2846157657273,-138.65750529504461,66.73354031447724,236.27977330281965,97.59075532904285,-359.1855228941277,425.78765930000003,-3063.497551,-88.997682,-111.42232,-32.588811,-98.642186
2669,0.0583261,-0.60958,0.9112,3.56516,1.31474,1.67305,-232.12869407709684,-161.48127906408095,93.66656739019184,224.25224326743344,35.270078656883705,-346.60050492407913,240.82430390000002,-3029.8657200000002,-312.03437,-106.97606,-2.1534969,-98.299589
2670,-0.0502864,-0.745547,0.887891,3.26699,1.48317,1.39997,-251.90834308060315,-170.84054464754297,89.62148535656824,255.1289388470335,55.01030816408498,-357.1813165267601,296.5009064,-2864.163353,-338.179441,-98.410012,-4.531416,-92.52531499999999
2671,0.154048,-0.549027,0.895761,3.75168,1.33173,1.45598,-215.21555292263008,-148.706039106049,74.30288574595055,132.20542756407642,13.237731490261567,-245.093010107522,164.28832200000002,-3118.802973,-328.384281,-105.68728999999999,20.476375,-95.141224
2672,-0.181991,-0.69694,0.816337,3.07441,1.37892,1.41295,-270.0241226470495,-174.68279962169024,97.93796775289215,245.73357692247822,84.94099312814454,-358.32551324363635,441.291701,-2864.2383600000003,-407.12645699999996,-104.58126,-15.985375999999999,-93.802154
2673,-0.351631,-0.721228,0.960746,3.6527,1.50628,1.43474,-276.6251694047517,-165.11898810536655,76.62221890064012,264.75692163641185,59.508542517877565,-359.95615112857865,584.016401,-2783.672372,-264.35349599999995,-97.06881399999999,15.538326999999999,-92.385256
2674,0.283397,-0.885486,0.963935,2.996,1.22963,1.52619,-236.6224020643079,-157.3336375851289,55.31134018964672,260.500418176385,64.50301561803295,-347.47999513960497,-60.007295,-2845.5764139999997,-259.296095,-114.6081,-25.935715000000002,-98.267655
2675,0.330988,-0.675947,0.871956,3.20641,1.40988,1.64462,-218.9689994385321,-170.8302314072306,88.49676920472643,248.01223007371357,40.28277181492425,-349.6343164492969,-34.199554,-3060.1070529999997,-354.105816,-103.23684,-21.580849,-96.11364400000001
2676,-0.170125,-0.691412,0.778139,3.48702,1.37785,1.63154,-264.1272410195631,-178.08559596697222,102.92556535950595,243.92704099443074,67.81471167388911,-359.545913347265,429.428855,-2874.201188,-445.170009,-103.99003,-4.6400308,-96.223769
2677,-0.131733,-0.436911,0.934605,3.46194,1.44611,1.64016,-248.84130000326783,-153.2026118822357,102.85910225527078,222.01484307744758,54.570620352101585,-357.461492888579,479.555283,-3126.759289,-289.67249499999997,-100.372952,-6.904872,-94.797795
2678,0.392068,-0.684094,0.859991,2.90391,1.28806,1.57206,-219.48580736974012,-169.76051920372137,85.67266023252661,244.81455261908843,55.22671432330589,-344.86788055160355,-91.342812,-3071.4406059999997,-364.533431,-112.03787,-34.037421,-98.63591199999999
2679,0.224314,-0.720399,1.010743,3.29879,1.29941,1.69425,-229.6529434443366,-155.0991021841187,69.50608308511529,245.1187932083029,49.193927106814435,-348.8396239874504,50.620956,-2981.2794010000002,-213.097493,-109.56246,-18.316015999999998,-99.403812
2680,0.320246,-0.425079,0.966199,3.79754,1.30008,1.61857,-192.664507064076,-137.78775536203602,50.355942811119256,116.19354902135044,26.114728752708768,-215.88992424749907,52.266220000000004,-3293.476521,-258.313669,-106.44535,14.174484000000001,-98.091003
2681,0.258021,-0.848847,0.75434,2.89987,1.36741,1.4534,-236.7043350290116,-181.6413720435541,87.94730267919597,261.1484334426779,64.60901281013214,-351.776605645291,-22.391454,-2871.738253,-470.50754,-105.83204,-28.254853,-94.801889
2682,0.0848965,-0.405469,0.981443,2.98899,1.55161,1.61762,-207.47603902600292,-148.30153090268664,100.98553026519298,225.5843701411126,38.8688265681004,-358.52834030311266,292.4631235,-3229.795531,-244.94170300000002,-94.463886,-33.030726,-92.471627
2683,0.2918,-0.78301,0.94704,3.01128,1.52581,1.41483,-228.42910559393712,-166.614407950658,73.59241807998832,269.52106570292466,46.9790441581772,-357.3279937223136,-33.124006,-2946.0617899999997,-280.30735000000004,-95.852771,-20.050054,-92.14311199999999
2684,0.280169,-0.511615,0.946169,3.7092,1.25251,1.49039,-204.187261281952,-141.6540745635788,56.90903300136902,132.56295322823806,20.843746220623245,-235.99501327863968,60.036357,-3197.587285,-277.242089,-109.72485999999999,16.534014,-96.794633
2685,-0.164451,-0.873456,0.776769,3.61005,1.5671,1.39694,-260.2391494218053,-182.98266624195534,84.64190915908625,278.054126145808,43.38745821939964,-359.9395353525199,356.370611,-2703.973144,-450.428719,-93.918006,15.261780000000002,-91.599624
2686,0.399093,-0.453029,0.837456,3.72242,1.24294,1.59569,-193.62191953973962,-152.36723941693495,67.97972351888677,123.98863982410529,24.960161499740643,-227.50435171259596,-30.372714000000002,-3294.060371,-386.48072599999995,-109.67636,11.552592,-98.887094
2687,0.243093,-0.824553,0.821087,3.60184,1.49047,1.61048,-229.926244312614,-177.55618296427133,80.5309369790226,267.5838953975873,26.012971448293534,-353.60319509616806,-7.3554442,-2890.9390470000003,-405.49924699999997,-97.81877,2.6647574999999994,-93.545266
2688,0.326181,-0.745413,0.723477,2.90761,1.27898,1.53306,-227.54560467384542,-182.591336067881,97.04931021264423,246.8118834929145,60.64758261459764,-346.64519563209933,-49.410849,-2990.990187,-500.337087,-112.10942,-31.642092,-97.842326
2689,-0.286814,-0.875845,1.06352,3.02818,1.65203,1.5029,-280.80546947802617,-154.90658836495476,47.16617217406693,292.4834952583826,103.3392408875904,-359.47142883389796,480.820154,-2658.944155,-164.85457000000002,-88.27221800000001,-24.259218,-90.31472099999999
2690,-0.210107,-0.502266,0.788911,3.05455,1.79807,1.73856,-285.9420361113741,-182.61196254850572,114.085064335269,263.51646800995366,119.7619301694252,-353.62095678781714,539.786877,-3035.278434,-441.01782099999997,-77.601431,-35.651379000000006,-84.351483
2691,-0.0772124,-0.553801,0.893516,2.83904,1.79588,1.69484,-269.3594916046977,-172.76281805020687,103.93339812114107,262.2639822697976,113.57914260216847,-358.47219043918983,398.4477724,-3030.350399,-336.77775599999995,-76.04563499999999,-45.49252499999999,-83.97379
2692,-0.258641,-0.600065,1.02653,3.21056,1.73272,1.57495,-281.0363714694639,-161.59701653869737,83.74580316750165,267.1748035318639,97.14041050207003,-358.2269645028738,546.965761,-2929.157335,-202.18617,-83.705631,-17.841417,-88.443045
2693,-0.321345,-0.858366,0.968839,3.52818,1.63868,1.63641,-277.85817457987326,-165.61115885138392,64.38212152326035,284.89008559951384,79.40564786938566,-359.252558956158,513.897485,-2665.4886340000003,-258.558459,-90.081191,-3.2489599,-90.22801799999999
2694,0.334849,-0.51303,0.863919,3.34925,1.3426,1.40317,-200.86868973255426,-156.33554510601104,84.33996040105231,157.63845113213853,12.820904694303891,-268.3350430670038,12.260131,-3215.74657,-360.255079,-106.07932,0.4595761999999999,-94.041534
2695,0.20528,-0.619437,0.764993,3.52641,1.53477,1.46185,-217.94798864760898,-182.57586620741247,105.1830190723214,246.08136230412265,9.783426239197345,-349.66009955007775,96.454169,-3071.3383630000003,-462.135713,-95.508219,6.7301378,-92.25569899999999
2696,0.0596526,-0.721175,1.06348,3.36323,1.32352,1.66272,-242.84357780383837,-150.243284870385,65.8202455890387,247.7102813156796,56.11571563823088,-353.7349753890482,203.1438674,-2924.849825,-160.22276,-107.66822,-13.178161000000001,-98.102038
2697,-0.105249,-0.57756,0.765571,2.85054,1.35428,1.47897,-267.19886775925943,-174.85124921345871,111.47123087388219,231.36322246280207,98.74182753946069,-358.2974383116749,414.309339,-3000.93484,-457.599421,-106.99763999999999,-32.398948000000004,-95.47140300000001
2698,0.185191,-0.703585,1.13383,3.65398,1.53465,1.40238,-225.24918983096106,-147.05133699371117,50.794542003291895,259.9343358747957,6.439644546813862,-344.84782702877396,82.744852,-2984.173515,-93.74696800000001,-95.62221500000001,17.447206,-92.06720999999999
2699,0.374686,-0.879276,0.960874,3.0661,1.47892,1.6188,-230.40008040918715,-162.3951467473146,57.038750646186635,279.1341515896296,57.59715531332114,-356.3064099735953,-141.899916,-2882.866024,-266.09790399999997,-99.21443000000001,-28.459999,-94.20347
2700,0.300599,-0.445592,1.19104,3.1669,1.34045,1.50464,-194.32207396538948,-127.99533368545512,48.26928781703231,203.4194978364767,15.926335943912955,-305.1344033748712,71.93036599999999,-3267.756808,-32.635132999999996,-106.84242,-15.621849000000001,-95.557372
2701,0.396005,-0.839503,0.918365,3.03738,1.36274,1.561,-226.92738321289926,-165.0061154197258,64.24804939919973,265.9160152559615,53.35170993874027,-349.8113604079923,-148.869235,-2927.549197,-306.711685,-106.34708,-26.283402,-96.2672
2702,0.337753,-0.859253,1.001865,2.97616,1.24151,1.7118,-234.72304697344921,-153.64608121566695,50.764347127488506,263.46833955516263,73.68351836941413,-351.1858861585111,-99.31987000000001,-2887.177147,-221.65681500000002,-116.45056,-36.984831,-102.96965999999999
2703,0.301393,-0.403658,0.871877,3.6775,1.3032,1.48151,-190.80010239872033,-147.24786151744104,68.48851004096295,106.80162484356597,28.90847096176666,-213.02857301861573,77.267011,-3307.008442,-352.37314699999996,-107.29668,14.967517,-95.867555
2704,0.196567,-0.40378,0.796515,3.51277,1.46603,1.50904,-191.10548890352504,-151.86475543060521,89.43240928417508,84.67170296443305,14.926295408291615,-203.7970770234679,178.907283,-3271.8504199999998,-428.979535,-99.04977600000001,3.2869045000000003,-93.495994
2705,0.112616,-0.479589,1.0884,3.78163,1.70058,1.69419,-209.13704367408718,-141.28279791233405,54.10961851013933,4.214116042343107,5.998008678327023,-92.65472392399082,230.277034,-3171.443311,-140.64385000000001,-87.766753,7.883086799999999,-88.43880700000001
2706,-0.24901,-0.684193,1.14296,3.15043,1.30508,1.46463,-277.10702691045674,-141.0622091612087,50.14320358178718,-104.30639364577124,90.43279359447348,-0.31401467624160384,508.07853,-2853.528007,-79.104708,-108.91998,-14.186352,-95.392274
2707,0.131885,-0.841177,0.990403,2.90661,1.57961,1.438,-245.54163606110944,-163.37547753478347,68.93828191014066,-85.0498551092194,71.35215310102681,-0.3318279340922211,99.009826,-2836.061823,-237.003223,-92.519559,-27.498804999999997,-91.553489
2708,0.203998,-0.710232,1.18212,3.23965,1.57532,1.6723,-230.81547481065698,-143.16553722713394,49.764249296087655,-86.26968225505293,50.97089841263317,-0.2310417931397337,73.949901,-2984.3831680000003,-45.657238,-93.131197,-21.797407,-91.78497899999999
2709,-0.350991,-0.560215,1.009754,3.60625,1.51242,1.58601,-283.97965566305095,-158.57752895835796,83.15680255410716,-107.63814322445698,78.158891707181,-0.9235678587052278,641.462201,-2935.205285,-215.71801399999998,-96.753206,4.228816500000001,-92.973135
2710,0.0169262,-0.871421,0.912205,3.06266,1.2229,1.42081,-253.64268632646412,-163.4728803599557,69.97189777255666,-107.56079392211431,71.05135025858313,8.699905752825446,194.1507538,-2768.255079,-309.417265,-113.85941,-16.435318,-95.743341
2711,-0.310847,-0.80479,0.970966,3.79508,1.59327,1.61315,-272.7846333039898,-165.31150192453052,69.36398955192286,-82.84625942914626,57.72206011265965,0.09394158713185465,517.241707,-2719.11851,-255.57101600000001,-92.800677,13.345818999999999,-91.23055500000001
2712,-0.277414,-0.801477,1.08949,3.51932,1.43535,1.48409,-272.137190995492,-149.92357442070198,51.44456262186782,-89.43756590433125,65.5022540127411,0.37851310819727574,488.78339400000004,-2733.862323,-135.05585000000002,-100.846543,5.2680454,-93.645665
2713,0.250885,-0.869509,1.03557,3.5652,1.56239,1.4443,-230.89798073315586,-154.6544869350972,43.05903881123066,-69.73755803434814,19.334861867146223,1.0093281814804094,-33.182047,-2850.650791,-193.01662000000002,-94.144417,9.972814999999999,-91.773978
2714,0.0229046,-0.625393,1.12859,2.90577,1.4495,1.4778,-248.22365150011683,-145.0442658373679,67.20565753766505,-109.10663405337726,76.54085889373154,3.2034815170897994,275.21134539999997,-3001.0669070000004,-96.71170500000001,-100.82903400000001,-29.554147,-93.802402
2715,0.121381,-0.476291,0.865365,2.83037,1.29529,1.49833,-222.22110788369466,-157.85445622090285,106.1180861939749,-146.08475719332546,57.794825752641266,14.614606367740446,234.827949,-3174.1751090000002,-357.529655,-111.0698,-34.271114000000004,-97.083726
2716,-0.314838,-0.791594,0.961415,3.42962,1.34333,1.40151,-275.7405225690697,-161.57409822689215,68.74519513318155,-100.5099752952344,69.601194079107,0.9051071585461128,528.215578,-2730.329306,-261.232545,-106.05914,5.1196385,-93.879443
2717,-0.216232,-0.736293,0.826032,3.80693,1.23671,1.5771,-262.9692933156037,-172.87912848261843,90.7880274274546,-119.06807827952176,45.57501108120913,3.011500548675315,451.194062,-2814.668407,-396.538552,-109.65590999999999,17.504509000000002,-98.662387
2718,-0.223775,-0.48247,1.009515,3.68413,1.6217,1.41965,-257.4792117226601,-156.4369586357492,92.67076674225449,-112.16450980599048,37.72084832977628,-1.768325372690211,543.7948550000001,-3051.38603,-217.598855,-91.083782,18.083420999999998,-91.023291
2719,0.391224,-0.84923,1.0281,3.63679,1.36811,1.72524,-223.57959081594984,-150.90791591273677,39.65658624062578,-93.02198987066967,25.507565377208632,16.508518359545384,-155.184144,-2918.63077,-197.85541,-103.96693,-1.325212567,-97.588292
2720,-0.36817,-0.469298,1.11494,3.13864,1.84833,1.70876,-305.0581999881188,-155.32026389303923,71.31032718198226,-74.68447563750767,131.06352267838068,14.289624706342245,698.16244,-3012.695302,-115.63542000000001,-75.438411,-28.829031,-83.704494
2721,-0.303378,-0.478957,1.02683,3.14108,1.78775,1.61796,-294.9884667386946,-161.36267680048888,87.98511789367461,-92.63753519013689,116.97162570713807,6.402860656366463,632.406348,-3026.970443,-202.52499999999998,-79.847401,-24.070431,-86.715811
2722,0.280712,-0.884475,0.955084,3.24274,1.83781,1.4113,-232.3040191624069,-167.23950490514574,56.251563931456396,-44.74382120781284,39.6895313138458,-17.582585042297623,-61.260418,-2846.721325,-277.588144,-78.157294,-6.594533,-88.837321
2723,-0.00247678,-0.464253,0.792309,2.91097,1.69486,1.51994,-240.84395509883183,-171.20895650981208,122.12824586331551,-123.60934176372866,71.32923478922159,-4.026959378563625,354.80498678,-3143.355747,-436.437229,-85.131803,-31.994331,-89.492715
2724,-0.355551,-0.541252,0.82785,3.67787,1.25525,1.43579,-279.4378192210489,-169.4138797376672,101.15741760373224,-129.52169325168364,60.85384742084474,-0.6534182583010447,648.848011,-2949.831348,-394.16130000000004,-110.16335,17.746411,-95.623268
2725,0.192548,-0.564529,0.778616,3.68552,1.76397,1.65094,-213.92525196799545,-181.62876697206124,98.29148271248786,-42.19685192111779,11.63642904442994,-48.161457159988686,127.735632,-3118.4203709999997,-451.844836,-84.282507,5.0505078,-87.247708
2726,-0.288811,-0.451262,1.005847,3.58069,1.38252,1.52977,-276.3845271307968,-151.6395830171188,89.03936023671532,-127.8704288861166,68.74404921759131,-0.8550191880957762,619.5421210000001,-3058.944638,-217.44806699999998,-103.514482,6.4271616,-95.023884
2727,-0.0897985,-0.859396,0.926757,3.69094,1.57857,1.49958,-254.1382948192523,-169.14000591159467,71.41804324746685,-81.67857144266964,38.540922821947035,-0.28726786044930674,289.77541849999994,-2743.110404,-300.97384700000003,-93.410583,13.915275999999999,-91.550545
2728,-0.0800698,-0.811652,1.001341,3.4372,1.23718,1.60944,-257.46316890439647,-155.22916360361342,64.18731587291586,-109.4882239449344,63.30954453077544,3.721166073724352,302.43546979999996,-2791.065848,-221.144941,-111.93827,-5.339761599999999,-98.988838
2729,0.0605555,-0.522725,1.19791,2.94687,1.57582,1.46124,-232.02498871617817,-138.10402806494824,65.80362981297992,-107.36828010295037,56.860446180341924,-0.28521896337391894,273.88017449999995,-3111.327275,-29.324631,-92.856148,-26.504818,-91.71671500000001
2730,0.0238818,-0.452528,0.853669,3.78042,1.74733,1.668,-213.75794829181729,-166.83900740634928,99.54740619941462,-38.08524948747949,8.405634629246256,-68.4243387679083,322.91141819999996,-3165.816072,-375.516009,-85.55518500000001,9.418561,-87.442853
2731,-0.208523,-0.573069,1.11325,3.21855,1.71006,1.71309,-278.43055941720894,-152.29103603018254,74.68218380632716,-94.2681730750792,101.96356922148131,2.2743846156615595,510.686283,-2971.140931,-115.41002999999999,-84.70364799999999,-25.263288,-87.84218299999999
2732,-0.0596953,-0.678071,1.15464,3.53291,1.42415,1.56551,-248.55195631672677,-142.79082282911838,57.01336861586234,-105.02660159425068,46.0842559695214,4.262158553464827,326.9009053,-2925.190129,-70.03652100000001,-101.389574,1.4942655999999999,-94.572305
2733,0.212282,-0.46718,0.839697,3.54773,1.23083,1.65687,-201.74245037012878,-153.4873719064157,95.03479060496426,-205.04383318567258,17.945611101292513,75.14456074699773,144.262558,-3216.6004199999998,-382.479627,-111.32759,-1.5498440000000002,-99.96563
2734,0.325836,-0.62856,1.04077,2.9754,1.56119,1.53393,-216.77972770333724,-157.7518967755744,74.8500604403005,-97.89213112928167,44.14960667848266,0.6054731500044975,-11.309987000000001,-3102.69134,-187.43687,-93.80506299999999,-29.008568,-92.043828
2735,0.362481,-0.537204,0.744129,3.56703,1.31417,1.65727,-202.29191689565926,-170.1942482546354,99.09419658346613,-190.14979530124683,13.523866613149899,74.74979282615259,-21.244678,-3202.369596,-480.289859,-106.88696,-1.10291936,-98.14359999999999
2736,0.117787,-0.707791,1.14356,3.55862,1.36073,1.59248,-232.6369076413779,-142.24422109256355,51.18031448675348,-110.48517050846205,31.2640150491085,13.653297779069952,149.492853,-2958.055209,-80.860306,-104.67939,1.6963907999999999,-96.236622
2737,0.270423,-0.587757,0.722995,3.53322,1.45316,1.49956,-211.12692609657654,-179.08884506624628,108.1108334054399,-163.77368320239938,7.6296778873005815,51.878005193884285,46.380302,-3123.914943,-502.60521500000004,-99.803791,5.1057442,-93.59881
2738,-0.257489,-0.537343,1.07874,3.65088,1.85001,1.46738,-266.69924856190534,-156.68963302340188,82.49847404750184,-88.03152747508021,51.93696255100325,-3.2651489645797303,558.049539,-2987.951557,-151.49623,-79.226714,13.651950000000001,-87.637253
2739,-0.228747,-0.473475,1.18466,3.06723,1.63548,1.41781,-279.66241867674023,-141.47130102693208,68.33438439407277,-103.15646735094367,95.10297258258481,0.00961302859092544,561.562297,-3059.089225,-42.475035,-89.341839,-17.176506,-90.892888
2740,-0.391951,-0.780058,0.943077,3.69017,1.89993,1.6215,-281.78236251872426,-172.11709461509443,73.35979721516522,-64.44686575411014,72.51812221411802,4.880655034152648,604.148251,-2713.746142,-288.034417,-77.56763199999999,7.573370800000001,-84.39764
2741,-0.0645435,-0.495261,0.854872,3.23791,1.58252,1.60614,-246.80042433701183,-165.78075435874266,112.42348672938961,-125.9017459020471,63.2677186117309,-0.31538060762519576,399.8001735,-3094.730239,-371.692342,-92.67590799999999,-18.160124999999997,-91.614201
2742,0.176996,-0.545528,1.06905,3.71701,1.31981,1.57642,-213.0520642882161,-135.88840027117735,56.704544364286825,-193.05698315374062,12.027816514283806,84.29641560862237,145.641124,-3131.054072,-155.03534,-105.99192000000001,11.844351,-96.999069
2743,-0.354063,-0.740683,0.840717,3.604,1.31829,1.44561,-277.63701287095273,-172.97595834999555,85.98721406205343,-107.4284406714391,63.90943134227741,-0.1748157258301606,580.634773,-2763.425317,-382.411507,-107.07263,12.717448000000001,-94.898191
2744,0.375748,-0.587621,1.13348,3.22799,1.55819,1.67496,-208.28333655934225,-148.38002612061953,59.69246197011456,-92.79166083702708,29.26049623109504,1.1793763254972867,-46.624907,-3159.6197789999997,-94.848754,-94.194046,-22.686533999999998,-92.304233
2745,-0.351123,-0.449367,1.02394,3.13898,1.44972,1.43978,-298.8175436835539,-154.22763337772474,83.52922512094219,-116.7395778001101,111.24663141819089,-2.7440610386421005,685.135573,-3039.198833,-200.17186,-100.39957,-14.009786,-93.218569
2746,0.345669,-0.876089,1.13681,3.45246,1.87144,1.73629,-229.13155185076752,-141.00777817067126,14.899309096140954,-29.329251166510737,42.67401117290274,-13.194645064067728,-118.573719,-2876.196511,-96.70595,-77.056488,-12.366674999999999,-83.51207
2747,-0.282955,-0.405968,0.866376,3.19857,1.75438,1.54673,-292.9601961439315,-171.22385341248548,111.25293395393733,-108.98860474758033,107.89081761210966,3.998872987446311,636.633685,-3102.451332,-362.869526,-82.540512,-16.867584,-88.304079
2748,0.0232973,-0.529202,1.11171,3.34079,1.6752,1.53523,-229.50512033319285,-148.98908025684364,79.92933129413524,-101.02162660628623,36.36247998908013,-6.873259006168868,301.8351027,-3093.507498,-116.93225,-87.544221,-8.1960955,-89.945887
2749,-0.311493,-0.590384,0.731441,3.77438,1.24621,1.57248,-273.71225197430664,-179.13869239442266,109.51171521453477,-128.15003229014044,57.32328148724861,-1.4865103515771643,591.174653,-2919.644616,-490.183921,-109.40368,15.760790000000002,-98.353877
2750,0.188808,-0.851917,0.923047,3.15266,1.51984,1.65201,-240.9092722874767,-168.67705601312898,73.89895050038331,-88.44864074993544,64.90981565257583,1.2911489321714076,40.469052999999995,-2845.7767830000003,-304.186187,-96.518836,-25.607504,-93.21749600000001
2751,-0.0251378,-0.720454,1.11025,3.10899,1.91238,1.6445,-257.0007919637259,-157.4573964688772,69.27689996706296,-72.12965682901932,83.55042455936203,-2.9956811839517528,287.3039978,-2894.101846,-122.49243,-71.730536,-26.62464,-83.21560299999999
2752,-0.178946,-0.832208,1.0696,3.38846,1.58708,1.55759,-266.6631522208121,-155.26182219793589,57.683671940385885,-81.46715001626636,71.72113792109106,-0.11995558990417941,389.082406,-2738.561592,-157.8263,-92.651349,-6.722174,-91.44535400000001
2753,-0.399899,-0.873777,0.821881,3.61306,1.62385,1.69412,-283.35054800399735,-178.71069292145995,74.9096480509941,-73.47610764757677,83.33499242839284,1.0175673145743906,582.592309,-2624.461123,-404.700471,-91.015589,-1.677430368,-90.44629
2754,-0.254657,-0.556684,0.95627,3.00674,1.65752,1.57345,-287.14696635453413,-166.16119833470952,92.17401233387606,-100.5804491040355,114.89866440435478,1.5811744384886788,561.269877,-2970.381716,-271.23012,-87.59852,-29.533908,-89.88901
2755,0.16751,-0.71988,1.02189,2.91346,1.71331,1.40701,-235.9382904569217,-162.67933381369951,77.4564454503506,-85.5832788164862,60.02993411144661,-6.518712722541915,105.86292,-2962.7573199999997,-207.70449000000002,-84.354494,-25.439483,-90.005348
2756,0.278522,-0.813642,0.914938,3.45084,1.55328,1.52861,-227.64014271004197,-169.627592995251,70.59011923350282,-83.02788705020272,27.47756616420694,1.4810729821013728,-36.675387,-2913.1228579999997,-313.511418,-94.539274,-1.43283872,-92.041641
2757,-0.128173,-0.524383,0.977369,2.83335,1.44535,1.40955,-268.8988335374126,-156.41633215512448,92.43069742609467,-122.92179240957168,97.34381051934147,1.255488039002465,452.749703,-3043.702817,-247.345079,-100.838974,-29.818024,-93.2392
2758,0.000919253,-0.739784,0.765253,3.53071,1.29433,1.62892,-246.14782540835785,-178.1950309058422,99.77830819085234,-121.40975678822146,48.10129659149995,7.337412116004349,250.427450747,-2887.341716,-457.413613,-108.23479999999999,-1.52911086,-98.078036
2759,0.0465754,-0.757167,0.896567,2.82474,1.56397,1.73743,-258.227494603101,-172.04146418613715,87.02140288226457,-95.36366837936934,105.8762980044297,-0.03012480306504988,212.9715646,-2881.088833,-331.03767700000003,-93.809421,-49.308890999999996,-92.48387000000001
2760,0.0306972,-0.800193,0.888802,2.94139,1.44171,1.41083,-252.0321019643514,-170.47213278527383,84.51127478179643,-101.55791510252868,74.51602604573922,3.443464889580345,206.8832428,-2839.399907,-336.858832,-100.997278,-23.704173,-93.199779
2761,-0.261654,-0.818376,0.82723,3.3819,1.77458,1.6369,-275.6362442503559,-182.13067800059582,86.64210482188795,-73.15009466214734,85.41769401369339,1.854778974397501,473.706614,-2722.548624,-402.69563999999997,-82.08427400000001,-11.3817147,-87.057447
2762,0.35357,-0.83416,0.940305,3.27078,1.34088,1.66187,-227.54560467384542,-162.4805174587891,62.86492928175392,-98.51092554802297,46.57224412363432,10.895422727987247,-109.15074,-2918.6414400000003,-284.36077500000005,-107.1226,-18.425136,-97.82806599999999
2763,-0.00419155,-0.564094,0.760673,3.40542,1.48473,1.46096,-234.31280919213555,-176.50251357902576,115.94431238046853,-128.17753426430673,33.11346551601128,5.997607607870431,314.84912154999995,-3051.657806,-464.725893,-98.20627400000001,-0.10667300000000002,-92.837252
2764,-0.198584,-0.432529,0.955498,3.42598,1.89592,1.73179,-271.8856625234296,-163.74961897500387,105.77889517925745,-104.09268038818743,84.21219081273814,3.496979147645564,546.324914,-3107.119171,-275.334588,-75.28423,-13.502246,-82.76376400000001
2765,0.0658153,-0.647963,0.800418,3.75581,1.67288,1.56239,-230.90313735331205,-181.85795009011355,100.29740795324088,-80.593962336487,15.764704549906549,-13.873485459738728,216.4439247,-2995.574737,-428.242838,-88.874552,14.071229,-89.771896
2766,0.369292,-0.490422,1.03959,2.97691,1.48839,1.54674,-199.12861690874195,-154.48431846994336,80.1482011718752,-115.79075969137345,27.529189661548227,9.711978402144531,-4.8941951,-3247.6224780000002,-187.37583,-98.465693,-29.479087,-93.690316
2767,0.29236,-0.738037,1.001378,3.11303,1.76671,1.65227,-227.74212919757528,-165.76471154047897,74.01927163736079,-74.4896699871632,54.82547197937578,-8.392685783076299,-16.578443999999998,-2987.470863,-229.805658,-80.855475,-27.653081,-86.79353400000001
2768,-0.346421,-0.762306,0.922615,2.94785,1.82258,1.66922,-291.54212560098273,-172.9862715903079,71.71368946975436,-60.84525305391777,127.21095446392103,8.167112299133294,579.597861,-2743.392094,-307.755575,-75.613428,-37.676275000000004,-84.30189
2769,-0.133079,-0.843788,1.07845,3.63515,1.72252,1.63453,-259.95209756644476,-156.1711062188085,55.791765300863915,-70.31395357624976,55.36135940516164,-1.2190994894337064,339.423269,-2743.248412,-151.01808,-86.097366,3.0953342,-88.326038
2770,0.212696,-0.750201,0.813335,3.76297,1.37495,1.687,-227.24136408463093,-175.88371916028447,88.84455458637083,-120.7044457424154,19.85888906657287,19.677204149736887,44.891004,-2950.0807990000003,-411.817875,-103.039622,8.0237234,-97.018891
2771,-0.0778897,-0.809458,1.04602,2.83632,1.47107,1.40814,-264.5569593659112,-155.78206787591466,62.85232421026105,-92.53325687142309,92.73894871987505,1.4063363673045082,307.9298397,-2792.5814419999997,-179.76514,-99.256184,-29.588801,-92.879991
2772,-0.0216848,-0.788696,0.89897,2.82986,1.59081,1.44463,-259.64613810384486,-172.40586534384036,85.77235488887936,-92.28230135715579,90.23856090192413,-0.3914963318349402,263.0854148,-2830.885704,-328.83683,-91.828172,-32.235506,-91.467843
