,x_t,y_t,z_t,x_m,y_m,z_m,j1_t,j2_t,j3_t,j4_t,j5_t,j6_t
0,-0.306417777,-0.257115044,-0.1,-0.329040521,-0.280468779,-0.09995304,0.342280081,-0.77616716,2.35937985,-1.582914729,1.194996075,1.536417066
1,-0.331952592,-0.278541298,-0.1,-0.354550771,-0.30174461,-0.100206196,0.377293146,-0.772646536,2.268538735,-1.495598213,1.230009146,1.53642844
2,-0.357487407,-0.299967551,-0.1,-0.380132734,-0.323168637,-0.1004226709999999,0.405940313,-0.760770977,2.176034907,-1.414972747,1.258656308,1.536437182
3,-0.383022222,-0.321393805,-0.1,-0.405609886,-0.344596513,-0.100584225,0.429833208,-0.742286982,2.081466648,-1.338890609,1.2825492,1.536444378
4,-0.408557036,-0.342820058,-0.1,-0.4311559009999999,-0.365933211,-0.100796666,0.450074483,-0.718298451,1.984392843,-1.26580699,1.302790474,1.536450409
5,-0.434091851,-0.364246312,-0.1,-0.456730671,-0.387402965,-0.100982898,0.467452134,-0.689488528,1.884284184,-1.19450957,1.320168124,1.53645554
6,-0.459626666,-0.385672566,-0.1,-0.482303153,-0.408861374,-0.1011372949999999,0.482536779,-0.656229673,1.780517262,-1.124002567,1.335252768,1.536459962
7,-0.485161481,-0.407098819,-0.1,-0.507897492,-0.430219775,-0.101392175,0.495757104,-0.6186455,1.672301536,-1.053371887,1.348473093,1.536463814
8,-0.510696295,-0.428525073,-0.1,-0.53343486,-0.451634334,-0.101624538,0.50744059,-0.576623567,1.558606759,-0.981699772,1.360156578,1.536467201
9,-0.53623111,-0.449951327,-0.1,-0.559049115,-0.473017979,-0.101788679,0.517842823,-0.529784463,1.438025151,-0.907957882,1.370558811,1.536470204
10,-0.53623111,-0.449951327,-0.044444444,-0.5592068400000001,-0.4729709609999999,-0.046409463,0.517842823,-0.630407962,1.460421791,-0.82973105,1.370558809,1.536470184
11,-0.510696295,-0.428525073,-0.044444444,-0.533727554,-0.451565381,-0.046047483,0.507440757,-0.68225675,1.580835081,-0.898294889,1.360156745,1.536467106
12,-0.485161481,-0.407098819,-0.044444444,-0.508174144,-0.430203391,-0.045737695,0.495757415,-0.730046325,1.694672445,-0.964341947,1.348473404,1.536463706
13,-0.459626666,-0.385672566,-0.044444444,-0.4825279,-0.408736464,-0.045683663,0.482537249,-0.774252751,1.803301331,-1.028763528,1.335253238,1.536459835
14,-0.434091851,-0.364246312,-0.044444444,-0.4569840659999999,-0.387278754,-0.045531751,0.467452797,-0.815130337,1.907743335,-1.092326873,1.320168787,1.536455386
15,-0.408557036,-0.342820058,-0.044444444,-0.4314248049999999,-0.3658332239999999,-0.045354807,0.450075391,-0.852749026,2.008801634,-1.155765156,1.302791381,1.536450214
16,-0.383022222,-0.321393805,-0.044444444,-0.40586336,-0.34446616,-0.045151093,0.429832259,-0.886995409,2.107139015,-1.219854479,1.282548251,1.536444122
17,-0.357487407,-0.299967551,-0.044444444,-0.380308914,-0.3229974209999999,-0.044960775,0.405939431,-0.917539825,2.203333047,-1.285501934,1.258655425,1.536436828
18,-0.331952592,-0.278541298,-0.044444444,-0.354715594,-0.301580263,-0.044825664,0.37729254,-0.943756857,2.297921885,-1.353870877,1.230008537,1.536427919
19,-0.306417777,-0.257115044,-0.044444444,-0.329196471,-0.280269563,-0.0446110449999999,0.342280081,-0.964560299,2.391441947,-1.426583571,1.194996083,1.536416754
20,-0.306417777,-0.257115044,0.011111111,-0.329388784,-0.280081488,0.0106681939999999,0.342280079,-1.15186133,2.396909824,-1.244750534,1.194996074,1.536417066
21,-0.331952592,-0.278541298,0.011111111,-0.354933601,-0.3014299179999999,0.010465501,0.377287834,-1.111581988,2.302907961,-1.191031963,1.230003831,1.536428336
22,-0.357487407,-0.299967551,0.011111111,-0.380517122,-0.322885253,0.010315093,0.405936482,-1.069699777,2.20794914,-1.137958168,1.258652475,1.536437126
23,-0.383022222,-0.321393805,0.011111111,-0.406050382,-0.344371583,0.010142692,0.429830319,-1.026259393,2.111468513,-1.084920057,1.282546311,1.536444346
24,-0.408557036,-0.342820058,0.011111111,-0.431625416,-0.36575249,0.010056392,0.450074074,-0.981199853,2.01290995,-1.031422692,1.302790065,1.53645039
25,-0.434091851,-0.364246312,0.011111111,-0.457197766,-0.387239084,0.0099119309999999,0.46745189,-0.934378422,1.911684653,-0.977020143,1.32016788,1.536455529
26,-0.459626666,-0.385672566,0.011111111,-0.482728949,-0.408711712,0.009661308,0.482536628,-0.885572156,1.807123299,-0.92126612,1.335252618,1.536459956
27,-0.485161481,-0.407098819,0.011111111,-0.5083433319999999,-0.430126189,0.009432277,0.49575701,-0.834465124,1.698419951,-0.863670678,1.348472999,1.53646381
28,-0.510696295,-0.428525073,0.011111111,-0.533924885,-0.451511293,0.009291552,0.507440531,-0.780619479,1.584553969,-0.803651069,1.360156519,1.536467199
29,-0.53623111,-0.449951327,0.011111111,-0.559495039,-0.472943927,0.009140819,0.517841829,-0.723421968,1.46416748,-0.740462706,1.370557817,1.536470203
30,-0.53623111,-0.449951327,0.066666667,-0.55980279,-0.4729364689999999,0.064622202,0.517842823,-0.807330926,1.449266179,-0.641652476,1.370558807,1.536470174
31,-0.510696295,-0.428525073,0.066666667,-0.534232652,-0.451455123,0.064841443,0.507440729,-0.869932763,1.569754133,-0.699537928,1.360156717,1.536467107
32,-0.485161481,-0.407098819,0.066666667,-0.508614511,-0.430041575,0.0650951,0.495757381,-0.929762416,1.683513545,-0.753466957,1.348473369,1.536463709
33,-0.459626666,-0.385672566,0.066666667,-0.483036466,-0.408585917,0.065190549,0.482537203,-0.987587323,1.791929067,-0.804056692,1.335253192,1.53645984
34,-0.434091851,-0.364246312,0.066666667,-0.457452654,-0.387090502,0.0653201519999999,0.46745273,-1.044031245,1.896025885,-0.851708517,1.32016872,1.536455394
35,-0.408557036,-0.342820058,0.066666667,-0.4319125649999999,-0.365594709,0.065483555,0.450075287,-1.099649618,1.996599986,-0.89666292,1.302791278,1.536450228
36,-0.383022222,-0.321393805,0.066666667,-0.406365046,-0.344186937,0.065681012,0.429832088,-1.154986358,2.094296271,-0.939020793,1.28254808,1.536444144
37,-0.357487407,-0.299967551,0.066666667,-0.380855433,-0.322710621,0.065816726,0.405939129,-1.210630341,2.189661468,-0.978739853,1.258655122,1.536436866
38,-0.331952592,-0.278541298,0.066666667,-0.355229819,-0.301235775,0.065782285,0.377291965,-1.26728737,2.283184696,-1.015603201,1.230007961,1.536427985
39,-0.306417777,-0.257115044,0.066666667,-0.329655437,-0.279847979,0.065884967,0.342279144,-1.325892168,2.375334784,-1.04914459,1.194995144,1.536416876
40,-0.306417777,-0.257115044,0.122222222,-0.3299361739999999,-0.279614983,0.121183327,0.342280069,-1.475860837,2.328415851,-0.852257236,1.194996024,1.536417145
41,-0.331952592,-0.278541298,0.122222222,-0.35549259,-0.301049995,0.121091211,0.377293146,-1.40298004,2.239957207,-0.83668313,1.230009146,1.536428232
42,-0.357487407,-0.299967551,0.122222222,-0.381085007,-0.32257657,0.12100664,0.405940313,-1.334366366,2.149330212,-0.814672638,1.258656308,1.536437069
43,-0.383022222,-0.321393805,0.122222222,-0.406564159,-0.34406488,0.12086224,0.429830782,-1.268552291,2.056244587,-0.787403226,1.282546775,1.536444313
44,-0.408557036,-0.342820058,0.122222222,-0.432136832,-0.365511954,0.1208426379999999,0.450074338,-1.204427736,1.960314787,-0.755599643,1.302790329,1.536450371
45,-0.434091851,-0.364246312,0.122222222,-0.4577326069999999,-0.3870296159999999,0.120771006,0.467452044,-1.141116785,1.861072074,-0.719669199,1.320168034,1.536455517
46,-0.459626666,-0.385672566,0.122222222,-0.4832911219999999,-0.408541696,0.120590482,0.482536718,-1.077847978,1.757911536,-0.679778535,1.335252708,1.536459949
47,-0.485161481,-0.407098819,0.122222222,-0.508912443,-0.429991107,0.120463966,0.495757061,-1.013882828,1.65004873,-0.635881754,1.34847305,1.536463806
48,-0.510696295,-0.428525073,0.122222222,-0.534461281,-0.4514156019999999,0.120263101,0.507440557,-0.948441698,1.536439004,-0.587713886,1.360156545,1.536467197
49,-0.53623111,-0.449951327,0.122222222,-0.56007838,-0.472878055,0.120032552,0.517842823,-0.880608952,1.415631725,-0.534739969,1.370558811,1.536470202
50,-0.53623111,-0.449951327,0.177777778,-0.560411258,-0.472863268,0.1756717539999999,0.517842823,-0.941765433,1.362934388,-0.42088619,1.370558804,1.536470159
51,-0.510696295,-0.428525073,0.177777778,-0.5347914899999999,-0.451342839,0.175752449,0.507440754,-1.014540903,1.484511353,-0.46968701,1.360156743,1.536467106
52,-0.485161481,-0.407098819,0.177777778,-0.509211973,-0.429905657,0.175972183,0.495757457,-1.085046911,1.598142383,-0.512811301,1.348473446,1.53646371
53,-0.459626666,-0.385672566,0.177777778,-0.483634494,-0.408440823,0.176207309,0.482537344,-1.154332771,1.705401271,-0.550783451,1.335253333,1.536459844
54,-0.434091851,-0.364246312,0.177777778,-0.458064792,-0.386909197,0.176198591,0.467452966,-1.223293062,1.807387713,-0.583808532,1.320168956,1.536455401
55,-0.408557036,-0.342820058,0.177777778,-0.432552708,-0.365386788,0.1762913629999999,0.450075675,-1.292774696,1.904894188,-0.611832048,1.302791666,1.536450239
56,-0.383022222,-0.321393805,0.177777778,-0.406908821,-0.343900959,0.176321246,0.429832734,-1.36365727,1.998496219,-0.634549836,1.282548727,1.536444163
57,-0.357487407,-0.299967551,0.177777778,-0.381436751,-0.322384845,0.176477303,0.405940242,-1.43693231,2.088603805,-0.651380232,1.258656237,1.536436896
58,-0.331952592,-0.278541298,0.177777778,-0.35592538,-0.300895835,0.176497274,0.377293146,-1.513791786,2.175480651,-0.661394759,1.230009144,1.536428034
59,-0.306417777,-0.257115044,0.177777778,-0.33031947,-0.279420163,0.17655814,0.342280082,-1.59578985,2.25928178,-0.663193942,1.194996087,1.536416958
60,-0.306417777,-0.257115044,0.233333333,-0.330664308,-0.279259675,0.231998252,0.342280073,-1.684746843,2.171264301,-0.486219573,1.194996041,1.536417154
61,-0.331952592,-0.278541298,0.233333333,-0.356222231,-0.300759717,0.231861668,0.377293147,-1.598255307,2.092274835,-0.493725483,1.230009149,1.536428189
62,-0.357487407,-0.299967551,0.233333333,-0.3817252659999999,-0.322288611,0.231766062,0.405940313,-1.516669621,2.009351292,-0.492390458,1.25865631,1.536437041
63,-0.383022222,-0.321393805,0.233333333,-0.407236505,-0.343832767,0.231762158,0.429833208,-1.438651462,1.92243374,-0.483493206,1.282549202,1.536444296
64,-0.408557036,-0.342820058,0.233333333,-0.4328124399999999,-0.36530497,0.231682218,0.450076333,-1.36309637,1.831307248,-0.46792347,1.302792325,1.53645036
65,-0.434091851,-0.364246312,0.233333333,-0.458372107,-0.386872109,0.231578316,0.467453713,-1.289041833,1.735589148,-0.446261226,1.320169704,1.536455511
66,-0.459626666,-0.385672566,0.233333333,-0.48389126,-0.408381065,0.231527725,0.482536936,-1.215599091,1.634701989,-0.418817877,1.335252926,1.536459945
67,-0.485161481,-0.407098819,0.233333333,-0.509488072,-0.429849934,0.231362925,0.495758296,-1.141854586,1.527783164,-0.385644433,1.348474285,1.536463805
68,-0.510696295,-0.428525073,0.233333333,-0.535108532,-0.451343397,0.231195138,0.507441649,-1.066842212,1.413628616,-0.346502989,1.360157638,1.536467197
69,-0.53623111,-0.449951327,0.233333333,-0.56073246,-0.472826815,0.231064837,0.517842823,-0.989366499,1.290429576,-0.300780278,1.370558811,1.536470203
70,-0.53623111,-0.449951327,0.288888889,-0.561082153,-0.472829426,0.286624966,0.517842822,-1.02189565,1.196559886,-0.17438152,1.3705588,1.536470139
71,-0.510696295,-0.428525073,0.288888889,-0.535477637,-0.45129606,0.28684096,0.507440734,-1.104087208,1.322897214,-0.218526567,1.360156722,1.536467099
72,-0.485161481,-0.407098819,0.288888889,-0.509807545,-0.429777031,0.286914684,0.49575753,-1.183219158,1.438562655,-0.255059327,1.348473518,1.536463706
73,-0.459626666,-0.385672566,0.288888889,-0.4842421739999999,-0.408331358,0.286919278,0.482537513,-1.260691551,1.545800722,-0.284824123,1.335253503,1.536459842
74,-0.434091851,-0.364246312,0.288888889,-0.4587254879999999,-0.3867685609999999,0.287103535,0.467453257,-1.337584324,1.646065659,-0.308195218,1.320169247,1.536455402
75,-0.408557036,-0.342820058,0.288888889,-0.4331931149999999,-0.365210815,0.287286947,0.450076136,-1.414823722,1.740332234,-0.32522107,1.302792128,1.536450244
76,-0.383022222,-0.321393805,0.288888889,-0.4076363349999999,-0.343720599,0.287172996,0.429833451,-1.49327629,1.829251006,-0.335685607,1.282549445,1.536444171
77,-0.357487407,-0.299967551,0.288888889,-0.382116344,-0.322164514,0.287319424,0.405940313,-1.573808283,1.913227112,-0.339127572,1.258656309,1.536436909
78,-0.331952592,-0.278541298,0.288888889,-0.356527298,-0.30061325,0.287328917,0.377293146,-1.657368628,1.99249268,-0.334829956,1.230009146,1.536428055
79,-0.306417777,-0.257115044,0.288888889,-0.330996742,-0.2791434949999999,0.287341274,0.342280083,-1.745013182,2.067095804,-0.321784646,1.194996089,1.536416989
80,-0.306417777,-0.257115044,0.344444444,-0.331391226,-0.279075254,0.342760852,0.342280074,-1.780049382,1.948521303,-0.168174,1.194996045,1.536417065
81,-0.331952592,-0.278541298,0.344444444,-0.356899405,-0.300570732,0.342923946,0.377293147,-1.693291479,1.877524157,-0.183938628,1.230009149,1.53642818
82,-0.357487407,-0.299967551,0.344444444,-0.3824363169999999,-0.322143844,0.34280297,0.405940313,-1.609572322,1.801240279,-0.191376743,1.258656311,1.536437034
83,-0.383022222,-0.321393805,0.344444444,-0.40794319,-0.34370001,0.342727699,0.429833208,-1.528067802,1.719558032,-0.191201159,1.282549203,1.536444291
84,-0.408557036,-0.342820058,0.344444444,-0.433501715,-0.365194542,0.342653094,0.450076333,-1.447995791,1.63218729,-0.183904093,1.302792326,1.536450357
85,-0.434091851,-0.364246312,0.344444444,-0.459010123,-0.38675027,0.34257337,0.467453713,-1.368567592,1.538616877,-0.169763198,1.320169704,1.53645551
86,-0.459626666,-0.385672566,0.344444444,-0.484591206,-0.408336187,0.342362689,0.48253814,-1.288934077,1.438041442,-0.148822348,1.335254131,1.536459946
87,-0.485161481,-0.407098819,0.344444444,-0.510201313,-0.429789916,0.3424857759999999,0.495758296,-1.208109578,1.329232069,-0.120838352,1.348474285,1.536463808
88,-0.510696295,-0.428525073,0.344444444,-0.535797789,-0.451275417,0.342297064,0.507441649,-1.124844905,1.21029507,-0.08516676,1.360157638,1.536467202
89,-0.53623111,-0.449951327,0.344444444,-0.561459185,-0.472842617,0.342107238,0.517842823,-1.037383273,1.078183175,-0.040517123,1.370558812,1.53647021
90,-0.53623111,-0.449951327,0.4,-0.5618260900000001,-0.472874678,0.397630231,0.517842821,-1.032507275,0.92877959,0.104010128,1.370558792,1.536470122
91,-0.510696295,-0.428525073,0.4,-0.5361450280000001,-0.451269583,0.397965891,0.507441649,-1.127012252,1.071707809,0.055587874,1.360157638,1.536467072
92,-0.485161481,-0.407098819,0.4,-0.510513805,-0.4297664009999999,0.397923883,0.495758295,-1.215170429,1.197051938,0.01840266,1.348474285,1.536463688
93,-0.459626666,-0.385672566,0.4,-0.484930133,-0.408287719,0.397997749,0.482537517,-1.299537098,1.309596699,-0.009774553,1.335253507,1.53645983
94,-0.434091851,-0.364246312,0.4,-0.459384097,-0.386687058,0.3980075899999999,0.467453369,-1.381710236,1.412081069,-0.030084715,1.32016936,1.536455394
95,-0.408557036,-0.342820058,0.4,-0.4338206089999999,-0.365109738,0.398109306,0.450076354,-1.462843444,1.506227643,-0.043096757,1.302792346,1.536450238
96,-0.383022222,-0.321393805,0.4,-0.408316511,-0.343639242,0.398180963,0.429833208,-1.543825768,1.593129683,-0.049014806,1.282549201,1.536444167
97,-0.357487407,-0.299967551,0.4,-0.382744606,-0.322042078,0.398391315,0.405940313,-1.62542421,1.673504442,-0.047788976,1.258656309,1.536436908
98,-0.331952592,-0.278541298,0.4,-0.3572241359999999,-0.300502163,0.398351194,0.377293146,-1.708318854,1.747777473,-0.039164522,1.230009145,1.536428055
99,-0.306417777,-0.257115044,0.4,-0.331719213,-0.279040012,0.3982745239999999,0.342280082,-1.793176772,1.816176001,-0.022701253,1.194996088,1.53641699
100,-0.263008547,-0.301374359,0.4,-0.288259457,-0.3233244,0.398548664,0.538465752,-1.790797104,1.814362158,-0.023283355,1.391181739,1.536476097
101,-0.284925926,-0.326488888,0.4,-0.310055286,-0.348525447,0.398652553,0.569472951,-1.706047033,1.745840597,-0.039513325,1.422188944,1.536484963
102,-0.306843305,-0.351603418,0.4,-0.331942795,-0.373766171,0.398596082,0.594830929,-1.623232382,1.671439836,-0.047928183,1.447546918,1.536492127
103,-0.328760684,-0.376717948,0.4,-0.353889878,-0.399018309,0.398407973,0.615973713,-1.541689318,1.590928263,-0.04896034,1.4686897,1.536498062
104,-0.350678063,-0.401832478,0.4,-0.375739522,-0.424185907,0.398373908,0.633882732,-1.4607334,1.50386876,-0.042857221,1.486598717,1.536503069
105,-0.372595442,-0.426947008,0.4,-0.397725321,-0.449379757,0.398256673,0.649253916,-1.379607424,1.409547579,-0.029662344,1.5019699,1.536507353
106,-0.394512821,-0.452061538,0.4,-0.419605719,-0.474674279,0.398268317,0.662595289,-1.297412773,1.306853113,-0.009162761,1.515311272,1.536511064
107,-0.4164302,-0.477176068,0.4,-0.441551999,-0.499876701,0.398180125,0.674286814,-1.212995956,1.194054614,0.019218756,1.527002796,1.536514311
108,-0.438347579,-0.502290598,0.4,-0.463576869,-0.525084083,0.398090394,0.684618604,-1.12473106,1.068361188,0.056647164,1.537334585,1.536517177
109,-0.460264958,-0.527405127,0.4,-0.485554417,-0.5503452059999999,0.397935822,0.693816142,-1.03003572,0.924924708,0.1053882,1.546532121,1.536519728
110,-0.460264958,-0.527405127,0.344444444,-0.48522124,-0.5503009160000001,0.342437237,0.693816142,-1.03512747,1.074681202,-0.039276507,1.54653212,1.536519475
111,-0.438347579,-0.502290598,0.344444444,-0.463239857,-0.525030954,0.34253571,0.684618604,-1.122709446,1.207155798,-0.084169038,1.537334586,1.536517081
112,-0.4164302,-0.477176068,0.344444444,-0.441254041,-0.499857923,0.342779766,0.674286102,-1.206045572,1.326366332,-0.12004333,1.527002084,1.536514219
113,-0.394512821,-0.452061538,0.344444444,-0.419332753,-0.474651332,0.3426380639999999,0.662594757,-1.286897299,1.435381186,-0.148206294,1.51531074,1.536510972
114,-0.372595442,-0.426947008,0.344444444,-0.397428422,-0.449389313,0.3428125999999999,0.649253591,-1.366529176,1.536125486,-0.169318486,1.501969574,1.536507261
115,-0.350678063,-0.401832478,0.344444444,-0.37549938,-0.42419439,0.34298193,0.633882698,-1.445930273,1.62984004,-0.183631615,1.486598682,1.536502974
116,-0.328760684,-0.376717948,0.344444444,-0.353605946,-0.399012576,0.3430496309999999,0.615974144,-1.525950699,1.717338305,-0.191108987,1.46869013,1.536497965
117,-0.306843305,-0.351603418,0.344444444,-0.3317072969999999,-0.373772111,0.34309699,0.594830929,-1.607371622,1.799131063,-0.191480154,1.447546917,1.536492027
118,-0.284925926,-0.326488888,0.344444444,-0.309783254,-0.348518911,0.343149316,0.569472951,-1.690983927,1.875524452,-0.184260268,1.422188942,1.536484866
119,-0.263008547,-0.301374359,0.344444444,-0.287924126,-0.323331174,0.342986768,0.538465764,-1.777600835,1.946628567,-0.168746033,1.39118176,1.536476036
120,-0.263008547,-0.301374359,0.288888889,-0.287566159,-0.32337582,0.287601846,0.538465758,-1.742523314,2.065095445,-0.322290366,1.391181731,1.536476026
121,-0.284925926,-0.326488888,0.288888889,-0.3094054269999999,-0.348572565,0.28756485,0.569472951,-1.655052879,1.990403608,-0.335070492,1.422188944,1.536484962
122,-0.306843305,-0.351603418,0.288888889,-0.331321616,-0.373826816,0.287594912,0.594830929,-1.571623759,1.911047413,-0.339144382,1.447546918,1.536492126
123,-0.328760684,-0.376717948,0.288888889,-0.3532090539999999,-0.399017886,0.287443216,0.615973713,-1.491182927,1.826969715,-0.335508183,1.468689699,1.536498062
124,-0.350678063,-0.401832478,0.288888889,-0.375134074,-0.4242304149999999,0.287500945,0.633882732,-1.412798716,1.737946064,-0.324869205,1.486598717,1.536503067
125,-0.372595442,-0.426947008,0.288888889,-0.397110239,-0.4494434309999999,0.287314549,0.649253916,-1.335600831,1.64355974,-0.307681093,1.5019699,1.536507351
126,-0.394512821,-0.452061538,0.288888889,-0.418965606,-0.474665878,0.287112213,0.662595289,-1.258723572,1.543153682,-0.284152525,1.515311272,1.53651106
127,-0.4164302,-0.477176068,0.288888889,-0.440873212,-0.499813246,0.287161946,0.674286814,-1.181239132,1.435743607,-0.254227053,1.527002796,1.536514307
128,-0.438347579,-0.502290598,0.288888889,-0.4629292029999999,-0.525034853,0.286937188,0.684618604,-1.102062548,1.319860013,-0.217520156,1.537334586,1.536517173
129,-0.460264958,-0.527405127,0.288888889,-0.4849155579999999,-0.5502705290000001,0.286800563,0.693816142,-1.019791427,1.193245776,-0.17317712,1.546532123,1.536519722
130,-0.460264958,-0.527405127,0.233333333,-0.484572424,-0.550243085,0.231330372,0.693816142,-0.987390156,1.287220153,-0.299552763,1.546532121,1.536519617
131,-0.438347579,-0.502290598,0.233333333,-0.462621954,-0.525026062,0.231466317,0.684617798,-1.064936888,1.410660722,-0.345446515,1.537333779,1.536517094
132,-0.4164302,-0.477176068,0.233333333,-0.440593058,-0.499846563,0.231650038,0.6742861,-1.139980923,1.524995293,-0.384736938,1.527002082,1.536514227
133,-0.394512821,-0.452061538,0.233333333,-0.418687472,-0.4746687309999999,0.23187195,0.662594659,-1.21372394,1.632052551,-0.418051016,1.515310642,1.536510978
134,-0.372595442,-0.426947008,0.233333333,-0.396806585,-0.449429816,0.2317670339999999,0.649253392,-1.287151115,1.733063789,-0.445634849,1.501969375,1.536507263
135,-0.350678063,-0.401832478,0.233333333,-0.374853907,-0.424249297,0.231946341,0.633882375,-1.361159207,1.828881841,-0.467444481,1.486598359,1.536502975
136,-0.328760684,-0.376717948,0.233333333,-0.352929458,-0.399056908,0.232048361,0.61597366,-1.436640278,1.920094915,-0.483176016,1.468689645,1.536497963
137,-0.306843305,-0.351603418,0.233333333,-0.331026919,-0.3738521999999999,0.232041844,0.594831461,-1.514552261,2.007089771,-0.492258222,1.447547449,1.536492023
138,-0.284925926,-0.326488888,0.233333333,-0.309112623,-0.348640359,0.2321430159999999,0.569472951,-1.595983829,2.090076924,-0.493812836,1.422188941,1.536484859
139,-0.263008547,-0.301374359,0.233333333,-0.287241582,-0.323462648,0.232248805,0.538465764,-1.682274403,2.169132733,-0.48657663,1.39118176,1.536476027
140,-0.263008547,-0.301374359,0.177777778,-0.286866917,-0.323579056,0.176739542,0.538465754,-1.593435772,2.257004762,-0.663287144,1.391181716,1.536476092
141,-0.284925926,-0.326488888,0.177777778,-0.308793308,-0.348808552,0.17674271,0.569472951,-1.511646644,2.173164532,-0.661237652,1.422188943,1.536484978
142,-0.306843305,-0.351603418,0.177777778,-0.330654945,-0.3739777609999999,0.176656878,0.594830929,-1.434930541,2.08623596,-0.651026147,1.447546917,1.536492139
143,-0.328760684,-0.376717948,0.177777778,-0.352548296,-0.399149669,0.176524643,0.615972048,-1.361768471,1.996079973,-0.634032893,1.468688033,1.53649807
144,-0.350678063,-0.401832478,0.177777778,-0.374501066,-0.424351696,0.176439203,0.633881261,-1.290956266,1.90241112,-0.61117671,1.486597246,1.536503072
145,-0.372595442,-0.426947008,0.177777778,-0.396491587,-0.449502648,0.176417711,0.649252626,-1.22151748,1.80482346,-0.583028162,1.501968609,1.536507354
146,-0.394512821,-0.452061538,0.177777778,-0.418365292,-0.4747053149999999,0.1762913519999999,0.662594151,-1.152575684,1.702737441,-0.549884169,1.515310134,1.536511062
147,-0.4164302,-0.477176068,0.177777778,-0.440280499,-0.499888365,0.176199892,0.674285802,-1.083284835,1.595354868,-0.511792607,1.527001784,1.536514307
148,-0.438347579,-0.502290598,0.177777778,-0.462286353,-0.525041341,0.175921741,0.684617692,-1.01274883,1.481567434,-0.468541289,1.537333674,1.536517172
149,-0.460264958,-0.527405127,0.177777778,-0.484267055,-0.5502526390000001,0.175863634,0.693816142,-0.939910722,1.359782825,-0.419594864,1.546532123,1.536519721
150,-0.460264958,-0.527405127,0.122222222,-0.48393731,-0.5502290679999999,0.120232862,0.693816142,-0.878877423,1.412510799,-0.533356144,1.546532121,1.536519662
151,-0.438347579,-0.502290598,0.122222222,-0.462018346,-0.5250578269999999,0.120536961,0.684617781,-0.946770347,1.533498655,-0.586450985,1.537333763,1.536517098
152,-0.4164302,-0.477176068,0.122222222,-0.440074914,-0.499957672,0.12075946,0.674286019,-1.012247785,1.647249465,-0.634724246,1.527002,1.536514228
153,-0.394512821,-0.452061538,0.122222222,-0.418097865,-0.47478526,0.120854854,0.6625945,-1.076227121,1.755221852,-0.678717135,1.515310482,1.536510977
154,-0.372595442,-0.426947008,0.122222222,-0.396159826,-0.449524889,0.120998726,0.649253126,-1.139489382,1.858467843,-0.718700633,1.501969109,1.53650726
155,-0.350678063,-0.401832478,0.122222222,-0.374192742,-0.424379244,0.121075108,0.633881948,-1.202772236,1.957776591,-0.754726199,1.486597932,1.536502968
156,-0.328760684,-0.376717948,0.122222222,-0.352247412,-0.39923458,0.12110729,0.615972971,-1.266844052,2.053755994,-0.786633318,1.468688956,1.536497952
157,-0.306843305,-0.351603418,0.122222222,-0.330384075,-0.3740853,0.121266041,0.594830329,-1.332582044,2.146882798,-0.814021461,1.447546316,1.536492006
158,-0.284925926,-0.326488888,0.122222222,-0.308424954,-0.348882425,0.121342572,0.569472747,-1.401074515,2.237533818,-0.836179037,1.422188736,1.536484833
159,-0.263008547,-0.301374359,0.122222222,-0.286464288,-0.323713709,0.121339402,0.538465763,-1.473770737,2.32599596,-0.851943512,1.391181756,1.536475986
160,-0.263008547,-0.301374359,0.066666667,-0.286154298,-0.323925007,0.0659896619999999,0.538465752,-1.32422995,2.372792664,-1.048280827,1.391181706,1.536476119
161,-0.284925926,-0.326488888,0.066666667,-0.308033423,-0.349034227,0.065878914,0.569468767,-1.265731869,2.280668631,-1.014656525,1.422184756,1.536485033
162,-0.306843305,-0.351603418,0.066666667,-0.33004122,-0.374244838,0.0658981,0.594827813,-1.209137076,2.187142681,-0.977726331,1.447543799,1.536492172
163,-0.328760684,-0.376717948,0.066666667,-0.351967111,-0.3993679,0.065773967,0.615971315,-1.153529785,2.09175732,-0.937948926,1.4686873,1.53649809
164,-0.350678063,-0.401832478,0.066666667,-0.373861919,-0.424476159,0.065577444,0.63388083,-1.098210089,1.994023889,-0.895535654,1.486596814,1.536503085
165,-0.372595442,-0.426947008,0.066666667,-0.39585553,-0.449630906,0.065437713,0.649252368,-1.042592212,1.893394834,-0.850524802,1.501968351,1.536507362
166,-0.394512821,-0.452061538,0.066666667,-0.417770349,-0.474833818,0.065327365,0.662593998,-0.986133444,1.789223098,-0.802812064,1.51530998,1.536511067
167,-0.4164302,-0.477176068,0.066666667,-0.4397287789999999,-0.49998376,0.065218789,0.674285713,-0.928277997,1.680708842,-0.752153417,1.527001695,1.53651431
168,-0.438347579,-0.502290598,0.066666667,-0.46173804,-0.525083821,0.064994674,0.684617645,-0.868400115,1.566820586,-0.698143154,1.537333627,1.536517173
169,-0.460264958,-0.527405127,0.066666667,-0.483668016,-0.550237657,0.064774484,0.69381529,-0.80573034,1.446167374,-0.640159793,1.546531271,1.536519721
170,-0.460264958,-0.527405127,0.011111111,-0.483388624,-0.5502427440000001,0.009398994,0.693816142,-0.721942359,1.461059707,-0.73884012,1.546532121,1.536519685
171,-0.438347579,-0.502290598,0.011111111,-0.4614855069999999,-0.52510285,0.00957187,0.684617777,-0.779226427,1.581615792,-0.802112043,1.537333759,1.536517097
172,-0.4164302,-0.477176068,0.011111111,-0.439511844,-0.500051131,0.0097014669999999,0.674285993,-0.833138492,1.695607219,-0.862191292,1.527001975,1.536514227
173,-0.394512821,-0.452061538,0.011111111,-0.417523678,-0.474866312,0.009897874,0.662594447,-0.884298602,1.804405608,-0.91982941,1.515310429,1.536510973
174,-0.372595442,-0.426947008,0.011111111,-0.395676231,-0.449726621,0.01017217,0.649253033,-0.933147977,1.909037653,-0.975611847,1.501969016,1.536507254
175,-0.350678063,-0.401832478,0.011111111,-0.373683752,-0.4245735639999999,0.010259778,0.633881789,-0.980004919,2.010312825,-1.030029748,1.486597773,1.536502958
176,-0.328760684,-0.376717948,0.011111111,-0.351709454,-0.399480538,0.010322322,0.615972699,-1.02509421,2.108902151,-1.083529314,1.468688683,1.536497935
177,-0.306843305,-0.351603418,0.011111111,-0.329768394,-0.3743270749999999,0.0104617699999999,0.594829846,-1.068560232,2.205394501,-1.136554971,1.447545831,1.536491978
178,-0.284925926,-0.326488888,0.011111111,-0.307848833,-0.349216719,0.010656527,0.569471844,-1.110465816,2.30034425,-1.189598159,1.422187831,1.536484785
179,-0.263008547,-0.301374359,0.011111111,-0.285894865,-0.324121795,0.010784551,0.538464807,-1.15077259,2.394322254,-1.243267932,1.391180797,1.536475904
180,-0.263008547,-0.301374359,-0.044444444,-0.285683061,-0.324313263,-0.044580267,0.538465755,-0.964071583,2.388864018,-1.424510758,1.391181718,1.536476013
181,-0.284925926,-0.326488888,-0.044444444,-0.30748824,-0.349331223,-0.04485347,0.56947295,-0.943108764,2.295365933,-1.35197694,1.42218894,1.536485126
182,-0.306843305,-0.351603418,-0.044444444,-0.3294641199999999,-0.374458801,-0.044968179,0.594828028,-0.916775462,2.200789611,-1.283734879,1.447544014,1.536492221
183,-0.328760684,-0.376717948,-0.044444444,-0.35143472,-0.399569957,-0.04514481,0.61597143,-0.886138303,2.104581079,-1.218164168,1.468687415,1.536498118
184,-0.350678063,-0.401832478,-0.044444444,-0.373338529,-0.424643478,-0.045339123,0.633880897,-0.85181178,2.006211104,-1.154121178,1.486596881,1.536503102
185,-0.372595442,-0.426947008,-0.044444444,-0.395348565,-0.449757023,-0.045479223,0.64925241,-0.814118769,1.905101708,-1.090705119,1.501968392,1.536507371
186,-0.394512821,-0.452061538,-0.044444444,-0.417250046,-0.474938571,-0.045629652,0.662594025,-0.773167569,1.800588256,-1.027143096,1.515310007,1.536511073
187,-0.4164302,-0.477176068,-0.044444444,-0.439278338,-0.500106763,-0.045638758,0.674285732,-0.728883714,1.691863995,-0.962702852,1.527001714,1.536514313
188,-0.438347579,-0.502290598,-0.044444444,-0.461224492,-0.525111186,-0.0459865989999999,0.68461766,-0.681008079,1.57790133,-0.896615933,1.537333641,1.536517175
189,-0.460264958,-0.527405127,-0.044444444,-0.483130382,-0.550237684,-0.04623357,0.693815302,-0.629059839,1.457326934,-0.827989852,1.546531283,1.536519722
190,-0.460264958,-0.527405127,-0.1,-0.482969986,-0.550276595,-0.101594046,0.693816142,-0.528549402,1.434914459,-0.90608784,1.54653212,1.536519699
191,-0.438347579,-0.502290598,-0.1,-0.461004645,-0.525170684,-0.1013951,0.684617832,-0.575508133,1.555668241,-0.979882785,1.537333814,1.536517096
192,-0.4164302,-0.477176068,-0.1,-0.439096704,-0.500092543,-0.101178157,0.67428608,-0.617638252,1.669496858,-1.051581171,1.527002061,1.536514224
193,-0.394512821,-0.452061538,-0.1,-0.417102551,-0.474980132,-0.100979395,0.662594581,-0.655325274,1.777815504,-1.122212633,1.515310563,1.536510969
194,-0.372595442,-0.426947008,-0.1,-0.395218207,-0.449825889,-0.1008211919999999,0.649253242,-0.688687969,1.881661186,-1.192695388,1.501969225,1.536507247
195,-0.350678063,-0.401832478,-0.1,-0.373189213,-0.424700761,-0.100676141,0.633882126,-0.717609142,1.981828621,-1.263941319,1.48659811,1.536502948
196,-0.328760684,-0.376717948,-0.1,-0.351251908,-0.399650621,-0.1004908839999999,0.615973263,-0.74172273,2.078949682,-1.336948323,1.468689248,1.536497919
197,-0.306843305,-0.351603418,-0.1,-0.32936851,-0.374575297,-0.100328888,0.594830838,-0.760358238,2.173545112,-1.41290757,1.447546825,1.536491952
198,-0.284925926,-0.326488888,-0.1,-0.307410861,-0.349475863,-0.100124074,0.56947295,-0.772424894,2.266052748,-1.493347567,1.42218894,1.53648474
199,-0.263008547,-0.301374359,-0.1,-0.285530738,-0.32446318,-0.099928538,0.538465764,-0.77620387,2.356885645,-1.580400017,1.391181759,1.53647582
200,-0.213281773,-0.33839457,-0.1,-0.23575015,-0.361061642,-0.099969326,0.735825022,-0.776266714,2.347781499,-1.571237575,1.588541001,1.536531342
201,-0.231055254,-0.366594118,-0.1,-0.253495993,-0.389197645,-0.100154672,0.762487644,-0.771564907,2.256969584,-1.485127222,1.615203628,1.536538923
202,-0.248828735,-0.394793665,-0.1,-0.271339177,-0.417405653,-0.1003149389999999,0.784322554,-0.758808016,2.164415114,-1.40532931,1.637038534,1.536544933
203,-0.266602216,-0.422993213,-0.1,-0.289115032,-0.445532035,-0.100450478,0.802546796,-0.739626459,2.069726997,-1.329822371,1.655262774,1.536549977
204,-0.284375697,-0.45119276,-0.1,-0.306936034,-0.473704631,-0.100626681,0.817999717,-0.71505784,1.972448033,-1.25711163,1.670715694,1.536554274
205,-0.302149179,-0.479392308,-0.1,-0.324755345,-0.5019278229999999,-0.100793547,0.831273471,-0.685734063,1.872059583,-1.186046563,1.683989447,1.536557981
206,-0.31992266,-0.507591856,-0.1,-0.342574178,-0.530116095,-0.100911184,0.842802348,-0.651994017,1.767920317,-1.11564696,1.695518324,1.536561211
207,-0.337696141,-0.535791403,-0.1,-0.36041036,-0.558276624,-0.101140205,0.852911618,-0.613931947,1.659219818,-1.045008163,1.705627593,1.536564054
208,-0.355469622,-0.563990951,-0.1,-0.378207303,-0.586440405,-0.1013231399999999,0.861849928,-0.571406218,1.544895958,-0.973209683,1.714565903,1.536566574
209,-0.373243103,-0.592190498,-0.1,-0.396055182,-0.614635049,-0.101447188,0.869811418,-0.524002385,1.423488858,-0.899206087,1.722527392,1.536568825
210,-0.373243103,-0.592190498,-0.044444444,-0.396207127,-0.614597725,-0.0460956219999999,0.869811418,-0.624089981,1.445927657,-0.821557324,1.722527389,1.536568805
211,-0.355469622,-0.563990951,-0.044444444,-0.378441217,-0.586499103,-0.045704663,0.861849965,-0.676415909,1.567126623,-0.890430665,1.71456594,1.536566503
212,-0.337696141,-0.535791403,-0.044444444,-0.360687958,-0.558321896,-0.045467175,0.852911773,-0.724611439,1.681559521,-0.956668383,1.705627749,1.536563975
213,-0.31992266,-0.507591856,-0.044444444,-0.342814577,-0.530098788,-0.045390814,0.842802629,-0.769182006,1.790641744,-1.021180408,1.695518605,1.53656112
214,-0.302149179,-0.479392308,-0.044444444,-0.324952061,-0.501909091,-0.0452963189999999,0.831273899,-0.810404786,1.895423917,-1.084740186,1.683989875,1.536557872
215,-0.284375697,-0.45119276,-0.044444444,-0.3071458489999999,-0.473622762,-0.045186736,0.818000326,-0.848370988,1.996726513,-1.148076976,1.670716303,1.536554141
216,-0.266602216,-0.422993213,-0.044444444,-0.289394155,-0.4454962209999999,-0.044988745,0.80254764,-0.882990983,2.09522129,-1.211952156,1.655263617,1.536549806
217,-0.248828735,-0.394793665,-0.044444444,-0.271574727,-0.417319604,-0.044772225,0.784321915,-0.91396647,2.191487766,-1.277243527,1.637037894,1.536544703
218,-0.231055254,-0.366594118,-0.044444444,-0.253734439,-0.3890804459999999,-0.04469475,0.762487256,-0.940719274,2.286058655,-1.345061946,1.615203236,1.536538598
219,-0.213281773,-0.33839457,-0.044444444,-0.235973998,-0.361012858,-0.044514092,0.73582537,-0.962246358,2.379465134,-1.416941567,1.588541354,1.536531144
220,-0.213281773,-0.33839457,0.011111111,-0.236208872,-0.3608615249999999,0.010868078,0.735825025,-1.146777501,2.38485638,-1.23780214,1.588540966,1.536531182
221,-0.231055254,-0.366594118,0.011111111,-0.253978649,-0.388979593,0.010684908,0.762483975,-1.106383958,2.290991916,-1.184330514,1.615199955,1.536538862
222,-0.248828735,-0.394793665,0.011111111,-0.2717666689999999,-0.417210392,0.010530929,0.784319851,-1.064391185,2.196063786,-1.13139482,1.63703583,1.536544898
223,-0.266602216,-0.422993213,0.011111111,-0.2895571229999999,-0.445374966,0.010347334,0.80254629,-1.020829713,2.099520211,-1.078412335,1.655262267,1.536549957
224,-0.284375697,-0.45119276,0.011111111,-0.30735508,-0.473579535,0.010274327,0.817999425,-0.975629917,2.000811738,-1.02490326,1.670715401,1.536554263
225,-0.302149179,-0.479392308,0.011111111,-0.325213451,-0.501845484,0.010223312,0.831273297,-0.928641342,1.899348402,-0.970428105,1.683989273,1.536557973
226,-0.31992266,-0.507591856,0.011111111,-0.343023019,-0.5300786749999999,0.009979005,0.842802241,-0.879632443,1.794452464,-0.914540682,1.695518217,1.536561207
227,-0.337696141,-0.535791403,0.011111111,-0.360857498,-0.558279232,0.00980084,0.852911552,-0.828276181,1.685301159,-0.856745271,1.705627527,1.536564051
228,-0.355469622,-0.563990951,0.011111111,-0.3786478359999999,-0.586433955,0.009636248,0.861849887,-0.774118912,1.570845316,-0.796446348,1.714565862,1.536566572
229,-0.373243103,-0.592190498,0.011111111,-0.396450904,-0.614656081,0.009478688,0.869810712,-0.716523204,1.449679852,-0.732876261,1.722526686,1.536568824
230,-0.373243103,-0.592190498,0.066666667,-0.396695736,-0.6147017039999999,0.064931351,0.869811418,-0.799836076,1.434751992,-0.634635568,1.722527389,1.536568793
231,-0.355469622,-0.563990951,0.066666667,-0.378931476,-0.5864635859999999,0.065252034,0.861849942,-0.862773228,1.556045326,-0.692992049,1.714565917,1.536566504
232,-0.337696141,-0.535791403,0.066666667,-0.361139208,-0.558262307,0.06551456,0.852911747,-0.922833846,1.670417024,-0.74730348,1.705627722,1.536563977
233,-0.31992266,-0.507591856,0.066666667,-0.343301092,-0.530046107,0.0656009219999999,0.842802594,-0.980806031,1.77930167,-0.79821631,1.69551857,1.536561124
234,-0.302149179,-0.479392308,0.066666667,-0.325457878,-0.501808845,0.065634263,0.831273848,-1.037323444,1.88375491,-0.846152521,1.683989824,1.536557878
235,-0.284375697,-0.45119276,0.066666667,-0.307689904,-0.473506168,0.06579031,0.818000248,-1.092943573,1.984591351,-0.891369228,1.670716225,1.53655415
236,-0.266602216,-0.422993213,0.066666667,-0.289918195,-0.445344001,0.065990911,0.802547512,-1.148205035,2.082466384,-0.933983196,1.655263489,1.536549821
237,-0.248828735,-0.394793665,0.066666667,-0.272112324,-0.417134816,0.066107737,0.784321691,-1.203682544,2.177930741,-0.973970428,1.637037669,1.536544727
238,-0.231055254,-0.366594118,0.066666667,-0.25428581,-0.388863309,0.06608064,0.762486834,-1.260054628,2.271471241,-1.011139179,1.615202814,1.536538639
239,-0.213281773,-0.33839457,0.066666667,-0.236488731,-0.360687406,0.066154613,0.735824508,-1.318206181,2.363546755,-1.045063369,1.588540489,1.536531217
240,-0.213281773,-0.33839457,0.122222222,-0.236807146,-0.360509125,0.121557224,0.735825031,-1.466187361,2.317157342,-0.850692919,1.588540991,1.536531343
241,-0.231055254,-0.366594118,0.122222222,-0.254554236,-0.388753199,0.121440039,0.762487644,-1.394124949,2.228650023,-0.834247637,1.615203626,1.536538798
242,-0.248828735,-0.394793665,0.122222222,-0.272394463,-0.417068529,0.121359893,0.784320444,-1.326074256,2.137918583,-0.811566552,1.637036423,1.536544862
243,-0.266602216,-0.422993213,0.122222222,-0.2901246899999999,-0.445220926,0.121207237,0.802546616,-1.260626533,2.04465629,-0.783751598,1.655262594,1.536549936
244,-0.284375697,-0.45119276,0.122222222,-0.307932028,-0.473474328,0.121195407,0.81799961,-1.196737266,1.948489234,-0.751473411,1.670715587,1.53655425
245,-0.302149179,-0.479392308,0.122222222,-0.325737175,-0.50174643,0.121147628,0.831273404,-1.133549491,1.848933508,-0.715105064,1.68398938,1.536557965
246,-0.31992266,-0.507591856,0.122222222,-0.343569568,-0.530048652,0.120989719,0.842802303,-1.070305096,1.745369822,-0.674785389,1.695518279,1.536561202
247,-0.337696141,-0.535791403,0.122222222,-0.361381907,-0.558261332,0.120859052,0.852911586,-1.006268755,1.636991463,-0.630443003,1.705627561,1.536564048
248,-0.355469622,-0.563990951,0.122222222,-0.379167165,-0.5864663,0.120668978,0.861849904,-0.94065388,1.522719065,-0.58178513,1.714565878,1.536566571
249,-0.373243103,-0.592190498,0.122222222,-0.3970089209999999,-0.6147540189999999,0.1204956839999999,0.869811418,-0.872524783,1.401045675,-0.528240509,1.722527392,1.536568823
250,-0.373243103,-0.592190498,0.177777778,-0.397278134,-0.61477481,0.176205489,0.869811418,-0.933107197,1.348200453,-0.414812927,1.722527388,1.536568772
251,-0.355469622,-0.563990951,0.177777778,-0.379462566,-0.58649724,0.176236765,0.861849957,-1.006171734,1.470743316,-0.464291535,1.714565932,1.536566502
252,-0.337696141,-0.535791403,0.177777778,-0.361661081,-0.558239335,0.176408072,0.852911802,-1.076825468,1.585116797,-0.508011631,1.705627778,1.536563977
253,-0.31992266,-0.507591856,0.177777778,-0.343885731,-0.530014807,0.176643138,0.8428027,-1.146141027,1.69296174,-0.546541383,1.695518675,1.536561126
254,-0.302149179,-0.479392308,0.177777778,-0.326039568,-0.501774466,0.1767274449999999,0.831274026,-1.215020858,1.79541934,-0.580119536,1.683990002,1.536557882
255,-0.284375697,-0.45119276,0.177777778,-0.308307005,-0.473498193,0.176707151,0.81800054,-1.284308363,1.893309498,-0.608722586,1.670716517,1.536554157
256,-0.266602216,-0.422993213,0.177777778,-0.290480371,-0.445183709,0.176761939,0.802547996,-1.35486878,1.987226879,-0.632079948,1.655263974,1.536549833
257,-0.248828735,-0.394793665,0.177777778,-0.272704826,-0.416938247,0.176895847,0.784322519,-1.427666341,2.077595643,-0.649651533,1.637038498,1.536544747
258,-0.231055254,-0.366594118,0.177777778,-0.254991442,-0.388697499,0.176939727,0.762488315,-1.503855069,2.164698792,-0.66056629,1.615204297,1.53653867
259,-0.213281773,-0.33839457,0.177777778,-0.237180459,-0.360417261,0.177001032,0.735825038,-1.584895146,2.248679959,-0.663507612,1.588541023,1.536531267
260,-0.213281773,-0.33839457,0.233333333,-0.237522926,-0.3603347249999999,0.2325277539999999,0.735825031,-1.673298467,2.161332236,-0.487756602,1.588540994,1.536531388
261,-0.231055254,-0.366594118,0.233333333,-0.255269461,-0.388617044,0.232396733,0.762487645,-1.587723936,2.082031086,-0.49402972,1.615203628,1.536538771
262,-0.248828735,-0.394793665,0.233333333,-0.272976042,-0.416898572,0.232206115,0.784322554,-1.506814082,1.998780572,-0.49168872,1.637038534,1.536544844
263,-0.266602216,-0.422993213,0.233333333,-0.290780057,-0.445162387,0.232263197,0.802548353,-1.429286337,1.911505767,-0.481941275,1.655264332,1.536549924
264,-0.284375697,-0.45119276,0.233333333,-0.308559364,-0.473443156,0.232193112,0.818000021,-1.354077748,1.819980926,-0.465624624,1.670715998,1.536554242
265,-0.302149179,-0.479392308,0.233333333,-0.326357485,-0.501743442,0.232007623,0.831273656,-1.280233939,1.723794259,-0.44328137,1.683989632,1.53655796
266,-0.31992266,-0.507591856,0.233333333,-0.344142376,-0.529984676,0.2319989429999999,0.842802455,-1.206878136,1.62234426,-0.41518679,1.69551843,1.536561199
267,-0.337696141,-0.535791403,0.233333333,-0.361902264,-0.558220743,0.231859616,0.852912478,-1.133107563,1.514744597,-0.381357332,1.705628452,1.536564046
268,-0.355469622,-0.563990951,0.233333333,-0.379752659,-0.5865444129999999,0.2316728009999999,0.861850688,-1.057936939,1.399733628,-0.341516638,1.714566662,1.53656657
269,-0.373243103,-0.592190498,0.233333333,-0.397535247,-0.614787176,0.231578953,0.869811418,-0.98013934,1.275417844,-0.294998127,1.722527391,1.536568822
270,-0.373243103,-0.592190498,0.288888889,-0.397852337,-0.614878473,0.287178146,0.869811417,-1.012067711,1.181047843,-0.168699866,1.722527381,1.53656873
271,-0.355469622,-0.563990951,0.288888889,-0.380037972,-0.5865604130000001,0.2872790289999999,0.861849927,-1.094667101,1.308731119,-0.213783976,1.714565902,1.536566495
272,-0.337696141,-0.535791403,0.288888889,-0.362194568,-0.558212035,0.28743923,0.852911851,-1.174009603,1.425413521,-0.251124223,1.705627826,1.536563972
273,-0.31992266,-0.507591856,0.288888889,-0.3444072489999999,-0.529976143,0.287379682,0.842802825,-1.25154374,1.53345762,-0.281634552,1.695518801,1.536561124
274,-0.302149179,-0.479392308,0.288888889,-0.326619385,-0.501762928,0.287516039,0.831274245,-1.32837174,1.634386002,-0.305735319,1.683990222,1.536557882
275,-0.284375697,-0.45119276,0.288888889,-0.308884858,-0.473434829,0.287718078,0.818000889,-1.40542725,1.729217202,-0.323511405,1.670716867,1.53655416
276,-0.266602216,-0.422993213,0.288888889,-0.291130689,-0.445149447,0.287708395,0.802548537,-1.483573596,1.818632208,-0.334780462,1.655264516,1.536549838
277,-0.248828735,-0.394793665,0.288888889,-0.273352932,-0.41686424,0.287745455,0.784323359,-1.563671359,1.903065879,-0.339116753,1.637039339,1.536544755
278,-0.231055254,-0.366594118,0.288888889,-0.255598169,-0.3885334,0.287799783,0.762487644,-1.646626434,1.982750342,-0.335846477,1.615203627,1.536538682
279,-0.213281773,-0.33839457,0.288888889,-0.237842513,-0.3602886389999999,0.287823364,0.735825038,-1.733475921,2.05776871,-0.324015589,1.588541025,1.536531285
280,-0.213281773,-0.33839457,0.344444444,-0.238187475,-0.360308054,0.343355941,0.735825032,-1.768695393,1.939690686,-0.170718123,1.588540996,1.53653132
281,-0.231055254,-0.366594118,0.344444444,-0.255909084,-0.388615114,0.343407096,0.762487645,-1.682581056,1.86819351,-0.185335024,1.615203628,1.536538766
282,-0.248828735,-0.394793665,0.344444444,-0.273672303,-0.416919371,0.343321272,0.784322554,-1.599349331,1.791397066,-0.191769966,1.637038534,1.53654484
283,-0.266602216,-0.422993213,0.344444444,-0.2914369679999999,-0.445195466,0.343219918,0.802548353,-1.518200097,1.709171474,-0.190693223,1.655264332,1.536549921
284,-0.284375697,-0.45119276,0.344444444,-0.309173988,-0.4734621559999999,0.343201069,0.81800105,-1.43836407,1.621204707,-0.182562086,1.670717028,1.53655424
285,-0.302149179,-0.479392308,0.344444444,-0.3268916469999999,-0.5017826,0.3429302,0.831274613,-1.359056445,1.526957306,-0.167621914,1.683990589,1.53655796
286,-0.31992266,-0.507591856,0.344444444,-0.344764878,-0.53005995,0.342858895,0.842803333,-1.27942262,1.425584458,-0.145882507,1.695519309,1.536561199
287,-0.337696141,-0.535791403,0.344444444,-0.362518187,-0.5583187789999999,0.342947311,0.852912478,-1.198458856,1.315797532,-0.11705898,1.705628452,1.536564046
288,-0.355469622,-0.563990951,0.344444444,-0.3803217869999999,-0.5866097730000001,0.342727047,0.861850688,-1.114876931,1.195603994,-0.080447021,1.714566662,1.53656657
289,-0.373243103,-0.592190498,0.344444444,-0.398167032,-0.6149489499999999,0.3425253359999999,0.869811418,-1.026839096,1.061773934,-0.034654479,1.722527389,1.536568821
290,-0.373243103,-0.592190498,0.4,-0.39846558,-0.61503124,0.39814891,0.869811412,-1.020937636,0.910683915,0.110533669,1.72252734,1.536568603
291,-0.355469622,-0.563990951,0.4,-0.380628292,-0.586684235,0.398374117,0.861850688,-1.116354129,1.056027562,0.06060659,1.714566663,1.536566466
292,-0.337696141,-0.535791403,0.4,-0.3628179359999999,-0.558361436,0.398474492,0.852912478,-1.20502399,1.183024787,0.022278891,1.705628453,1.536563956
293,-0.31992266,-0.507591856,0.4,-0.345024386,-0.530095605,0.398501697,0.842802815,-1.28966256,1.29680453,-0.006862647,1.695518791,1.536561113
294,-0.302149179,-0.479392308,0.4,-0.327203278,-0.5018098,0.398573297,0.831274325,-1.37194044,1.400269986,-0.028050605,1.683990301,1.536557875
295,-0.284375697,-0.45119276,0.4,-0.309471987,-0.473439953,0.398679221,0.818001053,-1.453047026,1.49523482,-0.041909247,1.67071703,1.536554155
296,-0.266602216,-0.422993213,0.4,-0.2917222029999999,-0.445178236,0.39871601,0.802548788,-1.533894063,1.582853961,-0.048681749,1.655264767,1.536549835
297,-0.248828735,-0.394793665,0.4,-0.2739214319999999,-0.416861379,0.398900601,0.784322554,-1.615236954,1.663864355,-0.048349634,1.637038534,1.536544753
298,-0.231055254,-0.366594118,0.4,-0.256178846,-0.3885345619999999,0.398868057,0.762487644,-1.697767886,1.738735154,-0.040689836,1.615203626,1.536538682
299,-0.213281773,-0.33839457,0.4,-0.2384801919999999,-0.360328411,0.3987405719999999,0.735825038,-1.782134304,1.807708593,-0.025297089,1.588541024,1.536531285
300,-0.158431906,-0.367286443,0.4,-0.1836269059999999,-0.3891311549999999,0.399101842,0.932379686,-1.767639407,1.796397903,-0.028474842,1.785095658,1.536586746
301,-0.171634565,-0.397893646,0.4,-0.196697602,-0.419834361,0.399112207,0.954667915,-1.683879148,1.726649858,-0.042485605,1.807383889,1.536593273
302,-0.184837224,-0.42850085,0.4,-0.209848869,-0.450544054,0.399097513,0.972975915,-1.601793782,1.650971104,-0.048890903,1.825691887,1.536598669
303,-0.198039883,-0.459108053,0.4,-0.223065083,-0.481237118,0.398910875,0.988295088,-1.520745744,1.569085738,-0.048052392,1.841011058,1.536603222
304,-0.211242542,-0.489715257,0.4,-0.236220779,-0.511896631,0.398837919,1.001309541,-1.440056347,1.480498508,-0.040153495,1.85402551,1.53660712
305,-0.224445201,-0.520322461,0.4,-0.249476449,-0.542621306,0.398778245,1.012507589,-1.35895466,1.384414298,-0.02517001,1.865223558,1.536610496
306,-0.23764786,-0.550929664,0.4,-0.2627176579999999,-0.573339418,0.3986076,1.022247644,-1.27650302,1.279598818,-0.002805302,1.874963611,1.53661345
307,-0.250850518,-0.581536868,0.4,-0.275831844,-0.60404521,0.39864198,1.030799,-1.191467007,1.164119564,0.027638725,1.883514967,1.536616058
308,-0.264053177,-0.612144071,0.4,-0.2890752709999999,-0.634770728,0.398539029,1.03836808,-1.102056136,1.034815935,0.067532189,1.891084044,1.536618374
309,-0.277255836,-0.642751275,0.4,-0.3023128419999999,-0.6654803779999999,0.398406093,1.045115866,-1.005320765,0.886053119,0.119560251,1.897831822,1.536620437
310,-0.277255836,-0.642751275,0.344444444,-0.3020401239999999,-0.6653547630000001,0.3429799679999999,1.045115872,-1.012673697,1.039568898,-0.026602656,1.897831879,1.536620132
311,-0.264053177,-0.612144071,0.344444444,-0.288823903,-0.6346762810000001,0.343045287,1.038368081,-1.101542679,1.175802943,-0.073968278,1.891084049,1.536618294
312,-0.250850518,-0.581536868,0.344444444,-0.275605127,-0.60394272,0.343304594,1.030798399,-1.18559575,1.297746568,-0.111859548,1.883514367,1.536615981
313,-0.23764786,-0.550929664,0.344444444,-0.2624281599999999,-0.573284052,0.343179685,1.022247195,-1.266777367,1.408877785,-0.141809936,1.874963164,1.536613375
314,-0.224445201,-0.520322461,0.344444444,-0.249217715,-0.5425481,0.343269799,1.0125073,-1.346441248,1.511343241,-0.164612382,1.865223269,1.53661042
315,-0.211242542,-0.489715257,0.344444444,-0.235975766,-0.511881406,0.3434375779999999,1.001309463,-1.425618102,1.606515344,-0.180608592,1.854025433,1.536607042
316,-0.198039883,-0.459108053,0.344444444,-0.2228495409999999,-0.481231642,0.34353557,0.988295337,-1.505172234,1.695293934,-0.189834115,1.841011307,1.536603143
317,-0.184837224,-0.42850085,0.344444444,-0.2096716069999999,-0.450536933,0.343585621,0.972976716,-1.585885777,1.778257628,-0.192085447,1.825692688,1.53659859
318,-0.171634565,-0.397893646,0.344444444,-0.196472487,-0.419746611,0.3436507,0.954667915,-1.668507225,1.85574215,-0.186949834,1.807383889,1.536593195
319,-0.158431906,-0.367286443,0.344444444,-0.183341704,-0.389099019,0.3436376829999999,0.932379689,-1.753821405,1.927913586,-0.173808546,1.785095666,1.536586692
320,-0.158431906,-0.367286443,0.288888889,-0.183051072,-0.389073476,0.288102827,0.932379687,-1.718393629,2.045351477,-0.326674155,1.785095656,1.53658669
321,-0.171634565,-0.397893646,0.288888889,-0.196166458,-0.4197977169999999,0.28811366,0.954667915,-1.632534981,1.96977067,-0.336950585,1.80738389,1.536593272
322,-0.184837224,-0.42850085,0.288888889,-0.209346417,-0.4504876889999999,0.287946027,0.972975915,-1.550320228,1.889503409,-0.338896761,1.825691887,1.536598669
323,-0.198039883,-0.459108053,0.288888889,-0.222528611,-0.481153402,0.287986851,0.988295088,-1.470769903,1.804456232,-0.333398726,1.841011058,1.536603222
324,-0.211242542,-0.489715257,0.288888889,-0.235718063,-0.511855393,0.287918578,1.001309541,-1.392997633,1.714363958,-0.321077657,1.85402551,1.53660712
325,-0.224445201,-0.520322461,0.288888889,-0.248947751,-0.5425054720000001,0.287785051,1.012507589,-1.316156985,1.618760013,-0.302313398,1.865223558,1.536610496
326,-0.23764786,-0.550929664,0.288888889,-0.262155613,-0.573170842,0.2875492,1.022247644,-1.239386392,1.516920844,-0.27724395,1.874963612,1.53661345
327,-0.250850518,-0.581536868,0.288888889,-0.2753024469999999,-0.603843942,0.2875949479999999,1.030799001,-1.161739454,1.407765866,-0.24573512,1.883514968,1.536616058
328,-0.264053177,-0.612144071,0.288888889,-0.288535512,-0.634583704,0.2875231559999999,1.038368081,-1.082079862,1.289673989,-0.207302117,1.891084047,1.536618378
329,-0.277255836,-0.642751275,0.288888889,-0.301817293,-0.665285029,0.28728651,1.045115867,-0.998896092,1.160125946,-0.160937193,1.897831831,1.536620453
330,-0.277255836,-0.642751275,0.233333333,-0.301535953,-0.665177591,0.231777081,1.045115869,-0.967787786,1.255213913,-0.2871335,1.897831852,1.536620335
331,-0.264053177,-0.612144071,0.233333333,-0.288287941,-0.634525933,0.231964087,1.038367414,-1.046056324,1.381085695,-0.334737373,1.891083383,1.536618311
332,-0.250850518,-0.581536868,0.233333333,-0.275076992,-0.603819019,0.232120637,1.030798422,-1.121467264,1.497278426,-0.375519885,1.88351439,1.536615991
333,-0.23764786,-0.550929664,0.233333333,-0.261895352,-0.573153858,0.232232177,1.022247138,-1.195294983,1.605810898,-0.410225429,1.874963107,1.536613381
334,-0.224445201,-0.520322461,0.233333333,-0.2486980979999999,-0.542510411,0.232319589,1.012507165,-1.268555029,1.708028674,-0.439184032,1.865223134,1.536610423
335,-0.211242542,-0.489715257,0.233333333,-0.235451713,-0.5118079010000001,0.2323991269999999,1.001309238,-1.342147506,1.804859572,-0.462423415,1.854025208,1.536607044
336,-0.198039883,-0.459108053,0.233333333,-0.2222618589999999,-0.48111895,0.232535792,0.988294996,-1.416945734,1.896944829,-0.479711508,1.841010967,1.536603143
337,-0.184837224,-0.42850085,0.233333333,-0.209058323,-0.450465238,0.2324803839999999,0.972976221,-1.493866196,1.984711842,-0.490559243,1.825692193,1.536598587
338,-0.171634565,-0.397893646,0.233333333,-0.195910614,-0.419800113,0.23262243,0.954669009,-1.573936143,2.068413319,-0.494192086,1.807384982,1.53659319
339,-0.158431906,-0.367286443,0.233333333,-0.182765354,-0.389102037,0.232768557,0.932379689,-1.658362828,2.148135941,-0.489489478,1.785095666,1.536586685
340,-0.158431906,-0.367286443,0.177777778,-0.182441194,-0.389145919,0.177188298,0.932379681,-1.570702787,2.23462427,-0.663637692,1.785095631,1.536586786
341,-0.171634565,-0.397893646,0.177777778,-0.195584313,-0.419877142,0.17714903,0.954667915,-1.490836259,2.150369739,-0.659248371,1.807383889,1.536593284
342,-0.184837224,-0.42850085,0.177777778,-0.208753711,-0.450506354,0.177185449,0.97297466,-1.41549744,2.062964103,-0.647180239,1.825690631,1.536598678
343,-0.198039883,-0.459108053,0.177777778,-0.2219287009999999,-0.481143417,0.177002595,0.988293943,-1.343288956,1.97222855,-0.628651987,1.841009913,1.536603229
344,-0.211242542,-0.489715257,0.177777778,-0.235161079,-0.511838574,0.176854949,1.001308528,-1.273121328,1.877871691,-0.604461691,1.854024497,1.536607124
345,-0.224445201,-0.520322461,0.177777778,-0.2484055009999999,-0.542482339,0.176850286,1.012506701,-1.204062578,1.779449464,-0.575097252,1.86522267,1.536610499
346,-0.23764786,-0.550929664,0.177777778,-0.261641752,-0.573123738,0.176794322,1.022246863,-1.135263668,1.676340332,-0.540786158,1.874962831,1.536613452
347,-0.250850518,-0.581536868,0.177777778,-0.2747885479999999,-0.603782645,0.176484679,1.03079831,-1.065883413,1.567685808,-0.501511099,1.883514278,1.53661606
348,-0.264053177,-0.612144071,0.177777778,-0.288005825,-0.634454614,0.176376542,1.038367464,-0.995006261,1.45228602,-0.456987743,1.891083432,1.53661838
349,-0.277255836,-0.642751275,0.177777778,-0.301274267,-0.6651622260000001,0.1763564869999999,1.045115867,-0.921521565,1.328399112,-0.406584874,1.897831833,1.536620457
350,-0.277255836,-0.642751275,0.122222222,-0.301011189,-0.665064833,0.120696576,1.045115868,-0.861703809,1.381462356,-0.519465901,1.897831843,1.536620393
351,-0.264053177,-0.612144071,0.122222222,-0.287782299,-0.6344136539999999,0.120984637,1.038367417,-0.930254045,1.504335463,-0.573789417,1.891083386,1.536618316
352,-0.250850518,-0.581536868,0.122222222,-0.274576546,-0.603823631,0.121098687,1.030798372,-0.996124236,1.619527526,-0.62311201,1.88351434,1.536615993
353,-0.23764786,-0.550929664,0.122222222,-0.261380983,-0.57312515,0.121205447,1.02224703,-1.060277546,1.728622025,-0.668053992,1.874962999,1.536613381
354,-0.224445201,-0.520322461,0.122222222,-0.24814543,-0.542453179,0.121395024,1.012506982,-1.123512152,1.832747781,-0.708946014,1.865222951,1.536610421
355,-0.211242542,-0.489715257,0.122222222,-0.234874261,-0.511803602,0.121484472,1.001308943,-1.18656139,1.932743247,-0.745893205,1.854024913,1.536607039
356,-0.198039883,-0.459108053,0.122222222,-0.221659261,-0.4811473229999999,0.121459072,0.988294524,-1.250168257,2.029248389,-0.778792546,1.841010494,1.536603135
357,-0.184837224,-0.42850085,0.122222222,-0.208467525,-0.450551748,0.121587888,0.972975453,-1.315158542,2.122760286,-0.807315341,1.825691424,1.536598574
358,-0.171634565,-0.397893646,0.122222222,-0.195243502,-0.419849035,0.121661152,0.954667721,-1.382530823,2.213667308,-0.830851396,1.807383693,1.536593171
359,-0.158431906,-0.367286443,0.122222222,-0.18204085,-0.389171049,0.121712478,0.932380184,-1.45358788,2.302269172,-0.84839766,1.785096158,1.536586657
360,-0.158431906,-0.367286443,0.066666667,-0.181702764,-0.389267255,0.066225888,0.932379681,-1.308147934,2.347978692,-1.039546933,1.785095631,1.536586823
361,-0.171634565,-0.397893646,0.066666667,-0.194893384,-0.419945865,0.066173056,0.954665201,-1.250548781,2.255969125,-1.00513522,1.807381173,1.536593323
362,-0.184837224,-0.42850085,0.066666667,-0.208199887,-0.450637195,0.066236774,0.972973852,-1.194517865,2.162374551,-0.967570251,1.825689823,1.536598703
363,-0.198039883,-0.459108053,0.066666667,-0.221367664,-0.481231711,0.066097299,0.988293479,-1.139234102,2.066751466,-0.92722975,1.841009449,1.536603245
364,-0.211242542,-0.489715257,0.066666667,-0.234586841,-0.51183454,0.065956182,1.001308256,-1.084050898,1.968613923,-0.884274348,1.854024225,1.536607134
365,-0.224445201,-0.520322461,0.066666667,-0.247856561,-0.542463814,0.065733574,1.012506539,-1.028409728,1.867404122,-0.838704756,1.865222508,1.536610505
366,-0.23764786,-0.550929664,0.066666667,-0.26112345,-0.573090909,0.065713561,1.022246768,-0.971777162,1.762451032,-0.790383361,1.874962737,1.536613456
367,-0.250850518,-0.581536868,0.066666667,-0.274271949,-0.6037375150000001,0.065531908,1.030798256,-0.913591378,1.652913269,-0.739030592,1.883514224,1.536616063
368,-0.264053177,-0.612144071,0.066666667,-0.2874949619999999,-0.634369735,0.065294731,1.038367437,-0.853203759,1.537691803,-0.684196024,1.891083405,1.536618382
369,-0.277255836,-0.642751275,0.066666667,-0.300785546,-0.665017729,0.06514128,1.045115302,-0.789798468,1.415285099,-0.625193953,1.897831269,1.536620459
370,-0.277255836,-0.642751275,0.011111111,-0.300540499,-0.6649514289999999,0.009695239,1.045115867,-0.70726067,1.430238034,-0.722684713,1.897831837,1.536620421
371,-0.264053177,-0.612144071,0.011111111,-0.287268537,-0.6343265579999999,0.009874052,1.038367419,-0.765410167,1.552491577,-0.786789408,1.891083387,1.536618316
372,-0.250850518,-0.581536868,0.011111111,-0.274102278,-0.603793558,0.010069276,1.030798356,-0.819998539,1.667768551,-0.847478733,1.883514324,1.536615992
373,-0.23764786,-0.550929664,0.011111111,-0.26088815,-0.5731269250000001,0.010214369,1.022246994,-0.87169947,1.777545856,-0.9055559,1.874962963,1.536613378
374,-0.224445201,-0.520322461,0.011111111,-0.2476532159999999,-0.54252097,0.0104454919999999,1.012506918,-0.920988902,1.88291363,-0.961635114,1.865222887,1.536610416
375,-0.211242542,-0.489715257,0.011111111,-0.234342245,-0.5118480910000001,0.01049515,1.001308835,-0.968209426,1.984719179,-1.016221102,1.854024804,1.536607031
376,-0.198039883,-0.459108053,0.011111111,-0.221139978,-0.48126829,0.010599342,0.98829434,-1.013604481,2.083653306,-1.069761242,1.84101031,1.536603122
377,-0.184837224,-0.42850085,0.011111111,-0.207934881,-0.450691806,0.01072223,0.972975132,-1.057334979,2.180309522,-1.122688145,1.825691102,1.536598554
378,-0.171634565,-0.397893646,0.011111111,-0.1946286189999999,-0.41998941,0.010816695,0.954667132,-1.099481849,2.27523101,-1.17546408,1.807383104,1.536593138
379,-0.158431906,-0.367286443,0.011111111,-0.181451709,-0.389456541,0.010984421,0.932379034,-1.140032261,2.368956579,-1.228640694,1.785095007,1.536586601
380,-0.158431906,-0.367286443,-0.044444444,-0.181176583,-0.389535733,-0.044510886,0.932379687,-0.959015916,2.3636433,-1.404343791,1.785095658,1.536586658
381,-0.171634565,-0.397893646,-0.044444444,-0.194334716,-0.4200502399999999,-0.0446982659999999,0.954665468,-0.936579906,2.270366454,-1.333501407,1.807381441,1.536593383
382,-0.184837224,-0.42850085,-0.044444444,-0.20762531,-0.450730492,-0.044756354,0.972973989,-0.909140843,2.175785662,-1.266358374,1.82568996,1.536598736
383,-0.198039883,-0.459108053,-0.044444444,-0.220847254,-0.481275526,-0.044987656,0.988293555,-0.877605527,2.07939436,-1.201501212,1.841009525,1.536603264
384,-0.211242542,-0.489715257,-0.044444444,-0.234048974,-0.5118236549999999,-0.045165149,1.001308301,-0.842494375,1.980664458,-1.1378814,1.85402427,1.536607146
385,-0.224445201,-0.520322461,-0.044444444,-0.247374526,-0.542437536,-0.045285948,1.012506568,-0.804066487,1.879011896,-1.074655768,1.865222537,1.536610512
386,-0.23764786,-0.550929664,-0.044444444,-0.260672758,-0.573122688,-0.045331573,1.022246787,-0.762380985,1.773751188,-1.011079692,1.874962756,1.536613461
387,-0.250850518,-0.581536868,-0.044444444,-0.273837126,-0.6037182360000001,-0.045476326,1.03079827,-0.717318589,1.664036814,-0.946426924,1.883514238,1.536616065
388,-0.264053177,-0.612144071,-0.044444444,-0.287060903,-0.6343062039999999,-0.045660715,1.038367448,-0.668571102,1.548776711,-0.879913587,1.891083415,1.536618383
389,-0.277255836,-0.642751275,-0.044444444,-0.300326925,-0.664884302,-0.045902717,1.045115867,-0.61559056,1.426483261,-0.810600022,1.897831834,1.53662046
390,-0.277255836,-0.642751275,-0.1,-0.3001608959999999,-0.6648886220000001,-0.101297822,1.045115866,-0.516200646,1.403980202,-0.887486911,1.897831831,1.536620434
391,-0.264053177,-0.612144071,-0.1,-0.286903695,-0.634291417,-0.101057913,1.038367457,-0.564372155,1.526531395,-0.961867239,1.891083425,1.536618315
392,-0.250850518,-0.581536868,-0.1,-0.27368758,-0.603714595,-0.100956823,1.030798417,-0.607578182,1.64172935,-1.033859889,1.883514386,1.53661599
393,-0.23764786,-0.550929664,-0.1,-0.260421554,-0.573127925,-0.100790637,1.022247089,-0.646280084,1.751104826,-1.104534256,1.874963057,1.536613375
394,-0.224445201,-0.520322461,-0.1,-0.2471915459999999,-0.542513723,-0.100623557,1.012507064,-0.680658737,1.85576548,-1.17481713,1.865223033,1.536610411
395,-0.211242542,-0.489715257,-0.1,-0.233896398,-0.511900121,-0.100504562,1.001309067,-0.710658273,1.956550266,-1.245603344,1.854025036,1.536607023
396,-0.198039883,-0.459108053,-0.1,-0.220676751,-0.481323061,-0.100324405,0.988294722,-0.735984232,2.054117941,-1.317846129,1.841010693,1.53660311
397,-0.184837224,-0.42850085,-0.1,-0.2074016729999999,-0.450815024,-0.1002231879999999,0.972975792,-0.756061701,2.149003254,-1.392655157,1.825691764,1.536598535
398,-0.171634565,-0.397893646,-0.1,-0.194179138,-0.420174601,-0.100094011,0.954668344,-0.769942844,2.241655195,-1.471427272,1.807384318,1.536593106
399,-0.158431906,-0.367286443,-0.1,-0.180943441,-0.38960856,-0.099977524,0.932379689,-0.7761316,2.332455818,-1.556040598,1.785095666,1.536586546
400,-0.099776458,-0.387355984,-0.1,-0.12255621,-0.4092413399999999,-0.099983604,1.126314231,-0.775486404,2.311531778,-1.535743391,1.979030195,1.536646307
401,-0.108091162,-0.41963565,-0.1,-0.130874556,-0.4415286929999999,-0.100080487,1.144480035,-0.767385334,2.220671351,-1.452981529,1.997196001,1.536652474
402,-0.116405867,-0.451915315,-0.1,-0.139214032,-0.473781916,-0.100240547,1.159465891,-0.752037283,2.127843723,-1.37549985,2.012181855,1.536657476
403,-0.124720572,-0.48419498,-0.1,-0.147546601,-0.5060156579999999,-0.100320775,1.17205056,-0.730773819,2.032648903,-1.301566648,2.024766523,1.536661741
404,-0.133035277,-0.516474646,-0.1,-0.155894406,-0.538294053,-0.100469512,1.18277295,-0.704433689,1.934638822,-1.229895065,2.035488912,1.536665423
405,-0.141349982,-0.548754311,-0.1,-0.164269348,-0.5705565930000001,-0.100590783,1.192021309,-0.673517471,1.833263032,-1.159434041,2.044737271,1.536668633
406,-0.149664686,-0.581033976,-0.1,-0.172629117,-0.602855633,-0.100734544,1.20008222,-0.638261878,1.727835671,-1.089260974,2.052798181,1.536671458
407,-0.157979391,-0.613313642,-0.1,-0.180970146,-0.635115792,-0.100919495,1.207172032,-0.598671117,1.617474561,-1.018489456,2.059887992,1.536673963
408,-0.166294096,-0.645593307,-0.1,-0.189305464,-0.667364949,-0.101011889,1.213457254,-0.554509446,1.501003487,-0.946178997,2.066173214,1.5366762
409,-0.174608801,-0.677872972,-0.1,-0.197651551,-0.699671868,-0.101193066,1.21906861,-0.50524347,1.376774446,-0.871214974,2.071784569,1.53667821
410,-0.174608801,-0.677872972,-0.044444444,-0.197806128,-0.699714486,-0.045746783,1.219068609,-0.603700672,1.399382132,-0.795365499,2.071784566,1.536678184
411,-0.166294096,-0.645593307,-0.044444444,-0.189509377,-0.667466858,-0.045405554,1.213457149,-0.657618479,1.523269614,-0.865336124,2.06617311,1.536676129
412,-0.157979391,-0.613313642,-0.044444444,-0.1811682999999999,-0.635214302,-0.04525845,1.207172027,-0.707152327,1.639740546,-0.932274267,2.059887988,1.536673885
413,-0.149664686,-0.581033976,-0.044444444,-0.1728663339999999,-0.6029292380000001,-0.045129958,1.20008231,-0.752908983,1.750383636,-0.997161874,2.052798271,1.53667137
414,-0.141349982,-0.548754311,-0.044444444,-0.164490679,-0.570614717,-0.045071506,1.192021503,-0.795241077,1.856354082,-1.060801531,2.044737465,1.53666853
415,-0.133035277,-0.516474646,-0.044444444,-0.156104924,-0.538317306,-0.044986019,1.182773267,-0.834306639,1.958536045,-1.123919394,2.035489229,1.536665299
416,-0.124720572,-0.48419498,-0.044444444,-0.14779145,-0.506093431,-0.044782017,1.17205103,-0.87008705,2.057637249,-1.187241832,2.024766993,1.536661588
417,-0.116405867,-0.451915315,-0.044444444,-0.139492003,-0.473854018,-0.044599132,1.159466558,-0.902373455,2.15425124,-1.251571282,2.012182522,1.536657277
418,-0.108091162,-0.41963565,-0.044444444,-0.131121824,-0.441497022,-0.044532857,1.144479677,-0.930717274,2.248903504,-1.317881859,1.997195642,1.536652204
419,-0.099776458,-0.387355984,-0.044444444,-0.1227501939999999,-0.409225889,-0.044484231,1.126314264,-0.954325599,2.342092089,-1.387464574,1.97903023,1.536646137
420,-0.099776458,-0.387355984,0.011111111,-0.1230129869999999,-0.409163083,0.011021105,1.126314233,-1.130769526,2.347284541,-1.216213536,1.979030179,1.536645985
421,-0.108091162,-0.41963565,0.011111111,-0.131334788,-0.4414379149999999,0.01090288,1.144477806,-1.089997158,2.253684392,-1.16338277,1.99719377,1.53665243
422,-0.116405867,-0.451915315,0.011111111,-0.139687625,-0.473797317,0.010796476,1.15946538,-1.047625385,2.158710754,-1.110778792,2.012181343,1.53665745
423,-0.124720572,-0.48419498,0.011111111,-0.14800866,-0.506025927,0.010648726,1.172050273,-1.00364765,2.061847034,-1.057890956,2.024766235,1.536661726
424,-0.133035277,-0.516474646,0.011111111,-0.156304653,-0.538306803,0.010504975,1.182772782,-0.957967771,1.962554176,-1.004276341,2.035488744,1.536665413
425,-0.141349982,-0.548754311,0.011111111,-0.164700231,-0.570650556,0.010483717,1.192021209,-0.910410114,1.86023029,-0.949508659,2.04473717,1.536668627
426,-0.149664686,-0.581033976,0.011111111,-0.173032031,-0.602930895,0.010337038,1.200082158,-0.860714045,1.754163256,-0.893136394,2.052798119,1.536671454
427,-0.157979391,-0.613313642,0.011111111,-0.1813717399999999,-0.635240003,0.0101831359999999,1.207171994,-0.808514146,1.643468052,-0.834639919,2.059887954,1.536673961
428,-0.166294096,-0.645593307,0.011111111,-0.189649538,-0.667466374,0.009940743,1.213457231,-0.75330139,1.526992552,-0.773376119,2.06617319,1.536676199
429,-0.174608801,-0.677872972,0.011111111,-0.198015659,-0.699860865,0.009888673,1.21906861,-0.69434817,1.403152914,-0.708488743,2.071784569,1.536678209
430,-0.174608801,-0.677872972,0.066666667,-0.19822455,-0.699925173,0.065488667,1.21906861,-0.775820244,1.388125479,-0.611989288,2.07178457,1.536678165
431,-0.166294096,-0.645593307,0.066666667,-0.189918421,-0.66756152,0.065457349,1.213457132,-0.839926477,1.512173196,-0.671931707,2.066173093,1.536676129
432,-0.157979391,-0.613313642,0.066666667,-0.181573632,-0.635310881,0.06581785,1.207172007,-0.900804095,1.628637364,-0.727519316,2.059887968,1.536673887
433,-0.149664686,-0.581033976,0.066666667,-0.173288334,-0.6029727500000001,0.0659029419999999,1.200082286,-0.959318404,1.739132875,-0.779501691,2.052798247,1.536671373
434,-0.141349982,-0.548754311,0.066666667,-0.164930876,-0.570640251,0.065955887,1.192021469,-1.016142261,1.844824709,-0.828370973,2.044737431,1.536668536
435,-0.133035277,-0.516474646,0.066666667,-0.156565441,-0.538345779,0.066057484,1.182773217,-1.071846482,1.946595274,-0.874438776,2.035489179,1.536665308
436,-0.124720572,-0.48419498,0.066666667,-0.14825759,-0.506017896,0.066268631,1.172050951,-1.126960573,2.045140374,-0.917871427,2.024766913,1.536661601
437,-0.116405867,-0.451915315,0.066666667,-0.140010542,-0.473803386,0.066455792,1.159466424,-1.182025021,2.141030546,-0.958699014,2.012182386,1.536657298
438,-0.108091162,-0.41963565,0.066666667,-0.131663233,-0.441446491,0.066393696,1.144479432,-1.237649062,2.234753899,-0.996800452,1.997195395,1.536652238
439,-0.099776458,-0.387355984,0.066666667,-0.123333394,-0.409117815,0.066467937,1.126313782,-1.29459065,2.326750011,-1.031857425,1.979029746,1.536646193
440,-0.099776458,-0.387355984,0.122222222,-0.123629441,-0.409018531,0.121900132,1.126314239,-1.436683885,2.281898945,-0.844913243,1.979030208,1.536646233
441,-0.108091162,-0.41963565,0.122222222,-0.131903327,-0.44134162,0.121840149,1.144478416,-1.366881029,2.193125619,-0.825940149,1.99719438,1.536652381
442,-0.116405867,-0.451915315,0.122222222,-0.140207186,-0.473673978,0.1217040789999999,1.159465705,-1.300355149,2.10193967,-0.80127796,2.012181668,1.536657422
443,-0.124720572,-0.48419498,0.122222222,-0.148514712,-0.5059871309999999,0.1215979,1.172050453,-1.235922218,2.008041041,-0.771810404,2.024766415,1.536661709
444,-0.133035277,-0.516474646,0.122222222,-0.156811378,-0.538367127,0.1217249099999999,1.182772885,-1.172647965,1.911028281,-0.738070258,2.035488846,1.536665403
445,-0.141349982,-0.548754311,0.122222222,-0.165171279,-0.570711233,0.121533307,1.192021267,-1.109742743,1.810383642,-0.700329387,2.044737228,1.53666862
446,-0.149664686,-0.581033976,0.122222222,-0.173500149,-0.603047346,0.121432036,1.200082191,-1.04647959,1.705435795,-0.658643391,2.052798151,1.53667145
447,-0.157979391,-0.613313642,0.122222222,-0.181807695,-0.635318523,0.1212581849999999,1.207172011,-0.982123885,1.595298643,-0.612860775,2.059887971,1.536673958
448,-0.166294096,-0.645593307,0.122222222,-0.190107321,-0.667659843,0.121124425,1.213457238,-0.915857148,1.478769139,-0.562596951,2.066173197,1.536676197
449,-0.174608801,-0.677872972,0.122222222,-0.198448371,-0.699999907,0.120886159,1.21906861,-0.846665967,1.354137107,-0.507155143,2.071784568,1.536678207
450,-0.174608801,-0.677872972,0.177777778,-0.19866184,-0.700074585,0.176590391,1.21906861,-0.905427217,1.30073168,-0.394988553,2.071784572,1.536678125
451,-0.166294096,-0.645593307,0.177777778,-0.190348973,-0.667717749,0.176710598,1.21345713,-0.979549435,1.426571823,-0.446707379,2.066173092,1.536676126
452,-0.157979391,-0.613313642,0.177777778,-0.182039425,-0.63539008,0.176788057,1.207172038,-1.050787392,1.543465762,-0.492364419,2.059887999,1.536673886
453,-0.149664686,-0.581033976,0.177777778,-0.17375877,-0.603055671,0.176995786,1.200082351,-1.120304615,1.653296438,-0.532679044,2.052798312,1.536671374
454,-0.141349982,-0.548754311,0.177777778,-0.165446275,-0.5707540249999999,0.177168793,1.192021582,-1.18903996,1.757352219,-0.568000782,2.044737544,1.536668539
455,-0.133035277,-0.516474646,0.177777778,-0.1570900479999999,-0.538382359,0.177099032,1.182773401,-1.257836075,1.85654928,-0.598403187,2.035489363,1.536665314
456,-0.124720572,-0.48419498,0.177777778,-0.148828925,-0.506036619,0.177156168,1.172051253,-1.32752459,1.951549063,-0.623716096,2.024767215,1.536661611
457,-0.116405867,-0.451915315,0.177777778,-0.140540502,-0.473733675,0.177353942,1.15946693,-1.398999483,2.042824972,-0.643518973,2.012182893,1.536657314
458,-0.108091162,-0.41963565,0.177777778,-0.132296649,-0.441443191,0.177483708,1.144480314,-1.473295603,2.130699202,-0.657099206,1.997196279,1.536652263
459,-0.099776458,-0.387355984,0.177777778,-0.123981709,-0.40903657,0.17734601,1.126315404,-1.551688922,2.215359351,-0.663368482,1.979031371,1.536646232
460,-0.099776458,-0.387355984,0.233333333,-0.124286248,-0.409046415,0.232984067,1.126314237,-1.638310245,2.129991532,-0.491379352,1.979030199,1.536646312
461,-0.108091162,-0.41963565,0.233333333,-0.132512555,-0.441384939,0.2327398279999999,1.144480035,-1.555311994,2.049647931,-0.49403151,1.997196,1.536652358
462,-0.116405867,-0.451915315,0.233333333,-0.140778322,-0.4737146,0.232741907,1.159467053,-1.476301418,1.965301361,-0.488693391,2.012183016,1.536657406
463,-0.124720572,-0.48419498,0.233333333,-0.149050048,-0.506045371,0.232692746,1.172050839,-1.400147668,1.876833086,-0.476377007,2.024766801,1.536661698
464,-0.133035277,-0.516474646,0.233333333,-0.157330415,-0.5384563339999999,0.232557289,1.18277312,-1.325859787,1.783949313,-0.457779475,2.035489081,1.536665395
465,-0.141349982,-0.548754311,0.233333333,-0.165658665,-0.570780992,0.232520915,1.192021409,-1.252557569,1.686190849,-0.433321773,2.044737369,1.536668615
466,-0.149664686,-0.581033976,0.233333333,-0.173953214,-0.603085298,0.232578353,1.200082274,-1.179377901,1.58286676,-0.403176049,2.052798234,1.536671446
467,-0.157979391,-0.613313642,0.233333333,-0.182249303,-0.63544878,0.232270062,1.207172576,-1.105406078,1.472970756,-0.3672507,2.059888536,1.536673955
468,-0.166294096,-0.645593307,0.233333333,-0.190573994,-0.667822782,0.232093187,1.213457728,-1.0296027,1.35505766,-0.325139925,2.066173687,1.536676194
469,-0.174608801,-0.677872972,0.233333333,-0.198870847,-0.700188248,0.231993094,1.219068609,-0.950619198,1.226925821,-0.275990635,2.071784567,1.536678202
470,-0.174608801,-0.677872972,0.288888889,-0.1990889579999999,-0.7002645559999999,0.287703337,1.219068609,-0.980555262,1.130743459,-0.149872397,2.071784564,1.536678031
471,-0.166294096,-0.645593307,0.288888889,-0.190824757,-0.6679176019999999,0.287658538,1.213457073,-1.064652699,1.26304789,-0.198080192,2.066173034,1.536676114
472,-0.157979391,-0.613313642,0.288888889,-0.182479117,-0.635508479,0.287881132,1.207172051,-1.144813765,1.383179609,-0.238051898,2.059888012,1.536673879
473,-0.149664686,-0.581033976,0.288888889,-0.1742165229999999,-0.603168848,0.287941807,1.200082424,-1.222672045,1.493935583,-0.270950761,2.052798385,1.536671371
474,-0.141349982,-0.548754311,0.288888889,-0.165908058,-0.570834242,0.2879795619999999,1.192021721,-1.299417135,1.597083028,-0.297354418,2.044737682,1.536668538
475,-0.133035277,-0.516474646,0.288888889,-0.157621766,-0.5385174620000001,0.288193343,1.182773626,-1.37601782,1.693794079,-0.317466242,2.035489587,1.536665316
476,-0.124720572,-0.48419498,0.288888889,-0.149322545,-0.506103575,0.288257463,1.172051601,-1.453337731,1.784854609,-0.331208501,2.024767563,1.536661615
477,-0.116405867,-0.451915315,0.288888889,-0.1410947679999999,-0.473788826,0.288307992,1.159467464,-1.532208929,1.870777206,-0.338261759,2.012183428,1.536657321
478,-0.108091162,-0.41963565,0.288888889,-0.132792975,-0.441325823,0.288318605,1.144481142,-1.613486874,1.951864041,-0.338072771,1.997197107,1.536652274
479,-0.099776458,-0.387355984,0.288888889,-0.124511945,-0.409005817,0.288374727,1.126314238,-1.698091513,2.028233566,-0.329840101,1.979030206,1.536646248
480,-0.099776458,-0.387355984,0.344444444,-0.124779277,-0.40907896,0.343952833,1.126314237,-1.733744878,1.911639956,-0.177593165,1.979030198,1.536646243
481,-0.108091162,-0.41963565,0.344444444,-0.133024452,-0.441434602,0.343877403,1.144480035,-1.649434154,1.838521555,-0.188782976,1.997196,1.536652353
482,-0.116405867,-0.451915315,0.344444444,-0.141302571,-0.473827629,0.343833237,1.159467053,-1.567561655,1.760053547,-0.192185344,2.012183016,1.536657402
483,-0.124720572,-0.48419498,0.344444444,-0.1495806069999999,-0.506209336,0.343723698,1.172051566,-1.487384743,1.676045936,-0.188352785,2.024767528,1.536661694
484,-0.133035277,-0.516474646,0.344444444,-0.157800498,-0.538541462,0.3436270549999999,1.182773809,-1.408162079,1.586113222,-0.177641095,2.03548977,1.536665392
485,-0.141349982,-0.548754311,0.344444444,-0.16613162,-0.5709254539999999,0.343459277,1.192022042,-1.329110703,1.489619318,-0.160197111,2.044738002,1.536668613
486,-0.149664686,-0.581033976,0.344444444,-0.174441454,-0.60327971,0.34338087,1.200082849,-1.249347836,1.385582061,-0.135921421,2.052798808,1.536671444
487,-0.157979391,-0.613313642,0.344444444,-0.182678492,-0.635558104,0.343504087,1.207172576,-1.167797959,1.272500758,-0.104388828,2.059888535,1.536673952
488,-0.166294096,-0.645593307,0.344444444,-0.190997238,-0.668003618,0.343195897,1.213457728,-1.083024303,1.148023321,-0.064683997,2.066173685,1.536676188
489,-0.174608801,-0.677872972,0.344444444,-0.199295022,-0.700366424,0.343193134,1.219068609,-0.992879149,1.008234037,-0.015038932,2.071784561,1.536678187
490,-0.174608801,-0.677872972,0.4,-0.199501374,-0.700508056,0.398690712,1.219068609,-0.983342683,0.850992171,0.132666513,2.071784568,1.536678195
491,-0.166294096,-0.645593307,0.4,-0.191252013,-0.668128937,0.398882951,1.213457728,-1.082117125,1.004899606,0.077532471,2.066173689,1.536676061
492,-0.157979391,-0.613313642,0.4,-0.182900193,-0.635664944,0.399052492,1.207172576,-1.1726705,1.137600502,0.035383924,2.059888538,1.536673853
493,-0.149664686,-0.581033976,0.4,-0.174651902,-0.60334044,0.398888185,1.200082382,-1.258350349,1.255571035,0.00309208,2.052798343,1.536671355
494,-0.141349982,-0.548754311,0.4,-0.166366851,-0.57096147,0.399007156,1.192021756,-1.341102806,1.362325753,-0.020911479,2.044737717,1.536668528
495,-0.133035277,-0.516474646,0.4,-0.158025427,-0.538559905,0.3991391689999999,1.182773726,-1.422254008,1.460009255,-0.037445234,2.035489688,1.536665309
496,-0.124720572,-0.48419498,0.4,-0.149805462,-0.506252838,0.399179573,1.172051765,-1.502782744,1.549973106,-0.046881987,2.024767728,1.536661611
497,-0.116405867,-0.451915315,0.4,-0.141531752,-0.473869955,0.399332818,1.159467694,-1.583477743,1.633089076,-0.049304817,2.012183657,1.536657319
498,-0.108091162,-0.41963565,0.4,-0.133252131,-0.441435539,0.399485983,1.144481425,-1.665018972,1.709906431,-0.044583064,1.997197389,1.536652274
499,-0.099776458,-0.387355984,0.4,-0.1250119519999999,-0.409113846,0.399468564,1.126314238,-1.748022766,1.780735267,-0.032410547,1.979030205,1.536646249
500,-0.038724348,-0.398121118,0.4,-0.063794421,-0.419916845,0.399617682,1.316153753,-1.724166577,1.761134807,-0.036633107,2.168869343,1.536715012
501,-0.041951377,-0.431297878,0.4,-0.0668831689999999,-0.4531894219999999,0.399498683,1.330662745,-1.641964617,1.688917116,-0.046613727,2.183378699,1.536721231
502,-0.045178406,-0.464474638,0.4,-0.070087025,-0.486459685,0.399372033,1.342696349,-1.560996921,1.610643287,-0.049304678,2.195412302,1.536726258
503,-0.048405435,-0.497651398,0.4,-0.073200631,-0.519652475,0.399313307,1.352844367,-1.480648825,1.525942747,-0.044949699,2.205560319,1.536730564
504,-0.051632464,-0.530828158,0.4,-0.076398814,-0.5529175770000001,0.399187797,1.361521462,-1.400231318,1.434193304,-0.033615537,2.214237413,1.536734295
505,-0.054859493,-0.564004918,0.4,-0.079620557,-0.586238756,0.3991096099999999,1.369028149,-1.318925408,1.334417506,-0.015143683,2.221744099,1.53673756
506,-0.058086522,-0.597181677,0.4,-0.082771153,-0.619480123,0.399027311,1.375587787,-1.235689258,1.225097892,0.010941531,2.228303736,1.536740441
507,-0.061313551,-0.630358437,0.4,-0.085930274,-0.65272626,0.399020095,1.38136998,-1.14908268,1.103819181,0.045615224,2.234085927,1.536742999
508,-0.06454058,-0.663535197,0.4,-0.0891512769999999,-0.686022451,0.398906785,1.386505912,-1.056890781,0.966492335,0.090751556,2.239221855,1.536745274
509,-0.067767609,-0.696711957,0.4,-0.092333082,-0.719280854,0.398822332,1.391098691,-0.955159929,0.805355651,0.150158558,2.243814614,1.536747269
510,-0.067767609,-0.696711957,0.344444444,-0.09217583,-0.7191143550000001,0.343321192,1.391098693,-0.967765156,0.96797007,0.000149545,2.243814643,1.536747374
511,-0.06454058,-0.663535197,0.344444444,-0.089026645,-0.685882517,0.3432938459999999,1.386505914,-1.059733817,1.112626591,-0.052539692,2.239221868,1.536745185
512,-0.061313551,-0.630358437,0.344444444,-0.085821495,-0.652581076,0.343511593,1.381369442,-1.145565503,1.240527429,-0.09461024,2.234085396,1.536742911
513,-0.058086522,-0.597181677,0.344444444,-0.082635918,-0.619371365,0.3435855639999999,1.375587387,-1.227679191,1.356187033,-0.128157722,2.22830334,1.536740354
514,-0.054859493,-0.564004918,0.344444444,-0.07944607,-0.58613784,0.343541383,1.369027869,-1.307656645,1.46228661,-0.154281597,2.221743822,1.536737472
515,-0.051632464,-0.530828158,0.344444444,-0.076229222,-0.5528746670000001,0.34378176,1.361521321,-1.386639612,1.560503885,-0.173517874,2.214237274,1.536734206
516,-0.048405435,-0.497651398,0.344444444,-0.073068622,-0.519635803,0.34394945,1.352844422,-1.465541451,1.651933105,-0.18604748,2.205560375,1.536730473
517,-0.045178406,-0.464474638,0.344444444,-0.069914737,-0.486409536,0.343931707,1.342696717,-1.54515306,1.737287489,-0.191792792,2.19541267,1.536726167
518,-0.041951377,-0.431297878,0.344444444,-0.066737195,-0.453107052,0.3441032389999999,1.330663651,-1.626206171,1.817009924,-0.190465029,2.183379606,1.536721141
519,-0.038724348,-0.398121118,0.344444444,-0.06360455,-0.419868613,0.344137398,1.316153828,-1.709409595,1.891330153,-0.18158522,2.168869785,1.536715194
520,-0.038724348,-0.398121118,0.288888889,-0.0633861459999999,-0.4198013,0.28848464,1.316153833,-1.673565302,2.006933304,-0.333032627,2.168869815,1.536715176
521,-0.041951377,-0.431297878,0.288888889,-0.066503683,-0.453060325,0.28850351,1.330662745,-1.590333352,1.929538121,-0.338865997,2.1833787,1.536721231
522,-0.045178406,-0.464474638,0.288888889,-0.069677874,-0.486290057,0.288355257,1.342696349,-1.510088286,1.847396379,-0.336966404,2.195412302,1.536726259
523,-0.048405435,-0.497651398,0.288888889,-0.072857042,-0.519521895,0.288352069,1.352844367,-1.431953083,1.760340815,-0.328043507,2.205560319,1.536730565
524,-0.051632464,-0.530828158,0.288888889,-0.076039415,-0.5528041419999999,0.288232316,1.361520987,-1.355107735,1.668026384,-0.312572197,2.214236939,1.536734296
525,-0.054859493,-0.564004918,0.288888889,-0.079257129,-0.5860388990000001,0.2880514329999999,1.369027697,-1.278718804,1.569868843,-0.290801618,2.221743648,1.536737562
526,-0.058086522,-0.597181677,0.288888889,-0.08242394,-0.6192058970000001,0.28796429,1.375587787,-1.201912913,1.464995273,-0.262732186,2.228303737,1.536740446
527,-0.061313551,-0.630358437,0.288888889,-0.085606737,-0.6524924009999999,0.287980022,1.38136998,-1.123695778,1.352118583,-0.22807106,2.23408593,1.53674301
528,-0.06454058,-0.663535197,0.288888889,-0.08880651,-0.6857466040000001,0.287805251,1.386505913,-1.042790041,1.229255418,-0.186112221,2.239221862,1.536745303
529,-0.067767609,-0.696711957,0.288888889,-0.092011712,-0.7190458230000001,0.287745053,1.391098693,-0.957404896,1.093246143,-0.135486825,2.243814639,1.53674736
530,-0.067767609,-0.696711957,0.233333333,-0.091827843,-0.7188821870000001,0.232156758,1.3910987,-0.929004244,1.190978905,-0.261620362,2.243814714,1.536747155
531,-0.06454058,-0.663535197,0.233333333,-0.088655216,-0.685677905,0.232282811,1.386505344,-1.009017738,1.322164024,-0.31279317,2.239221297,1.536745223
532,-0.061313551,-0.630358437,0.233333333,-0.085452403,-0.6523903169999999,0.23244188,1.381369503,-1.085405401,1.442362488,-0.356605385,2.234085456,1.536742931
533,-0.058086522,-0.597181677,0.233333333,-0.08225088,-0.619149684,0.2325969709999999,1.375587374,-1.159629179,1.554048647,-0.394069338,2.228303327,1.536740365
534,-0.054859493,-0.564004918,0.233333333,-0.07905883,-0.5860011439999999,0.232634902,1.369027798,-1.232790969,1.658832916,-0.425693573,2.22174375,1.536737479
535,-0.051632464,-0.530828158,0.233333333,-0.075851111,-0.552753139,0.232734414,1.361521188,-1.305818444,1.75781262,-0.451647773,2.21423714,1.536734209
536,-0.048405435,-0.497651398,0.233333333,-0.0726686,-0.519499739,0.232833353,1.352844214,-1.379569349,1.851746173,-0.47183265,2.205560167,1.536730473
537,-0.045178406,-0.464474638,0.233333333,-0.0695052989999999,-0.486241531,0.232934355,1.342696411,-1.454904865,1.941148647,-0.485902145,2.195412365,1.536726164
538,-0.041951377,-0.431297878,0.233333333,-0.066301333,-0.453010895,0.232869326,1.330663218,-1.532752038,2.026344448,-0.493253689,2.183379173,1.536721135
539,-0.038724348,-0.398121118,0.233333333,-0.0631646,-0.4197992,0.233074545,1.316155124,-1.614167649,2.107493831,-0.492990848,2.16887108,1.536715185
540,-0.038724348,-0.398121118,0.177777778,-0.0628904649999999,-0.419783742,0.177450677,1.31615383,-1.528822891,2.191533294,-0.662374892,2.168869793,1.536715326
541,-0.041951377,-0.431297878,0.177777778,-0.066029939,-0.453014932,0.177489918,1.330661891,-1.452056615,2.106323731,-0.653928334,2.183377846,1.536721245
542,-0.045178406,-0.464474638,0.177777778,-0.069217901,-0.486193428,0.17741087,1.342695543,-1.378909936,2.01782035,-0.638568717,2.195411496,1.53672627
543,-0.048405435,-0.497651398,0.177777778,-0.072422943,-0.519467666,0.1773060319999999,1.352843649,-1.308225797,1.925815626,-0.617245597,2.205559601,1.536730573
544,-0.051632464,-0.530828158,0.177777778,-0.075616507,-0.552671116,0.17716144,1.361520835,-1.239035784,1.829955922,-0.59057368,2.214236786,1.536734302
545,-0.054859493,-0.564004918,0.177777778,-0.078830146,-0.585862191,0.177249741,1.369027605,-1.170483343,1.729728018,-0.558896249,2.221743556,1.536737567
546,-0.058086522,-0.597181677,0.177777778,-0.08201933,-0.619104825,0.17696112,1.375587315,-1.101750874,1.624416063,-0.522315008,2.228303266,1.536740451
547,-0.061313551,-0.630358437,0.177777778,-0.085211924,-0.652294299,0.176748306,1.381369571,-1.03198677,1.513024604,-0.480686082,2.234085521,1.536743015
548,-0.06454058,-0.663535197,0.177777778,-0.088436855,-0.6855748079999999,0.17671982,1.386505913,-0.960208371,1.394133035,-0.433571495,2.239221863,1.536745311
549,-0.067767609,-0.696711957,0.177777778,-0.091643583,-0.718793646,0.176505261,1.391098693,-0.885183532,1.265672574,-0.380134596,2.243814642,1.536747376
550,-0.067767609,-0.696711957,0.122222222,-0.091466772,-0.718691465,0.1209149539999999,1.391098697,-0.827744018,1.319576616,-0.491478219,2.243814681,1.536747276
551,-0.06454058,-0.663535197,0.122222222,-0.08829619,-0.685425084,0.12122882,1.386505373,-0.897822889,1.446560449,-0.548384435,2.239221326,1.536745233
552,-0.061313551,-0.630358437,0.122222222,-0.085090063,-0.652253511,0.121402334,1.381369485,-0.964659237,1.56487859,-0.599867646,2.234085438,1.536742935
553,-0.058086522,-0.597181677,0.122222222,-0.081876354,-0.619109695,0.121499752,1.375587315,-1.029334297,1.676409466,-0.646725038,2.228303268,1.536740366
554,-0.054859493,-0.564004918,0.122222222,-0.078640262,-0.58587059,0.121672431,1.36902769,-1.09269934,1.782460116,-0.689412402,2.221743642,1.536737477
555,-0.051632464,-0.530828158,0.122222222,-0.075394826,-0.552603749,0.1217394149999999,1.361521012,-1.155496956,1.883983077,-0.72813972,2.214236964,1.536734204
556,-0.048405435,-0.497651398,0.122222222,-0.072180856,-0.51935089,0.121768162,1.352843935,-1.218441063,1.981693627,-0.762908393,2.205559888,1.536730465
557,-0.045178406,-0.464474638,0.122222222,-0.069001853,-0.4861783249999999,0.121823638,1.342695966,-1.282285494,2.076139045,-0.793511919,2.195411919,1.536726152
558,-0.041951377,-0.431297878,0.122222222,-0.065794954,-0.453005471,0.121975953,1.330662489,-1.347898425,2.16774046,-0.819503322,2.183378444,1.536721117
559,-0.038724348,-0.398121118,0.122222222,-0.06260628,-0.4197394049999999,0.122038629,1.31615389,-1.416360797,2.256817275,-0.840121156,2.168869845,1.536715157
560,-0.038724348,-0.398121118,0.066666667,-0.062288705,-0.419735833,0.066408703,1.316153831,-1.278163872,2.30066523,-1.022165827,2.168869804,1.536715365
561,-0.041951377,-0.431297878,0.066666667,-0.065484793,-0.452979101,0.066442121,1.330661166,-1.221914363,2.208595403,-0.986342233,2.18337712,1.536721281
562,-0.045178406,-0.464474638,0.066666667,-0.068737604,-0.4862186899999999,0.066474016,1.342695134,-1.166700023,2.114627822,-0.947586084,2.195411087,1.536726293
563,-0.048405435,-0.497651398,0.066666667,-0.0719221979999999,-0.5193405729999999,0.066224703,1.352843413,-1.111834945,2.018330108,-0.906150919,2.205559366,1.536730588
564,-0.051632464,-0.530828158,0.066666667,-0.075175783,-0.552553053,0.066096463,1.361520697,-1.056746555,1.919206167,-0.862113147,2.214236649,1.536734313
565,-0.054859493,-0.564004918,0.066666667,-0.0784208419999999,-0.5857236060000001,0.065962919,1.369027525,-1.000910405,1.816664912,-0.815406074,2.221743477,1.536737574
566,-0.058086522,-0.597181677,0.066666667,-0.08162793,-0.6189460960000001,0.065898377,1.375587269,-0.943796941,1.709974615,-0.765827488,2.228303221,1.536740456
567,-0.061313551,-0.630358437,0.066666667,-0.084812772,-0.652156277,0.065774626,1.381369546,-0.884819395,1.598195155,-0.713024003,2.234085497,1.536743019
568,-0.06454058,-0.663535197,0.066666667,-0.088077421,-0.6853528240000001,0.065580839,1.386505547,-0.823268845,1.4800693,-0.656447281,2.239221497,1.536745315
569,-0.067767609,-0.696711957,0.066666667,-0.091047088,-0.718616539,0.065467383,1.391098694,-0.758209467,1.353823838,-0.595259916,2.243814644,1.536747382
570,-0.067767609,-0.696711957,0.011111111,-0.0911768249999999,-0.718505239,0.009963255,1.391098695,-0.67802985,1.368951862,-0.690567603,2.243814662,1.536747328
571,-0.06454058,-0.663535197,0.011111111,-0.0879283719999999,-0.68527914,0.010206261,1.386505382,-0.738053025,1.494915043,-0.756508891,2.239221335,1.536745235
572,-0.061313551,-0.630358437,0.011111111,-0.084689844,-0.652111942,0.010244024,1.38136948,-0.794096592,1.612999498,-0.818551199,2.234085433,1.536742935
573,-0.058086522,-0.597181677,0.011111111,-0.0814587619999999,-0.6189213130000001,0.010392996,1.375587296,-0.846959097,1.724931265,-0.877622038,2.228303249,1.536740363
574,-0.054859493,-0.564004918,0.011111111,-0.0782322199999999,-0.5857526940000001,0.0105929369999999,1.369027653,-0.897195336,1.831950004,-0.934406297,2.221743605,1.536737472
575,-0.051632464,-0.530828158,0.011111111,-0.074955894,-0.552530982,0.010649756,1.361520948,-0.945201839,1.934994631,-0.989446395,2.214236902,1.536734195
576,-0.048405435,-0.497651398,0.011111111,-0.071733859,-0.519319787,0.010752843,1.35284383,-0.991262228,2.03480927,-1.043202878,2.205559783,1.536730452
577,-0.045178406,-0.464474638,0.011111111,-0.06852572,-0.486210116,0.0108590199999999,1.342695786,-1.035571215,2.132011496,-1.096098661,2.19541174,1.536726131
578,-0.041951377,-0.431297878,0.011111111,-0.0652432189999999,-0.453014333,0.010980317,1.330662171,-1.078243755,2.227141399,-1.14855895,2.183378126,1.536721084
579,-0.038724348,-0.398121118,0.011111111,-0.0620342709999999,-0.4197614189999999,0.0110592679999999,1.316153296,-1.119310155,2.320702987,-1.201057538,2.168869251,1.536715106
580,-0.038724348,-0.398121118,-0.044444444,-0.061773943,-0.419770357,-0.044527735,1.316153836,-0.948139615,2.315634209,-1.367159335,2.168869831,1.53671513
581,-0.041951377,-0.431297878,-0.044444444,-0.064970512,-0.452926032,-0.044591298,1.3306613,-0.923182443,2.222460478,-1.298939198,2.183377256,1.53672133
582,-0.045178406,-0.464474638,-0.044444444,-0.0682764449999999,-0.486195416,-0.044676716,1.342695207,-0.893773568,2.127628878,-1.233513579,2.195411161,1.536726321
583,-0.048405435,-0.497651398,-0.044444444,-0.071460734,-0.519259896,-0.044846029,1.352843455,-0.860583071,2.030658585,-1.169731259,2.205559408,1.536730605
584,-0.051632464,-0.530828158,-0.044444444,-0.074734697,-0.552467962,-0.044997637,1.361520723,-0.823981127,1.931021151,-1.106693551,2.214236676,1.536734323
585,-0.054859493,-0.564004918,-0.044444444,-0.07801689,-0.5856292190000001,-0.045095836,1.369027542,-0.784119462,1.828106063,-1.043638163,2.221743494,1.536737581
586,-0.058086522,-0.597181677,-0.044444444,-0.081278558,-0.618891491,-0.045096214,1.375587281,-0.740968424,1.721172629,-0.979854016,2.228303233,1.53674046
587,-0.061313551,-0.630358437,-0.044444444,-0.084469168,-0.652039242,-0.045272807,1.381369555,-0.694321451,1.609281928,-0.914608718,2.234085506,1.536743022
588,-0.06454058,-0.663535197,-0.044444444,-0.0877106129999999,-0.6851699609999999,-0.045468429,1.386505553,-0.643767692,1.491190227,-0.847069359,2.239221504,1.536745317
589,-0.067767609,-0.696711957,-0.044444444,-0.0909635219999999,-0.71834951,-0.045710491,1.391098694,-0.58861591,1.365156608,-0.776186241,2.243814644,1.536747384
590,-0.067767609,-0.696711957,-0.1,-0.090841899,-0.718389875,-0.100960861,1.391098694,-0.491272446,1.342391275,-0.850764416,2.243814645,1.536747349
591,-0.06454058,-0.663535197,-0.1,-0.087620407,-0.68516308,-0.1008917179999999,1.386505403,-0.541959434,1.468864728,-0.926552169,2.239221357,1.536745233
592,-0.061313551,-0.630358437,-0.1,-0.0843784289999999,-0.651967802,-0.100813021,1.381369517,-0.587346689,1.587040912,-0.999342518,2.234085471,1.536742932
593,-0.058086522,-0.597181677,-0.1,-0.081120505,-0.618820856,-0.100662659,1.375587354,-0.62806071,1.698723599,-1.07031276,2.228303307,1.536740359
594,-0.054859493,-0.564004918,-0.1,-0.0778657369999999,-0.585665867,-0.1004557889999999,1.369027741,-0.664408064,1.805185288,-1.140428856,2.221743695,1.536737466
595,-0.051632464,-0.530828158,-0.1,-0.07457639,-0.552478569,-0.100404723,1.361521086,-0.696448021,1.907368922,-1.210574509,2.21423704,1.536734187
596,-0.048405435,-0.497651398,-0.1,-0.07132,-0.5193047080000001,-0.1002602279999999,1.352844051,-0.724011605,2.005999129,-1.281643367,2.205560005,1.536730439
597,-0.045178406,-0.464474638,-0.1,-0.068057966,-0.486137408,-0.100183197,1.342696157,-0.746682128,2.101650146,-1.354626407,2.195412112,1.536726112
598,-0.041951377,-0.431297878,-0.1,-0.064812325,-0.452979511,-0.100086398,1.330662826,-0.763734851,2.194789674,-1.430716143,2.183378782,1.536721054
599,-0.038724348,-0.398121118,-0.1,-0.061573224,-0.419777989,-0.100013554,1.316154527,-0.774019223,2.285808795,-1.511454301,2.168870485,1.536715057
600,0.023257932,-0.399323263,-0.1,0.000106104,-0.4206868039999999,-0.100007441,1.500853558,-0.77148463,2.256161507,-1.484285928,2.3535695,1.536802138
601,0.025196093,-0.432600202,-0.1,0.002067311,-0.4539974209999999,-0.100134435,1.5122994,-0.758880257,2.16485154,-1.405575695,2.365015346,1.536808678
602,0.027134253,-0.465877141,-0.1,0.003946709,-0.48722422,-0.100186869,1.52184872,-0.739976013,2.071252918,-1.330877448,2.374564665,1.536814076
603,0.029072414,-0.499154079,-0.1,0.005857334,-0.520432676,-0.1003049189999999,1.529940184,-0.715747602,1.974972727,-1.258822295,2.382656128,1.536818743
604,0.031010575,-0.532431018,-0.1,0.007814921,-0.553797445,-0.100375347,1.53688634,-0.686802546,1.875522948,-1.188314605,2.389602283,1.536822818
605,0.032948736,-0.565707956,-0.1,0.009724165,-0.587101214,-0.100469068,1.542915807,-0.653469658,1.772295539,-1.118417455,2.39563175,1.536826408
606,0.034886897,-0.598984895,-0.1,0.011627614,-0.620383055,-0.100632878,1.548199823,-0.615843386,1.664513314,-1.048259157,2.400915765,1.536829594
607,0.036825058,-0.632261834,-0.1,0.013536706,-0.6535719360000001,-0.100783772,1.552869269,-0.573790563,1.551152037,-0.9769486,2.40558521,1.53683244
608,0.038763219,-0.665538772,-0.1,0.015421589,-0.686880975,-0.100852187,1.55702619,-0.526914669,1.430801944,-0.903472504,2.409742131,1.536834997
609,0.04070138,-0.698815711,-0.1,0.017341705,-0.720168574,-0.101019837,1.560750462,-0.474471048,1.301459657,-0.826572123,2.413466402,1.536837304
610,0.04070138,-0.698815711,-0.044444444,0.017226056,-0.720267421,-0.045433232,1.560750462,-0.570580084,1.324451054,-0.753454528,2.413466403,1.536837274
611,0.038763219,-0.665538772,-0.044444444,0.015246088,-0.686964563,-0.045304083,1.557025711,-0.627271326,1.453222521,-0.825536505,2.409741657,1.536834886
612,0.036825058,-0.632261834,-0.044444444,0.013364351,-0.6537476249999999,-0.045100465,1.552869125,-0.679082909,1.573381114,-0.893885416,2.405585069,1.536832322
613,0.034886897,-0.598984895,-0.044444444,0.011445475,-0.620519953,-0.044923907,1.548199757,-0.726812839,1.68686523,-0.959641716,2.4009157,1.536829464
614,0.032948736,-0.565707956,-0.044444444,0.009547587,-0.5871966270000001,-0.0448710919999999,1.542915815,-0.770945664,1.795038387,-1.023684405,2.395631758,1.536826261
615,0.031010575,-0.532431018,-0.044444444,0.007609863,-0.553844647,-0.0448513949999999,1.536886428,-0.811746292,1.89891389,-1.086761927,2.389602372,1.536822647
616,0.029072414,-0.499154079,-0.044444444,0.005703979,-0.520538681,-0.044742842,1.529940367,-0.84929913,1.999278618,-1.149576807,2.382656311,1.536818537
617,0.027134253,-0.465877141,-0.044444444,0.0037764739999999,-0.487270223,-0.044650042,1.521849023,-0.883513658,2.096769649,-1.212856719,2.374564967,1.53681382
618,0.025196093,-0.432600202,-0.044444444,0.001869686,-0.454055341,-0.044489975,1.512299855,-0.914099621,2.191926115,-1.277431143,2.3650158,1.536808347
619,0.023257932,-0.399323263,-0.044444444,-9.0366e-05,-0.420711432,-0.044441806,1.500853376,-0.940503582,2.285228728,-1.344334355,2.353569322,1.536801916
620,0.023257932,-0.399323263,0.011111111,-0.000324653,-0.4207221359999999,0.011086224,1.500853561,-1.106019323,2.2901563,-1.183746029,2.353569502,1.536802138
621,0.025196093,-0.432600202,0.011111111,0.001632765,-0.454053855,0.010983322,1.512298969,-1.064587647,2.196503133,-1.131519929,2.365014912,1.536808636
622,0.027134253,-0.465877141,0.011111111,0.0035561029999999,-0.487319409,0.010891864,1.521848482,-1.021535536,2.101072182,-1.079137209,2.374564425,1.536814051
623,0.029072414,-0.499154079,0.011111111,0.005509731,-0.520578031,0.010798054,1.529940048,-0.976807653,2.003368451,-1.02615798,2.38265599,1.536818728
624,0.031010575,-0.532431018,0.011111111,0.0074687289999999,-0.5539352249999999,0.010782175,1.53688626,-0.93026713,1.902842938,-0.972170018,2.389602201,1.536822809
625,0.032948736,-0.565707956,0.011111111,0.009400273,-0.58721195,0.01054594,1.542915759,-0.881695787,1.798852858,-0.91674865,2.3956317,1.536826402
626,0.034886897,-0.598984895,0.011111111,0.011325831,-0.620520351,0.010392394,1.548199794,-0.830780784,1.690609132,-0.85941758,2.400915735,1.536829591
627,0.036825058,-0.632261834,0.011111111,0.013245806,-0.653767749,0.01032335,1.552869251,-0.777085211,1.577099834,-0.79960175,2.405585192,1.536832438
628,0.038763219,-0.665538772,0.011111111,0.015152558,-0.6870299009999999,0.010195114,1.557025936,-0.719993791,1.45696739,-0.736558829,2.409741877,1.536834997
629,0.04070138,-0.698815711,0.011111111,0.017093254,-0.720453911,0.010217933,1.560750462,-0.658606855,1.328281642,-0.6692583,2.413466402,1.536837305
630,0.04070138,-0.698815711,0.066666667,0.016965855,-0.720528681,0.06573309,1.560750463,-0.737313969,1.313008777,-0.575278408,2.413466421,1.536837227
631,0.038763219,-0.665538772,0.066666667,0.014966054,-0.687191085,0.065734965,1.557025698,-0.803607326,1.442057228,-0.638035211,2.409741643,1.536834886
632,0.036825058,-0.632261834,0.066666667,0.01305796,-0.653903514,0.0659631409999999,1.552869112,-0.866038636,1.562300227,-0.6958488,2.405585055,1.536832325
633,0.034886897,-0.598984895,0.066666667,0.011116963,-0.620644562,0.0661761,1.548199741,-0.925636008,1.675716328,-0.749669641,2.400915684,1.53682947
634,0.032948736,-0.565707956,0.066666667,0.0092036499999999,-0.587310809,0.0662239189999999,1.542915795,-0.983159781,1.783687356,-0.800119251,2.395631737,1.53682627
635,0.031010575,-0.532431018,0.066666667,0.007240144,-0.55396265,0.0662131109999999,1.536886399,-1.039222228,1.887231376,-0.847603468,2.389602342,1.536822659
636,0.029072414,-0.499154079,0.066666667,0.005305738,-0.520630733,0.066382795,1.529940323,-1.094359432,1.987129609,-0.892367483,2.382656266,1.536818555
637,0.027134253,-0.465877141,0.066666667,0.003341415,-0.48744149,0.066558442,1.521848951,-1.149084812,2.084003498,-0.934519396,2.374564894,1.536813847
638,0.025196093,-0.432600202,0.066666667,0.001404087,-0.4541600799999999,0.066657944,1.512299731,-1.203939169,2.178364917,-0.974030369,2.365015674,1.536808388
639,0.023257932,-0.399323263,0.066666667,-0.000586214,-0.420781426,0.066608637,1.500853146,-1.259550229,2.270651606,-1.010710542,2.353569089,1.536801979
640,0.023257932,-0.399323263,0.122222222,-0.000861167,-0.420832519,0.122167344,1.500853575,-1.393509612,2.227859982,-0.833959695,2.353569597,1.536801921
641,0.025196093,-0.432600202,0.122222222,0.001137764,-0.4541676,0.12206099,1.512299238,-1.326379967,2.138340833,-0.811565346,2.36501518,1.536808588
642,0.027134253,-0.465877141,0.122222222,0.003102464,-0.487394673,0.121948029,1.521848628,-1.261653415,2.046162141,-0.784109311,2.374564569,1.536814021
643,0.029072414,-0.499154079,0.122222222,0.0050871,-0.5206650140000001,0.121870321,1.529940128,-1.198359442,1.950989154,-0.752226909,2.382656069,1.536818709
644,0.031010575,-0.532431018,0.122222222,0.007084068,-0.554056431,0.121929524,1.536886304,-1.135690072,1.852372948,-0.716277097,2.389602245,1.536822797
645,0.032948736,-0.565707956,0.122222222,0.009046417,-0.5874144840000001,0.121711725,1.542915783,-1.072921804,1.749726323,-0.676396105,2.395631724,1.536826394
646,0.034886897,-0.598984895,0.122222222,0.010982238,-0.620714925,0.121593931,1.548199806,-1.00934693,1.642275551,-0.632517858,2.400915746,1.536829585
647,0.036825058,-0.632261834,0.122222222,0.012934883,-0.653954117,0.1214151,1.552869256,-0.944204798,1.52897985,-0.584362184,2.405585197,1.536832434
648,0.038763219,-0.665538772,0.122222222,0.014851887,-0.687269306,0.121243675,1.557025938,-0.87659481,1.408392877,-0.531383302,2.409741878,1.536834992
649,0.04070138,-0.698815711,0.122222222,0.016826826,-0.7206144130000001,0.121107746,1.560750462,-0.805331819,1.278394051,-0.472645753,2.413466401,1.536837298
650,0.04070138,-0.698815711,0.177777778,0.01668521,-0.7207353369999999,0.1768152069999999,1.560750465,-0.861212268,1.223795509,-0.362166948,2.41346644,1.536837117
651,0.038763219,-0.665538772,0.177777778,0.014675461,-0.687420584,0.177014156,1.557025678,-0.937464174,1.355621041,-0.417742184,2.409741623,1.536834878
652,0.036825058,-0.632261834,0.177777778,0.012739466,-0.654091956,0.177083276,1.55286912,-1.009987182,1.477027216,-0.466627247,2.405585063,1.536832322
653,0.034886897,-0.598984895,0.177777778,0.010777632,-0.620783981,0.177218977,1.548199774,-1.080148576,1.59038914,-0.509829885,2.400915717,1.536829471
654,0.032948736,-0.565707956,0.177777778,0.008826858,-0.587500986,0.177386077,1.542915857,-1.148982199,1.697283781,-0.547893255,2.395631799,1.536826274
655,0.031010575,-0.532431018,0.177777778,0.006863345,-0.5541499049999999,0.177469208,1.536886503,-1.21736025,1.798811571,-0.581045634,2.389602445,1.536822668
656,0.029072414,-0.499154079,0.177777778,0.004889424,-0.520850123,0.177465721,1.52994049,-1.28609375,1.895759487,-0.609263035,2.382656432,1.536818569
657,0.027134253,-0.465877141,0.177777778,0.002899734,-0.48747989,0.177542778,1.521849224,-1.35600729,1.988692188,-0.632285594,2.374565166,1.536813867
658,0.025196093,-0.432600202,0.177777778,0.000909794,-0.4541928149999999,0.177700229,1.51230019,-1.428007996,2.078003416,-0.649600021,2.365016133,1.536808419
659,0.023257932,-0.399323263,0.177777778,-0.001116553,-0.42093816,0.1777315099999999,1.500853954,-1.503163051,2.163942615,-0.660388699,2.353569898,1.536802025
660,0.023257932,-0.399323263,0.233333333,-0.001344269,-0.420914084,0.233235397,1.500853572,-1.586992068,2.081314164,-0.493931266,2.353569577,1.536802051
661,0.025196093,-0.432600202,0.233333333,0.000710916,-0.454189316,0.2330166319999999,1.512300189,-1.507178495,1.999173551,-0.49159956,2.365016131,1.536808559
662,0.027134253,-0.465877141,0.233333333,0.002690848,-0.487512526,0.2330659269999999,1.521848932,-1.430506834,1.912932991,-0.48202676,2.374564873,1.536814001
663,0.029072414,-0.499154079,0.233333333,0.004682123,-0.520876484,0.232950585,1.529940311,-1.355980796,1.822378205,-0.465994619,2.382656251,1.536818694
664,0.031010575,-0.532431018,0.233333333,0.0067005749999999,-0.554224822,0.232854852,1.536886414,-1.282726274,1.727139788,-0.444007744,2.389602354,1.536822786
665,0.032948736,-0.565707956,0.233333333,0.008682178,-0.587519418,0.232864786,1.542915847,-1.209902674,1.626639035,-0.416327955,2.395631787,1.536826386
666,0.034886897,-0.598984895,0.233333333,0.010648988,-0.620822604,0.23274317,1.548199842,-1.136648726,1.520030268,-0.382970787,2.400915781,1.536829578
667,0.036825058,-0.632261834,0.233333333,0.012602375,-0.65419012,0.232502421,1.552869561,-1.061997217,1.406077711,-0.343667635,2.4055855,1.536832427
668,0.038763219,-0.665538772,0.233333333,0.014562259,-0.687512792,0.232494637,1.55702619,-0.984778823,1.282974627,-0.297781052,2.409742128,1.536834982
669,0.04070138,-0.698815711,0.233333333,0.016534485,-0.720849041,0.232324784,1.560750461,-0.903373456,1.147883133,-0.244093222,2.413466398,1.536837279
670,0.04070138,-0.698815711,0.288888889,0.0164068359999999,-0.720973184,0.288044966,1.560750465,-0.929855453,1.048037523,-0.117766074,2.41346645,1.536836835
671,0.038763219,-0.665538772,0.288888889,0.014386526,-0.687672767,0.288015642,1.557026191,-1.017010493,1.188859936,-0.171434793,2.409742137,1.536834843
672,0.036825058,-0.632261834,0.288888889,0.012424182,-0.654267536,0.288153031,1.552869097,-1.098962443,1.315200798,-0.215825584,2.405585041,1.536832305
673,0.034886897,-0.598984895,0.288888889,0.010458611,-0.620904613,0.2883315939999999,1.548199802,-1.177732554,1.430739153,-0.252595928,2.400915744,1.536829462
674,0.032948736,-0.565707956,0.288888889,0.008497484,-0.5875826670000001,0.288295339,1.542915931,-1.25471682,1.53774891,-0.282623766,2.395631873,1.536826271
675,0.031010575,-0.532431018,0.288888889,0.0065068279999999,-0.554286237,0.288396769,1.53688663,-1.330977381,1.637698751,-0.306315684,2.389602572,1.536822669
676,0.029072414,-0.499154079,0.288888889,0.004517213,-0.520960355,0.288572228,1.52994069,-1.407409164,1.731569803,-0.323757934,2.382656632,1.536818574
677,0.027134253,-0.465877141,0.288888889,0.002511884,-0.487641508,0.288610843,1.521849529,-1.484830962,1.820014304,-0.334784032,2.37456547,1.536813877
678,0.025196093,-0.432600202,0.288888889,0.0004938879999999,-0.4543035709999999,0.288652978,1.512300655,-1.564045593,1.903442992,-0.33900199,2.365016598,1.536808433
679,0.023257932,-0.399323263,0.288888889,-0.001550796,-0.4209049729999999,0.288684598,1.50085467,-1.64588578,1.982073688,-0.335797029,2.353570614,1.536802047
680,0.023257932,-0.399323263,0.344444444,-0.00171699,-0.421006272,0.344343827,1.50085357,-1.681835657,1.867539512,-0.185313097,2.353569566,1.536801942
681,0.025196093,-0.432600202,0.344444444,0.000328246,-0.454386572,0.344257178,1.512300189,-1.599727728,1.791763466,-0.191640248,2.365016131,1.536808551
682,0.027134253,-0.465877141,0.344444444,0.002316152,-0.487721293,0.344161897,1.521849409,-1.519480203,1.71052495,-0.190645356,2.37456535,1.536813994
683,0.029072414,-0.499154079,0.344444444,0.004356536,-0.521052344,0.344013584,1.529940769,-1.440396944,1.623531114,-0.182731385,2.382656708,1.536818688
684,0.031010575,-0.532431018,0.344444444,0.006378829,-0.554346147,0.343933941,1.536886832,-1.361747854,1.53026646,-0.168112843,2.389602771,1.536822781
685,0.032948736,-0.565707956,0.344444444,0.008373084,-0.5877479990000001,0.3437402559999999,1.542916221,-1.282723218,1.42991782,-0.146786205,2.39563216,1.53682638
686,0.034886897,-0.598984895,0.344444444,0.0103427779999999,-0.62105416,0.34380552,1.548200171,-1.202361736,1.32124186,-0.11846938,2.400916109,1.53682957
687,0.036825058,-0.632261834,0.344444444,0.012320556,-0.654366847,0.343689241,1.552869561,-1.119424173,1.202317684,-0.082480669,2.405585498,1.536832413
688,0.038763219,-0.665538772,0.344444444,0.014295567,-0.687779912,0.343476943,1.557026189,-1.032144722,1.07004353,-0.037484093,2.409742124,1.536834953
689,0.04070138,-0.698815711,0.344444444,0.016267059,-0.7210949040000001,0.3434092489999999,1.56075046,-0.937663419,0.918968461,0.019111314,2.413466386,1.536837204
690,0.04070138,-0.698815711,0.4,0.0161613979999999,-0.721254943,0.399035564,1.560750461,-0.920851592,0.748776256,0.172491832,2.413466398,1.536837305
691,0.038763219,-0.665538772,0.4,0.014120153,-0.687916913,0.399057124,1.557026191,-1.026764805,0.919814122,0.107365137,2.409742141,1.536834644
692,0.036825058,-0.632261834,0.4,0.012164978,-0.654507657,0.399316417,1.552869562,-1.121219367,1.063199296,0.058432775,2.405585509,1.536832231
693,0.034886897,-0.598984895,0.4,0.010186394,-0.621143493,0.399333236,1.548200172,-1.209129424,1.188713061,0.020827001,2.400916116,1.536829424
694,0.032948736,-0.565707956,0.4,0.008212801,-0.587820141,0.399356282,1.542915922,-1.293090132,1.301256361,-0.007757925,2.395631865,1.536826248
695,0.031010575,-0.532431018,0.4,0.006229739,-0.55445739,0.39948478,1.536886676,-1.37470568,1.403623289,-0.028511935,2.389602618,1.536822655
696,0.029072414,-0.499154079,0.4,0.004236017,-0.521103754,0.399543896,1.529940784,-1.455114978,1.497563928,-0.042046252,2.382656725,1.536818566
697,0.027134253,-0.465877141,0.4,0.00221148,-0.487791977,0.399602059,1.521849669,-1.535183129,1.584193695,-0.048611259,2.374565611,1.536813873
698,0.025196093,-0.432600202,0.4,0.0001751489999999,-0.454391165,0.3997722469999999,1.51230084,-1.615619232,1.664228312,-0.048213671,2.365016782,1.536808434
699,0.023257932,-0.399323263,0.4,-0.001846093,-0.4210639,0.399814075,1.500854879,-1.697038578,1.738106189,-0.040676729,2.353570823,1.536802051
700,0.084681549,-0.390933543,0.4,0.0596491669999999,-0.412653412,0.400064884,1.679801793,-1.667588839,1.712210197,-0.044137613,2.532517488,1.53692303
701,0.091738345,-0.423511339,0.4,0.066854014,-0.445291939,0.399944148,1.688830993,-1.586861491,1.636419969,-0.049067613,2.541546917,1.536931556
702,0.09879514,-0.456089134,0.4,0.074017479,-0.477917017,0.39976908,1.696408821,-1.50685892,1.55434087,-0.046985575,2.549124745,1.536938215
703,0.105851936,-0.488666929,0.4,0.081168362,-0.510496461,0.399702787,1.702861647,-1.426952917,1.465450518,-0.037996416,2.55557757,1.536944002
704,0.112908732,-0.521244724,0.4,0.088330931,-0.543186579,0.3995681319999999,1.708424207,-1.346400042,1.368915304,-0.022009842,2.561140129,1.536949077
705,0.119965528,-0.55382252,0.4,0.095468138,-0.5758158019999999,0.399446121,1.713269837,-1.264267904,1.263440929,0.001336147,2.56598576,1.536953561
706,0.127022323,-0.586400315,0.4,0.102552642,-0.60835956,0.399613854,1.717529407,-1.17929872,1.146992602,0.032818629,2.570245329,1.536957544
707,0.134079119,-0.61897811,0.4,0.109732473,-0.641115281,0.39936397,1.721303626,-1.089628278,1.016215136,0.073928622,2.574019547,1.536961086
708,0.141135915,-0.651555906,0.4,0.116836917,-0.673768673,0.399245024,1.724671293,-0.992114271,0.865040867,0.127591457,2.577387205,1.536964184
709,0.148192711,-0.684133701,0.4,0.123998701,-0.7064312589999999,0.399047344,1.727694964,-0.880291733,0.680440793,0.20037083,2.580410817,1.53696656
710,0.148192711,-0.684133701,0.344444444,0.124053752,-0.706260066,0.343635443,1.727694968,-0.902878954,0.861349843,0.042049919,2.580410887,1.536967352
711,0.141135915,-0.651555906,0.344444444,0.116846172,-0.6736414479999999,0.34373946,1.724671296,-1.000758598,1.020749822,-0.01947328,2.577387249,1.536964005
712,0.134079119,-0.61897811,0.344444444,0.109751453,-0.640986202,0.343874666,1.721303628,-1.089989475,1.15850997,-0.068005146,2.574019568,1.536960906
713,0.127022323,-0.586400315,0.344444444,0.10263034,-0.608326365,0.344115207,1.717529025,-1.174070804,1.281434334,-0.106851158,2.570244959,1.536957365
714,0.119965528,-0.55382252,0.344444444,0.095541908,-0.575771573,0.344016183,1.71326956,-1.255031646,1.393212737,-0.137672061,2.56598549,1.536953382
715,0.112908732,-0.521244724,0.344444444,0.088413854,-0.543125899,0.344095018,1.708424027,-1.334255252,1.496100754,-0.161340227,2.561139954,1.536948898
716,0.105851936,-0.488666929,0.344444444,0.081253357,-0.5104813260000001,0.34425626,1.702861583,-1.412772028,1.591532832,-0.178259765,2.555577509,1.536943823
717,0.09879514,-0.456089134,0.344444444,0.074141095,-0.477901529,0.344314522,1.696408925,-1.491424355,1.680447379,-0.188526796,2.549124851,1.536938035
718,0.091738345,-0.423511339,0.344444444,0.066967341,-0.4452550269999999,0.344459364,1.688831364,-1.570951485,1.763448883,-0.192006679,2.541547291,1.536931376
719,0.084681549,-0.390933543,0.344444444,0.059772633,-0.41259618,0.34442562,1.679802658,-1.652040497,1.840898337,-0.188373493,2.532518585,1.536923632
720,0.084681549,-0.390933543,0.288888889,0.059904431,-0.412513541,0.288870919,1.679801845,-1.616075964,1.95432258,-0.337762346,2.532517932,1.536923496
721,0.091738345,-0.423511339,0.288888889,0.067104656,-0.445174042,0.288802136,1.688830993,-1.535548773,1.874259213,-0.338219572,2.541546918,1.53693156
722,0.09879514,-0.456089134,0.288888889,0.0742683049999999,-0.477763906,0.288834538,1.696408521,-1.457294045,1.789332019,-0.331541594,2.549124445,1.53693822
723,0.105851936,-0.488666929,0.288888889,0.081390984,-0.510382753,0.288724035,1.702861344,-1.380499831,1.699253423,-0.318252401,2.555577268,1.536944008
724,0.112908732,-0.521244724,0.288888889,0.088543026,-0.542981234,0.288540078,1.708423922,-1.304384335,1.603545386,-0.298655621,2.561139845,1.536949085
725,0.119965528,-0.55382252,0.288888889,0.095674781,-0.575587852,0.28838963,1.713269837,-1.228114418,1.501451827,-0.27282822,2.565985761,1.536953575
726,0.127022323,-0.586400315,0.288888889,0.102752695,-0.6082220700000001,0.288358707,1.717529407,-1.15076908,1.391862474,-0.240580849,2.570245331,1.536957572
727,0.134079119,-0.61897811,0.288888889,0.109915234,-0.64088202,0.288180738,1.721303626,-1.071197826,1.273080541,-0.201367162,2.574019551,1.536961149
728,0.141135915,-0.651555906,0.288888889,0.11698755,-0.6735224799999999,0.288133967,1.724671294,-0.987846531,1.142458888,-0.154094106,2.577387218,1.536964356
729,0.148192711,-0.684133701,0.288888889,0.124151121,-0.70616705,0.2880462,1.727694968,-0.898334379,0.995544811,-0.096689789,2.580410889,1.536967212
730,0.148192711,-0.684133701,0.233333333,0.124230581,-0.706025496,0.232411332,1.727694968,-0.87419004,1.098208431,-0.223497585,2.580410887,1.536967352
731,0.141135915,-0.651555906,0.233333333,0.117072362,-0.673386819,0.232601898,1.724671295,-0.957440072,1.238192668,-0.28023448,2.577387236,1.536964182
732,0.134079119,-0.61897811,0.233333333,0.109961529,-0.64076153,0.232674253,1.721303205,-1.035785865,1.364865993,-0.328564711,2.57401914,1.53696098
733,0.127022323,-0.586400315,0.233333333,0.102854709,-0.608158846,0.232873828,1.717529054,-1.111060036,1.481554702,-0.369982258,2.570244985,1.536957403
734,0.119965528,-0.55382252,0.233333333,0.095749627,-0.575525812,0.233076043,1.713269537,-1.184559875,1.590365185,-0.405296261,2.565985466,1.536953403
735,0.112908732,-0.521244724,0.233333333,0.088661065,-0.542950145,0.233123749,1.708423958,-1.257298274,1.692691878,-0.43488832,2.561139886,1.536948908
736,0.105851936,-0.488666929,0.233333333,0.081517517,-0.510338987,0.233134597,1.702861466,-1.33015265,1.789490873,-0.458837181,2.555577393,1.536943824
737,0.09879514,-0.456089134,0.233333333,0.074401735,-0.477706547,0.233278019,1.696408749,-1.403952859,1.881419595,-0.476970511,2.549124675,1.53693803
738,0.091738345,-0.423511339,0.233333333,0.067274717,-0.445087073,0.233304201,1.688831112,-1.479545627,1.968914051,-0.488877714,2.541547039,1.536931364
739,0.084681549,-0.390933543,0.233333333,0.060091304,-0.4124851289999999,0.2333085869999999,1.679802308,-1.557850858,2.052230672,-0.493895483,2.532518235,1.536923612
740,0.084681549,-0.390933543,0.177777778,0.060289216,-0.412484338,0.177841081,1.679801843,-1.475677536,2.133395304,-0.657233196,2.53251792,1.536923826
741,0.091738345,-0.423511339,0.177777778,0.06743528,-0.445025213,0.177753109,1.688830456,-1.402045075,2.046567212,-0.644031246,2.541546381,1.536931584
742,0.09879514,-0.456089134,0.177777778,0.0745760499999999,-0.477596486,0.177595575,1.696408343,-1.331099357,1.956263537,-0.624667782,2.549124268,1.53693824
743,0.105851936,-0.488666929,0.177777778,0.081706667,-0.510258949,0.177605406,1.702861234,-1.261868074,1.862198525,-0.599829245,2.555577159,1.536944023
744,0.112908732,-0.521244724,0.177777778,0.08882687,-0.54284988,0.177593974,1.708423856,-1.193494918,1.763929072,-0.569928712,2.561139781,1.536949098
745,0.119965528,-0.55382252,0.177777778,0.095918636,-0.5754382610000001,0.177465867,1.713269541,-1.125177735,1.66082633,-0.535139394,2.565985466,1.536953587
746,0.127022323,-0.586400315,0.177777778,0.10299249,-0.6079929150000001,0.1772133719999999,1.71752916,-1.056101096,1.552013364,-0.495399708,2.570245086,1.536957585
747,0.134079119,-0.61897811,0.177777778,0.110124582,-0.640615904,0.177148225,1.721303425,-0.985356716,1.436254818,-0.450382527,2.574019351,1.536961168
748,0.141135915,-0.651555906,0.177777778,0.117201,-0.673272088,0.177097958,1.724671294,-0.911819829,1.311743164,-0.399405043,2.577387221,1.536964393
749,0.148192711,-0.684133701,0.177777778,0.124347634,-0.705922926,0.1768124489999999,1.727694969,-0.833973567,1.175748556,-0.341254249,2.580410895,1.536967297
750,0.148192711,-0.684133701,0.122222222,0.124441292,-0.705777866,0.1213083869999999,1.727694979,-0.779864317,1.231284727,-0.450899899,2.580411056,1.536967029
751,0.141135915,-0.651555906,0.122222222,0.117298913,-0.673167945,0.121449143,1.724670821,-0.852642942,1.365012564,-0.511851469,2.577386759,1.536964221
752,0.134079119,-0.61897811,0.122222222,0.110223218,-0.640576685,0.121706445,1.721303217,-0.921264649,1.488387853,-0.566607769,2.57401915,1.536960998
753,0.127022323,-0.586400315,0.122222222,0.103130584,-0.6080050149999999,0.121806085,1.717529031,-0.987051207,1.603842713,-0.616279091,2.570244962,1.53695741
754,0.119965528,-0.55382252,0.122222222,0.096059346,-0.575404396,0.121902322,1.71326948,-1.050974174,1.713006687,-0.661523464,2.56598541,1.536953402
755,0.112908732,-0.521244724,0.122222222,0.088972679,-0.542798811,0.122028376,1.708423861,-1.113825846,1.817035039,-0.702703914,2.56113979,1.5369489
756,0.105851936,-0.488666929,0.122222222,0.0818444879999999,-0.510189423,0.122190432,1.702861312,-1.176317604,1.916776898,-0.739958263,2.55557724,1.53694381
757,0.09879514,-0.456089134,0.122222222,0.074757038,-0.477525284,0.1220906619999999,1.696408508,-1.239151458,2.012871213,-0.773223548,2.549124436,1.536938007
758,0.091738345,-0.423511339,0.122222222,0.0676538489999999,-0.444970826,0.122204835,1.688830729,-1.303085287,2.105803668,-0.802227697,2.541546657,1.536931331
759,0.084681549,-0.390933543,0.122222222,0.0604995449999999,-0.4123700289999999,0.122302837,1.67980168,-1.369007189,2.195940273,-0.826448789,2.532517608,1.536923565
760,0.084681549,-0.390933543,0.066666667,0.060732342,-0.412296806,0.066674297,1.679801846,-1.239407422,2.237658605,-0.997766581,2.532517946,1.536923884
761,0.091738345,-0.423511339,0.066666667,0.067871698,-0.444950356,0.0667559859999999,1.688830143,-1.184336522,2.144990481,-0.960163023,2.54154607,1.536931637
762,0.09879514,-0.456089134,0.066666667,0.0749709019999999,-0.4774853,0.066617345,1.696408166,-1.129749434,2.050061293,-0.919815429,2.549124093,1.536938275
763,0.105851936,-0.488666929,0.066666667,0.082044013,-0.5099891759999999,0.066389869,1.702861133,-1.0750715,1.952423278,-0.876850549,2.55557706,1.536944047
764,0.112908732,-0.521244724,0.066666667,0.089135737,-0.542594781,0.066298665,1.708423799,-1.019785634,1.851539456,-0.831248365,2.561139725,1.536949114
765,0.119965528,-0.55382252,0.066666667,0.096222699,-0.575257459,0.06628415,1.71326951,-0.963382076,1.746746625,-0.782855336,2.565985437,1.536953599
766,0.127022323,-0.586400315,0.066666667,0.103266236,-0.607823961,0.06615995,1.717529144,-0.905309662,1.637198417,-0.731376185,2.570245071,1.536957595
767,0.134079119,-0.61897811,0.066666667,0.110390637,-0.640427124,0.065925662,1.721303417,-0.844918699,1.521775222,-0.676340937,2.574019344,1.536961179
768,0.141135915,-0.651555906,0.066666667,0.117441282,-0.673073651,0.065922198,1.724671132,-0.781378464,1.398931852,-0.617035081,2.577387061,1.536964406
769,0.148192711,-0.684133701,0.066666667,0.124543769,-0.7056346680000001,0.0657500749999999,1.727694969,-0.713528185,1.266402244,-0.552353292,2.580410898,1.536967321
770,0.148192711,-0.684133701,0.011111111,0.124670589,-0.705594753,0.010355117,1.727694974,-0.636422669,1.281875682,-0.644932343,2.580410979,1.536967216
771,0.141135915,-0.651555906,0.011111111,0.11753011,-0.6729755430000001,0.010422875,1.724670839,-0.699485576,1.413926954,-0.713923217,2.577386777,1.536964228
772,0.134079119,-0.61897811,0.011111111,0.1104643429999999,-0.64033596,0.010485865,1.72130322,-0.757856684,1.536582631,-0.778210512,2.574019155,1.536960997
773,0.127022323,-0.586400315,0.011111111,0.103400699,-0.60779181,0.010620756,1.717529024,-0.812564048,1.65203443,-0.838957972,2.570244956,1.536957404
774,0.119965528,-0.55382252,0.011111111,0.096357146,-0.575243017,0.0107632329999999,1.713269462,-0.864301434,1.761795468,-0.896984994,2.565985393,1.536953391
775,0.112908732,-0.521244724,0.011111111,0.089303551,-0.542659677,0.010924764,1.708423828,-0.913557064,1.866973831,-0.952911502,2.561139758,1.536948883
776,0.105851936,-0.488666929,0.011111111,0.0822147209999999,-0.510023927,0.010958171,1.702861256,-0.960680052,1.96841907,-1.007238008,2.555577186,1.536943784
777,0.09879514,-0.456089134,0.011111111,0.075165345,-0.477437722,0.011044193,1.696408415,-1.005916782,2.066810662,-1.060397703,2.549124345,1.53693797
778,0.091738345,-0.423511339,0.011111111,0.068097605,-0.444935392,0.011146781,1.68883057,-1.049429147,2.162716204,-1.112796417,2.541546501,1.536931276
779,0.084681549,-0.390933543,0.011111111,0.060970704,-0.4122476679999999,0.011216476,1.679801399,-1.091299065,2.256634098,-1.164850805,2.532517329,1.536923483
780,0.084681549,-0.390933543,-0.044444444,0.0611851849999999,-0.412203056,-0.0443475729999999,1.679801848,-0.93153338,2.251840034,-1.319822466,2.53251796,1.536923491
781,0.091738345,-0.423511339,-0.044444444,0.068276477,-0.444848822,-0.04444793,1.688830205,-0.903640398,2.158245691,-1.254114307,2.541546137,1.536931696
782,0.09879514,-0.456089134,-0.044444444,0.07534802,-0.477310824,-0.044609375,1.696408202,-0.871809563,2.0625906,-1.190284578,2.549124133,1.53693831
783,0.105851936,-0.488666929,-0.044444444,0.0823965939999999,-0.509874532,-0.044771445,1.702861155,-0.836483241,1.964392308,-1.12740782,2.555577085,1.536944069
784,0.112908732,-0.521244724,-0.044444444,0.089467901,-0.542461554,-0.044802224,1.708423813,-0.797873981,1.863091368,-1.064711918,2.561139742,1.536949128
785,0.119965528,-0.55382252,-0.044444444,0.0965254149999999,-0.5750953550000001,-0.044877196,1.713269519,-0.756009184,1.758012732,-1.001494327,2.565985448,1.536953607
786,0.127022323,-0.586400315,-0.044444444,0.103556022,-0.607704488,-0.04493772,1.71752915,-0.710744187,1.648307949,-0.937051187,2.570245079,1.536957601
787,0.134079119,-0.61897811,-0.044444444,0.110621947,-0.640190248,-0.045091661,1.721303421,-0.661745712,1.532866365,-0.870605063,2.574019351,1.536961183
788,0.141135915,-0.651555906,-0.044444444,0.117658516,-0.672775437,-0.045289366,1.724671136,-0.608438038,1.410167227,-0.801210878,2.577387065,1.53696441
789,0.148192711,-0.684133701,-0.044444444,0.1247710029999999,-0.705432462,-0.0453110149999999,1.727694969,-0.549878805,1.277995965,-0.727596388,2.580410899,1.536967326
790,0.148192711,-0.684133701,-0.1,0.124864348,-0.705325511,-0.100848813,1.72769497,-0.455063055,1.254692939,-0.799109164,2.580410921,1.536967284
791,0.141135915,-0.651555906,-0.1,0.117724188,-0.672727219,-0.10071777,1.724670848,-0.50961352,1.387600036,-0.877468363,2.577386787,1.536964219
792,0.134079119,-0.61897811,-0.1,0.110684533,-0.640161655,-0.100559228,1.721303241,-0.558230833,1.510606224,-0.951859964,2.574019177,1.536960988
793,0.127022323,-0.586400315,-0.1,0.1036470999999999,-0.607584083,-0.100508728,1.717529058,-0.601824166,1.626026409,-1.023689842,2.570244992,1.536957393
794,0.119965528,-0.55382252,-0.1,0.096640642,-0.575043965,-0.100333409,1.713269513,-0.640893662,1.73543234,-1.094029649,2.565985446,1.536953377
795,0.112908732,-0.521244724,-0.1,0.089602558,-0.542457817,-0.100251939,1.708423905,-0.675656923,1.839954244,-1.163792071,2.561139838,1.536948865
796,0.105851936,-0.488666929,-0.1,0.082540753,-0.509899609,-0.100148164,1.702861377,-0.706099326,1.940438055,-1.233837739,2.555577309,1.536943759
797,0.09879514,-0.456089134,-0.1,0.07551044,-0.477295092,-0.100045691,1.696408609,-0.731980878,2.037537145,-1.305060119,2.549124541,1.536937935
798,0.091738345,-0.423511339,-0.1,0.068469563,-0.44476612,-0.10001421,1.688830897,-0.752807046,2.131768902,-1.378471258,2.541546831,1.536931225
799,0.084681549,-0.390933543,-0.1,0.0613963899999999,-0.412199757,-0.099932677,1.679801981,-0.767758214,2.223551017,-1.455308636,2.532517917,1.536923406
800,0.14407109,-0.373153482,-0.1,0.120438188,-0.394257945,-0.099971563,1.852763827,-0.762829874,2.188886098,-1.425400082,2.705479725,1.53712115
801,0.156077014,-0.404249605,-0.1,0.132432375,-0.42529412,-0.100036831,1.860009955,-0.745572001,2.096464268,-1.350225435,2.712725876,1.537132924
802,0.168082938,-0.435345729,-0.1,0.14440254,-0.456341946,-0.100112374,1.866127822,-0.722814948,2.001415603,-1.277924856,2.718843741,1.537142772
803,0.180088862,-0.466441852,-0.1,0.15641225,-0.487444145,-0.100200413,1.87136314,-0.695233544,1.903301063,-1.207383816,2.724079058,1.537151428
804,0.192094787,-0.497537976,-0.1,0.168429924,-0.518598724,-0.100242364,1.875895018,-0.663216721,1.801563882,-1.137656443,2.728610936,1.537159095
805,0.204100711,-0.528634099,-0.1,0.180416121,-0.5496673200000001,-0.100393962,1.879856954,-0.626916715,1.695492556,-1.067878855,2.732572873,1.537165932
806,0.216106635,-0.559730223,-0.1,0.192403473,-0.580702491,-0.100554575,1.883350542,-0.586263941,1.584154142,-0.997187586,2.736066462,1.537172064
807,0.228112559,-0.590826346,-0.1,0.204362583,-0.611799204,-0.100627992,1.886454497,-0.540945335,1.46628377,-0.924630741,2.739170419,1.53717759
808,0.240118483,-0.62192247,-0.1,0.216379951,-0.642930025,-0.100679306,1.889230861,-0.490327709,1.340078036,-0.849038038,2.741946788,1.537182585
809,0.252124407,-0.653018593,-0.1,0.228375043,-0.6740485989999999,-0.100766996,1.891728864,-0.433308027,1.202861446,-0.768836981,2.744444796,1.537187096
810,0.252124407,-0.653018593,-0.044444444,0.228306764,-0.674180181,-0.0451611279999999,1.891728864,-0.526831113,1.226580673,-0.699033083,2.7444448,1.53718715
811,0.240118483,-0.62192247,-0.044444444,0.216245676,-0.643071228,-0.0451804429999999,1.889230423,-0.587600966,1.362860685,-0.774547808,2.741946374,1.53718217
812,0.228112559,-0.590826346,-0.044444444,0.204254268,-0.611975245,-0.044996891,1.886454247,-0.642649242,1.488608072,-0.845251513,2.739170185,1.537177178
813,0.216106635,-0.559730223,-0.044444444,0.192272874,-0.580926368,-0.04486717,1.883350366,-0.693098248,1.606389232,-0.912588765,2.736066296,1.537171632
814,0.204100711,-0.528634099,-0.044444444,0.180292538,-0.549854524,-0.044704242,1.87985684,-0.739636165,1.717928682,-0.977595962,2.732572764,1.537165461
815,0.192094787,-0.497537976,-0.044444444,0.168259138,-0.518712266,-0.044684136,1.875894962,-0.782676115,1.824461959,-1.041095609,2.728610883,1.537158566
816,0.180088862,-0.466441852,-0.044444444,0.156280314,-0.4876219009999999,-0.0446226309999999,1.871363146,-0.822428721,1.926916976,-1.10380511,2.724079065,1.537150817
817,0.168082938,-0.435345729,-0.044444444,0.144246661,-0.4565084069999999,-0.044519013,1.866127901,-0.858931008,2.026019626,-1.16641348,2.718843819,1.537142045
818,0.156077014,-0.404249605,-0.044444444,0.1322703009999999,-0.425469355,-0.044416966,1.860010124,-0.892044708,2.122360221,-1.229649492,2.712726042,1.537132034
819,0.14407109,-0.373153482,-0.044444444,0.120250362,-0.394340003,-0.0443332169999999,1.852763591,-0.921424557,2.216438943,-1.294358842,2.705479509,1.537120493
820,0.14407109,-0.373153482,0.011111111,0.1200528209999999,-0.3944108679999999,0.011175738,1.852763829,-1.075557716,2.221098597,-1.144884741,2.705479726,1.537121149
821,0.156077014,-0.404249605,0.011111111,0.132109137,-0.425505516,0.011079608,1.86000977,-1.033179614,2.126729235,-1.092882857,2.71272568,1.53713285
822,0.168082938,-0.435345729,0.011111111,0.1441061269999999,-0.45654877,0.0110169339999999,1.866127718,-0.989128836,2.030161651,-1.040357056,2.718843628,1.537142727
823,0.180088862,-0.466441852,0.011111111,0.156162251,-0.487662579,0.010957579,1.87136308,-0.943295492,1.930885508,-0.986906338,2.72407899,1.537151401
824,0.192094787,-0.497537976,0.011111111,0.168163652,-0.51877211,0.010866707,1.875894983,-0.895489622,1.828303963,-0.932123636,2.728610894,1.53715908
825,0.204100711,-0.528634099,0.011111111,0.180185136,-0.5498786720000001,0.010694319,1.879856933,-0.84543169,1.7216881,-0.875559431,2.732572846,1.537165924
826,0.216106635,-0.559730223,0.011111111,0.192199791,-0.580911748,0.010573411,1.883350529,-0.792728584,1.610110402,-0.816679206,2.736066444,1.537172062
827,0.228112559,-0.590826346,0.011111111,0.204189989,-0.612025075,0.01056213,1.886454489,-0.736828312,1.492339861,-0.754803852,2.739170407,1.537177592
828,0.240118483,-0.62192247,0.011111111,0.2162291439999999,-0.643152842,0.010398507,1.889230861,-0.676932029,1.3666521,-0.689007776,2.741946783,1.537182591
829,0.252124407,-0.653018593,0.011111111,0.228249322,-0.674293883,0.010239548,1.891728864,-0.611850656,1.23052626,-0.617959151,2.744444791,1.53718711
830,0.252124407,-0.653018593,0.066666667,0.228153837,-0.6743792590000001,0.0658625499999999,1.891728869,-0.687272411,1.214784399,-0.526795745,2.744444914,1.537186908
831,0.240118483,-0.62192247,0.066666667,0.216118848,-0.6433745639999999,0.06604089,1.88923041,-0.757029601,1.351522393,-0.593780877,2.741946358,1.537182176
832,0.228112559,-0.590826346,0.066666667,0.204066158,-0.6122136349999999,0.066074287,1.886454237,-0.821929526,1.477484489,-0.654847633,2.73917017,1.537177191
833,0.216106635,-0.559730223,0.066666667,0.1920697979999999,-0.5811176410000001,0.066201283,1.883350355,-0.883303405,1.595303352,-0.711297708,2.73606628,1.537171653
834,0.204100711,-0.528634099,0.066666667,0.180037908,-0.5500125849999999,0.066386628,1.879856827,-0.942076194,1.706735814,-0.763963038,2.732572746,1.537165491
835,0.192094787,-0.497537976,0.066666667,0.167992691,-0.518898613,0.066448953,1.875894944,-0.998949619,1.813031367,-0.813391475,2.72861086,1.537158607
836,0.180088862,-0.466441852,0.066666667,0.155990785,-0.487829923,0.066553229,1.871363121,-1.054500259,1.91511974,-0.859936285,2.724079034,1.537150873
837,0.168082938,-0.435345729,0.066666667,0.143928661,-0.456713806,0.066610739,1.866127863,-1.109243016,2.013718779,-0.903800554,2.718843774,1.537142124
838,0.156077014,-0.404249605,0.066666667,0.1319115549999999,-0.425668391,0.066815511,1.860010062,-1.163680669,2.109400813,-0.945054021,2.712725972,1.537132145
839,0.14407109,-0.373153482,0.066666667,0.1198642519999999,-0.394530301,0.066828714,1.852763481,-1.218352512,2.202636049,-0.983627845,2.705479391,1.537120656
840,0.14407109,-0.373153482,0.122222222,0.1196671379999999,-0.394600769,0.122363757,1.852763829,-1.343620391,2.161948607,-0.817672075,2.705479726,1.537121149
841,0.156077014,-0.404249605,0.122222222,0.131738368,-0.425600851,0.122168569,1.860009877,-1.278742389,2.071027531,-0.791618468,2.712725779,1.537132753
842,0.168082938,-0.435345729,0.122222222,0.143770857,-0.4566637719999999,0.122155851,1.866127775,-1.215457893,1.977159736,-0.76102614,2.718843678,1.537142666
843,0.180088862,-0.466441852,0.122222222,0.155863597,-0.487811968,0.1221155229999999,1.87136311,-1.152954941,1.879947039,-0.726308456,2.724079014,1.537151362
844,0.192094787,-0.497537976,0.122222222,0.167899181,-0.518975568,0.12203869,1.875894998,-1.090512866,1.778857336,-0.68765379,2.728610903,1.537159054
845,0.204100711,-0.528634099,0.122222222,0.179969109,-0.550098559,0.121900824,1.87985694,-1.027439976,1.673186963,-0.645050025,2.732572847,1.537165907
846,0.216106635,-0.559730223,0.122222222,0.191988667,-0.581156412,0.121802391,1.883350532,-0.963008993,1.561992329,-0.598280737,2.736066442,1.537172048
847,0.228112559,-0.590826346,0.122222222,0.203999621,-0.612232102,0.1216457609999999,1.88645449,-0.896379386,1.443973227,-0.546886159,2.739170403,1.537177579
848,0.240118483,-0.62192247,0.122222222,0.216073608,-0.6433800129999999,0.121449912,1.889230861,-0.826474175,1.317250391,-0.49006394,2.741946779,1.537182573
849,0.252124407,-0.653018593,0.122222222,0.2280938679999999,-0.6745303770000001,0.121436929,1.891728864,-0.751797557,1.178998588,-0.426484613,2.744444788,1.537187077
850,0.252124407,-0.653018593,0.177777778,0.228025949,-0.6746259579999999,0.176905283,1.891728876,-0.803943065,1.122228013,-0.3175693,2.74444507,1.537186305
851,0.240118483,-0.62192247,0.177777778,0.215944422,-0.6435512649999999,0.177051679,1.889230366,-0.883830937,1.263319702,-0.378776904,2.741946319,1.53718212
852,0.228112559,-0.590826346,0.177777778,0.203899204,-0.612418151,0.177256743,1.886454226,-0.958661767,1.391525833,-0.432156756,2.73917016,1.537177172
853,0.216106635,-0.559730223,0.177777778,0.1918380009999999,-0.581275567,0.177240044,1.883350366,-1.030206783,1.510127774,-0.479218752,2.736066289,1.537171653
854,0.204100711,-0.528634099,0.177777778,0.179810987,-0.550200424,0.177488377,1.879856858,-1.099698522,1.62120276,-0.520807643,2.732572774,1.537165506
855,0.192094787,-0.497537976,0.177777778,0.1677311679999999,-0.519072343,0.177704454,1.875895001,-1.16810102,1.726157481,-0.557366162,2.728610912,1.537158636
856,0.180088862,-0.466441852,0.177777778,0.155709397,-0.487979059,0.177649648,1.871363212,-1.236247973,1.825980795,-0.589049585,2.72407912,1.537150917
857,0.168082938,-0.435345729,0.177777778,0.143621219,-0.45690164,0.177727386,1.866128008,-1.304931068,1.92137995,-0.615773616,2.718843914,1.537142187
858,0.156077014,-0.404249605,0.177777778,0.131552244,-0.425770646,0.177810191,1.860010299,-1.374968672,2.012857205,-0.63722233,2.712726204,1.537132233
859,0.14407109,-0.373153482,0.177777778,0.119477176,-0.394649943,0.177904244,1.852763881,-1.447271466,2.100752347,-0.652825077,2.705479785,1.53712078
860,0.14407109,-0.373153482,0.233333333,0.119312726,-0.394694471,0.233400224,1.852763829,-1.527665157,2.02100427,-0.492682972,2.705479726,1.537121149
861,0.156077014,-0.404249605,0.233333333,0.1314314369999999,-0.4257729719999999,0.2333601229999999,1.860010101,-1.450711924,1.93634887,-0.484970338,2.712726,1.537132684
862,0.168082938,-0.435345729,0.233333333,0.143504491,-0.4568739029999999,0.233259571,1.866127907,-1.376062063,1.847419044,-0.470681327,2.718843806,1.537142616
863,0.180088862,-0.466441852,0.233333333,0.155624378,-0.488028156,0.233186474,1.871363187,-1.302852063,1.753904322,-0.450368653,2.724079087,1.537151325
864,0.192094787,-0.497537976,0.233333333,0.167678336,-0.519155755,0.2331175399999999,1.875895042,-1.230258493,1.655296829,-0.424347684,2.728610943,1.537159026
865,0.204100711,-0.528634099,0.233333333,0.17972526,-0.55020791,0.23305238,1.879856964,-1.157449841,1.550844033,-0.392697254,2.732572867,1.537165883
866,0.216106635,-0.559730223,0.233333333,0.191789781,-0.581331088,0.232840819,1.883350707,-1.083510813,1.439445149,-0.355231762,2.736066614,1.537172024
867,0.228112559,-0.590826346,0.233333333,0.203832178,-0.6124879489999999,0.2327773149999999,1.886454622,-1.007362319,1.319503822,-0.311433856,2.739170532,1.537177546
868,0.240118483,-0.62192247,0.233333333,0.215893378,-0.643585077,0.23270052,1.88923086,-0.927553016,1.188552353,-0.260287122,2.741946776,1.537182515
869,0.252124407,-0.653018593,0.233333333,0.227979983,-0.67479404,0.232490321,1.891728863,-0.841922336,1.042554214,-0.199915597,2.744444785,1.537186948
870,0.252124407,-0.653018593,0.288888889,0.227922781,-0.674867796,0.288166903,1.891728862,-0.863251432,0.936178484,-0.07221047,2.74444475,1.537187232
871,0.240118483,-0.62192247,0.288888889,0.21582248,-0.64380614,0.288274937,1.889230864,-0.955848156,1.090708508,-0.134148728,2.741946842,1.537181878
872,0.228112559,-0.590826346,0.288888889,0.203790705,-0.61265828,0.288293774,1.886454624,-1.041036282,1.226526144,-0.184782652,2.739170568,1.537177069
873,0.216106635,-0.559730223,0.288888889,0.191671428,-0.581492827,0.288516192,1.883350358,-1.121702711,1.349164445,-0.226759544,2.736066284,1.537171604
874,0.204100711,-0.528634099,0.288888889,0.179607293,-0.550327736,0.288543632,1.879856889,-1.199622051,1.461774025,-0.261455399,2.732572805,1.537165486
875,0.192094787,-0.497537976,0.288888889,0.167530734,-0.5192638070000001,0.288562801,1.875895068,-1.276060087,1.566341275,-0.289590891,2.728610978,1.537158635
876,0.180088862,-0.466441852,0.288888889,0.155487464,-0.488154966,0.288731604,1.871363324,-1.352005387,1.66416373,-0.311475094,2.72407923,1.537150932
877,0.168082938,-0.435345729,0.288888889,0.143379581,-0.4570368649999999,0.2888847949999999,1.86612818,-1.428307105,1.756108993,-0.327126596,2.718844083,1.537142217
878,0.156077014,-0.404249605,0.288888889,0.131280528,-0.425897359,0.2888444779999999,1.860010557,-1.505752415,1.842747093,-0.336328435,2.71272646,1.53713228
879,0.14407109,-0.373153482,0.288888889,0.119188935,-0.394795144,0.28897499,1.852764272,-1.585118154,1.92442399,-0.338649973,2.705480174,1.537120847
880,0.14407109,-0.373153482,0.344444444,0.119083172,-0.394810727,0.344589564,1.852763829,-1.620951288,1.812061057,-0.190453628,2.705479726,1.537121149
881,0.156077014,-0.404249605,0.344444444,0.131232178,-0.425986597,0.344385706,1.860010414,-1.540743269,1.732742531,-0.191332678,2.712726311,1.537132658
882,0.168082938,-0.435345729,0.344444444,0.143309181,-0.457054871,0.3444132139999999,1.866128207,-1.461803211,1.647754754,-0.18527591,2.718844105,1.537142593
883,0.180088862,-0.466441852,0.344444444,0.155435468,-0.4881729,0.344239336,1.871363458,-1.383441291,1.556656464,-0.172531587,2.724079356,1.537151305
884,0.192094787,-0.497537976,0.344444444,0.167496852,-0.5193111579999999,0.344067839,1.875895277,-1.304896267,1.458735565,-0.153148668,2.728611177,1.537159005
885,0.204100711,-0.528634099,0.344444444,0.179575364,-0.550444641,0.344094933,1.879857164,-1.225275674,1.352897663,-0.126925081,2.732573065,1.537165855
886,0.216106635,-0.559730223,0.344444444,0.19165211,-0.5815325490000001,0.343992613,1.883350707,-1.143451605,1.237462007,-0.093307876,2.736066613,1.537171979
887,0.228112559,-0.590826346,0.344444444,0.203715225,-0.612715093,0.343819557,1.886454622,-1.057861073,1.109758423,-0.051189796,2.739170532,1.537177457
888,0.240118483,-0.62192247,0.344444444,0.215787391,-0.6438458349999999,0.343815385,1.88923086,-0.966070699,0.965233174,0.001549517,2.741946774,1.537182305
889,0.252124407,-0.653018593,0.344444444,0.227874315,-0.6750202759999999,0.343679584,1.891728863,-0.863626532,0.795066417,0.069275701,2.744444768,1.537186295
890,0.252124407,-0.653018593,0.4,0.227861546,-0.675205281,0.399005411,1.891728861,-0.832902192,0.598612465,0.235006309,2.744444749,1.537187231
891,0.240118483,-0.62192247,0.4,0.215745698,-0.644017774,0.399382377,1.889230859,-0.953244863,0.802227039,0.151730166,2.741946748,1.537182631
892,0.228112559,-0.590826346,0.4,0.203651047,-0.6128864310000001,0.399465813,1.886454627,-1.054854823,0.963365628,0.092195878,2.739170624,1.537176528
893,0.216106635,-0.559730223,0.4,0.191575719,-0.581703769,0.3995835319999999,1.88335071,-1.146842339,1.100581815,0.046962503,2.736066658,1.537171384
894,0.204100711,-0.528634099,0.4,0.179500507,-0.550575048,0.399600743,1.879856838,-1.233183895,1.221697227,0.012183136,2.732572764,1.537165373
895,0.192094787,-0.497537976,0.4,0.167395953,-0.519463625,0.399667848,1.875895073,-1.3160778,1.330796713,-0.014028675,2.728610987,1.537158573
896,0.180088862,-0.466441852,0.4,0.155332427,-0.488295002,0.399727691,1.871363369,-1.39696344,1.430318285,-0.032671628,2.724079277,1.537150899
897,0.168082938,-0.435345729,0.4,0.143216292,-0.457175854,0.399828527,1.866128261,-1.476865024,1.521781682,-0.044241378,2.718844165,1.537142204
898,0.156077014,-0.404249605,0.4,0.131127726,-0.426085219,0.399896545,1.860010673,-1.55657657,1.606165395,-0.04892258,2.712726576,1.537132283
899,0.14407109,-0.373153482,0.4,0.119007557,-0.394885025,0.400065724,1.852764417,-1.636751959,1.684092069,-0.046684232,2.705480319,1.537120864
900,-0.34246676,-0.206679748,0.4,-0.367687111,-0.228771446,0.397945714,0.14917606,-1.789145285,1.813099596,-0.023625397,1.001892135,1.53634924
901,-0.371005656,-0.223903061,0.4,-0.396107923,-0.246145697,0.3980609049999999,0.18757609,-1.704470795,1.744493499,-0.039701421,1.040292102,1.536363911
902,-0.399544553,-0.241126373,0.4,-0.424654427,-0.263474387,0.398049155,0.219065748,-1.621712097,1.670004742,-0.047977031,1.071781755,1.536375435
903,-0.42808345,-0.258349686,0.4,-0.453275377,-0.280834788,0.3977715349999999,0.245375413,-1.540207745,1.589398733,-0.048879726,1.098091416,1.536384759
904,-0.456622346,-0.275572998,0.4,-0.481796871,-0.2980955589999999,0.397755514,0.267697075,-1.459274049,1.502234428,-0.042652552,1.120413076,1.536392474
905,-0.485161243,-0.29279631,0.4,-0.510413917,-0.315399599,0.397691739,0.286880266,-1.378153141,1.407792619,-0.029334423,1.139596266,1.536398971
906,-0.51370014,-0.310019623,0.4,-0.539024044,-0.332757831,0.397631749,0.303547636,-1.295943994,1.304953531,-0.008706761,1.156263635,1.536404524
907,-0.542239036,-0.327242935,0.4,-0.5676750970000001,-0.3499536299999999,0.397586542,0.318166403,-1.211487938,1.191973117,0.019815689,1.170882401,1.53640933
908,-0.570777933,-0.344466247,0.4,-0.596357745,-0.3671982949999999,0.3975300639999999,0.331094252,-1.123148492,1.066036453,0.057411285,1.18381025,1.536413533
909,-0.59931683,-0.36168956,0.4,-0.625042542,-0.384575944,0.3973402259999999,0.342609808,-1.028320019,0.922245314,0.106372538,1.195325807,1.536417249
910,-0.59931683,-0.36168956,0.344444444,-0.6246279379999999,-0.384585328,0.3418300669999999,0.342609802,-1.033562518,1.072248963,-0.038388464,1.195325751,1.536416928
911,-0.570777933,-0.344466247,0.344444444,-0.595954198,-0.367213685,0.342001636,0.331094252,-1.1212286,1.204976278,-0.083448354,1.183810247,1.536413378
912,-0.542239036,-0.327242935,0.344444444,-0.567304147,-0.34998045,0.342155228,0.318165529,-1.204610938,1.324372155,-0.11946028,1.170881525,1.536409182
913,-0.51370014,-0.310019623,0.344444444,-0.538664856,-0.332765256,0.342063882,0.30354697,-1.28548235,1.433531008,-0.147745816,1.156262967,1.536404378
914,-0.485161243,-0.29279631,0.344444444,-0.510059179,-0.315422162,0.3422029769999999,0.286879835,-1.365113291,1.534392815,-0.168974399,1.139595834,1.536398821
915,-0.456622346,-0.275572998,0.344444444,-0.481444295,-0.298201032,0.342354451,0.267696977,-1.444495428,1.628207141,-0.183403812,1.120412977,1.536392317
916,-0.42808345,-0.258349686,0.344444444,-0.452922542,-0.28087646,0.342409969,0.245375413,-1.52447356,1.715787216,-0.191002314,1.098091415,1.536384594
917,-0.399544553,-0.241126373,0.344444444,-0.4243516839999999,-0.263521313,0.342491148,0.219065748,-1.605845555,1.7976653,-0.191504044,1.071781753,1.536375262
918,-0.371005656,-0.223903061,0.344444444,-0.395784186,-0.2461883259999999,0.342543092,0.18757609,-1.689383339,1.874133985,-0.184429269,1.040292099,1.536363736
919,-0.34246676,-0.206679748,0.344444444,-0.367318967,-0.228838775,0.342402128,0.149176047,-1.775901818,1.945311463,-0.16908062,1.001892063,1.536349095
920,-0.34246676,-0.206679748,0.288888889,-0.366922466,-0.228960408,0.287063598,0.149176036,-1.7407962,2.063703834,-0.322578526,1.001892007,1.536349063
921,-0.371005656,-0.223903061,0.288888889,-0.395408744,-0.246330686,0.2869945829999999,0.18757609,-1.653447053,1.988951384,-0.33518305,1.040292103,1.536363913
922,-0.399544553,-0.241126373,0.288888889,-0.424010992,-0.263657877,0.28696787,0.219065748,-1.570109256,1.90953304,-0.339108171,1.071781755,1.536375436
923,-0.42808345,-0.258349686,0.288888889,-0.452545903,-0.280976439,0.286834042,0.245375413,-1.489735691,1.825389208,-0.335342255,1.098091416,1.536384759
924,-0.456622346,-0.275572998,0.288888889,-0.481140243,-0.2982446039999999,0.286857464,0.267697075,-1.411398337,1.736292662,-0.324586494,1.120413076,1.536392472
925,-0.485161243,-0.29279631,0.288888889,-0.5097510510000001,-0.315541756,0.286762904,0.286880266,-1.334228907,1.641823306,-0.307289338,1.139596265,1.536398967
926,-0.51370014,-0.310019623,0.288888889,-0.5383058230000001,-0.332827543,0.286529494,0.303547636,-1.257362269,1.541319606,-0.283654553,1.156263634,1.536404518
927,-0.542239036,-0.327242935,0.288888889,-0.566922393,-0.3500374739999999,0.286585946,0.318166403,-1.179869596,1.433790845,-0.253620369,1.1708824,1.53640932
928,-0.570777933,-0.344466247,0.288888889,-0.595667345,-0.3672821149999999,0.286430853,0.331094252,-1.1006627,1.317757485,-0.216795517,1.183810249,1.536413518
929,-0.59931683,-0.36168956,0.288888889,-0.624274036,-0.3846545229999999,0.286258714,0.342609807,-1.018332186,1.190945231,-0.172315162,1.195325804,1.536417223
930,-0.59931683,-0.36168956,0.233333333,-0.623882292,-0.384691365,0.230857989,0.342609805,-0.986019819,1.28499294,-0.298675185,1.195325778,1.536417087
931,-0.570777933,-0.344466247,0.233333333,-0.5952760960000001,-0.3673366389999999,0.230901425,0.331093273,-1.063613541,1.408598126,-0.344685262,1.183809268,1.536413394
932,-0.542239036,-0.327242935,0.233333333,-0.56659966,-0.35010894,0.231117471,0.318165526,-1.138680204,1.523058727,-0.384077587,1.170881522,1.536409193
933,-0.51370014,-0.310019623,0.233333333,-0.537961896,-0.332908414,0.2312882799999999,0.303546851,-1.212426272,1.630216194,-0.41748708,1.156262848,1.536404384
934,-0.485161243,-0.29279631,0.233333333,-0.509388073,-0.315621282,0.231268783,0.286879595,-1.28583875,1.73130942,-0.445165544,1.139595593,1.536398824
935,-0.456622346,-0.275572998,0.233333333,-0.480763208,-0.298356095,0.2313883339999999,0.267696587,-1.359814378,1.82719626,-0.46707398,1.120412587,1.536392317
936,-0.42808345,-0.258349686,0.233333333,-0.452185339,-0.281077747,0.23150753,0.245375258,-1.435243628,1.918468507,-0.482913534,1.098091259,1.53638459
937,-0.399544553,-0.241126373,0.233333333,-0.4236263759999999,-0.263755422,0.231467245,0.219065748,-1.513074325,2.005508868,-0.492118838,1.071781752,1.536375253
938,-0.371005656,-0.223903061,0.233333333,-0.395110402,-0.246442805,0.231600083,0.18757609,-1.594409076,2.088549449,-0.493818989,1.040292098,1.536363722
939,-0.34246676,-0.206679748,0.233333333,-0.3665709729999999,-0.2290993,0.231683185,0.149176047,-1.680559958,2.167650325,-0.486761331,1.001892063,1.536349074
940,-0.34246676,-0.206679748,0.177777778,-0.366233765,-0.2292965539999999,0.176222227,0.149176036,-1.591803787,2.25542176,-0.663288809,1.001892005,1.536349118
941,-0.371005656,-0.223903061,0.177777778,-0.394813541,-0.246647251,0.176212209,0.18757609,-1.510159686,2.171555378,-0.661074426,1.040292102,1.536363947
942,-0.399544553,-0.241126373,0.177777778,-0.4233335,-0.263953281,0.1761637389999999,0.219065748,-1.433546749,2.084595559,-0.650733206,1.071781754,1.536375459
943,-0.42808345,-0.258349686,0.177777778,-0.4518762639999999,-0.281234025,0.1760497359999999,0.245375413,-1.360450509,1.994396467,-0.633634699,1.098091415,1.536384774
944,-0.456622346,-0.275572998,0.177777778,-0.480481218,-0.2985079559999999,0.175961535,0.267695142,-1.289694858,1.900687755,-0.610685068,1.120411142,1.53639248
945,-0.485161243,-0.29279631,0.177777778,-0.509076218,-0.315766126,0.175915565,0.28687858,-1.220285859,1.803043869,-0.582452948,1.139594578,1.536398971
946,-0.51370014,-0.310019623,0.177777778,-0.53770108,-0.333023385,0.175838307,0.303546152,-1.151356844,1.700888681,-0.549229051,1.156262149,1.536404519
947,-0.542239036,-0.327242935,0.177777778,-0.566334122,-0.350215091,0.175626888,0.318165079,-1.082062352,1.593419965,-0.511056727,1.170881076,1.536409319
948,-0.570777933,-0.344466247,0.177777778,-0.594981273,-0.367401059,0.175408291,0.331094252,-1.011499767,1.47951605,-0.467717007,1.183810248,1.536413515
949,-0.59931683,-0.36168956,0.177777778,-0.6236045179999999,-0.384731213,0.1753615869999999,0.342609807,-0.938624801,1.35759628,-0.418673583,1.195325803,1.536417217
950,-0.59931683,-0.36168956,0.122222222,-0.623266296,-0.384796077,0.1197505,0.342609806,-0.877676833,1.410345808,-0.532371058,1.195325788,1.536417139
951,-0.570777933,-0.344466247,0.122222222,-0.5946313559999999,-0.367482942,0.120035658,0.331093252,-0.945613156,1.531461279,-0.585548799,1.183809247,1.536413398
952,-0.542239036,-0.327242935,0.122222222,-0.566054815,-0.350315312,0.120252943,0.318165427,-1.011115723,1.645309494,-0.633892833,1.170881423,1.536409194
953,-0.51370014,-0.310019623,0.122222222,-0.5373723770000001,-0.333137015,0.120375618,0.30354666,-1.075104954,1.753357549,-0.677949751,1.156262656,1.536404382
954,-0.485161243,-0.29279631,0.122222222,-0.508731671,-0.315856263,0.1205466299999999,0.286879275,-1.138362853,1.856662567,-0.717994585,1.139595272,1.536398818
955,-0.456622346,-0.275572998,0.122222222,-0.480115387,-0.298638179,0.120610063,0.267696071,-1.201626562,1.956016966,-0.754082494,1.12041207,1.536392305
956,-0.42808345,-0.258349686,0.122222222,-0.451524136,-0.281385057,0.120632996,0.245374426,-1.265662402,2.052030754,-0.786056997,1.098090426,1.536384571
957,-0.399544553,-0.241126373,0.122222222,-0.423012229,-0.264094577,0.120752745,0.219064871,-1.331343589,2.145181992,-0.81352268,1.071780874,1.536375223
958,-0.371005656,-0.223903061,0.122222222,-0.394424704,-0.246792349,0.1208551,0.18757557,-1.399751511,2.235848208,-0.835775285,1.040291577,1.536363673
959,-0.34246676,-0.206679748,0.122222222,-0.365885216,-0.229521017,0.120937247,0.149176046,-1.472321737,2.324314224,-0.851663405,1.001892059,1.536348996
960,-0.34246676,-0.206679748,0.066666667,-0.3656376839999999,-0.229788975,0.065641802,0.149176032,-1.323079785,2.371031668,-1.047622692,1.001891982,1.53634914
961,-0.371005656,-0.223903061,0.066666667,-0.394119278,-0.247058988,0.065501243,0.187576089,-1.2646459,2.278915038,-1.013947916,1.040292097,1.536364049
962,-0.399544553,-0.241126373,0.066666667,-0.422793259,-0.26433793,0.065536671,0.219061623,-1.208101178,2.185395332,-0.976978572,1.071777626,1.536375518
963,-0.42808345,-0.258349686,0.066666667,-0.451318334,-0.281584857,0.065383891,0.245372272,-1.152519432,2.089996102,-0.937165423,1.098088272,1.536384809
964,-0.456622346,-0.275572998,0.066666667,-0.479843946,-0.298790257,0.065165635,0.267694598,-1.097211612,1.992236973,-0.894717538,1.120410597,1.536392502
965,-0.485161243,-0.29279631,0.066666667,-0.508477824,-0.316016529,0.065000645,0.286878253,-1.041594085,1.891569798,-0.849670654,1.139594251,1.536398984
966,-0.51370014,-0.310019623,0.066666667,-0.53710585,-0.333234201,0.06492379,0.303545955,-0.985124962,1.787345977,-0.80191823,1.156261952,1.536404527
967,-0.542239036,-0.327242935,0.066666667,-0.565729731,-0.350420978,0.064788303,0.318164964,-0.927248186,1.678762946,-0.751213874,1.17088096,1.536409323
968,-0.570777933,-0.344466247,0.066666667,-0.594405794,-0.367583329,0.064530513,0.331092992,-0.867336569,1.564784757,-0.69714891,1.183808987,1.536413516
969,-0.59931683,-0.36168956,0.066666667,-0.622978499,-0.384861648,0.064273647,0.342609807,-0.80461331,1.444005444,-0.639094235,1.195325802,1.536417216
970,-0.59931683,-0.36168956,0.011111111,-0.622697385,-0.384930488,0.008878218,0.342609806,-0.720918305,1.458908964,-0.737692757,1.195325794,1.536417167
971,-0.570777933,-0.344466247,0.011111111,-0.594099181,-0.367650326,0.009135924,0.331093247,-0.778261084,1.579579812,-0.801019403,1.183809242,1.536413397
972,-0.542239036,-0.327242935,0.011111111,-0.565505764,-0.350506676,0.009264831,0.318165396,-0.83221898,1.693657844,-0.861137925,1.170881392,1.536409191
973,-0.51370014,-0.310019623,0.011111111,-0.5368205309999999,-0.333370947,0.009482877,0.303546596,-0.883415706,1.802521849,-0.918803296,1.156262592,1.536404376
974,-0.485161243,-0.29279631,0.011111111,-0.508269139,-0.316112595,0.009757126,0.286879162,-0.932294803,1.907202695,-0.974602757,1.139595159,1.536398807
975,-0.456622346,-0.275572998,0.011111111,-0.479613276,-0.298926309,0.0098777539999999,0.267695879,-0.979176213,2.00851231,-1.02902818,1.120411877,1.536392287
976,-0.42808345,-0.258349686,0.011111111,-0.451033329,-0.2817163239999999,0.0099782309999999,0.245374097,-1.024285988,2.107122937,-1.082525579,1.098090097,1.536384542
977,-0.399544553,-0.241126373,0.011111111,-0.422486326,-0.26446823,0.0101531059999999,0.219064288,-1.067769668,2.203623594,-1.135538178,1.07178029,1.536375174
978,-0.371005656,-0.223903061,0.011111111,-0.393930301,-0.247241683,0.010348216,0.187574484,-1.1096914,2.298567655,-1.188554797,1.040290489,1.536363589
979,-0.34246676,-0.206679748,0.011111111,-0.365409761,-0.230037626,0.0105241969999999,0.149174377,-1.150014757,2.392523425,-1.242179497,1.001890386,1.536348843
980,-0.34246676,-0.206679748,-0.044444444,-0.365275605,-0.230266917,-0.044768464,0.149176029,-0.963728937,2.387073113,-1.423015175,1.001891966,1.536349089
981,-0.371005656,-0.223903061,-0.044444444,-0.393671577,-0.24746654,-0.045013499,0.187576089,-0.942657928,2.293595573,-1.3506165,1.040292096,1.536364218
982,-0.399544553,-0.241126373,-0.044444444,-0.4222939539999999,-0.264669589,-0.045167057,0.219061882,-0.916244952,2.19902505,-1.282464554,1.071777885,1.536375606
983,-0.42808345,-0.258349686,-0.044444444,-0.450849666,-0.281892554,-0.04536189,0.245372412,-0.885543465,2.102806671,-1.21695198,1.098088412,1.536384857
984,-0.456622346,-0.275572998,-0.044444444,-0.479394062,-0.299078304,-0.045597244,0.26769468,-0.851161364,2.004414206,-1.152945029,1.120410678,1.53639253
985,-0.485161243,-0.29279631,-0.044444444,-0.508014903,-0.316228272,-0.045816248,0.286878303,-0.813416791,1.903269391,-1.089547547,1.139594301,1.536399001
986,-0.51370014,-0.310019623,-0.044444444,-0.536626026,-0.333470802,-0.045916431,0.303545989,-0.772414477,1.798706281,-1.025989022,1.156261986,1.536404536
987,-0.542239036,-0.327242935,-0.044444444,-0.565333821,-0.350631217,-0.046004033,0.318164988,-0.728076782,1.689915595,-0.961537929,1.170880984,1.536409329
988,-0.570777933,-0.344466247,-0.044444444,-0.593936738,-0.367735288,-0.046323484,0.33109301,-0.680141193,1.575865484,-0.895425013,1.183809005,1.53641352
989,-0.59931683,-0.36168956,-0.044444444,-0.62244991,-0.384982085,-0.046603797,0.342609807,-0.628119628,1.455168045,-0.826750517,1.195325802,1.536417218
990,-0.59931683,-0.36168956,-0.1,-0.622259962,-0.385053034,-0.101969734,0.342609807,-0.52769196,1.432756703,-0.904766858,1.195325799,1.536417187
991,-0.570777933,-0.344466247,-0.1,-0.593686372,-0.367801977,-0.101747437,0.331093314,-0.574734249,1.553632089,-0.978598514,1.183809308,1.536413395
992,-0.542239036,-0.327242935,-0.1,-0.565064523,-0.350673307,-0.10154769,0.318165501,-0.616938952,1.667553129,-1.050313236,1.170881497,1.536409187
993,-0.51370014,-0.310019623,-0.1,-0.536464998,-0.333558185,-0.1012693589999999,0.303546757,-0.654696841,1.775942866,-1.120943174,1.156262754,1.536404369
994,-0.485161243,-0.29279631,-0.1,-0.507851145,-0.31634186,-0.101107854,0.286879415,-0.688131026,1.879842979,-1.191406814,1.139595412,1.536398797
995,-0.456622346,-0.275572998,-0.1,-0.479182077,-0.299178237,-0.100935843,0.267696286,-0.717128705,1.980051094,-1.262614463,1.120412285,1.536392271
996,-0.42808345,-0.258349686,-0.1,-0.450654609,-0.282015085,-0.1007164449999999,0.245374778,-0.741329061,2.077200819,-1.335560374,1.098090778,1.536384515
997,-0.399544553,-0.241126373,-0.1,-0.422165283,-0.2648072609999999,-0.100522991,0.219065485,-0.760068729,2.171813736,-1.411429234,1.071781487,1.536375128
998,-0.371005656,-0.223903061,-0.1,-0.393612251,-0.247611667,-0.100271888,0.187576089,-0.772267476,2.26432626,-1.491737278,1.040292096,1.536363506
999,-0.34246676,-0.206679748,-0.1,-0.365150355,-0.230433067,-0.100043883,0.149176046,-0.776224344,2.355152812,-1.578599199,1.00189206,1.536348686
1000,-0.370289588,-0.151279943,-0.1,-0.393208185,-0.1752325549999999,-0.1000797029999999,-0.039234248,-0.776262302,2.344388212,-1.567745135,0.81348182,1.53626484
1001,-0.401147053,-0.163886605,-0.1,-0.423991316,-0.18788633,-0.100308122,0.001733529,-0.771224538,2.253583451,-1.48199142,0.854449542,1.536285114
1002,-0.432004519,-0.176493267,-0.1,-0.454875543,-0.200437551,-0.10055727,0.035458592,-0.758215543,2.161013,-1.402440515,0.888174605,1.536301515
1003,-0.462861985,-0.189099929,-0.1,-0.485685172,-0.213005882,-0.100755594,0.063721242,-0.738835414,2.066282131,-1.327097567,0.916437251,1.536314095
1004,-0.49371945,-0.201706591,-0.1,-0.51659902,-0.225504774,-0.100987626,0.087755896,-0.714097878,1.96894963,-1.254508775,0.940471904,1.536324403
1005,-0.524576916,-0.214313253,-0.1,-0.547524331,-0.238060944,-0.101190885,0.108454774,-0.684624993,1.868477284,-1.183514314,0.96117078,1.536333012
1006,-0.555434382,-0.226919915,-0.1,-0.5784089689999999,-0.250688469,-0.101392717,0.126468952,-0.650744669,1.764226807,-1.113148287,0.979184957,1.536340315
1007,-0.586291847,-0.239526577,-0.1,-0.609293153,-0.2632515589999999,-0.101662911,0.142291205,-0.612542643,1.655381728,-1.042508692,0.995007209,1.53634659
1008,-0.617149313,-0.252133239,-0.1,-0.640163936,-0.275813833,-0.101921225,0.156300183,-0.5698687,1.540870251,-0.970674095,1.009016186,1.536352044
1009,-0.648006778,-0.264739901,-0.1,-0.671114062,-0.288470412,-0.102072812,0.168792966,-0.522297707,1.4192161,-0.896593463,1.021508969,1.536356831
1010,-0.648006778,-0.264739901,-0.044444444,-0.671239641,-0.288381816,-0.0466943759999999,0.168792966,-0.622230404,1.441668214,-0.819112893,1.021508968,1.536356797
1011,-0.617149313,-0.252133239,-0.044444444,-0.64036504,-0.275740083,-0.046412392,0.156300441,-0.674698009,1.563102268,-0.888076706,1.009016443,1.536351867
1012,-0.586291847,-0.239526577,-0.044444444,-0.609508134,-0.2631581639999999,-0.046127463,0.14229163,-0.723013439,1.677712867,-0.954368922,0.995007633,1.536346387
1013,-0.555434382,-0.226919915,-0.044444444,-0.578546498,-0.250558548,-0.045991346,0.126469562,-0.767691126,1.786930428,-1.018905314,0.979185566,1.536340072
1014,-0.524576916,-0.214313253,-0.044444444,-0.5476036769999999,-0.237948069,-0.045866747,0.108455611,-0.809015013,1.891814391,-1.082461229,0.961171616,1.536332713
1015,-0.49371945,-0.201706591,-0.044444444,-0.516661202,-0.225362571,-0.045687226,0.087757025,-0.847082514,1.993190519,-1.145764801,0.940473032,1.536324017
1016,-0.462861985,-0.189099929,-0.044444444,-0.485814619,-0.212814368,-0.045440808,0.063720017,-0.881810839,2.091733397,-1.209573093,0.916436026,1.536313572
1017,-0.432004519,-0.176493267,-0.044444444,-0.455001351,-0.20025077,-0.045156254,0.035457355,-0.912910591,2.188023336,-1.274755337,0.888173366,1.53630077
1018,-0.401147053,-0.163886605,-0.044444444,-0.424032696,-0.187672707,-0.045019941,0.001732421,-0.939816869,2.282591772,-1.342407117,0.854448436,1.536284668
1019,-0.370289588,-0.151279943,-0.044444444,-0.393287568,-0.1750401909999999,-0.044819463,-0.039234257,-0.961544846,2.375954239,-1.414027513,0.813481765,1.536263724
1020,-0.370289588,-0.151279943,0.011111111,-0.393448502,-0.1748082259999999,0.010453839,-0.039234278,-1.145286436,2.381332863,-1.235665641,0.813481637,1.536264668
1021,-0.401147053,-0.163886605,0.011111111,-0.4242192,-0.187490283,0.010211379,0.00173353,-1.104859257,2.287503361,-1.182276925,0.854449546,1.536285592
1022,-0.432004519,-0.176493267,0.011111111,-0.45513111,-0.200064165,0.0100168839999999,0.03545389,-1.062836657,2.192588915,-1.129395249,0.888169902,1.5363014
1023,-0.462861985,-0.189099929,0.011111111,-0.486013701,-0.212661338,0.009851219,0.063717711,-1.019239166,2.096024222,-1.076435869,0.91643372,1.536314031
1024,-0.49371945,-0.201706591,0.011111111,-0.516907473,-0.225217427,0.009720233,0.087755437,-0.973997689,1.997269582,-1.022928896,0.940471445,1.536324367
1025,-0.524576916,-0.214313253,0.011111111,-0.547867465,-0.237827014,0.00959666,0.108454497,-0.926959463,1.89573439,-0.968436938,0.961170503,1.536332991
1026,-0.555434382,-0.226919915,0.011111111,-0.578780996,-0.250450313,0.009319222,0.12646878,-0.877890368,1.790738203,-0.912513977,0.979184785,1.536340301
1027,-0.586291847,-0.239526577,0.011111111,-0.609696103,-0.263053741,0.0090763599999999,0.142291097,-0.826460024,1.681453084,-0.854662662,0.995007101,1.536346582
1028,-0.617149313,-0.252133239,0.011111111,-0.6405980459999999,-0.275645686,0.0089162929999999,0.156300115,-0.772210027,1.566821181,-0.794283696,1.009016119,1.536352039
1029,-0.648006778,-0.264739901,0.011111111,-0.671510068,-0.288291892,0.008708739,0.168792966,-0.714491895,1.445415248,-0.730598422,1.021508969,1.536356828
1030,-0.648006778,-0.264739901,0.066666667,-0.6717686260000001,-0.288208246,0.06416924,0.168792965,-0.797635052,1.430486191,-0.632526219,1.021508961,1.536356785
1031,-0.617149313,-0.252133239,0.066666667,-0.640883776,-0.275511152,0.06445716,0.156300409,-0.860673115,1.552020475,-0.69101981,1.009016411,1.53635187
1032,-0.586291847,-0.239526577,0.066666667,-0.609926599,-0.262910144,0.06466459,0.142291591,-0.920803293,1.666574815,-0.74544102,0.995007594,1.536346392
1033,-0.555434382,-0.226919915,0.066666667,-0.578995848,-0.250288667,0.064821903,0.12646951,-0.978820266,1.775599419,-0.796445172,0.979185515,1.536340082
1034,-0.524576916,-0.214313253,0.066666667,-0.548061888,-0.237651968,0.064887563,0.108455536,-1.035360795,1.880159178,-0.844460244,0.961171542,1.536332729
1035,-0.49371945,-0.201706591,0.066666667,-0.517104351,-0.225043719,0.065071357,0.08775691,-1.090983145,1.981074374,-0.889748041,0.940472918,1.536324043
1036,-0.462861985,-0.189099929,0.066666667,-0.4862432969999999,-0.21243588,0.06528362,0.06371983,-1.146224589,2.079003659,-0.932429631,0.916435839,1.536313616
1037,-0.432004519,-0.176493267,0.066666667,-0.455397291,-0.1998341629999999,0.065441175,0.035457029,-1.201655997,2.174499144,-0.972485788,0.888173041,1.536300845
1038,-0.401147053,-0.163886605,0.066666667,-0.424393885,-0.1872363159999999,0.065429582,0.001731812,-1.257948423,2.268047258,-1.009731141,0.854447827,1.536284803
1039,-0.370289588,-0.151279943,0.066666667,-0.39360426,-0.174543202,0.065565813,-0.039234257,-1.315967465,2.36009498,-1.04374582,0.813481765,1.536263982
1040,-0.370289588,-0.151279943,0.122222222,-0.393855358,-0.174271439,0.120835924,-0.039234281,-1.463379393,2.313861218,-0.85010071,0.813481621,1.536264619
1041,-0.401147053,-0.163886605,0.122222222,-0.424680982,-0.187015706,0.120688494,0.00173353,-1.391549271,2.225339031,-0.833422442,0.854449551,1.536285366
1042,-0.432004519,-0.176493267,0.122222222,-0.455655552,-0.199656922,0.120634364,0.035458593,-1.323650615,2.134570091,-0.810562397,0.888174607,1.536301283
1043,-0.462861985,-0.189099929,0.122222222,-0.4864914529999999,-0.212252837,0.120475533,0.063718226,-1.258315968,2.041263271,-0.782598079,0.916434237,1.536313964
1044,-0.49371945,-0.201706591,0.122222222,-0.517398125,-0.224885903,0.12045384,0.087755735,-1.194492398,1.945024939,-0.750189522,0.940471744,1.536324328
1045,-0.524576916,-0.214313253,0.122222222,-0.548373978,-0.23749901,0.120369408,0.108454672,-1.131338134,1.845375679,-0.713699545,0.961170679,1.536332968
1046,-0.555434382,-0.226919915,0.122222222,-0.579306078,-0.250169608,0.120149476,0.126468883,-1.068098647,1.7416918,-0.673259289,0.979184888,1.536340288
1047,-0.586291847,-0.239526577,0.122222222,-0.610236907,-0.26280795,0.1200542399999999,0.142291155,-1.004039281,1.633159834,-0.628790152,0.99500716,1.536346575
1048,-0.617149313,-0.252133239,0.122222222,-0.641125296,-0.275427812,0.119841583,0.156300144,-0.938371155,1.518689895,-0.579991283,1.009016148,1.536352036
1049,-0.648006778,-0.264739901,0.122222222,-0.6721000930000001,-0.288102855,0.119625111,0.168792966,-0.870152023,1.396757346,-0.526280394,1.02150897,1.536356827
1050,-0.648006778,-0.264739901,0.177777778,-0.672405519,-0.2880089429999999,0.175287052,0.168792965,-0.930566413,1.343866289,-0.412974966,1.021508954,1.536356772
1051,-0.617149313,-0.252133239,0.177777778,-0.641420809,-0.275291106,0.175257765,0.156300431,-1.003719274,1.466697987,-0.462651163,1.009016434,1.536351869
1052,-0.586291847,-0.239526577,0.177777778,-0.610492031,-0.262667659,0.175467161,0.142291671,-1.074419004,1.581292612,-0.506543108,0.995007675,1.536346395
1053,-0.555434382,-0.226919915,0.177777778,-0.579570162,-0.250021622,0.175684395,0.126469663,-1.143745756,1.689311849,-0.545232117,0.979185669,1.536340089
1054,-0.524576916,-0.214313253,0.177777778,-0.548667188,-0.23734089,0.17579992,0.108455795,-1.212604571,1.791909442,-0.57896674,0.961171802,1.536332742
1055,-0.49371945,-0.201706591,0.177777778,-0.517728073,-0.224709423,0.175797934,0.087757336,-1.281838089,1.889913557,-0.607732294,0.940473344,1.536324065
1056,-0.462861985,-0.189099929,0.177777778,-0.486771584,-0.212055438,0.175873426,0.063720536,-1.352307654,1.98392462,-0.631267552,0.916436547,1.536313653
1057,-0.432004519,-0.176493267,0.177777778,-0.455918135,-0.199409925,0.17602631,0.035458235,-1.424969945,2.07437106,-0.649043797,0.888174249,1.536300905
1058,-0.401147053,-0.163886605,0.177777778,-0.425056366,-0.186768452,0.17606503,0.00173353,-1.50095807,2.161530371,-0.660204678,0.854449549,1.536284905
1059,-0.370289588,-0.151279943,0.177777778,-0.3941575619999999,-0.174015476,0.176097704,-0.039234256,-1.58173299,2.24557223,-0.663457674,0.81348177,1.536264161
1060,-0.370289588,-0.151279943,0.233333333,-0.39453325,-0.173790802,0.231586387,-0.039234274,-1.669972844,2.158417368,-0.488063283,0.813481662,1.536264581
1061,-0.401147053,-0.163886605,0.233333333,-0.425339567,-0.186584718,0.231404832,0.001733531,-1.584660429,2.079025656,-0.493997849,0.854449554,1.536285267
1062,-0.432004519,-0.176493267,0.233333333,-0.4562109259999999,-0.199260134,0.23126059,0.035458593,-1.503943664,1.995679527,-0.491378751,0.88817461,1.536301222
1063,-0.462861985,-0.189099929,0.233333333,-0.487123443,-0.21192167,0.231325011,0.063721243,-1.426555751,1.90829977,-0.481394777,0.916437255,1.536313928
1064,-0.49371945,-0.201706591,0.233333333,-0.518061649,-0.2245684369999999,0.231243641,0.087758197,-1.351437498,1.816650914,-0.464870388,0.940474208,1.536324306
1065,-0.524576916,-0.214313253,0.233333333,-0.549020867,-0.237200868,0.2310464609999999,0.108456728,-1.277653578,1.720325985,-0.442334402,0.961172736,1.536332955
1066,-0.555434382,-0.226919915,0.233333333,-0.57990646,-0.249915661,0.231104747,0.126470637,-1.204322571,1.618710342,-0.414053906,0.979186644,1.536340282
1067,-0.586291847,-0.239526577,0.233333333,-0.6108207210000001,-0.262537247,0.230933539,0.142292685,-1.130546931,1.510913744,-0.380036415,0.995008691,1.536346573
1068,-0.617149313,-0.252133239,0.233333333,-0.641810625,-0.275206812,0.230679258,0.156301507,-1.055326912,1.395647802,-0.339993437,1.009017511,1.536352037
1069,-0.648006778,-0.264739901,0.233333333,-0.672745532,-0.2879040969999999,0.230641102,0.168792966,-0.977431068,1.270998471,-0.293242483,1.021508971,1.536356832
1070,-0.648006778,-0.264739901,0.288888889,-0.6731182,-0.287834045,0.286195531,0.168792964,-1.009181209,1.176475829,-0.166969764,1.021508949,1.536356769
1071,-0.617149313,-0.252133239,0.288888889,-0.6421390770000001,-0.27509165,0.28630368,0.156300393,-1.091905365,1.304562325,-0.212329409,1.009016396,1.536351858
1072,-0.586291847,-0.239526577,0.288888889,-0.6110962640000001,-0.262430141,0.286485872,0.142291743,-1.171313136,1.421547777,-0.249904141,0.995007747,1.536346389
1073,-0.555434382,-0.226919915,0.288888889,-0.580187499,-0.249773073,0.28638218,0.126469846,-1.24886834,1.529831339,-0.280629024,0.979185851,1.536340088
1074,-0.524576916,-0.214313253,0.288888889,-0.549317452,-0.237079295,0.286522997,0.108456115,-1.325680148,1.630956324,-0.304938049,0.961172122,1.536332745
1075,-0.49371945,-0.201706591,0.288888889,-0.5183770050000001,-0.224401939,0.286720058,0.087757847,-1.402684666,1.725954461,-0.322926629,0.940473856,1.536324075
1076,-0.462861985,-0.189099929,0.288888889,-0.487457536,-0.211781417,0.286748448,0.063721242,-1.480738588,1.815509952,-0.334421962,0.916437254,1.536313671
1077,-0.432004519,-0.176493267,0.288888889,-0.456586276,-0.199055787,0.286751221,0.035458593,-1.56070932,1.900074899,-0.339008282,0.888174608,1.536300935
1078,-0.401147053,-0.163886605,0.288888889,-0.425632866,-0.186374031,0.286783368,0.00173353,-1.643498946,1.979889188,-0.336022652,0.85444955,1.536284953
1079,-0.370289588,-0.151279943,0.288888889,-0.394821922,-0.173615271,0.286829992,-0.039234256,-1.730120583,2.055028268,-0.324526171,0.813481772,1.536264235
1080,-0.370289588,-0.151279943,0.344444444,-0.395258589,-0.173460358,0.342284466,-0.039234272,-1.765389459,1.93709358,-0.171322759,0.813481676,1.536264416
1081,-0.401147053,-0.163886605,0.344444444,-0.426051197,-0.18627201,0.342377185,0.001733531,-1.679459857,1.865450848,-0.185623592,0.854449555,1.536285236
1082,-0.432004519,-0.176493267,0.344444444,-0.456969757,-0.198957721,0.342292117,0.035458593,-1.596367741,1.788504548,-0.191779682,0.888174611,1.536301202
1083,-0.462861985,-0.189099929,0.344444444,-0.487874137,-0.21165836,0.342204642,0.063721243,-1.515319798,1.706119519,-0.190450474,0.916437256,1.536313916
1084,-0.49371945,-0.201706591,0.344444444,-0.518757943,-0.224311456,0.3421548379999999,0.087758198,-1.435550318,1.617977275,-0.182083928,0.940474208,1.536324301
1085,-0.524576916,-0.214313253,0.344444444,-0.5496937000000001,-0.236991035,0.341996483,0.108456728,-1.356275457,1.523529928,-0.166916469,0.961172737,1.536332954
1086,-0.555434382,-0.226919915,0.344444444,-0.5806483899999999,-0.2496844979999999,0.341840584,0.126470637,-1.276638791,1.421920821,-0.144948171,0.979186645,1.536340285
1087,-0.586291847,-0.239526577,0.344444444,-0.61154933,-0.262362521,0.34187142,0.142292685,-1.195630956,1.311843272,-0.115881927,0.995008691,1.53634658
1088,-0.617149313,-0.252133239,0.344444444,-0.6424982300000001,-0.275052349,0.341756191,0.156301507,-1.111951693,1.191274632,-0.078995501,1.009017513,1.536352049
1089,-0.648006778,-0.264739901,0.344444444,-0.673514413,-0.287789899,0.341594669,0.168792967,-1.023738217,1.056928826,-0.032865719,1.021508973,1.536356852
1090,-0.648006778,-0.264739901,0.4,-0.673902807,-0.287739648,0.397140434,0.168792966,-1.017526473,0.905323944,0.11252703,1.021508965,1.536356877
1091,-0.617149313,-0.252133239,0.4,-0.642894552,-0.274950203,0.397395142,0.156301507,-1.113221482,1.051397414,0.062151627,1.00901751,1.536351817
1092,-0.586291847,-0.239526577,0.4,-0.611873595,-0.262292918,0.397458721,0.142292685,-1.202047547,1.178890086,0.023487972,0.995008689,1.536346361
1093,-0.555434382,-0.226919915,0.4,-0.5809693300000001,-0.249602312,0.397412606,0.126470637,-1.286763935,1.293029936,-0.005932017,0.979186643,1.536340067
1094,-0.524576916,-0.214313253,0.4,-0.550006109,-0.236870473,0.397562229,0.10845623,-1.369082257,1.396795466,-0.027375075,0.961172238,1.536332731
1095,-0.49371945,-0.201706591,0.4,-0.519069675,-0.224205351,0.397582075,0.087758197,-1.45017809,1.491996077,-0.041474816,0.940474207,1.536324065
1096,-0.462861985,-0.189099929,0.4,-0.488184722,-0.211519991,0.397638699,0.063721242,-1.530985919,1.579824834,-0.048489511,0.916437254,1.536313665
1097,-0.432004519,-0.176493267,0.4,-0.457230273,-0.19881702,0.397814995,0.035458593,-1.612263145,1.661029059,-0.048408616,0.888174608,1.536300935
1098,-0.401147053,-0.163886605,0.4,-0.426327802,-0.1861204779999999,0.3978362159999999,0.00173353,-1.694690083,1.736074888,-0.041017218,0.85444955,1.536284957
1099,-0.370289588,-0.151279943,0.4,-0.395566503,-0.173341984,0.39773547,-0.039234256,-1.778915439,1.805216066,-0.025919118,0.813481771,1.536264244
1100,-0.389217948,-0.092246348,0.4,-0.414521767,-0.114457558,0.397661935,-0.221790897,-1.763009072,1.792737802,-0.02925897,0.630925157,1.536147086
1101,-0.421652777,-0.099933544,0.4,-0.446960846,-0.122200823,0.397713402,-0.179167438,-1.679438262,1.722741845,-0.042859435,0.6735486,1.536179352
1102,-0.454087606,-0.10762074,0.4,-0.479498527,-0.129918548,0.397595533,-0.143900862,-1.597491116,1.646803097,-0.048886357,0.708815169,1.5362034
1103,-0.486522435,-0.115307935,0.4,-0.5119891049999999,-0.137649621,0.397455728,-0.114227057,-1.516534733,1.564636623,-0.047690311,0.738488969,1.536222147
1104,-0.518957264,-0.122995131,0.4,-0.544470419,-0.1453785739999999,0.397433261,-0.088907193,-1.435890985,1.475735008,-0.039443444,0.76380883,1.5362372
1105,-0.551392093,-0.130682327,0.4,-0.577049045,-0.153107503,0.397335727,-0.067044767,-1.354785489,1.379285847,-0.024108619,0.785671254,1.536249571
1106,-0.583826922,-0.138369522,0.4,-0.609590417,-0.1609074029999999,0.397186807,-0.047974508,-1.27227171,1.274028426,-0.001372232,0.80474151,1.536259932
1107,-0.616261751,-0.146056718,0.4,-0.6420904709999999,-0.168639403,0.397270777,-0.031192079,-1.187097126,1.157986139,0.02948941,0.821523938,1.536268745
1108,-0.64869658,-0.153743914,0.4,-0.674695409,-0.176421716,0.397204845,-0.016308038,-1.09743423,1.027916074,0.069891431,0.83640798,1.536276347
1109,-0.681131409,-0.16143111,0.4,-0.7072976360000001,-0.184241642,0.397020578,-0.003016798,-1.000249026,0.878003546,0.12261429,0.849699227,1.536282998
1110,-0.681131409,-0.16143111,0.344444444,-0.706846545,-0.1843465769999999,0.3415453049999999,-0.003016815,-1.00809057,1.032345351,-0.023885509,0.849699036,1.536282351
1111,-0.64869658,-0.153743914,0.344444444,-0.6742571860000001,-0.1765099,0.341613555,-0.016308039,-1.097241873,1.169380205,-0.0717648,0.836407972,1.536275995
1112,-0.616261751,-0.146056718,0.344444444,-0.6416988229999999,-0.1687256559999999,0.341859617,-0.03119208,-1.181448198,1.291891429,-0.110064567,0.821523933,1.536268411
1113,-0.583826922,-0.138369522,0.344444444,-0.609188803,-0.161042233,0.341789478,-0.047975371,-1.262713702,1.403474176,-0.140375746,0.804740645,1.536259593
1114,-0.551392093,-0.130682327,0.344444444,-0.5766549599999999,-0.153257602,0.341825062,-0.067045389,-1.34239323,1.50629735,-0.163512124,0.785670629,1.536249216
1115,-0.518957264,-0.122995131,0.344444444,-0.5441231169999999,-0.145483831,0.342008588,-0.088907497,-1.421533493,1.601770836,-0.179836483,0.763808523,1.536236818
1116,-0.486522435,-0.115307935,0.344444444,-0.51169055,-0.137743269,0.342026831,-0.114227058,-1.50099617,1.690806526,-0.189398464,0.738488966,1.536221728
1117,-0.454087606,-0.10762074,0.344444444,-0.479138498,-0.130035007,0.34213193,-0.143900862,-1.581574097,1.774007638,-0.192007563,0.708815166,1.536202938
1118,-0.421652777,-0.099933544,0.344444444,-0.446573236,-0.122306611,0.342172335,-0.179167438,-1.664012944,1.851720286,-0.187262794,0.673548596,1.536178845
1119,-0.389217948,-0.092246348,0.344444444,-0.414125511,-0.114626127,0.342166467,-0.2217909,-1.749077004,1.924107031,-0.17455995,0.630925144,1.536146732
1120,-0.389217948,-0.092246348,0.288888889,-0.413778488,-0.114813632,0.28670154,-0.221790924,-1.713590191,2.041343265,-0.327282858,0.630924965,1.536146636
1121,-0.421652777,-0.099933544,0.288888889,-0.446278269,-0.1225236929999999,0.286738995,-0.179167438,-1.628040821,1.965583368,-0.337098419,0.673548601,1.536179375
1122,-0.454087606,-0.10762074,0.288888889,-0.478826571,-0.130228592,0.286555142,-0.143900862,-1.546058356,1.885130889,-0.338646919,0.708815169,1.536203414
1123,-0.486522435,-0.115307935,0.288888889,-0.511303913,-0.137943393,0.286579571,-0.114227057,-1.466677166,1.79988534,-0.332796597,0.738488968,1.536222151
1124,-0.518957264,-0.122995131,0.288888889,-0.543817949,-0.1456741429999999,0.286508675,-0.088907193,-1.389019187,1.709573233,-0.320153462,0.76380883,1.536237196
1125,-0.551392093,-0.130682327,0.288888889,-0.5763423129999999,-0.15338369,0.286336932,-0.067044767,-1.312242116,1.61371762,-0.301083755,0.785671253,1.536249561
1126,-0.583826922,-0.138369522,0.288888889,-0.608806278,-0.161187701,0.286206844,-0.047974509,-1.235484533,1.511580891,-0.275711857,0.804741509,1.536259915
1127,-0.616261751,-0.146056718,0.288888889,-0.6413538089999999,-0.1688910549999999,0.28624243,-0.03119208,-1.157795438,1.402061836,-0.243887948,0.821523937,1.53626872
1128,-0.64869658,-0.153743914,0.288888889,-0.6739331959999999,-0.17665181,0.286074672,-0.016308038,-1.078026851,1.28350647,-0.205106296,0.836407977,1.536276305
1129,-0.681131409,-0.16143111,0.288888889,-0.706507857,-0.184440312,0.285920403,-0.003016798,-0.994642738,1.153337765,-0.158326109,0.849699217,1.536282915
1130,-0.681131409,-0.16143111,0.233333333,-0.706085866,-0.184565526,0.2303932289999999,-0.003016806,-0.963802996,1.248669397,-0.284497304,0.849699135,1.536282647
1131,-0.64869658,-0.153743914,0.233333333,-0.673545425,-0.176789137,0.230587401,-0.016309214,-1.042230594,1.375054646,-0.332450535,0.836406797,1.536276027
1132,-0.616261751,-0.146056718,0.233333333,-0.6410082690000001,-0.1689952519999999,0.230735852,-0.031193137,-1.117725528,1.491637003,-0.373532822,0.821522876,1.536268432
1133,-0.583826922,-0.138369522,0.233333333,-0.6084488,-0.1613121649999999,0.230930945,-0.047975472,-1.191578986,1.600477524,-0.408513817,0.804740544,1.536259607
1134,-0.551392093,-0.130682327,0.233333333,-0.57598486,-0.153570791,0.230929691,-0.067045625,-1.264813683,1.702946451,-0.437740774,0.785670392,1.536249222
1135,-0.518957264,-0.122995131,0.233333333,-0.543470804,-0.145799085,0.231060664,-0.088907894,-1.338331199,1.799987626,-0.461255564,0.763808126,1.536236815
1136,-0.486522435,-0.115307935,0.233333333,-0.51092503,-0.138106051,0.2311830349999999,-0.114227482,-1.41300187,1.89225351,-0.478839737,0.738488542,1.536221715
1137,-0.454087606,-0.10762074,0.233333333,-0.478438581,-0.130395104,0.231152628,-0.143900863,-1.489727733,1.980172862,-0.49001913,0.708815165,1.536202912
1138,-0.421652777,-0.099933544,0.233333333,-0.44595927,-0.122686488,0.2312684649999999,-0.179167438,-1.569534745,2.064017241,-0.494037911,0.673548595,1.536178798
1139,-0.389217948,-0.092246348,0.233333333,-0.41345036,-0.115027909,0.231352291,-0.2217909,-1.653613161,2.143882535,-0.489799237,0.630925144,1.536146656
1140,-0.389217948,-0.092246348,0.177777778,-0.4131617319999999,-0.115268477,0.175916009,-0.221790924,-1.56619418,2.230101109,-0.663436752,0.630924961,1.536146765
1141,-0.421652777,-0.099933544,0.177777778,-0.445717462,-0.122948478,0.175928742,-0.179167438,-1.486692958,2.145761125,-0.658624126,0.673548599,1.536179489
1142,-0.454087606,-0.10762074,0.177777778,-0.478158967,-0.130653295,0.1758889079999999,-0.143900862,-1.411606645,2.058249629,-0.646217421,0.708815167,1.536203484
1143,-0.486522435,-0.115307935,0.177777778,-0.510675452,-0.138322932,0.175729062,-0.114227058,-1.33958175,1.96739585,-0.627402552,0.738488967,1.536222193
1144,-0.518957264,-0.122995131,0.177777778,-0.54320741,-0.1460253759999999,0.175624865,-0.088907193,-1.269535362,1.872896053,-0.602960122,0.763808828,1.536237221
1145,-0.551392093,-0.130682327,0.177777778,-0.575707943,-0.153714426,0.175627056,-0.067046761,-1.200550688,1.77430478,-0.573362348,0.785669258,1.536249573
1146,-0.583826922,-0.138369522,0.177777778,-0.6082322450000001,-0.161462531,0.17554161,-0.047976264,-1.1317727,1.67098173,-0.538824527,0.804739752,1.536259918
1147,-0.616261751,-0.146056718,0.177777778,-0.640708396,-0.169179617,0.175193647,-0.031193652,-1.062366508,1.562060988,-0.499316023,0.821522363,1.536268716
1148,-0.64869658,-0.153743914,0.177777778,-0.673214561,-0.176913762,0.175071261,-0.016308038,-0.991405774,1.446314494,-0.454535384,0.836407976,1.536276296
1149,-0.681131409,-0.16143111,0.177777778,-0.705808346,-0.1847128539999999,0.1750169889999999,-0.003016799,-0.917785086,1.321992312,-0.403838284,0.849699215,1.536282897
1150,-0.681131409,-0.16143111,0.122222222,-0.705463198,-0.184850138,0.11944041,-0.003016803,-0.858213141,1.375130807,-0.516548627,0.849699168,1.53628274
1151,-0.64869658,-0.153743914,0.122222222,-0.6729329350000001,-0.177042885,0.119765101,-0.016309215,-0.92690587,1.498401729,-0.571122343,0.836406797,1.536276035
1152,-0.616261751,-0.146056718,0.122222222,-0.640420755,-0.169296745,0.119876814,-0.031193226,-0.992862938,1.613896593,-0.620655002,0.821522787,1.536268433
1153,-0.583826922,-0.138369522,0.122222222,-0.6079070440000001,-0.1616406749999999,0.120068144,-0.047975661,-1.057058188,1.723226674,-0.66578376,0.804740354,1.536259601
1154,-0.551392093,-0.130682327,0.122222222,-0.575355401,-0.153897243,0.1202230119999999,-0.067045948,-1.120294025,1.827537383,-0.706851352,0.785670069,1.536249207
1155,-0.518957264,-0.122995131,0.122222222,-0.5428521319999999,-0.146185374,0.120391585,-0.088908416,-1.183303603,1.927677812,-0.743973324,0.763807603,1.536236788
1156,-0.486522435,-0.115307935,0.122222222,-0.51032555,-0.13852698,0.120364923,-0.114228317,-1.246825609,2.024294876,-0.777057328,0.738487704,1.536221669
1157,-0.454087606,-0.10762074,0.122222222,-0.4778789679999999,-0.130833586,0.120507247,-0.143902114,-1.311676594,2.117890146,-0.805787492,0.708813911,1.536202834
1158,-0.421652777,-0.099933544,0.122222222,-0.445344089,-0.123182767,0.120611524,-0.179167439,-1.378832722,2.208846945,-0.829569535,0.673548593,1.53617867
1159,-0.389217948,-0.092246348,0.122222222,-0.412811131,-0.11558281,0.120669006,-0.2217909,-1.449578226,2.297477815,-0.84742927,0.63092514,1.536146437
1160,-0.389217948,-0.092246348,0.066666667,-0.412616728,-0.115861058,0.065449361,-0.221790932,-1.304942574,2.34298471,-1.037572008,0.630924903,1.536146842
1161,-0.421652777,-0.099933544,0.066666667,-0.445142193,-0.12347121,0.065313963,-0.179167439,-1.247507447,2.250988466,-1.003037191,0.673548593,1.536179773
1162,-0.454087606,-0.10762074,0.066666667,-0.477726785,-0.131102767,0.0653438079999999,-0.143905609,-1.191586665,2.157380757,-0.96536864,0.708810416,1.536203637
1163,-0.486522435,-0.115307935,0.066666667,-0.510170873,-0.138756201,0.065168063,-0.11423067,-1.136360204,2.061702479,-0.924930787,0.738485352,1.53622228
1164,-0.518957264,-0.122995131,0.066666667,-0.542633951,-0.146398491,0.0649273879999999,-0.088910048,-1.081198227,1.963476591,-0.881877829,0.763805971,1.536237271
1165,-0.551392093,-0.130682327,0.066666667,-0.575144647,-0.154072268,0.064718383,-0.067047099,-1.025546879,1.862142648,-0.836204043,0.785668918,1.536249603
1166,-0.583826922,-0.138369522,0.066666667,-0.60765614,-0.1617946509999999,0.064658145,-0.047976468,-0.96887401,1.757024212,-0.78776571,0.804739547,1.536259936
1167,-0.616261751,-0.146056718,0.066666667,-0.640180262,-0.1694600419999999,0.064501863,-0.03119377,-0.910616048,1.64727082,-0.736276318,0.821522244,1.536268725
1168,-0.64869658,-0.153743914,0.066666667,-0.67266349,-0.177181273,0.064182095,-0.016309533,-0.850119144,1.531768773,-0.681276292,0.83640648,1.536276298
1169,-0.681131409,-0.16143111,0.066666667,-0.705213165,-0.1849407549999999,0.063997825,-0.003016799,-0.786552105,1.40898326,-0.622062208,0.849699213,1.536282895
1170,-0.681131409,-0.16143111,0.011111111,-0.704947164,-0.185070134,0.008596531,-0.003016801,-0.704267954,1.423958733,-0.719321777,0.849699187,1.536282791
1171,-0.64869658,-0.153743914,0.011111111,-0.672391594,-0.1773265299999999,0.008834392,-0.016309213,-0.762599524,1.546570788,-0.783597747,0.836406798,1.536276032
1172,-0.616261751,-0.146056718,0.011111111,-0.639921656,-0.169610512,0.009045304,-0.031193253,-0.817329503,1.662118531,-0.844410369,0.821522759,1.536268426
1173,-0.583826922,-0.138369522,0.011111111,-0.607451849,-0.161950897,0.00927252,-0.047975723,-0.869143461,1.772102394,-0.902574197,0.804740292,1.536259587
1174,-0.551392093,-0.130682327,0.011111111,-0.574948119,-0.15426873,0.009532799,-0.06704606,-0.918524774,1.877626314,-0.958709517,0.785669956,1.536249183
1175,-0.518957264,-0.122995131,0.011111111,-0.542392915,-0.146566592,0.009625358,-0.088908606,-0.965821183,1.979545918,-1.01332382,0.763807412,1.536236747
1176,-0.486522435,-0.115307935,0.011111111,-0.509895365,-0.138955195,0.009801973,-0.114228641,-1.011280025,2.078556564,-1.066864549,0.738487379,1.536221601
1177,-0.454087606,-0.10762074,0.011111111,-0.477469588,-0.131305788,0.00998713,-0.14390268,-1.055065587,2.175253277,-1.11976154,0.708813344,1.536202718
1178,-0.421652777,-0.099933544,0.011111111,-0.444928783,-0.123691861,0.010149125,-0.179169572,-1.097262368,2.270177723,-1.172470501,0.673546456,1.536178462
1179,-0.389217948,-0.092246348,0.011111111,-0.412536584,-0.116115464,0.010393102,-0.221790901,-1.137858148,2.363854005,-1.225525996,0.630925131,1.536147019
1180,-0.389217948,-0.092246348,-0.044444444,-0.412428364,-0.11634533,-0.044869886,-0.221790938,-0.957941467,2.358571101,-1.400159655,0.630924856,1.536146815
1181,-0.421652777,-0.099933544,-0.044444444,-0.444829254,-0.123934902,-0.0450768119999999,-0.179167439,-0.935225654,2.265324453,-1.329654454,0.673548589,1.536179116
1182,-0.454087606,-0.10762074,-0.044444444,-0.47734278,-0.131546245,-0.045290694,-0.143900863,-0.907572045,2.170738978,-1.262741644,0.708815159,1.536203856
1183,-0.486522435,-0.115307935,-0.044444444,-0.509792691,-0.139143026,-0.045549132,-0.114230531,-0.875860406,2.074310405,-1.198038595,0.738485489,1.536222397
1184,-0.518957264,-0.122995131,-0.044444444,-0.5422266640000001,-0.1467395249999999,-0.045843072,-0.088909966,-0.840593105,1.975500792,-1.134507198,0.763806051,1.536237337
1185,-0.551392093,-0.130682327,-0.044444444,-0.5747371920000001,-0.154399317,-0.04600972,-0.067047046,-0.802017384,1.873731504,-1.071322421,0.785668969,1.536249642
1186,-0.583826922,-0.138369522,-0.044444444,-0.6072805560000001,-0.162088235,-0.046146292,-0.047976433,-0.760182762,1.768312259,-1.007745019,0.804739582,1.536259959
1187,-0.616261751,-0.146056718,-0.044444444,-0.639763637,-0.16975823,-0.046334442,-0.031193744,-0.714960937,1.658389008,-0.943049626,0.82152227,1.536268739
1188,-0.64869658,-0.153743914,-0.044444444,-0.672205011,-0.177429758,-0.046604559,-0.016309512,-0.666033552,1.542855669,-0.876448784,0.8364065,1.536276305
1189,-0.681131409,-0.16143111,-0.044444444,-0.704684243,-0.185196427,-0.046892743,-0.003016799,-0.612838624,1.420200532,-0.806992962,0.849699213,1.536282898
1190,-0.681131409,-0.16143111,-0.1,-0.704539845,-0.1852961149999999,-0.102237913,-0.0030168,-0.513669012,1.39767477,-0.883636792,0.849699205,1.53628283
1191,-0.64869658,-0.153743914,-0.1,-0.6720383040000001,-0.177538705,-0.1019196709999999,-0.016309147,-0.562091275,1.520605332,-0.958140534,0.836406864,1.536276026
1192,-0.616261751,-0.146056718,-0.1,-0.6395136539999999,-0.1698632639999999,-0.101806043,-0.031193146,-0.605517497,1.636091261,-1.030195098,0.821522866,1.536268416
1193,-0.583826922,-0.138369522,-0.1,-0.607078746,-0.162233922,-0.101457289,-0.047975557,-0.644425226,1.745689053,-1.100879079,0.804740457,1.536259572
1194,-0.551392093,-0.130682327,-0.1,-0.574541425,-0.154577589,-0.101287002,-0.067045802,-0.679008038,1.850521664,-1.171121585,0.785670213,1.536249159
1195,-0.518957264,-0.122995131,-0.1,-0.542072576,-0.146880777,-0.101104553,-0.088908197,-0.709222243,1.951437652,-1.241814466,0.763807821,1.536236709
1196,-0.486522435,-0.115307935,-0.1,-0.509619266,-0.139312856,-0.10078797,-0.114227967,-0.734787235,2.049101703,-1.313902429,0.738488053,1.536221537
1197,-0.454087606,-0.10762074,-0.1,-0.477237327,-0.1316832499999999,-0.100616243,-0.143901518,-0.755146204,2.144051835,-1.388479394,0.708814505,1.536202607
1198,-0.421652777,-0.099933544,-0.1,-0.444777541,-0.124079797,-0.100344092,-0.179167439,-0.769375903,2.236728088,-1.46690784,0.673548589,1.536179116
1199,-0.389217948,-0.092246348,-0.1,-0.412333775,-0.116550767,-0.100078412,-0.221790901,-0.776026488,2.327535856,-1.551039508,0.630925131,1.536147019
1200,-0.398797176,-0.030996968,-0.1,-0.422237806,-0.055377337,-0.100123911,-0.397840279,-0.775194687,2.305260865,-1.529436346,0.454875802,1.535960527
1201,-0.432030275,-0.033580049,-0.1,-0.455462355,-0.057953891,-0.100411175,-0.35446125,-0.766547266,2.214382776,-1.447255535,0.498254801,1.536016961
1202,-0.465263373,-0.03616313,-0.1,-0.488686847,-0.060539079,-0.100670083,-0.318358392,-0.750778537,2.121492408,-1.370169648,0.534357653,1.536058066
1203,-0.498496471,-0.03874621,-0.1,-0.521834463,-0.063130669,-0.100868953,-0.28783737,-0.729169533,2.026202272,-1.296514974,0.564878671,1.53608909
1204,-0.531729569,-0.041329291,-0.1,-0.555126122,-0.065623138,-0.1011630719999999,-0.261693602,-0.702531425,1.928055567,-1.225027287,0.591022426,1.536114058
1205,-0.564962667,-0.043912372,-0.1,-0.588340803,-0.0682175929999999,-0.101409949,-0.239048861,-0.671343538,1.826501567,-1.154677126,0.613667165,1.536133425
1206,-0.598195765,-0.046495452,-0.1,-0.621660219,-0.070694149,-0.101649135,-0.219239804,-0.635826154,1.720836506,-1.084542422,0.633476221,1.53614941
1207,-0.631428863,-0.049078533,-0.1,-0.654911412,-0.073187257,-0.101948229,-0.201766216,-0.595967785,1.610169856,-1.013744889,0.650949807,1.536162833
1208,-0.664661961,-0.051661614,-0.1,-0.6882420530000001,-0.075651024,-0.102137829,-0.186236096,-0.551513764,1.49329611,-0.941334208,0.666479927,1.536174272
1209,-0.697895059,-0.054244694,-0.1,-0.721565829,-0.078114911,-0.10235361,-0.172344651,-0.50191468,1.368552046,-0.866196942,0.680371371,1.536184139
1210,-0.697895059,-0.054244694,-0.044444444,-0.721735964,-0.078013266,-0.046941164,-0.172344651,-0.600099014,1.39119479,-0.790655288,0.680371365,1.536184023
1211,-0.664661961,-0.051661614,-0.044444444,-0.688383586,-0.075501136,-0.046684174,-0.186237324,-0.654305887,1.515579943,-0.860825516,0.666478697,1.536173763
1212,-0.631428863,-0.049078533,-0.044444444,-0.655094171,-0.073043287,-0.0464384299999999,-0.201765749,-0.704079833,1.632426614,-0.927889124,0.650950274,1.53616224
1213,-0.598195765,-0.046495452,-0.044444444,-0.6218139770000001,-0.070501636,-0.04620815,-0.219239138,-0.750046929,1.743357747,-0.992842304,0.633476888,1.536148686
1214,-0.564962667,-0.043912372,-0.044444444,-0.588444984,-0.068068279,-0.046082212,-0.239047957,-0.792573477,1.849548677,-1.056493542,0.613668071,1.536132501
1215,-0.531729569,-0.041329291,-0.044444444,-0.555141755,-0.06546136,-0.0459060509999999,-0.261694964,-0.831829131,1.951895898,-1.119568885,0.591021067,1.536112821
1216,-0.498496471,-0.03874621,-0.044444444,-0.5219271139999999,-0.06292518,-0.045602789,-0.287838836,-0.867807095,2.051114313,-1.182788824,0.564877199,1.536088344
1217,-0.465263373,-0.03616313,-0.044444444,-0.48877048,-0.060318406,-0.045297637,-0.318359971,-0.900312825,2.147800718,-1.246942767,0.534356068,1.536057015
1218,-0.432030275,-0.033580049,-0.044444444,-0.455468001,-0.057737506,-0.0451288279999999,-0.35446125,-0.92891567,2.242472753,-1.312977107,0.498254801,1.536016961
1219,-0.398797176,-0.030996968,-0.044444444,-0.4222305349999999,-0.055201827,-0.0449332459999999,-0.397840282,-0.952857233,2.335634888,-1.382146799,0.454875777,1.535959716
1220,-0.398797176,-0.030996968,0.011111111,-0.422337307,-0.054947495,0.010303262,-0.397840282,-1.127983395,2.340799168,-1.212184917,0.454875776,1.535959716
1221,-0.432030275,-0.033580049,0.011111111,-0.455598291,-0.0575453359999999,0.010070446,-0.35446125,-1.087146376,2.247229899,-1.159503547,0.498254801,1.536016961
1222,-0.465263373,-0.03616313,0.011111111,-0.488898986,-0.0601530849999999,0.0098987739999999,-0.318363408,-1.044710424,2.152243042,-1.106989436,0.534352629,1.536059276
1223,-0.498496471,-0.03874621,0.011111111,-0.522073343,-0.062769726,0.009685731,-0.287841172,-1.000657461,2.055310774,-1.054136223,0.564874862,1.536089888
1224,-0.531729569,-0.041329291,0.011111111,-0.555364832,-0.0652803169999999,0.009460473,-0.261696601,-0.954890455,1.955903999,-1.000516596,0.59101943,1.536113944
1225,-0.564962667,-0.043912372,0.011111111,-0.588684968,-0.067894369,0.0093332809999999,-0.239049124,-0.907229336,1.853417803,-0.945707511,0.613666905,1.536133359
1226,-0.598195765,-0.046495452,0.011111111,-0.622025261,-0.070367116,0.009129953,-0.219239968,-0.857408166,1.747133091,-0.889256963,0.633476058,1.53614937
1227,-0.631428863,-0.049078533,0.011111111,-0.655270544,-0.072896272,0.008837945,-0.20176632,-0.805054379,1.636152728,-0.830641146,0.650949705,1.536162809
1228,-0.664661961,-0.051661614,0.011111111,-0.6885804000000001,-0.075377636,0.008708522,-0.186237673,-0.749648468,1.519304734,-0.769208115,0.66647835,1.536174255
1229,-0.697895059,-0.054244694,0.011111111,-0.721999296,-0.0778517899999999,0.008482872,-0.172344651,-0.690445659,1.394971029,-0.704084939,0.680371371,1.536184129
1230,-0.697895059,-0.054244694,0.066666667,-0.7222352489999999,-0.0777225669999999,0.06397781,-0.172344653,-0.771603818,1.379921219,-0.607876904,0.68037134,1.536184003
1231,-0.664661961,-0.051661614,0.066666667,-0.6888327799999999,-0.07521752,0.06402717,-0.186237359,-0.835929452,1.50447867,-0.668100686,0.666478662,1.536173773
1232,-0.631428863,-0.049078533,0.066666667,-0.65551691,-0.072721788,0.06436393,-0.201765789,-0.896961166,1.621328298,-0.72390949,0.650950235,1.536162257
1233,-0.598195765,-0.046495452,0.066666667,-0.622169691,-0.070147238,0.064508425,-0.219239189,-0.955579891,1.732120588,-0.776072206,0.633476837,1.536148714
1234,-0.564962667,-0.043912372,0.066666667,-0.588827376,-0.067709107,0.064638506,-0.239048029,-1.012466467,1.838041528,-0.825093442,0.613668,1.536132548
1235,-0.531729569,-0.041329291,0.066666667,-0.555540777,-0.065083399,0.064831283,-0.261695071,-1.068194955,1.939986576,-0.871293804,0.591020961,1.536112898
1236,-0.498496471,-0.03874621,0.066666667,-0.5222561990000001,-0.06250114,0.065045856,-0.287839007,-1.123294219,2.038659457,-0.914846955,0.56487703,1.536088475
1237,-0.465263373,-0.03616313,0.066666667,-0.489051925,-0.059873828,0.065317692,-0.31836026,-1.178300003,2.134634883,-0.955789954,0.534355782,1.536057246
1238,-0.432030275,-0.033580049,0.066666667,-0.455697175,-0.057268255,0.065275554,-0.354463433,-1.233811336,2.228401881,-0.994009567,0.498252616,1.536015813
1239,-0.398797176,-0.030996968,0.066666667,-0.422420252,-0.0546902249999999,0.065383476,-0.397840282,-1.29056139,2.320387943,-1.029195697,0.454875777,1.535959716
1240,-0.398797176,-0.030996968,0.122222222,-0.422609898,-0.054400943,0.1206065799999999,-0.397840282,-1.43168502,2.275789188,-0.843473313,0.454875777,1.535959716
1241,-0.432030275,-0.033580049,0.122222222,-0.4559486769999999,-0.057020852,0.120527923,-0.35446125,-1.362230736,2.186958044,-0.824147332,0.498254801,1.536016961
1242,-0.465263373,-0.03616313,0.122222222,-0.489198149,-0.059687363,0.120380537,-0.318358392,-1.295947217,2.095688187,-0.799197449,0.534357653,1.536058876
1243,-0.498496471,-0.03874621,0.122222222,-0.522450804,-0.062325265,0.120222233,-0.28783737,-1.231672238,2.001671095,-0.769481594,0.564878669,1.53608968
1244,-0.531729569,-0.041329291,0.122222222,-0.5557929890000001,-0.064871635,0.120253433,-0.261696325,-1.168494605,1.904506655,-0.735515004,0.59101971,1.536113825
1245,-0.564962667,-0.043912372,0.122222222,-0.589136001,-0.06750219,0.120046564,-0.23904896,-1.10562485,1.803661189,-0.697555329,0.613667071,1.53613329
1246,-0.598195765,-0.046495452,0.122222222,-0.62248963,-0.070001968,0.119887062,-0.219239872,-1.042345851,1.698459089,-0.655645245,0.633476156,1.53614933
1247,-0.631428863,-0.049078533,0.122222222,-0.6557995200000001,-0.072542332,0.1197937479999999,-0.201766268,-0.977921856,1.587999151,-0.609620077,0.650949759,1.536162786
1248,-0.664661961,-0.051661614,0.122222222,-0.689114957,-0.0750632339999999,0.119526493,-0.186236095,-0.911522394,1.471047053,-0.559076503,0.666479929,1.536174246
1249,-0.697895059,-0.054244694,0.122222222,-0.722530679,-0.07754557,0.119268572,-0.172344651,-0.842132694,1.34587502,-0.503301896,0.680371372,1.536184127
1250,-0.697895059,-0.054244694,0.177777778,-0.722805418,-0.0773959229999999,0.174920014,-0.172344655,-0.900576594,1.292357114,-0.391340031,0.680371313,1.536183987
1251,-0.664661961,-0.051661614,0.177777778,-0.689385214,-0.074877172,0.1750161459999999,-0.186237357,-0.974904358,1.418807337,-0.443454446,0.666478665,1.53617377
1252,-0.631428863,-0.049078533,0.177777778,-0.6560048839999999,-0.072374616,0.175080817,-0.201765725,-1.046260513,1.536163921,-0.489445773,0.6509503,1.536162264
1253,-0.598195765,-0.046495452,0.177777778,-0.6226986010000001,-0.069790937,0.175341197,-0.219239052,-1.115827497,1.646357517,-0.530061546,0.633476976,1.536148734
1254,-0.564962667,-0.043912372,0.177777778,-0.589361175,-0.067287307,0.175542803,-0.239047791,-1.184552203,1.750704623,-0.565670832,0.61366824,1.536132586
1255,-0.531729569,-0.041329291,0.177777778,-0.556049436,-0.064640528,0.175516607,-0.261694679,-1.253278529,1.850139577,-0.596363286,0.591021356,1.536112964
1256,-0.498496471,-0.03874621,0.177777778,-0.522740349,-0.062053483,0.175606437,-0.287838362,-1.32283371,1.945336255,-0.621984359,0.564877677,1.536088587
1257,-0.465263373,-0.03616313,0.177777778,-0.489470235,-0.059390369,0.17576116,-0.318359179,-1.394101323,2.036777063,-0.642130984,0.534356866,1.53605744
1258,-0.432030275,-0.033580049,0.177777778,-0.45621431,-0.056707965,0.17587892,-0.354461249,-1.468090007,2.124782292,-0.656111615,0.498254804,1.536016162
1259,-0.398797176,-0.030996968,0.177777778,-0.422926518,-0.054079619,0.175822802,-0.397840281,-1.546058429,2.209559046,-0.662868839,0.454875785,1.535958671
1260,-0.398797176,-0.030996968,0.233333333,-0.423207824,-0.053805623,0.231302763,-0.397840282,-1.632373764,2.12452577,-0.491521151,0.454875777,1.535959716
1261,-0.432030275,-0.033580049,0.233333333,-0.4565074349999999,-0.0564824399999999,0.231066588,-0.354461249,-1.549789699,2.044001742,-0.493632746,0.498254809,1.536017719
1262,-0.465263373,-0.03616313,0.233333333,-0.489759203,-0.059185918,0.2310800099999999,-0.318358391,-1.471082906,1.959462083,-0.487835461,0.534357657,1.536058645
1263,-0.498496471,-0.03874621,0.233333333,-0.523074547,-0.0618478119999999,0.2310393359999999,-0.28783737,-1.395139215,1.870775583,-0.475118996,0.564878672,1.536089546
1264,-0.531729569,-0.041329291,0.233333333,-0.556398435,-0.06442815,0.230858299,-0.261693602,-1.320995567,1.777649484,-0.456156812,0.591022436,1.53611375
1265,-0.564962667,-0.043912372,0.233333333,-0.5897150440000001,-0.067075219,0.230799881,-0.239046676,-1.24777187,1.679607415,-0.431354504,0.613669358,1.536133249
1266,-0.598195765,-0.046495452,0.233333333,-0.623001508,-0.0696337,0.230849931,-0.219237909,-1.174607374,1.575942841,-0.400867461,0.633478121,1.536149309
1267,-0.631428863,-0.049078533,0.233333333,-0.656338754,-0.072205186,0.230526666,-0.201764541,-1.100589527,1.465633809,-0.364587061,0.650951487,1.53616278
1268,-0.664661961,-0.051661614,0.233333333,-0.68976934,-0.074704779,0.2304132009999999,-0.186236095,-1.02465718,1.347188256,-0.322082927,0.666479931,1.536174249
1269,-0.697895059,-0.054244694,0.233333333,-0.72311859,-0.077264423,0.230239015,-0.172344651,-0.945442228,1.218349768,-0.27246713,0.680371374,1.536184143
1270,-0.697895059,-0.054244694,0.288888889,-0.7235000770000001,-0.077098296,0.285866323,-0.172344658,-0.975016828,1.121814073,-0.146356847,0.680371284,1.536184018
1271,-0.664661961,-0.051661614,0.288888889,-0.6900857979999999,-0.07453892,0.285909608,-0.186236096,-1.059400132,1.254968626,-0.195119944,0.666479925,1.536173741
1272,-0.631428863,-0.049078533,0.288888889,-0.656646021,-0.072030597,0.286097352,-0.20176569,-1.139733096,1.375745665,-0.235554923,0.650950334,1.536162247
1273,-0.598195765,-0.046495452,0.288888889,-0.6232913919999999,-0.069412038,0.286200376,-0.219238897,-1.217665739,1.486995939,-0.268861724,0.633477131,1.53614873
1274,-0.564962667,-0.043912372,0.288888889,-0.589992987,-0.066905314,0.286241048,-0.239047497,-1.294412682,1.590544947,-0.295650688,0.613668535,1.536132597
1275,-0.531729569,-0.041329291,0.288888889,-0.556673441,-0.064211854,0.28641637,-0.2616942,-1.370950481,1.68759396,-0.316145745,0.591021836,1.536112995
1276,-0.498496471,-0.03874621,0.288888889,-0.5233496790000001,-0.061613676,0.286483558,-0.28783737,-1.448138209,1.77894234,-0.330285996,0.564878671,1.536088647
1277,-0.465263373,-0.03616313,0.288888889,-0.4900806789999999,-0.058920378,0.286512549,-0.318358391,-1.526814479,1.865127535,-0.337768392,0.534357655,1.536057546
1278,-0.432030275,-0.033580049,0.288888889,-0.456748543,-0.056241913,0.2865579829999999,-0.354461249,-1.607820781,1.946457436,-0.338056147,0.498254806,1.536016345
1279,-0.398797176,-0.030996968,0.288888889,-0.423460997,-0.05358657,0.286592452,-0.397840281,-1.692069855,2.023066973,-0.33036563,0.454875787,1.535958993
1280,-0.398797176,-0.030996968,0.344444444,-0.423867608,-0.053337978,0.342057605,-0.397840325,-1.727778346,1.906719786,-0.178310669,0.454875351,1.535959748
1281,-0.432030275,-0.033580049,0.344444444,-0.457129291,-0.056061355,0.3420289159999999,-0.354461249,-1.643759851,1.833321388,-0.188982091,0.498254811,1.536017549
1282,-0.465263373,-0.03616313,0.344444444,-0.490477507,-0.0587433989999999,0.341957246,-0.318358391,-1.562104965,1.754561011,-0.191912249,0.534357659,1.536058549
1283,-0.498496471,-0.03874621,0.344444444,-0.5237448379999999,-0.0614399469999999,0.341923171,-0.28783737,-1.482080338,1.670238671,-0.187640917,0.564878674,1.536089493
1284,-0.531729569,-0.041329291,0.344444444,-0.557033814,-0.064054523,0.34183022,-0.261693601,-1.402948567,1.579955765,-0.176510074,0.591022437,1.536113725
1285,-0.564962667,-0.043912372,0.344444444,-0.590370379,-0.066732296,0.3416403,-0.239046676,-1.323925978,1.483058452,-0.158651429,0.613669359,1.536133242
1286,-0.598195765,-0.046495452,0.344444444,-0.623719528,-0.069284692,0.34161724,-0.219237909,-1.244123526,1.378538758,-0.133947236,0.633478123,1.536149317
1287,-0.631428863,-0.049078533,0.344444444,-0.657033285,-0.071865484,0.341604521,-0.201764541,-1.162451042,1.264855307,-0.101947067,0.650951489,1.5361628
1288,-0.664661961,-0.051661614,0.344444444,-0.690469228,-0.074378612,0.341425585,-0.186236095,-1.077441802,1.139585459,-0.061695549,0.666479933,1.536174287
1289,-0.697895059,-0.054244694,0.344444444,-0.723880062,-0.076948538,0.341345378,-0.17234465,-0.986884701,0.998674952,-0.011349922,0.68037138,1.536184214
1290,-0.697895059,-0.054244694,0.4,-0.724282875,-0.0767964439999999,0.396991917,-0.172344651,-0.97664785,0.840220033,0.136868406,0.680371377,1.536183935
1291,-0.664661961,-0.051661614,0.4,-0.690851231,-0.074251876,0.397030568,-0.186236096,-1.076086241,0.995774057,0.080760803,0.666479919,1.536173624
1292,-0.631428863,-0.049078533,0.4,-0.6573634700000001,-0.071708639,0.397211566,-0.201764541,-1.167008933,1.12954313,0.037923506,0.65095148,1.536162165
1293,-0.598195765,-0.046495452,0.4,-0.624055965,-0.069090954,0.397117482,-0.21923791,-1.252890029,1.248276277,0.005082271,0.633478117,1.536148671
1294,-0.564962667,-0.043912372,0.4,-0.590677819,-0.066549063,0.397199603,-0.239046676,-1.335746173,1.355632295,-0.019404512,0.613669355,1.536132555
1295,-0.531729569,-0.041329291,0.4,-0.5573007139999999,-0.063905441,0.397309541,-0.261693602,-1.416922071,1.453806614,-0.036386788,0.591022434,1.536112968
1296,-0.498496471,-0.03874621,0.4,-0.5240413660000001,-0.061246176,0.397324253,-0.28783737,-1.497410578,1.544189362,-0.046260642,0.564878671,1.536088636
1297,-0.465263373,-0.03616313,0.4,-0.490724471,-0.058558622,0.397460551,-0.318358391,-1.578006539,1.62767677,-0.049125575,0.534357656,1.536057555
1298,-0.432030275,-0.033580049,0.4,-0.457382711,-0.055864895,0.397575646,-0.354461249,-1.659390586,1.704834845,-0.044863784,0.498254806,1.536016382
1299,-0.398797176,-0.030996968,0.4,-0.424154066,-0.053172927,0.3975777749999999,-0.397840281,-1.742181506,1.77599219,-0.033179268,0.454875787,1.535959075
1300,-0.398797176,0.030996968,0.4,-0.424229305,0.008674853,0.397532568,-0.567195483,-1.71731804,1.755395537,-0.037092508,0.285520631,1.535581174
1301,-0.432030275,0.033580049,0.4,-0.457563901,0.011169548,0.3974601749999999,-0.523870052,-1.635353767,1.682792599,-0.046580601,0.32884604,1.535714179
1302,-0.465263373,0.03616313,0.4,-0.490891048,0.013738975,0.3973330639999999,-0.487586276,-1.554548956,1.604104287,-0.048779107,0.365129804,1.535801369
1303,-0.498496471,0.03874621,0.4,-0.524177757,0.016359975,0.397244093,-0.456756134,-1.474295057,1.518946928,-0.043934297,0.395959936,1.535864527
1304,-0.531729569,0.041329291,0.4,-0.557517209,0.018962879,0.397163951,-0.43023603,-1.393900839,1.426676644,-0.032100671,0.422480032,1.535910794
1305,-0.564962667,0.043912372,0.4,-0.590911641,0.02152947,0.397081505,-0.407181327,-1.31253858,1.326284605,-0.013103568,0.445534728,1.535946816
1306,-0.598195765,0.046495452,0.4,-0.62426464,0.024084947,0.396994992,-0.386954586,-1.22914681,1.216202227,0.013561107,0.465761463,1.535975696
1307,-0.631428863,0.049078533,0.4,-0.657637098,0.026582698,0.397036167,-0.369065676,-1.142246075,1.093924197,0.048917313,0.483650369,1.535999401
1308,-0.664661961,0.051661614,0.4,-0.691093624,0.029189487,0.396936396,-0.353131536,-1.049538191,0.955181299,0.094934798,0.499584507,1.536019264
1309,-0.697895059,0.054244694,0.4,-0.724537169,0.031774124,0.39693261,-0.338848449,-0.946861697,0.79177368,0.155650949,0.513867606,1.536036311
1310,-0.697895059,0.054244694,0.344444444,-0.724082298,0.031571238,0.341306306,-0.338848449,-0.960433744,0.956109619,0.004887989,0.513867599,1.536035382
1311,-0.664661961,0.051661614,0.344444444,-0.690648891,0.028995494,0.3412969309999999,-0.353131538,-1.052976397,1.102261828,-0.048706237,0.499584482,1.53601783
1312,-0.631428863,0.049078533,0.344444444,-0.6572219539999999,0.0263801379999999,0.341504624,-0.369065677,-1.139131868,1.231184708,-0.091456163,0.483650356,1.535998016
1313,-0.598195765,0.046495452,0.344444444,-0.623871721,0.023887656,0.3415835299999999,-0.386954587,-1.221428905,1.347620145,-0.12557341,0.465761455,1.535974245
1314,-0.564962667,0.043912372,0.344444444,-0.590511343,0.021292091,0.34159033,-0.407182192,-1.301487864,1.454338445,-0.152206667,0.445533858,1.535945207
1315,-0.531729569,0.041329291,0.344444444,-0.557141307,0.018752969,0.3416875259999999,-0.430236622,-1.380462195,1.553061649,-0.171922618,0.422479436,1.535908932
1316,-0.498496471,0.03874621,0.344444444,-0.523823735,0.016188931,0.341860797,-0.456756134,-1.459274718,1.64491946,-0.184925099,0.395959933,1.535862288
1317,-0.465263373,0.03616313,0.344444444,-0.49053783,0.013548269,0.3418557579999999,-0.487586277,-1.538729748,1.73065992,-0.19115268,0.365129802,1.535800003
1318,-0.432030275,0.033580049,0.344444444,-0.457170965,0.010964503,0.3419991309999999,-0.523870052,-1.619550125,1.810736372,-0.190328017,0.32884604,1.535714179
1319,-0.398797176,0.030996968,0.344444444,-0.423890687,0.00844902,0.34204193,-0.567195484,-1.702439862,1.885395025,-0.181971105,0.285520626,1.535582205
1320,-0.398797176,0.030996968,0.288888889,-0.423560522,0.008180936,0.286508081,-0.567195484,-1.666557004,2.000721589,-0.333180528,0.285520626,1.535582205
1321,-0.432030275,0.033580049,0.288888889,-0.456917763,0.010717105,0.2864831679999999,-0.523870052,-1.583720121,1.923048292,-0.33846994,0.32884604,1.535714179
1322,-0.465263373,0.03616313,0.288888889,-0.490231446,0.013297749,0.2863410999999999,-0.487586276,-1.503765224,1.840610035,-0.336068587,0.365129804,1.535801369
1323,-0.498496471,0.03874621,0.288888889,-0.5235334890000001,0.015935224,0.2863834739999999,-0.456756134,-1.425833204,1.753230528,-0.326679804,0.395959934,1.535864588
1324,-0.531729569,0.041329291,0.288888889,-0.556868291,0.018527794,0.28625495,-0.43023603,-1.34910701,1.660545544,-0.310763402,0.422480031,1.535910799
1325,-0.564962667,0.043912372,0.288888889,-0.5902068659999999,0.021116633,0.286060008,-0.407181327,-1.27276841,1.561963677,-0.288552776,0.445534727,1.535946782
1326,-0.598195765,0.046495452,0.288888889,-0.623505358,0.023661478,0.286018002,-0.386954586,-1.195940408,1.45658852,-0.260031522,0.465761463,1.535975629
1327,-0.631428863,0.049078533,0.288888889,-0.656916834,0.02619612,0.285981805,-0.369065676,-1.117604975,1.34308094,-0.224880421,0.483650368,1.535999293
1328,-0.664661961,0.051661614,0.288888889,-0.690337192,0.028830512,0.285729329,-0.353131536,-1.036464548,1.219398284,-0.182355634,0.499584503,1.536019076
1329,-0.697895059,0.054244694,0.288888889,-0.7237738570000001,0.031407088,0.285707865,-0.33884845,-0.95067417,1.082259459,-0.131021901,0.513867587,1.536035892
1330,-0.697895059,0.054244694,0.233333333,-0.723362407,0.0311831199999999,0.230227558,-0.338848471,-0.922732349,1.180479964,-0.257183358,0.51386723,1.536034898
1331,-0.664661961,0.051661614,0.233333333,-0.6899414819999999,0.028605622,0.230346895,-0.353132932,-1.003066544,1.312587536,-0.308941909,0.499583097,1.53601797
1332,-0.631428863,0.049078533,0.233333333,-0.65652418,0.025988616,0.230439004,-0.369066919,-1.079639982,1.433471413,-0.353234834,0.483649118,1.535998111
1333,-0.598195765,0.046495452,0.233333333,-0.623171701,0.023456959,0.2306442,-0.386955726,-1.153951332,1.545691746,-0.391122635,0.465760317,1.535974304
1334,-0.564962667,0.043912372,0.233333333,-0.589889365,0.020863752,0.230748874,-0.407182376,-1.22711958,1.650906994,-0.423143522,0.445533674,1.535945234
1335,-0.531729569,0.041329291,0.233333333,-0.5565434930000001,0.018325265,0.23084485,-0.430236964,-1.300078921,1.750244457,-0.449488684,0.422479093,1.535908918
1336,-0.498496471,0.03874621,0.233333333,-0.52317733,0.0156975099999999,0.230942878,-0.456756882,-1.373686233,1.844482639,-0.470076694,0.395959184,1.535862215
1337,-0.465263373,0.03616313,0.233333333,-0.4898809549999999,0.013048859,0.231013209,-0.487586276,-1.448788967,1.93414445,-0.484579259,0.365129804,1.535801369
1338,-0.432030275,0.033580049,0.233333333,-0.456600643,0.010504208,0.231039092,-0.523870052,-1.526309713,2.019575844,-0.492407901,0.32884604,1.535714179
1339,-0.398797176,0.030996968,0.233333333,-0.423308974,0.007952977,0.23113663,-0.567195484,-1.607274422,2.100939333,-0.492680853,0.285520626,1.535582205
1340,-0.398797176,0.030996968,0.177777778,-0.423116453,0.00769939,0.175804842,-0.567195484,-1.52231285,2.184618934,-0.661322026,0.285520626,1.535582205
1341,-0.432030275,0.033580049,0.177777778,-0.456361447,0.010184538,0.175726463,-0.523870052,-1.44599288,2.099258584,-0.652407473,0.32884604,1.535714179
1342,-0.465263373,0.03616313,0.177777778,-0.48965944,0.0127825919999999,0.17563103,-0.487586276,-1.373167207,2.010581943,-0.636638511,0.365129804,1.535801369
1343,-0.498496471,0.03874621,0.177777778,-0.5229877380000001,0.015485344,0.175548397,-0.456756134,-1.302700751,1.918369588,-0.614950218,0.395959938,1.535863406
1344,-0.531729569,0.041329291,0.177777778,-0.556301833,0.0180728,0.17541039,-0.43023603,-1.233644659,1.822260555,-0.587940884,0.422480026,1.535910934
1345,-0.564962667,0.043912372,0.177777778,-0.589621582,0.020667092,0.175419517,-0.407181327,-1.165152514,1.721729818,-0.555934873,0.445534723,1.535946852
1346,-0.598195765,0.046495452,0.177777778,-0.622962441,0.023261699,0.175188395,-0.386954586,-1.09641026,1.616045676,-0.519018845,0.46576146,1.535975655
1347,-0.631428863,0.049078533,0.177777778,-0.65628472,0.025783192,0.174903663,-0.369065676,-1.026562585,1.504188199,-0.477030059,0.483650365,1.535999287
1348,-0.664661961,0.051661614,0.177777778,-0.689654331,0.028399382,0.174830778,-0.353131537,-0.954620187,1.38470699,-0.429508663,0.499584501,1.536019041
1349,-0.697895059,0.054244694,0.177777778,-0.723061759,0.030995315,0.174641453,-0.33884845,-0.879314291,1.255455141,-0.375577379,0.513867585,1.536035815
1350,-0.697895059,0.054244694,0.122222222,-0.722765265,0.030795547,0.119138606,-0.338848462,-0.822256798,1.309518228,-0.486697439,0.513867385,1.536035214
1351,-0.664661961,0.051661614,0.122222222,-0.689322588,0.028187416,0.1194214379999999,-0.353132882,-0.892609555,1.437212173,-0.544023559,0.499583149,1.536018001
1352,-0.631428863,0.049078533,0.122222222,-0.6560155449999999,0.0256138039999999,0.119644794,-0.369066969,-0.95962239,1.556065408,-0.595846425,0.483649067,1.535998117
1353,-0.598195765,0.046495452,0.122222222,-0.622736614,0.023068459,0.119815189,-0.386955877,-1.02439953,1.668011259,-0.642993929,0.465760166,1.535974282
1354,-0.564962667,0.043912372,0.122222222,-0.58936555,0.0204465819999999,0.120017536,-0.407182651,-1.08780299,1.774388873,-0.685941936,0.445533397,1.535945173
1355,-0.531729569,0.041329291,0.122222222,-0.5559847109999999,0.01784468,0.120132739,-0.430237415,-1.150578537,1.876170995,-0.724915496,0.422478639,1.535908798
1356,-0.498496471,0.03874621,0.122222222,-0.5226468750000001,0.015210148,0.12025662,-0.456757602,-1.213437052,1.974085946,-0.759928979,0.39595846,1.535861996
1357,-0.465263373,0.03616313,0.122222222,-0.489362213,0.012526647,0.120287208,-0.487587833,-1.277122711,2.068689283,-0.790788559,0.365128238,1.535799448
1358,-0.432030275,0.033580049,0.122222222,-0.456123208,0.009931044,0.120497391,-0.523870052,-1.342479818,2.160399916,-0.817061867,0.32884604,1.535714179
1359,-0.398797176,0.030996968,0.122222222,-0.422802912,0.007329146,0.120551163,-0.567195484,-1.41056495,2.249548258,-0.837999251,0.285520626,1.535582205
1360,-0.398797176,0.030996968,0.066666667,-0.4226422059999999,0.007037496,0.065279833,-0.567195484,-1.273459676,2.293124964,-1.018681231,0.285520626,1.535582205
1361,-0.432030275,0.033580049,0.066666667,-0.455969293,0.009632289,0.065229905,-0.523870052,-1.217401172,2.201041789,-0.982782386,0.32884604,1.535714179
1362,-0.465263373,0.03616313,0.066666667,-0.489284649,0.01228199,0.065171456,-0.487586276,-1.162300027,2.107007509,-0.943931258,0.365129804,1.535801369
1363,-0.498496471,0.03874621,0.066666667,-0.5225254029999999,0.014964893,0.064924294,-0.456759832,-1.107491299,2.010597019,-0.902388871,0.39595622,1.53586532
1364,-0.531729569,0.041329291,0.066666667,-0.55582912,0.017618524,0.064721789,-0.430238992,-1.052404235,1.911301605,-0.858222584,0.422477057,1.535911185
1365,-0.564962667,0.043912372,0.066666667,-0.589132291,0.020227996,0.064567723,-0.407183776,-0.996523905,1.808531354,-0.811365138,0.445532269,1.535946987
1366,-0.598195765,0.046495452,0.066666667,-0.6224766540000001,0.0228464029999999,0.06441316,-0.386956671,-0.93932021,1.70154372,-0.761607004,0.465759371,1.53597573
1367,-0.631428863,0.049078533,0.066666667,-0.6557910450000001,0.025413744,0.064131743,-0.369067498,-0.880201079,1.589380895,-0.708584292,0.48364854,1.535999324
1368,-0.664661961,0.051661614,0.066666667,-0.689147501,0.028037792,0.06396053,-0.353131537,-0.818441744,1.470749452,-0.651729576,0.499584499,1.536019054
1369,-0.697895059,0.054244694,0.066666667,-0.722538955,0.030652436,0.063817498,-0.33884845,-0.753097154,1.34384945,-0.590188812,0.513867582,1.536035806
1370,-0.697895059,0.054244694,0.011111111,-0.722312755,0.030471042,0.008401688,-0.338848457,-0.67328369,1.359010127,-0.685162589,0.513867474,1.536035377
1371,-0.664661961,0.051661614,0.011111111,-0.688870648,0.027818989,0.008694811,-0.353132865,-0.733628715,1.485614168,-0.751406385,0.499583165,1.536017991
1372,-0.631428863,0.049078533,0.011111111,-0.65553251,0.025208005,0.008778451,-0.369066983,-0.789919918,1.604180478,-0.813663939,0.483649052,1.535998088
1373,-0.598195765,0.046495452,0.011111111,-0.622252358,0.022642511,0.008984897,-0.386955924,-0.842978851,1.716481433,-0.872884729,0.465760116,1.535974225
1374,-0.564962667,0.043912372,0.011111111,-0.588934086,0.020000739,0.009272012,-0.407182743,-0.893374323,1.823783753,-0.929765391,0.445533301,1.535945073
1375,-0.531729569,0.041329291,0.011111111,-0.555636504,0.017401279,0.009471277,-0.430237575,-0.941512196,1.927042842,-0.984853525,0.422478475,1.535908624
1376,-0.498496471,0.03874621,0.011111111,-0.5222984549999999,0.014714597,0.0096283809999999,-0.456757872,-0.987682769,2.027012449,-1.038609486,0.395958184,1.535861696
1377,-0.465263373,0.03616313,0.011111111,-0.489108204,0.012057708,0.009839206,-0.487588295,-1.032085966,2.124314532,-1.091450027,0.365127769,1.535798886
1378,-0.432030275,0.033580049,0.011111111,-0.4558078479999999,0.009404113,0.010024283,-0.523872485,-1.074841341,2.219488538,-1.143785288,0.32884359,1.535710284
1379,-0.398797176,0.030996968,0.011111111,-0.422573229,0.006789651,0.010219485,-0.567195484,-1.115980463,2.313023496,-1.196058976,0.285520626,1.535582205
1380,-0.398797176,0.030996968,-0.044444444,-0.422533277,0.006556937,-0.044997113,-0.567195484,-0.946271154,2.307991765,-1.360736553,0.285520626,1.535582205
1381,-0.432030275,0.033580049,-0.044444444,-0.455793612,0.009159651,-0.0451872309999999,-0.523870052,-0.920951008,2.214827175,-1.293017935,0.32884604,1.535714179
1382,-0.465263373,0.03616313,-0.044444444,-0.489064541,0.011829962,-0.045433628,-0.487586276,-0.891249646,2.119947316,-1.227921445,0.365129804,1.535801369
1383,-0.498496471,0.03874621,-0.044444444,-0.522239167,0.014531869,-0.045684562,-0.456759717,-0.857808009,2.022879469,-1.164355151,0.395956319,1.535865908
1384,-0.531729569,0.041329291,-0.044444444,-0.555513691,0.017217657,-0.045935511,-0.430238921,-0.820974066,1.923082453,-1.101433881,0.422477118,1.535911493
1385,-0.564962667,0.043912372,-0.044444444,-0.588781538,0.019852888,-0.046150922,-0.407183729,-0.780884834,1.819948981,-1.03842199,0.445532308,1.535947159
1386,-0.598195765,0.046495452,-0.044444444,-0.6221712979999999,0.022496947,-0.046249678,-0.386956638,-0.7374971,1.712728365,-0.974614847,0.465759399,1.535975829
1387,-0.631428863,0.049078533,-0.044444444,-0.6554308099999999,0.025081865,-0.046566741,-0.369067473,-0.690590201,1.600464863,-0.909279189,0.483648561,1.535999382
1388,-0.664661961,0.051661614,-0.044444444,-0.688690293,0.0276667279999999,-0.046846674,-0.353131537,-0.639732905,1.481879788,-0.84156878,0.499584495,1.536019088
1389,-0.697895059,0.054244694,-0.044444444,-0.7220512760000001,0.0303370549999999,-0.047079034,-0.33884845,-0.584216714,1.355207042,-0.770426858,0.51386758,1.536035823
1390,-0.697895059,0.054244694,-0.1,-0.7219362079999999,0.030202715,-0.102374129,-0.338848453,-0.487183872,1.332390263,-0.844642658,0.513867543,1.536035498
1391,-0.664661961,0.051661614,-0.1,-0.688496352,0.027531801,-0.1022070779999999,-0.353132809,-0.53829179,1.459541072,-0.920670188,0.499583219,1.536017962
1392,-0.631428863,0.049078533,-0.1,-0.655218026,0.024913008,-0.101977327,-0.369066889,-0.584037372,1.578227544,-0.993593514,0.483649144,1.535998045
1393,-0.598195765,0.046495452,-0.1,-0.621966891,0.022337087,-0.101690205,-0.386955777,-0.625076347,1.690304136,-1.064609878,0.46576026,1.53597416
1394,-0.564962667,0.043912372,-0.1,-0.588684553,0.0196792319999999,-0.101391318,-0.407182517,-0.661736264,1.797073076,-1.13469268,0.445533525,1.53594497
1395,-0.531729569,0.041329291,-0.1,-0.555382158,0.017050221,-0.101193611,-0.430237221,-0.694094619,1.899495816,-1.204723922,0.422478825,1.535908456
1396,-0.498496471,0.03874621,-0.1,-0.522080781,0.014352235,-0.100940504,-0.456757302,-0.72200133,1.998308528,-1.275586735,0.395958748,1.535861405
1397,-0.465263373,0.03616313,-0.1,-0.488866411,0.011642072,-0.100718766,-0.487587343,-0.745062598,2.094092074,-1.348250433,0.365128713,1.535798349
1398,-0.432030275,0.033580049,-0.1,-0.455737833,0.009038548,-0.100445009,-0.523870052,-0.762583553,2.187308344,-1.423866561,0.32884604,1.535714179
1399,-0.398797176,0.030996968,-0.1,-0.422493806,0.006377651,-0.10016002,-0.567195484,-0.773463069,2.278358799,-1.503911673,0.285520626,1.535582205
1400,-0.389217948,0.092246348,-0.1,-0.413254854,0.067595554,-0.100244512,-0.730038287,-0.770592292,2.247558715,-1.474701435,0.122678004,1.534278457
1401,-0.421652777,0.099933544,-0.1,-0.4457346259999999,0.0753640489999999,-0.1005034299999999,-0.687440395,-0.757377517,2.15627715,-1.397214975,0.165275814,1.534864721
1402,-0.454087606,0.10762074,-0.1,-0.478106214,0.083090785,-0.100734826,-0.651542195,-0.737981116,2.062603734,-1.323235534,0.201173973,1.535167312
1403,-0.486522435,0.115307935,-0.1,-0.510521095,0.0908272369999999,-0.1010399199999999,-0.620881854,-0.71333474,1.966173815,-1.25163276,0.231834289,1.53535238
1404,-0.518957264,0.122995131,-0.1,-0.54303447,0.0985183509999999,-0.101217794,-0.594393334,-0.684014752,1.866506352,-1.181406626,0.258322792,1.535477448
1405,-0.551392093,0.130682327,-0.1,-0.5754907020000001,0.106237688,-0.101482932,-0.571283304,-0.650327392,1.762995221,-1.111674341,0.281432687,1.535572377
1406,-0.583826922,0.138369522,-0.1,-0.607900951,0.113940449,-0.10183889,-0.550941313,-0.61234526,1.654836888,-1.041562065,0.301774694,1.535639138
1407,-0.616261751,0.146056718,-0.1,-0.64037766,0.121623703,-0.102081281,-0.532899007,-0.569912826,1.54098354,-0.970189121,0.319817089,1.535689532
1408,-0.64869658,0.153743914,-0.1,-0.672916977,0.129437948,-0.102236385,-0.516790997,-0.522613387,1.420007022,-0.896552826,0.335925093,1.53573261
1409,-0.681131409,0.16143111,-0.1,-0.705426302,0.1372100419999999,-0.102544338,-0.502321072,-0.469660772,1.289819332,-0.819352464,0.350394939,1.535769461
1410,-0.681131409,0.16143111,-0.044444444,-0.705594665,0.1373511959999999,-0.04703945,-0.502321073,-0.565436295,1.31288251,-0.746639172,0.350394925,1.535768432
1411,-0.64869658,0.153743914,-0.044444444,-0.672985261,0.129576015,-0.046892072,-0.516792377,-0.622576057,1.442460648,-0.819042083,0.335923641,1.535730805
1412,-0.616261751,0.146056718,-0.044444444,-0.640525566,0.121792542,-0.046602032,-0.532900336,-0.674748806,1.563221246,-0.887588821,0.319815694,1.535687396
1413,-0.583826922,0.138369522,-0.044444444,-0.60807143,0.114142501,-0.046345343,-0.550940677,-0.722785578,1.677164699,-0.953444031,0.301775362,1.535633351
1414,-0.551392093,0.130682327,-0.044444444,-0.5755538360000001,0.106388899,-0.046128271,-0.571282438,-0.767192556,1.785690365,-1.01749645,0.281433609,1.535564182
1415,-0.518957264,0.122995131,-0.044444444,-0.543002881,0.098625388,-0.045965715,-0.594394801,-0.808251032,1.88983268,-1.080491826,0.258321253,1.53547243
1416,-0.486522435,0.115307935,-0.044444444,-0.51049892,0.090967619,-0.045766372,-0.620883447,-0.846059954,1.990389735,-1.143116004,0.231832613,1.535344708
1417,-0.454087606,0.10762074,-0.044444444,-0.478117172,0.083271874,-0.045510035,-0.651543958,-0.880543993,2.088000914,-1.206057148,0.20117211,1.535154354
1418,-0.421652777,0.099933544,-0.044444444,-0.445714282,0.075555448,-0.04520821,-0.687442372,-0.911431158,2.183194752,-1.270054189,0.165273704,1.534839614
1419,-0.389217948,0.092246348,-0.044444444,-0.413207158,0.067740204,-0.04499594,-0.730038287,-0.938191251,2.276412761,-1.335956531,0.122678004,1.534278465
1420,-0.389217948,0.092246348,0.011111111,-0.413239853,0.06796948,0.010142909,-0.730038287,-1.102145269,2.281305752,-1.176895498,0.122678005,1.53427846
1421,-0.421652777,0.099933544,0.011111111,-0.445786994,0.075746677,0.009952982,-0.687440395,-1.0606673,2.187743552,-1.125391594,0.165275814,1.534864722
1422,-0.454087606,0.10762074,0.011111111,-0.478198843,0.083449408,0.009721802,-0.651542195,-1.017535074,2.092280412,-1.073358254,0.201173973,1.535167312
1423,-0.486522435,0.115307935,0.011111111,-0.510646955,0.091174085,0.009572629,-0.620885541,-0.972706906,1.994469252,-1.020567003,0.231830424,1.535363654
1424,-0.518957264,0.122995131,0.011111111,-0.5431822869999999,0.098838101,0.009390981,-0.5943963,-0.926037506,1.89375369,-0.966637378,0.258319706,1.535483826
1425,-0.551392093,0.130682327,0.011111111,-0.5756977510000001,0.106595581,0.0091441789999999,-0.57128352,-0.877309421,1.789499719,-0.911196223,0.281432501,1.535571765
1426,-0.583826922,0.138369522,0.011111111,-0.608213928,0.114308726,0.008918158,-0.55094145,-0.826202206,1.680906828,-0.853774735,0.301774577,1.535638799
1427,-0.616261751,0.146056718,0.011111111,-0.640696825,0.1219754449999999,0.0087438439999999,-0.532900857,-0.772267425,1.566942118,-0.793795039,0.31981517,1.535691571
1428,-0.64869658,0.153743914,0.011111111,-0.673207635,0.129746529,0.0084894149999999,-0.516790997,-0.714867242,1.446203314,-0.730495262,0.335925093,1.53573261
1429,-0.681131409,0.16143111,0.011111111,-0.705819826,0.1375502569999999,0.0083337009999999,-0.502321072,-0.653084171,1.3167248,-0.662834453,0.350394948,1.535769376
1430,-0.681131409,0.16143111,0.066666667,-0.706023178,0.137715348,0.063876759,-0.50232108,-0.731384714,1.301405162,-0.569213361,0.350394761,1.535768374
1431,-0.64869658,0.153743914,0.066666667,-0.6734023419999999,0.129943591,0.063882656,-0.516792413,-0.798044582,1.431279823,-0.632392799,0.33592361,1.535730875
1432,-0.616261751,0.146056718,0.066666667,-0.640866575,0.1221611319999999,0.064150632,-0.532900375,-0.860735159,1.552139496,-0.690520836,0.319815662,1.535687519
1433,-0.583826922,0.138369522,0.066666667,-0.6083565630000001,0.1145004979999999,0.064426845,-0.550940725,-0.920513968,1.666027322,-0.744578465,0.301775324,1.535633561
1434,-0.551392093,0.130682327,0.066666667,-0.5758434539999999,0.106795035,0.0646184269999999,-0.571282501,-0.978156963,1.774362447,-0.795204473,0.281433559,1.535564545
1435,-0.518957264,0.122995131,0.066666667,-0.543273009,0.099049856,0.064647315,-0.594394891,-1.034283764,1.878185137,-0.84281218,0.25832118,1.53547308
1436,-0.486522435,0.115307935,0.066666667,-0.510756216,0.091441348,0.064880893,-0.620883585,-1.089431427,1.978288828,-0.887644831,0.2318325,1.535345947
1437,-0.454087606,0.10762074,0.066666667,-0.478288835,0.08371961,0.0650634009999999,-0.651544179,-1.144107514,2.075298491,-0.929793747,0.201171925,1.535156947
1438,-0.421652777,0.099933544,0.066666667,-0.445864544,0.076035361,0.0652535539999999,-0.687442751,-1.198836144,2.169717355,-0.969177957,0.165273384,1.53484585
1439,-0.389217948,0.092246348,0.066666667,-0.413340481,0.068261207,0.065287058,-0.730038287,-1.254202903,2.261945039,-1.005477157,0.122678005,1.534278465
1440,-0.389217948,0.092246348,0.122222222,-0.413449311,0.068521727,0.120511064,-0.730038287,-1.386983716,2.219446494,-0.830197792,0.122678005,1.534278459
1441,-0.421652777,0.099933544,0.122222222,-0.44602719,0.076264786,0.120405505,-0.687440395,-1.32029411,2.129914745,-0.807935978,0.165275815,1.534864723
1442,-0.454087606,0.10762074,0.122222222,-0.478447756,0.0839363529999999,0.120234171,-0.651542195,-1.255842588,2.037627371,-0.7803977,0.201173973,1.535167312
1443,-0.486522435,0.115307935,0.122222222,-0.510981993,0.091662614,0.120180736,-0.620881854,-1.19271227,1.942276858,-0.748358273,0.231834289,1.53535238
1444,-0.518957264,0.122995131,0.122222222,-0.543504637,0.099286952,0.12006035,-0.59439608,-1.130126992,1.843425054,-0.712218064,0.25831997,1.535482592
1445,-0.551392093,0.130682327,0.122222222,-0.576056466,0.107050204,0.119887485,-0.571283389,-1.06736325,1.740465035,-0.672107112,0.28143266,1.535571141
1446,-0.583826922,0.138369522,0.122222222,-0.608581558,0.114754402,0.119728837,-0.550941375,-1.003722846,1.632615746,-0.627962698,0.301774671,1.535638467
1447,-0.616261751,0.146056718,0.122222222,-0.641104376,0.122396423,0.119523526,-0.532899007,-0.93843451,1.518803284,-0.579487181,0.319817089,1.535689532
1448,-0.64869658,0.153743914,0.122222222,-0.6736769309999999,0.130176341,0.119327064,-0.516790999,-0.870591324,1.397551739,-0.526121038,0.335925035,1.535734116
1449,-0.681131409,0.16143111,0.122222222,-0.706253127,0.137926309,0.119125635,-0.502321071,-0.798979387,1.266674198,-0.466888615,0.350394955,1.535769351
1450,-0.681131409,0.16143111,0.177777778,-0.706514626,0.138120475,0.174642108,-0.502321089,-0.854418109,1.211856546,-0.356631336,0.350394547,1.535768326
1451,-0.64869658,0.153743914,0.177777778,-0.67391789,0.130398306,0.174918011,-0.516792452,-0.931040705,1.344675056,-0.412791888,0.335923569,1.53573085
1452,-0.616261751,0.146056718,0.177777778,-0.64130366,0.122599689,0.174939839,-0.532900345,-1.003791664,1.466817555,-0.462142433,0.319815695,1.535687563
1453,-0.583826922,0.138369522,0.177777778,-0.608770932,0.11493967,0.175117913,-0.550940625,-1.074076205,1.580747577,-0.505736615,0.30177543,1.535633697
1454,-0.551392093,0.130682327,0.177777778,-0.576266118,0.10725743,0.175369119,-0.571282313,-1.142946023,1.688092151,-0.544145392,0.281433756,1.53556483
1455,-0.518957264,0.122995131,0.177777778,-0.54369755,0.099581214,0.17546866,-0.594394577,-1.211279435,1.789982118,-0.577614023,0.258321508,1.535473631
1456,-0.486522435,0.115307935,0.177777778,-0.511199169,0.091973377,0.17546686,-0.620883072,-1.279884492,1.887223166,-0.606127151,0.231833031,1.535347023
1457,-0.454087606,0.10762074,0.177777778,-0.478654538,0.084257784,0.1755727239999999,-0.651543337,-1.349572993,1.980389966,-0.629421933,0.201172792,1.535159182
1458,-0.421652777,0.099933544,0.177777778,-0.44616104,0.076559016,0.175715574,-0.687440396,-1.421219615,2.069871228,-0.646966959,0.165275815,1.534864725
1459,-0.389217948,0.092246348,0.177777778,-0.413720626,0.068909343,0.175791807,-0.730038287,-1.495835182,2.155899899,-0.657799736,0.122678005,1.534278464
1460,-0.389217948,0.092246348,0.233333333,-0.413893884,0.069157813,0.231114576,-0.730038287,-1.5792303,2.073670707,-0.492175422,0.122678005,1.53427846
1461,-0.421652777,0.099933544,0.233333333,-0.44641879,0.076815497,0.230947616,-0.687440395,-1.499959228,1.991358583,-0.489714699,0.165275815,1.534864724
1462,-0.454087606,0.10762074,0.233333333,-0.478900506,0.084481748,0.230978618,-0.651542195,-1.423642003,1.904869113,-0.479840026,0.201173973,1.535167312
1463,-0.486522435,0.115307935,0.233333333,-0.511477999,0.092215667,0.230869389,-0.620881854,-1.349355463,1.814017301,-0.463455522,0.231834289,1.53535238
1464,-0.518957264,0.122995131,0.233333333,-0.54402282,0.0998455809999999,0.230735963,-0.594393334,-1.276242139,1.718424544,-0.441097432,0.258322792,1.535477448
1465,-0.551392093,0.130682327,0.233333333,-0.5765138439999999,0.107510528,0.230692333,-0.571281057,-1.203471514,1.617498052,-0.413028582,0.281435056,1.535567729
1466,-0.583826922,0.138369522,0.233333333,-0.609026339,0.11518155,0.230527954,-0.550939343,-1.130182492,1.510368098,-0.379253067,0.30177676,1.535636025
1467,-0.616261751,0.146056718,0.233333333,-0.641651873,0.122854176,0.230344851,-0.532899007,-1.055404275,1.395769074,-0.339483205,0.319817089,1.535689532
1468,-0.64869658,0.153743914,0.233333333,-0.674200063,0.130591905,0.2302640309999999,-0.516790997,-0.977932248,1.271816821,-0.293043763,0.335925093,1.53573261
1469,-0.681131409,0.16143111,0.233333333,-0.706838206,0.1383508769999999,0.230133222,-0.502321071,-0.896100995,1.135564091,-0.238656999,0.350394957,1.535769445
1470,-0.681131409,0.16143111,0.288888889,-0.707198364,0.138580486,0.285733415,-0.502321069,-0.922016401,1.035058791,-0.112234957,0.350395016,1.535768051
1471,-0.64869658,0.153743914,0.288888889,-0.674538927,0.130842724,0.285777017,-0.516790997,-1.009715431,1.177322598,-0.166766358,0.335925093,1.53573261
1472,-0.616261751,0.146056718,0.288888889,-0.6419290049999999,0.123096157,0.2859171559999999,-0.532899007,-1.091981285,1.304677543,-0.211814665,0.319817089,1.535689532
1473,-0.583826922,0.138369522,0.288888889,-0.609274495,0.115376272,0.286081574,-0.550940535,-1.170928927,1.420996459,-0.249132731,0.301775519,1.53563365
1474,-0.551392093,0.130682327,0.288888889,-0.576758397,0.107699605,0.286007047,-0.571282089,-1.247975009,1.528619,-0.279643328,0.281433982,1.535564905
1475,-0.518957264,0.122995131,0.288888889,-0.544251206,0.100073923,0.2861522019999999,-0.594394188,-1.32420397,1.629072226,-0.303779856,0.258321902,1.535473898
1476,-0.486522435,0.115307935,0.288888889,-0.511702032,0.092489767,0.28632695,-0.620881854,-1.400511089,1.723363713,-0.321646308,0.231834289,1.535352381
1477,-0.454087606,0.10762074,0.288888889,-0.47919257,0.084803076,0.286376363,-0.651542195,-1.477718116,1.812172899,-0.3330677,0.201173973,1.535167313
1478,-0.421652777,0.099933544,0.288888889,-0.446678507,0.077140206,0.286365294,-0.687440396,-1.556604942,1.895913636,-0.337624039,0.165275815,1.534864725
1479,-0.389217948,0.092246348,0.288888889,-0.414137956,0.0694279159999999,0.286444217,-0.730038287,-1.637952762,1.974788505,-0.334570762,0.122678005,1.534278464
1480,-0.389217948,0.092246348,0.344444444,-0.414463815,0.069722074,0.342008068,-0.730038287,-1.673921525,1.86055854,-0.184372032,0.122678005,1.534278462
1481,-0.421652777,0.099933544,0.344444444,-0.4470381419999999,0.077397436,0.341901167,-0.687440395,-1.592226013,1.784470566,-0.190559898,0.165275815,1.534864724
1482,-0.454087606,0.10762074,0.344444444,-0.479558774,0.08507597,0.341798518,-0.651542195,-1.512244784,1.702851355,-0.189219487,0.201173973,1.535167313
1483,-0.486522435,0.115307935,0.344444444,-0.512045285,0.092712037,0.341764497,-0.620881854,-1.433325459,1.615419359,-0.180887585,0.231834289,1.535352381
1484,-0.518957264,0.122995131,0.344444444,-0.544591895,0.100280399,0.341593955,-0.594393334,-1.354750613,1.521647279,-0.165811692,0.258322792,1.535477448
1485,-0.551392093,0.130682327,0.344444444,-0.577176398,0.108001689,0.341479046,-0.571281057,-1.275709582,1.420696253,-0.143988716,0.281435056,1.535567729
1486,-0.583826922,0.138369522,0.344444444,-0.609703092,0.115665042,0.341512858,-0.550939343,-1.195228396,1.311279803,-0.115118868,0.30177676,1.535636025
1487,-0.616261751,0.146056718,0.344444444,-0.642303761,0.123326453,0.341352183,-0.532899007,-1.112038441,1.191403206,-0.078483172,0.319817089,1.535689532
1488,-0.64869658,0.153743914,0.344444444,-0.674931468,0.131095782,0.341192053,-0.516790997,-1.024312275,1.057826513,-0.032673429,0.335925093,1.53573261
1489,-0.681131409,0.16143111,0.344444444,-0.707528735,0.1388034169999999,0.341213478,-0.502321069,-0.929049833,0.904799348,0.025057919,0.350395016,1.535768051
1490,-0.681131409,0.16143111,0.4,-0.707946041,0.1390388169999999,0.396843808,-0.502321069,-0.910909398,0.732170588,0.179546244,0.350395016,1.535768051
1491,-0.64869658,0.153743914,0.4,-0.6752841509999999,0.1312911389999999,0.396828847,-0.516790997,-1.018158141,0.906317309,0.112681641,0.335925093,1.53573261
1492,-0.616261751,0.146056718,0.4,-0.6426398390000001,0.123544505,0.39698683,-0.532899007,-1.113314454,1.05153506,0.062660987,0.319817089,1.535689532
1493,-0.583826922,0.138369522,0.4,-0.610014709,0.1158640309999999,0.397046377,-0.550939343,-1.201623766,1.178300766,0.024255539,0.30177676,1.535636025
1494,-0.551392093,0.130682327,0.4,-0.577472547,0.108213911,0.397028477,-0.571281057,-1.285798201,1.291770607,-0.004974451,0.281435056,1.535567729
1495,-0.518957264,0.122995131,0.4,-0.544877294,0.100527981,0.397168858,-0.594393334,-1.367508633,1.394879023,-0.026285416,0.258322792,1.535477448
1496,-0.486522435,0.115307935,0.4,-0.512302615,0.092939989,0.397219424,-0.620881854,-1.447912894,1.489432718,-0.040313509,0.231834289,1.535352381
1497,-0.454087606,0.10762074,0.4,-0.479824503,0.0853366999999999,0.39729329,-0.651542195,-1.527885741,1.576585831,-0.047313006,0.201173973,1.535167313
1498,-0.421652777,0.099933544,0.4,-0.447263454,0.077616122,0.397410807,-0.687440396,-1.608130412,1.657073258,-0.047258192,0.165275815,1.534864725
1499,-0.389217948,0.092246348,0.4,-0.414734622,0.069942546,0.397454626,-0.730038287,-1.68922559,1.731327249,-0.039836677,0.122678005,1.534278464
1500,-0.370289588,0.151279943,0.4,-0.395880001,0.128892609,0.397585008,-0.886802834,-1.66169838,1.706926144,-0.053362424,-0.034087952,1.544656361
1501,-0.401147053,0.163886605,0.4,-0.426853691,0.1414139099999999,0.397443734,-0.845458049,-1.57078733,1.620628745,-0.011639133,0.007261933,1.498325146
1502,-0.432004519,0.176493267,0.4,-0.4578124209999999,0.154029911,0.397301001,-0.810406059,-1.497932664,1.544758006,-0.040272637,0.042310826,1.529979582
1503,-0.462861985,0.189099929,0.4,-0.48871559,0.1665756759999999,0.397319188,-0.780317728,-1.418646074,1.455817295,-0.033339516,0.07239878,1.532704756
1504,-0.49371945,0.201706591,0.4,-0.519735104,0.179293103,0.397175345,-0.754212373,-1.338246555,1.358761415,-0.017696538,0.098503996,1.533721762
1505,-0.524576916,0.214313253,0.4,-0.5507025680000001,0.191876337,0.397101889,-0.731350884,-1.256052996,1.252505968,0.005836384,0.12136541,1.534253907
1506,-0.555434382,0.226919915,0.4,-0.581657796,0.204525978,0.397189747,-0.711165854,-1.170829847,1.134984929,0.037809551,0.141550396,1.534581438
1507,-0.586291847,0.239526577,0.4,-0.612777381,0.2171662929999999,0.397054886,-0.693214566,-1.080654448,1.002689998,0.079709545,0.159501653,1.534803479
1508,-0.617149313,0.252133239,0.4,-0.643815951,0.229891447,0.396881704,-0.677146609,-0.982208684,0.849170835,0.134624661,0.175569587,1.534964005
1509,-0.648006778,0.264739901,0.4,-0.6749030189999999,0.242664618,0.396807289,-0.662681061,-0.868473523,0.660234748,0.209706094,0.190035119,1.535085519
1510,-0.648006778,0.264739901,0.344444444,-0.674485691,0.242364611,0.341317647,-0.662681061,-0.892935794,0.844685692,0.049717417,0.190035119,1.535085523
1511,-0.617149313,0.252133239,0.344444444,-0.643396128,0.229646604,0.341434682,-0.677146609,-0.991862557,1.006615479,-0.013166111,0.175569587,1.534964005
1512,-0.586291847,0.239526577,0.344444444,-0.6123829930000001,0.216947036,0.341466894,-0.693214566,-1.08166949,1.145978581,-0.062563996,0.159501653,1.534803479
1513,-0.555434382,0.226919915,0.344444444,-0.5813224269999999,0.204345,0.341610912,-0.711165854,-1.166058891,1.270017622,-0.101994098,0.141550396,1.534581439
1514,-0.524576916,0.214313253,0.344444444,-0.5503930800000001,0.191711527,0.341595612,-0.731350884,-1.247152701,1.382626626,-0.133184571,0.12136541,1.534253908
1515,-0.49371945,0.201706591,0.344444444,-0.5194157199999999,0.1790974,0.341643837,-0.754212373,-1.326347784,1.486127517,-0.156961413,0.098503996,1.533721765
1516,-0.462861985,0.189099929,0.344444444,-0.488438614,0.166415107,0.341828574,-0.780317728,-1.404635074,1.581952589,-0.173485827,0.072398781,1.532704772
1517,-0.432004519,0.176493267,0.344444444,-0.457495591,0.153819785,0.34190578,-0.810406059,-1.482595324,1.670809035,-0.181660984,0.042310828,1.52997956
1518,-0.401147053,0.163886605,0.344444444,-0.426588159,0.1412511649999999,0.341947239,-0.845458054,-1.554887329,1.747420643,-0.154363239,0.007263073,1.498357354
1519,-0.370289588,0.151279943,0.344444444,-0.395603465,0.128650331,0.342021155,-0.886802841,-1.646082437,1.835454274,-0.197478708,-0.034086547,1.544628567
1520,-0.370289588,0.151279943,0.288888889,-0.395313785,0.128332941,0.286497223,-0.886802835,-1.610140633,1.948683876,-0.346677903,-0.034087963,1.544656358
1521,-0.401147053,0.163886605,0.288888889,-0.426286364,0.140890431,0.2865083599999999,-0.845458048,-1.519668377,1.857740874,-0.299866636,0.007261867,1.498321567
1522,-0.432004519,0.176493267,0.288888889,-0.457233483,0.153480066,0.286414003,-0.810406059,-1.448641908,1.779521978,-0.324327356,0.042310827,1.529979573
1523,-0.462861985,0.189099929,0.288888889,-0.488178834,0.166096511,0.286348878,-0.780317728,-1.372584735,1.689599381,-0.313182938,0.072398779,1.532704752
1524,-0.49371945,0.201706591,0.288888889,-0.519103372,0.178734322,0.286258375,-0.754212373,-1.296745915,1.593598486,-0.294034247,0.098503996,1.533721762
1525,-0.524576916,0.214313253,0.288888889,-0.550070919,0.191349441,0.286085667,-0.731350884,-1.220564193,1.491018421,-0.268164872,0.12136541,1.534253907
1526,-0.555434382,0.226919915,0.288888889,-0.5810414100000001,0.204015666,0.286108353,-0.711165854,-1.143156326,1.380758429,-0.23563747,0.141550396,1.534581439
1527,-0.586291847,0.239526577,0.288888889,-0.612109877,0.216670092,0.285784997,-0.693214566,-1.063372654,1.261081767,-0.195964018,0.159501653,1.534803479
1528,-0.617149313,0.252133239,0.288888889,-0.6430876130000001,0.229350649,0.2858745359999999,-0.677146609,-0.979615406,1.129230268,-0.14802805,0.175569587,1.534964005
1529,-0.648006778,0.264739901,0.288888889,-0.674151402,0.242148783,0.285648728,-0.662681061,-0.889394518,0.980510646,-0.089648809,0.190035119,1.535085519
1530,-0.648006778,0.264739901,0.233333333,-0.67382683,0.241864592,0.230147346,-0.662681061,-0.865944525,1.084059085,-0.216647242,0.190035119,1.53508552
1531,-0.617149313,0.252133239,0.233333333,-0.642771564,0.229118929,0.230348102,-0.677146609,-0.949740427,1.225471862,-0.274144624,0.175569587,1.534964005
1532,-0.586291847,0.239526577,0.233333333,-0.611783012,0.216519989,0.230439643,-0.693215986,-1.028403116,1.353149694,-0.322987761,0.159499838,1.534789571
1533,-0.555434382,0.226919915,0.233333333,-0.580755298,0.203840488,0.230580449,-0.711167142,-1.10383868,1.470584467,-0.364763016,0.14154875,1.53456311
1534,-0.524576916,0.214313253,0.233333333,-0.54977686,0.191139683,0.230822588,-0.731352079,-1.177367912,1.579952557,-0.400268739,0.121363866,1.534227152
1535,-0.49371945,0.201706591,0.233333333,-0.5188780080000001,0.178579672,0.230816959,-0.754213479,-1.249999105,1.682674995,-0.429813531,0.098502527,1.533677499
1536,-0.462861985,0.189099929,0.233333333,-0.487925778,0.165884809,0.230898149,-0.780318716,-1.322553235,1.779671171,-0.45319965,0.072397408,1.532617927
1537,-0.432004519,0.176493267,0.233333333,-0.456950639,0.153238472,0.231053818,-0.810406059,-1.39562323,1.871368286,-0.469192333,0.042310827,1.529979564
1538,-0.401147053,0.163886605,0.233333333,-0.425979872,0.140608533,0.231097703,-0.845458054,-1.46413771,1.95183464,-0.449526253,0.007263094,1.498356751
1539,-0.370289588,0.151279943,0.233333333,-0.3950955339999999,0.128062067,0.231097506,-0.886802841,-1.552048622,2.046315537,-0.502369926,-0.034086418,1.544624706
1540,-0.370289588,0.151279943,0.177777778,-0.3949213609999999,0.127775771,0.175844331,-0.886802835,-1.470218839,2.127216329,-0.665133352,-0.034087941,1.544657561
1541,-0.401147053,0.163886605,0.177777778,-0.425826867,0.14030114,0.175752068,-0.845458046,-1.387558813,2.02882069,-0.60304811,0.007261731,1.498313661
1542,-0.432004519,0.176493267,0.177777778,-0.456779771,0.152935605,0.17557861,-0.810408846,-1.323292253,1.945950555,-0.616130169,0.042308039,1.530004161
1543,-0.462861985,0.189099929,0.177777778,-0.487715681,0.165564085,0.17550889,-0.780317728,-1.254748745,1.85221307,-0.593632603,0.072398778,1.532704739
1544,-0.49371945,0.201706591,0.177777778,-0.5186419680000001,0.178236933,0.175519742,-0.754212373,-1.18664521,1.75380981,-0.564346276,0.098503996,1.533721761
1545,-0.524576916,0.214313253,0.177777778,-0.549595863,0.190852429,0.175333585,-0.731350884,-1.11842048,1.650380457,-0.52967062,0.12136541,1.534253906
1546,-0.555434382,0.226919915,0.177777778,-0.5805222489999999,0.203506773,0.175055859,-0.711165854,-1.04931192,1.541089346,-0.489812792,0.141550396,1.534581438
1547,-0.586291847,0.239526577,0.177777778,-0.61154956,0.2161466159999999,0.175014193,-0.693214566,-0.978418194,1.424683726,-0.444520437,0.159501653,1.534803479
1548,-0.617149313,0.252133239,0.177777778,-0.642535606,0.2288806789999999,0.174844383,-0.677146609,-0.904603717,1.299311375,-0.393120846,0.175569587,1.534964005
1549,-0.648006778,0.264739901,0.177777778,-0.673520554,0.241626597,0.1745632359999999,-0.662681061,-0.826290134,1.162109296,-0.334351844,0.190035119,1.535085519
1550,-0.648006778,0.264739901,0.122222222,-0.673250773,0.241349164,0.119119285,-0.662681061,-0.772681655,1.217940343,-0.443791369,0.190035119,1.535085519
1551,-0.617149313,0.252133239,0.122222222,-0.6422601,0.2286750189999999,0.11939793,-0.677148117,-0.845897686,1.352736836,-0.505241737,0.175567659,1.534953229
1552,-0.586291847,0.239526577,0.122222222,-0.611278886,0.215989799,0.119632428,-0.693215973,-0.914801207,1.476889225,-0.560329523,0.159499865,1.534789899
1553,-0.555434382,0.226919915,0.122222222,-0.580328579,0.203366367,0.119841001,-0.71116723,-0.980751967,1.592917618,-0.610182509,0.141548645,1.534562736
1554,-0.524576916,0.214313253,0.122222222,-0.549397964,0.190680465,0.119953835,-0.731352277,-1.044736203,1.702496312,-0.655442497,0.121363621,1.534225433
1555,-0.49371945,0.201706591,0.122222222,-0.518431668,0.178024285,0.1201220869999999,-0.754213818,-1.107538337,1.806788696,-0.696383049,0.0985021,1.533672525
1556,-0.462861985,0.189099929,0.122222222,-0.487501578,0.165325105,0.120344874,-0.780319258,-1.169818571,1.906590427,-0.732838559,0.072396718,1.532602876
1557,-0.432004519,0.176493267,0.122222222,-0.456522461,0.1526328619999999,0.120330169,-0.810407702,-1.232037778,2.002224868,-0.763361451,0.042308653,1.529706359
1558,-0.401147053,0.163886605,0.122222222,-0.425630841,0.1400383459999999,0.120483236,-0.845459468,-1.290926612,2.088702768,-0.764410298,0.007260905,1.50316164
1559,-0.370289588,0.151279943,0.122222222,-0.3947457729999999,0.127448021,0.1206056049999999,-0.886802841,-1.364130762,2.189483345,-0.833456202,-0.034086472,1.544625316
1560,-0.370289588,0.151279943,0.066666667,-0.394622148,0.127138902,0.0653404029999999,-0.886802835,-1.235376785,2.23100902,-1.003768651,-0.034087929,1.544658115
1561,-0.401147053,0.163886605,0.066666667,-0.425577977,0.13980135,0.065343244,-0.845458044,-1.173268931,2.126187538,-0.914693764,0.007261488,1.498302586
1562,-0.432004519,0.176493267,0.066666667,-0.456420927,0.15235081,0.065062044,-0.810409412,-1.123713974,2.039400006,-0.90953088,0.042306136,1.530377509
1563,-0.462861985,0.189099929,0.066666667,-0.487338008,0.165001228,0.064838307,-0.780317728,-1.069374049,1.942124716,-0.868918916,0.072398776,1.53270471
1564,-0.49371945,0.201706591,0.066666667,-0.5182226470000001,0.177663844,0.064672244,-0.754212373,-1.01418213,1.84121035,-0.824209893,0.098503995,1.533721758
1565,-0.524576916,0.214313253,0.066666667,-0.549212082,0.1903572,0.064555162,-0.731353263,-0.957760294,1.736207471,-0.7762083,0.121361708,1.534304754
1566,-0.555434382,0.226919915,0.066666667,-0.5801418660000001,0.203040447,0.064370328,-0.711167922,-0.89956229,1.626274188,-0.724773657,0.141547496,1.534608088
1567,-0.586291847,0.239526577,0.066666667,-0.611092011,0.215649721,0.064011401,-0.693214566,-0.838954429,1.510303213,-0.669603689,0.159501653,1.534803479
1568,-0.617149313,0.252133239,0.066666667,-0.642079821,0.228406326,0.063930937,-0.677146609,-0.775104511,1.386733532,-0.61004221,0.175569587,1.534964005
1569,-0.648006778,0.264739901,0.066666667,-0.673030805,0.2411442429999999,0.06372174,-0.662681061,-0.706812804,1.253217091,-0.544936968,0.190035119,1.535085519
1570,-0.648006778,0.264739901,0.011111111,-0.672857026,0.240935269,0.008358883,-0.662681061,-0.630145981,1.268754297,-0.637140998,0.190035119,1.535085519
1571,-0.617149313,0.252133239,0.011111111,-0.641910371,0.228240608,0.008636806,-0.677148075,-0.693686256,1.401764944,-0.706481114,0.175567686,1.534953066
1572,-0.586291847,0.239526577,0.011111111,-0.610881078,0.215521566,0.008766413,-0.693215967,-0.752411548,1.525119471,-0.77094883,0.159499835,1.534789294
1573,-0.555434382,0.226919915,0.011111111,-0.5799831209999999,0.202914938,0.009014355,-0.711167256,-0.807385825,1.641081742,-0.831711391,0.14154856,1.534561338
1574,-0.524576916,0.214313253,0.011111111,-0.5490764659999999,0.190204842,0.009277219,-0.731352341,-0.859321283,1.751200513,-0.889558558,0.121363466,1.534222351
1575,-0.49371945,0.201706591,0.011111111,-0.5181415389999999,0.177555194,0.009474339,-0.754213934,-0.908708905,1.856585192,-0.945001716,0.098501841,1.533665227
1576,-0.462861985,0.189099929,0.011111111,-0.487246194,0.16484452,0.009647833,-0.780319455,-0.955872113,1.95802312,-0.998197272,0.072396286,1.532582382
1577,-0.432004519,0.176493267,0.011111111,-0.456337082,0.152173069,0.009835103,-0.810408029,-1.000904269,2.055850812,-1.048039092,0.042307958,1.529624468
1578,-0.401147053,0.163886605,0.011111111,-0.42548145,0.1395930329999999,0.010034259,-0.845460073,-1.041156872,2.144669539,-1.069016701,0.007260665,1.502031478
1579,-0.370289588,0.151279943,0.011111111,-0.394577467,0.126882193,0.010230071,-0.886802839,-1.088316325,2.249870976,-1.169646743,-0.034086181,1.544613786
1580,-0.370289588,0.151279943,-0.044444444,-0.394606113,0.126707785,-0.044928675,-0.886802835,-0.92964925,2.245112464,-1.323598423,-0.034087946,1.544656908
1581,-0.401147053,0.163886605,-0.044444444,-0.42546032,0.139347061,-0.045206228,-0.84545804,-0.897457412,2.139243461,-1.203548601,0.007261072,1.49828998
1582,-0.432004519,0.176493267,-0.044444444,-0.456290972,0.151912314,-0.04550981,-0.810406059,-0.868023885,2.051745294,-1.177168515,0.042310814,1.529979393
1583,-0.462861985,0.189099929,-0.044444444,-0.487150832,0.164585406,-0.0457964899999999,-0.780317728,-0.832630338,1.954043225,-1.117581092,0.072398772,1.532704665
1584,-0.49371945,0.201706591,-0.044444444,-0.518030537,0.17726085,-0.046011309,-0.754212373,-0.793820096,1.852727229,-1.056088803,0.098503995,1.533721755
1585,-0.524576916,0.214313253,-0.044444444,-0.549008908,0.189976747,-0.046146016,-0.731350884,-0.75170699,1.747430991,-0.993434643,0.12136541,1.534253906
1586,-0.555434382,0.226919915,-0.044444444,-0.5798851190000001,0.202650143,-0.0464204099999999,-0.711165854,-0.706153196,1.637360401,-0.929242571,0.141550396,1.534581438
1587,-0.586291847,0.239526577,-0.044444444,-0.610821265,0.215273517,-0.046629665,-0.693214566,-0.656813954,1.52140057,-0.862841521,0.159501653,1.534803479
1588,-0.617149313,0.252133239,-0.044444444,-0.6417323149999999,0.227993875,-0.046944918,-0.677146609,-0.603089687,1.397992926,-0.793316428,0.175569587,1.534964005
1589,-0.648006778,0.264739901,-0.044444444,-0.672688717,0.2407854089999999,-0.047124536,-0.662681061,-0.544002962,1.264858922,-0.719388641,0.190035119,1.535085519
1590,-0.648006778,0.264739901,-0.1,-0.6725836550000001,0.240603551,-0.102411055,-0.662681061,-0.449531164,1.241456849,-0.790458367,0.190035119,1.535085519
1591,-0.617149313,0.252133239,-0.1,-0.641637709,0.227908082,-0.102202086,-0.67714804,-0.504679416,1.375380617,-0.869102927,0.175567667,1.534952355
1592,-0.586291847,0.239526577,-0.1,-0.610714216,0.215244828,-0.101923853,-0.693215896,-0.553781145,1.499126989,-0.943585699,0.159499845,1.534788228
1593,-0.555434382,0.226919915,-0.1,-0.5797514149999999,0.202553433,-0.10174232,-0.711167141,-0.59779095,1.61509116,-1.015313901,0.141548597,1.534559538
1594,-0.524576916,0.214313253,-0.1,-0.548887526,0.189849256,-0.101460665,-0.731352165,-0.637237793,1.724885081,-1.08532322,0.121363535,1.53421893
1595,-0.49371945,0.201706591,-0.1,-0.517998928,0.177187513,-0.101216637,-0.754213665,-0.672357582,1.829643329,-1.154403705,0.098501947,1.533657721
1596,-0.462861985,0.189099929,-0.1,-0.4871605819999999,0.164497576,-0.100961675,-0.780319039,-0.7031416,1.93015192,-1.223036313,0.072396435,1.532562057
1597,-0.432004519,0.176493267,-0.1,-0.456252982,0.151788103,-0.1007090539999999,-0.810407387,-0.729303034,2.026720333,-1.290429815,0.042308166,1.529544361
1598,-0.401147053,0.163886605,-0.1,-0.425443496,0.139218491,-0.100473919,-0.845458055,-0.748890948,2.113059081,-1.325997757,0.007263189,1.498357053
1599,-0.370289588,0.151279943,-0.1,-0.394643598,0.12655665,-0.100172942,-0.886802827,-0.766900682,2.21695501,-1.458128057,-0.034085842,1.544595419
1600,-0.34246676,0.206679748,-0.1,-0.367125578,0.182048065,-0.100273434,-1.038069817,-0.761470036,2.180316895,-1.420350741,-0.185354039,1.538004543
1601,-0.371005656,0.223903061,-0.1,-0.395601469,0.19922923,-0.100516336,-0.998363727,-0.743695137,2.087823424,-1.346038022,-0.145648009,1.538415937
1602,-0.399544553,0.241126373,-0.1,-0.4241090709999999,0.216451921,-0.100816062,-0.9645126,-0.720523868,1.992717228,-1.27467773,-0.111796962,1.538995283
1603,-0.42808345,0.258349686,-0.1,-0.452680396,0.233734382,-0.10106487,-0.935317385,-0.69261752,1.894590628,-1.205332383,-0.082601869,1.539874244
1604,-0.456622346,0.275572998,-0.1,-0.481312205,0.251018508,-0.101256443,-0.909884003,-0.660380869,1.792982125,-1.137452138,-0.057168694,1.54136938
1605,-0.485161243,0.29279631,-0.1,-0.5098491230000001,0.268213926,-0.101551134,-0.887534557,-0.624049806,1.687390818,-1.070878446,-0.034817112,1.544058779
1606,-0.51370014,0.310019623,-0.1,-0.538444131,0.2854583109999999,-0.101836303,-0.867738471,-0.584271311,1.578836459,-1.011952358,-0.015022876,1.553911431
1607,-0.542239036,0.327242935,-0.1,-0.566938291,0.302836176,-0.101896251,-0.850083169,-0.521793938,1.419178021,-0.795656847,0.00264182,1.434799546
1608,-0.570777933,0.344466247,-0.1,-0.5957006290000001,0.320074181,-0.1022731299999999,-0.834245636,-0.482888802,1.32195307,-0.82405881,0.018472419,1.521523525
1609,-0.59931683,0.36168956,-0.1,-0.624327812,0.337402348,-0.1025222,-0.819955629,-0.426028356,1.18565737,-0.751166257,0.032761503,1.528068206
1610,-0.59931683,0.36168956,-0.044444444,-0.624447709,0.337556828,-0.0471180209999999,-0.819955629,-0.519154808,1.20953358,-0.681917014,0.032761522,1.528069205
1611,-0.570777933,0.344466247,-0.044444444,-0.595753822,0.320321969,-0.046852837,-0.834247189,-0.57944311,1.344320515,-0.748444141,0.018462167,1.520095479
1612,-0.542239036,0.327242935,-0.044444444,-0.567023599,0.303036241,-0.046678597,-0.850083672,-0.623165139,1.445161365,-0.73031912,0.002644635,1.4448497
1613,-0.51370014,0.310019623,-0.044444444,-0.538517196,0.285665026,-0.04640527,-0.867737092,-0.690952789,1.601386509,-0.928884132,-0.015023669,1.554974752
1614,-0.485161243,0.29279631,-0.044444444,-0.509913971,0.268454432,-0.046108583,-0.887532567,-0.736335282,1.709918358,-0.981544646,-0.034817666,1.544483167
1615,-0.456622346,0.275572998,-0.044444444,-0.481301618,0.251188775,-0.045955404,-0.909884004,-0.779248211,1.815834556,-1.041437077,-0.057168684,1.54136923
1616,-0.42808345,0.258349686,-0.044444444,-0.452716209,0.233997553,-0.04574128,-0.935317385,-0.819094099,1.918135412,-1.102400572,-0.082601866,1.539874228
1617,-0.399544553,0.241126373,-0.044444444,-0.4241422509999999,0.216741147,-0.045480603,-0.9645126,-0.855781328,2.017222375,-1.163925417,-0.111796961,1.538995283
1618,-0.371005656,0.223903061,-0.044444444,-0.395591207,0.199469206,-0.045250132,-0.998363727,-0.889143978,2.113588574,-1.226354332,-0.145648008,1.538415939
1619,-0.34246676,0.206679748,-0.044444444,-0.367055749,0.182198218,-0.044999661,-1.038069816,-0.918840968,2.207695393,-1.290358359,-0.185354041,1.538004596
1620,-0.34246676,0.206679748,0.011111111,-0.367038245,0.182381133,0.010133222,-1.038069816,-1.07165175,2.212326518,-1.142178702,-0.185354041,1.538004596
1621,-0.371005656,0.223903061,0.011111111,-0.395650211,0.199655009,0.0099284389999999,-0.998363727,-1.029193698,2.117934966,-1.090651003,-0.145648009,1.538415937
1622,-0.399544553,0.241126373,0.011111111,-0.424189011,0.21686088,0.009751991,-0.964516796,-0.985076509,2.021340981,-1.038705463,-0.111800914,1.538951646
1623,-0.42808345,0.258349686,0.011111111,-0.452804142,0.23415044,0.0095749999999999,-0.935320694,-0.939205435,1.922074436,-0.986150198,-0.082604684,1.539795912
1624,-0.456622346,0.275572998,0.011111111,-0.481423028,0.25135375,0.009320726,-0.909886683,-0.891430203,1.819627928,-0.932891078,-0.057170362,1.541211604
1625,-0.485161243,0.29279631,0.011111111,-0.510033582,0.2685964609999999,0.009080922,-0.887534748,-0.841612356,1.7135707,-0.879552871,-0.034817992,1.54411591
1626,-0.51370014,0.310019623,0.011111111,-0.538644412,0.285811551,0.00887632,-0.8677387,-0.790219462,1.604823971,-0.832111986,-0.015023676,1.554031717
1627,-0.542239036,0.327242935,0.011111111,-0.56715964,0.303068372,0.0092309,-0.850096898,-0.724896233,1.465760154,-0.696272223,0.002597654,1.49193528
1628,-0.570777933,0.344466247,0.011111111,-0.595923454,0.3205217569999999,0.008550594,-0.834246942,-0.668531775,1.349026529,-0.666397757,0.018466877,1.522432114
1629,-0.59931683,0.36168956,0.011111111,-0.624602719,0.337747432,0.008185174,-0.819955629,-0.603695262,1.213504799,-0.601346936,0.032761506,1.528068361
1630,-0.59931683,0.36168956,0.066666667,-0.6247810389999999,0.337973867,0.063725918,-0.819955629,-0.678578326,1.197663838,-0.510623674,0.032761522,1.528069126
1631,-0.570777933,0.344466247,0.066666667,-0.596049937,0.3207464759999999,0.063990197,-0.834247177,-0.747547457,1.3329395,-0.569024918,0.018462863,1.520161627
1632,-0.542239036,0.327242935,0.066666667,-0.567331229,0.303436013,0.064074575,-0.850083884,-0.799046862,1.434353035,-0.543986672,0.00264419,1.445207309
1633,-0.51370014,0.310019623,0.066666667,-0.538773553,0.286081786,0.064316355,-0.867736999,-0.880656186,1.590295604,-0.728016494,-0.015022822,1.554901413
1634,-0.485161243,0.29279631,0.066666667,-0.510123374,0.268873832,0.064653832,-0.887533596,-0.938084633,1.699068183,-0.770031295,-0.034802195,1.545570008
1635,-0.456622346,0.275572998,0.066666667,-0.481480412,0.251612841,0.064731231,-0.909884004,-0.994311067,1.804429497,-0.814969213,-0.057168686,1.541369281
1636,-0.42808345,0.258349686,0.066666667,-0.452864064,0.2344276079999999,0.064873013,-0.93531903,-1.049751253,1.906447777,-0.860305768,-0.082598338,1.540125053
1637,-0.399544553,0.241126373,0.066666667,-0.424232113,0.217133832,0.06502613,-0.964514503,-1.104360381,2.005010274,-0.903256774,-0.111796843,1.539118548
1638,-0.371005656,0.223903061,0.066666667,-0.395664222,0.19992491,0.065238999,-0.998365982,-1.158679538,2.100720267,-0.944015901,-0.145649443,1.538482059
1639,-0.34246676,0.206679748,0.066666667,-0.367074067,0.182649058,0.065378517,-1.038069816,-1.213196727,2.193981743,-0.98228895,-0.185354041,1.538004596
1640,-0.34246676,0.206679748,0.122222222,-0.367173452,0.182938971,0.1206053,-1.038069816,-1.33744058,2.153535721,-0.817599075,-0.185354041,1.538004596
1641,-0.371005656,0.223903061,0.122222222,-0.395763758,0.200089196,0.120361329,-0.998363727,-1.272857161,2.062509669,-0.791562244,-0.145648009,1.538415938
1642,-0.399544553,0.241126373,0.122222222,-0.424365014,0.217338299,0.120316339,-0.9645126,-1.209809519,1.968554757,-0.761229608,-0.111796962,1.538995284
1643,-0.42808345,0.258349686,0.122222222,-0.453012306,0.234618344,0.120249553,-0.935320444,-1.147515891,1.871293007,-0.727076845,-0.082604636,1.539814503
1644,-0.456622346,0.275572998,0.122222222,-0.4816996189999999,0.25187102,0.120055206,-0.909886543,-1.085321441,1.770288807,-0.689692456,-0.057170579,1.541243389
1645,-0.485161243,0.29279631,0.122222222,-0.510342897,0.269118494,0.119825002,-0.887534684,-1.022713908,1.665135223,-0.650078998,-0.034818494,1.544179101
1646,-0.51370014,0.310019623,0.122222222,-0.538958119,0.28630664,0.119653028,-0.867738716,-0.960009163,1.556765965,-0.614434305,-0.015024176,1.554201763
1647,-0.542239036,0.327242935,0.122222222,-0.567493781,0.30353019,0.11987596,-0.850096221,-0.881733023,1.416571593,-0.489018219,0.002599511,1.490706623
1648,-0.570777933,0.344466247,0.122222222,-0.596283011,0.320920412,0.1192698089999999,-0.834246922,-0.816717707,1.299344157,-0.46836666,0.018468216,1.522269295
1649,-0.59931683,0.36168956,0.122222222,-0.624991862,0.338209203,0.119177231,-0.819955629,-0.742513273,1.161629869,-0.410654082,0.032761508,1.52806845
1650,-0.59931683,0.36168956,0.177777778,-0.625236482,0.338470863,0.174607371,-0.819955629,-0.79400471,1.104401512,-0.301934723,0.03276152,1.528068885
1651,-0.570777933,0.344466247,0.177777778,-0.596438084,0.321206893,0.174736984,-0.834247307,-0.872914943,1.244223139,-0.354871479,0.018462306,1.520092025
1652,-0.542239036,0.327242935,0.177777778,-0.567757902,0.30397236,0.175057294,-0.850083684,-0.932533602,1.348217188,-0.324860825,0.002644356,1.44570405
1653,-0.51370014,0.310019623,0.177777778,-0.539114324,0.286590505,0.175059433,-0.867737017,-1.027105988,1.505111615,-0.49636751,-0.015022811,1.554886221
1654,-0.485161243,0.29279631,0.177777778,-0.510438421,0.269377949,0.175355072,-0.88753353,-1.09488017,1.613549629,-0.527640999,-0.034804625,1.545493754
1655,-0.456622346,0.275572998,0.177777778,-0.481812154,0.252148764,0.175524298,-0.909884004,-1.162473479,1.717701266,-0.560078599,-0.057168688,1.54136931
1656,-0.42808345,0.258349686,0.177777778,-0.453159126,0.234962093,0.175514723,-0.935318675,-1.230349308,1.817529839,-0.590755169,-0.082599336,1.540090331
1657,-0.399544553,0.241126373,0.177777778,-0.424526166,0.217714839,0.175620032,-0.964513908,-1.298730236,1.91299199,-0.616846838,-0.111796906,1.539096617
1658,-0.371005656,0.223903061,0.177777778,-0.39589467,0.200448189,0.1757059889999999,-0.998363727,-1.36843617,2.004584766,-0.638058332,-0.145648009,1.538415939
1659,-0.34246676,0.206679748,0.177777778,-0.367283856,0.18320296,0.17581876,-1.038069816,-1.440361348,2.092649711,-0.653792297,-0.185354041,1.538004596
1660,-0.34246676,0.206679748,0.233333333,-0.367459049,0.1835296079999999,0.231164606,-1.038069816,-1.520321968,2.013238743,-0.494420709,-0.185354041,1.538004596
1661,-0.371005656,0.223903061,0.233333333,-0.3961121999999999,0.200719178,0.231054699,-0.998363727,-1.443748096,1.92833719,-0.486498829,-0.145648009,1.538415938
1662,-0.399544553,0.241126373,0.233333333,-0.424728571,0.2179412829999999,0.230991183,-0.9645126,-1.369422378,1.839194768,-0.472256761,-0.111796962,1.538995284
1663,-0.42808345,0.258349686,0.233333333,-0.453393001,0.23520062,0.230923851,-0.935317385,-1.296511447,1.745524405,-0.452372235,-0.082601869,1.539874246
1664,-0.456622346,0.275572998,0.233333333,-0.4820162859999999,0.252428887,0.23084521,-0.909884003,-1.22426394,1.646907552,-0.427494494,-0.057168694,1.54136938
1665,-0.485161243,0.29279631,0.233333333,-0.510683538,0.26958915,0.230593492,-0.887532567,-1.152062503,1.542913991,-0.398813687,-0.034817689,1.544483796
1666,-0.51370014,0.310019623,0.233333333,-0.539368154,0.286820804,0.2304254369999999,-0.867737092,-1.080230898,1.434428765,-0.372648246,-0.015023666,1.554974721
1667,-0.542239036,0.327242935,0.233333333,-0.568021791,0.30419454,0.2305185569999999,-0.850083739,-0.976790491,1.270936166,-0.190379797,0.002641773,1.432760907
1668,-0.570777933,0.344466247,0.233333333,-0.596761575,0.321387212,0.230210518,-0.834245636,-0.916191069,1.169525744,-0.238329467,0.018472417,1.521523775
1669,-0.59931683,0.36168956,0.233333333,-0.6255292960000001,0.33878251,0.229956854,-0.819955629,-0.831218701,1.023936178,-0.184254893,0.032761506,1.528068379
1670,-0.59931683,0.36168956,0.288888889,-0.6257887459999999,0.339025448,0.285626991,-0.819955629,-0.851552186,0.91617302,-0.056157814,0.03276151,1.528067944
1671,-0.570777933,0.344466247,0.288888889,-0.597056582,0.321720768,0.285811223,-0.834245637,-0.943650854,1.070781691,-0.112126431,0.018472392,1.521524576
1672,-0.542239036,0.327242935,0.288888889,-0.568285709,0.304461044,0.285869194,-0.850083196,-1.011762861,1.181504693,-0.079360783,0.00264506,1.446145757
1673,-0.51370014,0.310019623,0.288888889,-0.53960718,0.287170588,0.286023951,-0.867737026,-1.118221674,1.344030404,-0.244160374,-0.015022837,1.554875982
1674,-0.485161243,0.29279631,0.288888889,-0.510892851,0.269882653,0.286058579,-0.887532567,-1.193957928,1.453797838,-0.267801753,-0.034817673,1.54448344
1675,-0.456622346,0.275572998,0.288888889,-0.4822495579999999,0.252702091,0.286134422,-0.909884004,-1.269779068,1.55798021,-0.293051962,-0.057168689,1.541369318
1676,-0.42808345,0.258349686,0.288888889,-0.453599773,0.235538198,0.2862830369999999,-0.935317385,-1.345384908,1.655885634,-0.313859998,-0.082601868,1.539874242
1677,-0.399544553,0.241126373,0.288888889,-0.424942515,0.218295414,0.286433946,-0.9645126,-1.421402415,1.748056949,-0.329138905,-0.111796962,1.538995284
1678,-0.371005656,0.223903061,0.288888889,-0.39631527,0.20108075,0.286408938,-0.998363727,-1.498547922,1.834976383,-0.338338196,-0.145648009,1.538415938
1679,-0.34246676,0.206679748,0.288888889,-0.367692727,0.183862392,0.286554706,-1.038069816,-1.577564743,1.916962747,-0.340901937,-0.185354041,1.538004596
1680,-0.34246676,0.206679748,0.344444444,-0.367929792,0.184147441,0.34201975,-1.038069816,-1.613355244,1.804853717,-0.193002406,-0.185354041,1.538004596
1681,-0.371005656,0.223903061,0.344444444,-0.396596109,0.201361531,0.341858608,-0.998363727,-1.53343089,1.725158536,-0.193637381,-0.145648009,1.538415938
1682,-0.399544553,0.241126373,0.344444444,-0.425232948,0.218572988,0.341820243,-0.9645126,-1.454739188,1.639817005,-0.187562188,-0.111796962,1.538995284
1683,-0.42808345,0.258349686,0.344444444,-0.453876871,0.2357785849999999,0.341708906,-0.935317385,-1.376619422,1.548413313,-0.175153168,-0.082601869,1.539874246
1684,-0.456622346,0.275572998,0.344444444,-0.482578844,0.252979703,0.341575195,-0.909884003,-1.298379439,1.450321748,-0.156793193,-0.057168695,1.541369381
1685,-0.485161243,0.29279631,0.344444444,-0.5112442260000001,0.270206922,0.341543108,-0.887532567,-1.219356362,1.344778326,-0.133384163,-0.034817689,1.544483797
1686,-0.51370014,0.310019623,0.344444444,-0.5399336469999999,0.287427429,0.341513773,-0.867737092,-1.139806472,1.232207434,-0.110851347,-0.015023667,1.554974727
1687,-0.542239036,0.327242935,0.344444444,-0.5686508229999999,0.304790349,0.341420756,-0.85008394,-1.023153684,1.056919466,0.07059793,0.002640453,1.432163072
1688,-0.570777933,0.344466247,0.344444444,-0.597426238,0.32201866,0.341226547,-0.834245636,-0.952772323,0.943691262,0.024086386,0.018472418,1.521523657
1689,-0.59931683,0.36168956,0.344444444,-0.626174219,0.339394979,0.341150304,-0.819955629,-0.85038511,0.772415323,0.086433154,0.032761491,1.528067596
1690,-0.59931683,0.36168956,0.4,-0.6265932759999999,0.339754583,0.396748185,-0.819955618,-0.816412216,0.569648903,0.255233439,0.032761355,1.528060835
1691,-0.570777933,0.344466247,0.4,-0.597718251,0.322348874,0.396997947,-0.834245637,-0.938161103,0.77748856,0.175668578,0.018472252,1.521532948
1692,-0.542239036,0.327242935,0.4,-0.568992521,0.305076501,0.396916269,-0.850084428,-1.016834801,0.905561028,0.216206295,0.002645946,1.431594266
1693,-0.51370014,0.310019623,0.4,-0.540214087,0.287756328,0.397107752,-0.867736988,-1.142938443,1.094958623,0.029671533,-0.01502275,1.554832622
1694,-0.485161243,0.29279631,0.4,-0.511546637,0.2704878029999999,0.397003381,-0.887532567,-1.226974745,1.213246618,0.00576648,-0.034817668,1.544483244
1695,-0.456622346,0.275572998,0.4,-0.4828414179999999,0.253330281,0.3971309509999999,-0.909884004,-1.309324123,1.322177856,-0.017704537,-0.057168688,1.541369303
1696,-0.42808345,0.258349686,0.4,-0.454130199,0.236111557,0.397243423,-0.935317385,-1.389966395,1.421984612,-0.035377489,-0.082601868,1.539874241
1697,-0.399544553,0.241126373,0.4,-0.425449265,0.218851194,0.397278967,-0.9645126,-1.469689664,1.513849426,-0.046644133,-0.111796962,1.538995284
1698,-0.371005656,0.223903061,0.4,-0.3968608879999999,0.201721188,0.397338139,-0.998363727,-1.549221393,1.598667802,-0.051356145,-0.145648009,1.538415938
1699,-0.34246676,0.206679748,0.4,-0.368180339,0.184410167,0.397530644,-1.038069816,-1.629190437,1.677040191,-0.049353687,-0.185354041,1.538004596
1700,-0.306417777,0.257115044,0.4,-0.332246701,0.234947717,0.397570692,-1.184484785,-1.597693765,1.646999944,-0.050156445,-0.331768901,1.537330203
1701,-0.331952592,0.278541298,0.4,-0.357915847,0.256342845,0.397433105,-1.146682747,-1.51800043,1.566187521,-0.049142551,-0.293966886,1.537440795
1702,-0.357487407,0.299967551,0.4,-0.383516271,0.277732269,0.397418763,-1.114291473,-1.438446472,1.478659878,-0.041283461,-0.261575625,1.537559953
1703,-0.383022222,0.321393805,0.4,-0.409198309,0.299249536,0.397309771,-1.086233944,-1.358328154,1.383644972,-0.026514592,-0.233518126,1.537691687
1704,-0.408557036,0.342820058,0.4,-0.4348868919999999,0.320733592,0.397154899,-1.06169969,-1.276762697,1.279940276,-0.004513541,-0.208983891,1.537833317
1705,-0.434091851,0.364246312,0.4,-0.4605286269999999,0.342183507,0.397145608,-1.040067511,-1.192569976,1.165664866,0.025417028,-0.187351733,1.537988465
1706,-0.459626666,0.385672566,0.4,-0.486245847,0.363712145,0.39710002,-1.020853505,-1.104024548,1.037748437,0.064619867,-0.168137751,1.53815931
1707,-0.485161481,0.407098819,0.4,-0.511977772,0.385260655,0.396962219,-1.003675269,-1.008283009,0.890743575,0.115696408,-0.150959542,1.538348488
1708,-0.510696295,0.428525073,0.4,-0.537720836,0.406815439,0.396952421,-0.988226707,-0.899723612,0.713375597,0.184296396,-0.135511009,1.538559233
1709,-0.53623111,0.449951327,0.4,-0.563597901,0.428436694,0.396926394,-0.974259956,-0.762562261,0.47317811,0.287098139,-0.121544291,1.53879557
1710,-0.53623111,0.449951327,0.344444444,-0.5631860830000001,0.428031852,0.34125756,-0.974259958,-0.809174736,0.700925474,0.105963316,-0.121544292,1.538795504
1711,-0.510696295,0.428525073,0.344444444,-0.5373651620000001,0.406426927,0.341366394,-0.988226707,-0.919424148,0.888888645,0.028483885,-0.135511009,1.538559233
1712,-0.485161481,0.407098819,0.344444444,-0.511606101,0.384930584,0.341444527,-1.00367527,-1.015354431,1.043785525,-0.03027412,-0.150959542,1.538348488
1713,-0.459626666,0.385672566,0.344444444,-0.485877225,0.363404719,0.3415493389999999,-1.020853505,-1.103375718,1.178535329,-0.076815854,-0.168137751,1.53815931
1714,-0.434091851,0.364246312,0.344444444,-0.460199341,0.341921693,0.341735996,-1.040067511,-1.186635761,1.299212545,-0.114064867,-0.187351733,1.537988466
1715,-0.408557036,0.342820058,0.344444444,-0.4345555519999999,0.320427123,0.341649755,-1.06169969,-1.26702225,1.409203648,-0.14351736,-0.208983891,1.537833317
1716,-0.383022222,0.321393805,0.344444444,-0.408894241,0.2989708299999999,0.34177047,-1.086233944,-1.345828424,1.510581285,-0.165950635,-0.233518126,1.537691687
1717,-0.357487407,0.299967551,0.344444444,-0.3832490839999999,0.277490376,0.341944303,-1.114291472,-1.4240348,1.60467911,-0.181716094,-0.261575636,1.53756175
1718,-0.331952592,0.278541298,0.344444444,-0.357652371,0.256090691,0.341984393,-1.146682747,-1.502448052,1.692369084,-0.1908776,-0.293966894,1.537441956
1719,-0.306417777,0.257115044,0.344444444,-0.331997227,0.234619585,0.342073236,-1.184484784,-1.58177706,1.774208255,-0.193282142,-0.331768915,1.537330965
1720,-0.306417777,0.257115044,0.288888889,-0.331780168,0.234314427,0.286519409,-1.184484784,-1.546259116,1.885337373,-0.339929203,-0.331768915,1.537330965
1721,-0.331952592,0.278541298,0.288888889,-0.357423889,0.255682741,0.2865238989999999,-1.146682747,-1.468101129,1.801478003,-0.334331945,-0.293966885,1.537440389
1722,-0.357487407,0.299967551,0.288888889,-0.383059689,0.277168425,0.2864345809999999,-1.114291472,-1.391459926,1.712514504,-0.322126363,-0.261575636,1.53756175
1723,-0.383022222,0.321393805,0.288888889,-0.408721878,0.2986526089999999,0.286278693,-1.086233944,-1.315568433,1.618003168,-0.30363251,-0.233518126,1.537691687
1724,-0.408557036,0.342820058,0.288888889,-0.434354768,0.320079462,0.286160402,-1.06169969,-1.239625924,1.517248364,-0.278958403,-0.208983891,1.537833317
1725,-0.434091851,0.364246312,0.288888889,-0.45996278,0.341515742,0.286135312,-1.040067511,-1.162735627,1.409204452,-0.247956907,-0.187351733,1.537988465
1726,-0.459626666,0.385672566,0.288888889,-0.485659082,0.363044576,0.2860609349999999,-1.020853505,-1.083808025,1.292299494,-0.210147713,-0.168137751,1.53815931
1727,-0.485161481,0.407098819,0.288888889,-0.511381277,0.384625042,0.285857056,-1.00367527,-1.001385847,1.164092644,-0.164549823,-0.150959542,1.538348488
1728,-0.510696295,0.428525073,0.288888889,-0.537107326,0.406124213,0.28577172,-0.988226707,-0.913281604,1.020538148,-0.109308162,-0.135511009,1.538559233
1729,-0.53623111,0.449951327,0.288888889,-0.56284686,0.427683373,0.285619054,-0.974259957,-0.815676596,0.854126046,-0.040735452,-0.121544292,1.53879556
1730,-0.53623111,0.449951327,0.233333333,-0.5626039429999999,0.42739252,0.230112274,-0.974259957,-0.798614634,0.966693473,-0.170364839,-0.121544292,1.538795558
1731,-0.510696295,0.428525073,0.233333333,-0.536809535,0.405808663,0.2302825939999999,-0.988226707,-0.888008241,1.121808934,-0.235852312,-0.135511009,1.538559233
1732,-0.485161481,0.407098819,0.233333333,-0.511062159,0.384303237,0.230446968,-1.00367527,-0.970121131,1.259040573,-0.290762468,-0.150959542,1.538348488
1733,-0.459626666,0.385672566,0.233333333,-0.4853780199999999,0.362778284,0.230524015,-1.020854936,-1.047691901,1.383659416,-0.337640828,-0.168138554,1.538176627
1734,-0.434091851,0.364246312,0.233333333,-0.4597200219999999,0.341294596,0.230709969,-1.040068828,-1.122415798,1.498706311,-0.377791052,-0.187352713,1.538001145
1735,-0.408557036,0.342820058,0.233333333,-0.434090243,0.3198163,0.230855468,-1.061700925,-1.195526006,1.606142156,-0.411961417,-0.208984939,1.53784283
1736,-0.383022222,0.321393805,0.233333333,-0.408481244,0.298384534,0.23093349,-1.086235097,-1.267995141,1.707269323,-0.440479013,-0.233519173,1.53769894
1737,-0.357487407,0.299967551,0.233333333,-0.382828771,0.2768882219999999,0.231029998,-1.114292508,-1.340674872,1.802981789,-0.4633841,-0.261576612,1.537567336
1738,-0.331952592,0.278541298,0.233333333,-0.357204486,0.255411047,0.231153153,-1.146682747,-1.41436938,1.89388332,-0.480470507,-0.293966894,1.537441956
1739,-0.306417777,0.257115044,0.233333333,-0.331580617,0.233972613,0.231127379,-1.184484784,-1.489922456,1.980387037,-0.491315526,-0.331768915,1.537330965
1740,-0.306417777,0.257115044,0.177777778,-0.331436353,0.233647621,0.17584181,-1.184484784,-1.411789507,2.058471861,-0.6475333,-0.331768915,1.537330965
1741,-0.331952592,0.278541298,0.177777778,-0.357083056,0.255068708,0.175715123,-1.146682747,-1.340869699,1.96907799,-0.629164859,-0.293966894,1.537441956
1742,-0.357487407,0.299967551,0.177777778,-0.382701973,0.276565879,0.1756302739999999,-1.114291472,-1.271732243,1.875948015,-0.605287557,-0.261575636,1.53756175
1743,-0.383022222,0.321393805,0.177777778,-0.408336214,0.298046465,0.1755828569999999,-1.086233944,-1.203530129,1.778673137,-0.576340781,-0.233518126,1.537691687
1744,-0.408557036,0.342820058,0.177777778,-0.433971712,0.319509942,0.175450536,-1.06169969,-1.135473879,1.676665172,-0.542527255,-0.208983891,1.537833317
1745,-0.434091851,0.364246312,0.177777778,-0.4595947489999999,0.340987298,0.175227775,-1.040067511,-1.066767511,1.56910033,-0.503820902,-0.187351733,1.537988465
1746,-0.459626666,0.385672566,0.177777778,-0.4852180359999999,0.362474779,0.175070968,-1.020853505,-0.99653409,1.454819331,-0.459941485,-0.168137751,1.53815931
1747,-0.485161481,0.407098819,0.177777778,-0.510918315,0.384024945,0.175030975,-1.00367527,-0.923709764,1.332146915,-0.410280177,-0.150959542,1.538348488
1748,-0.510696295,0.428525073,0.177777778,-0.536617883,0.405500223,0.1747094549999999,-0.988226707,-0.846862688,1.198544634,-0.353733565,-0.135511009,1.538559233
1749,-0.53623111,0.449951327,0.177777778,-0.562313032,0.427052946,0.174600182,-0.974259957,-0.763825988,1.049869463,-0.288329478,-0.121544292,1.53879556
1750,-0.53623111,0.449951327,0.122222222,-0.56211696,0.426801305,0.119138567,-0.974259957,-0.714348922,1.108662931,-0.396600012,-0.121544292,1.53879556
1751,-0.510696295,0.428525073,0.122222222,-0.5364025370000001,0.405247114,0.119308441,-0.988226707,-0.791914768,1.25361654,-0.463753391,-0.135511009,1.538559233
1752,-0.485161481,0.407098819,0.122222222,-0.510685013,0.383754833,0.119538918,-1.003676785,-0.863755763,1.385178589,-0.523289159,-0.150959898,1.538372071
1753,-0.459626666,0.385672566,0.122222222,-0.48499772,0.362235263,0.11973513,-1.020854948,-0.931685641,1.506869631,-0.576857488,-0.168138544,1.538176816
1754,-0.434091851,0.364246312,0.122222222,-0.459388999,0.340766244,0.119875798,-1.040068945,-0.99695109,1.620953728,-0.625503868,-0.187352788,1.538001848
1755,-0.408557036,0.342820058,0.122222222,-0.433770312,0.319275062,0.120034827,-1.061701162,-1.060477886,1.72895756,-0.669825869,-0.208985136,1.537843777
1756,-0.383022222,0.321393805,0.122222222,-0.408138134,0.2977797749999999,0.120244468,-1.086235495,-1.123030872,1.83196937,-0.710144363,-0.233519539,1.537700003
1757,-0.357487407,0.299967551,0.122222222,-0.38251317,0.2762697289999999,0.120398969,-1.114293145,-1.185304674,1.9307908,-0.746564385,-0.261577224,1.53756845
1758,-0.331952592,0.278541298,0.122222222,-0.356909706,0.254770574,0.120444728,-1.146684586,-1.247991274,2.026024029,-0.778994544,-0.293968681,1.53744741
1759,-0.306417777,0.257115044,0.122222222,-0.331342125,0.233383695,0.120572496,-1.184484784,-1.31183638,2.118114796,-0.807129362,-0.331768915,1.537330965
1760,-0.306417777,0.257115044,0.066666667,-0.331288743,0.233161087,0.065399696,-1.184484784,-1.191719836,2.157610269,-0.966741378,-0.331768915,1.537330965
1761,-0.331952592,0.278541298,0.066666667,-0.356891931,0.254534791,0.065224838,-1.146682747,-1.137357479,2.063457412,-0.9270565,-0.293966894,1.537441956
1762,-0.357487407,0.299967551,0.066666667,-0.382455752,0.2760328079999999,0.0650199769999999,-1.114295314,-1.082949454,1.966631297,-0.88474962,-0.261579444,1.537557602
1763,-0.383022222,0.321393805,0.066666667,-0.408081963,0.297513247,0.064818907,-1.086237051,-1.027980003,1.866614958,-0.839827895,-0.233521181,1.53768672
1764,-0.408557036,0.342820058,0.066666667,-0.433685657,0.318970083,0.0647126119999999,-1.061702285,-0.971955521,1.762784614,-0.792159197,-0.208986405,1.537827329
1765,-0.434091851,0.364246312,0.066666667,-0.459298889,0.340479511,0.064527086,-1.040069741,-0.914342572,1.654337575,-0.741475942,-0.187353835,1.537981193
1766,-0.459626666,0.385672566,0.066666667,-0.484905942,0.361940324,0.064228571,-1.020855475,-0.854518536,1.540215685,-0.68734462,-0.168139516,1.53815041
1767,-0.485161481,0.407098819,0.066666667,-0.510568936,0.383493997,0.064029145,-1.00367527,-0.791691619,1.418960083,-0.629111489,-0.150959542,1.538348488
1768,-0.510696295,0.428525073,0.066666667,-0.5362618330000001,0.405005793,0.063948274,-0.988226707,-0.724787935,1.288484371,-0.565748055,-0.135511009,1.538559233
1769,-0.53623111,0.449951327,0.066666667,-0.561940992,0.426529995,0.063744195,-0.974259957,-0.652189568,1.14554767,-0.495644104,-0.121544292,1.53879556
1770,-0.53623111,0.449951327,0.011111111,-0.561794939,0.4262935499999999,0.0081967999999999,-0.974259957,-0.578895268,1.161733119,-0.585123853,-0.121544292,1.53879556
1771,-0.510696295,0.428525073,0.011111111,-0.536093619,0.404807879,0.008560852,-0.988226707,-0.646933689,1.30385793,-0.65897586,-0.135511009,1.538559233
1772,-0.485161481,0.407098819,0.011111111,-0.510391565,0.383264197,0.008709683,-1.003676752,-0.709018328,1.433924264,-0.726773203,-0.150959759,1.538373017
1773,-0.459626666,0.385672566,0.011111111,-0.484759875,0.361772065,0.008963383,-1.02085495,-0.766611457,1.555021252,-0.790084497,-0.168138447,1.538178037
1774,-0.434091851,0.364246312,0.011111111,-0.459169907,0.3403262179999999,0.009137285,-1.04006898,-0.820675076,1.669200222,-0.85002769,-0.187352742,1.538003187
1775,-0.408557036,0.342820058,0.011111111,-0.43357192,0.318802118,0.009333923,-1.061701239,-0.871858767,1.777884768,-0.907373554,-0.208985148,1.537845167
1776,-0.383022222,0.321393805,0.011111111,-0.407984306,0.2973451769999999,0.0095866659999999,-1.086235633,-0.920621044,1.882123942,-0.962710139,-0.233519625,1.537701418
1777,-0.357487407,0.299967551,0.011111111,-0.382339337,0.275790728,0.009776476,-1.114293377,-0.967289154,1.982725276,-1.016515765,-0.261577417,1.537569883
1778,-0.331952592,0.278541298,0.011111111,-0.356831499,0.25435342,0.0099833689999999,-1.146684978,-1.012091706,2.080335817,-1.069207291,-0.293969042,1.537448864
1779,-0.306417777,0.257115044,0.011111111,-0.331269433,0.232911456,0.010159437,-1.184487514,-1.055174443,2.175495679,-1.121177815,-0.331771589,1.537336922
1780,-0.306417777,0.257115044,-0.044444444,-0.331316293,0.2327602349999999,-0.045063988,-1.184484784,-0.907646284,2.170976786,-1.264181448,-0.331768915,1.537330965
1781,-0.331952592,0.278541298,-0.044444444,-0.356850995,0.254102381,-0.045368822,-1.146682747,-0.876469099,2.076076707,-1.200564175,-0.293966894,1.537441956
1782,-0.357487407,0.299967551,-0.044444444,-0.382367721,0.275535701,-0.045625426,-1.114291472,-0.841760805,1.978666995,-1.137977976,-0.261575636,1.537561749
1783,-0.383022222,0.321393805,-0.044444444,-0.407937245,0.297023003,-0.045814216,-1.086236985,-0.803759166,1.87821958,-1.075652148,-0.233521086,1.537685481
1784,-0.408557036,0.342820058,-0.044444444,-0.4335744159999999,0.3185854729999999,-0.045992201,-1.06170224,-0.762515737,1.77408526,-1.012898434,-0.208986324,1.53782611
1785,-0.434091851,0.364246312,-0.044444444,-0.459155288,0.340100653,-0.046192371,-1.040069708,-0.717913013,1.665462294,-0.949029026,-0.187353757,1.537979979
1786,-0.459626666,0.385672566,-0.044444444,-0.484715235,0.361509778,-0.04646987,-1.020853505,-0.669649952,1.551295527,-0.883301819,-0.168137751,1.53815931
1787,-0.485161481,0.407098819,-0.044444444,-0.510298961,0.383001036,-0.04674815,-1.00367527,-0.6171996,1.430160227,-0.814803654,-0.150959542,1.538348488
1788,-0.510696295,0.428525073,-0.044444444,-0.535998145,0.4045649639999999,-0.046893827,-0.988226707,-0.559700225,1.300002615,-0.742354009,-0.135511009,1.538559233
1789,-0.53623111,0.449951327,-0.044444444,-0.561647235,0.426112411,-0.047148946,-0.974259957,-0.495738966,1.157678489,-0.664225525,-0.121544292,1.53879556
1790,-0.53623111,0.449951327,-0.1,-0.561584757,0.42600442,-0.102422811,-0.974259957,-0.403726632,1.133272588,-0.731831959,-0.121544292,1.53879556
1791,-0.510696295,0.428525073,-0.1,-0.535850456,0.404436206,-0.102251191,-0.988226707,-0.464286876,1.276854492,-0.814619234,-0.135511009,1.538559233
1792,-0.485161481,0.407098819,-0.1,-0.510213391,0.382944428,-0.10201255,-1.00367527,-0.517679577,1.407669944,-0.891833394,-0.150959542,1.538348488
1793,-0.459626666,0.385672566,-0.1,-0.484598533,0.3614158939999999,-0.1017944349999999,-1.020854866,-0.565346069,1.529063583,-0.965393885,-0.16813822,1.538179732
1794,-0.434091851,0.364246312,-0.1,-0.459032907,0.339935369,-0.101544933,-1.040068847,-0.608100135,1.643158279,-1.036562204,-0.187352506,1.538004731
1795,-0.408557036,0.342820058,-0.1,-0.433482947,0.318450758,-0.101285287,-1.061701035,-0.646395926,1.75144231,-1.106395358,-0.208984867,1.53784662
1796,-0.383022222,0.321393805,-0.1,-0.407921137,0.296978568,-0.101069814,-1.086235316,-0.680413211,1.854982596,-1.175777989,-0.23351925,1.537702821
1797,-0.357487407,0.299967551,-0.1,-0.382343184,0.2754402509999999,-0.10080679,-1.114292878,-0.710106397,1.954580039,-1.245554623,-0.261576871,1.537571269
1798,-0.331952592,0.278541298,-0.1,-0.356829309,0.253968222,-0.100528818,-1.146682747,-0.735205023,2.05084453,-1.316596075,-0.293966894,1.537441956
1799,-0.306417777,0.257115044,-0.1,-0.3313473819999999,0.232600995,-0.100296496,-1.184484784,-0.755188671,2.144278641,-1.389940916,-0.331768915,1.537330965
1800,-0.263008547,0.301374359,0.4,-0.288909774,0.279202016,0.397737054,-1.326702677,-1.56669007,1.616379381,-0.050296839,-0.473986756,1.537067
1801,-0.284925926,0.326488888,0.4,-0.310975857,0.304290046,0.397599605,-1.290973326,-1.487148802,1.533054651,-0.046558627,-0.438257422,1.537117432
1802,-0.306843305,0.351603418,0.4,-0.332971609,0.329467999,0.397548152,-1.260220269,-1.407482475,1.442750814,-0.035967213,-0.407504371,1.537167979
1803,-0.328760684,0.376717948,0.4,-0.355053425,0.354690974,0.3974036449999999,-1.233477931,-1.326928753,1.34454871,-0.018365167,-0.380762037,1.537218164
1804,-0.350678063,0.401832478,0.4,-0.377088378,0.3798601729999999,0.397341581,-1.210014034,-1.244509366,1.237021257,0.006696366,-0.357298141,1.537268055
1805,-0.372595442,0.426947008,0.4,-0.399126812,0.405019606,0.3973135849999999,-1.189263479,-1.158872417,1.117907352,0.04012662,-0.336547582,1.537317714
1806,-0.394512821,0.452061538,0.4,-0.421245351,0.430319259,0.397227307,-1.170783419,-1.067956896,0.98341719,0.083654368,-0.318067506,1.537367226
1807,-0.4164302,0.477176068,0.4,-0.443338854,0.455533778,0.397208315,-1.154222025,-0.968153877,0.826491353,0.14072988,-0.30150606,1.537416854
1808,-0.438347579,0.502290598,0.4,-0.465481446,0.4808671909999999,0.396999496,-1.139296318,-0.851544999,0.631059013,0.219505469,-0.286580468,1.537466951
1809,-0.460264958,0.527405127,0.4,-0.487726021,0.506270977,0.3970369789999999,-1.125776192,-0.688740046,0.336313322,0.351398925,-0.273060348,1.537516142
1810,-0.460264958,0.527405127,0.344444444,-0.487312331,0.5057359379999999,0.341390065,-1.125776192,-0.759392874,0.612649652,0.145715463,-0.273060349,1.537516104
1811,-0.438347579,0.502290598,0.344444444,-0.465123667,0.480482019,0.341499009,-1.139296318,-0.87886502,0.820956984,0.056927518,-0.286580468,1.537466951
1812,-0.4164302,0.477176068,0.344444444,-0.443014705,0.455151117,0.341715525,-1.154222021,-0.979304527,0.986540895,-0.008169719,-0.301506164,1.53741767
1813,-0.394512821,0.452061538,0.344444444,-0.420889497,0.429977454,0.341656536,-1.170783417,-1.069930997,1.128186797,-0.059142077,-0.318067554,1.537368245
1814,-0.372595442,0.426947008,0.344444444,-0.398817289,0.4047005239999999,0.341838156,-1.189263478,-1.154776627,1.253832819,-0.099895504,-0.336547607,1.537318651
1815,-0.350678063,0.401832478,0.344444444,-0.376803998,0.379559751,0.341839001,-1.210014033,-1.236103799,1.3676726,-0.132361285,-0.357298156,1.537268857
1816,-0.328760684,0.376717948,0.344444444,-0.354777804,0.354404774,0.341883551,-1.233477931,-1.315391063,1.472196511,-0.157551266,-0.380762047,1.537218826
1817,-0.306843305,0.351603418,0.344444444,-0.332725707,0.329194795,0.342044603,-1.26022027,-1.39371885,1.568982838,-0.175964466,-0.407504366,1.537169731
1818,-0.284925926,0.326488888,0.344444444,-0.310729439,0.304049277,0.342154986,-1.290973326,-1.471948617,1.65906049,-0.187765929,-0.43825742,1.537118845
1819,-0.263008547,0.301374359,0.344444444,-0.288707822,0.278949975,0.342174936,-1.326702676,-1.550819656,1.743097036,-0.192885362,-0.473986764,1.537067549
1820,-0.263008547,0.301374359,0.288888889,-0.288506148,0.2785795239999999,0.286706632,-1.326702698,-1.51567913,1.853358803,-0.338287243,-0.473986561,1.53706711
1821,-0.284925926,0.326488888,0.288888889,-0.3105732049999999,0.303676529,0.286713774,-1.290973326,-1.438222406,1.767581275,-0.33001152,-0.438257422,1.537117292
1822,-0.306843305,0.351603418,0.288888889,-0.332567864,0.3288693749999999,0.286559417,-1.260220269,-1.36197812,1.676547481,-0.315268119,-0.407504371,1.537167855
1823,-0.328760684,0.376717948,0.288888889,-0.354604462,0.354012397,0.286399774,-1.233477931,-1.286173587,1.579724141,-0.294295661,-0.380762038,1.537218056
1824,-0.350678063,0.401832478,0.288888889,-0.3766091829999999,0.379145193,0.2864346219999999,-1.210014034,-1.209979953,1.47629369,-0.267105391,-0.357298143,1.537267966
1825,-0.372595442,0.426947008,0.288888889,-0.398583993,0.40436253,0.28632163,-1.189263479,-1.132440228,1.365032391,-0.233430524,-0.336547587,1.537317634
1826,-0.394512821,0.452061538,0.288888889,-0.4207112,0.429621259,0.286062399,-1.170783418,-1.052349027,1.244083676,-0.192619856,-0.31806752,1.537367106
1827,-0.4164302,0.477176068,0.288888889,-0.442800347,0.454845479,0.2860143719999999,-1.154222023,-0.968024244,1.110503096,-0.143411053,-0.301506106,1.537416444
1828,-0.438347579,0.502290598,0.288888889,-0.46486993,0.480133728,0.285852479,-1.139296322,-0.876802946,0.959226371,-0.08340289,-0.286580361,1.537465806
1829,-0.460264958,0.527405127,0.288888889,-0.486991307,0.505394098,0.285920502,-1.1257762,-0.773664849,0.780219467,-0.007582343,-0.273060114,1.537515927
1830,-0.460264958,0.527405127,0.233333333,-0.486754976,0.505066957,0.2302595509999999,-1.125776192,-0.760925851,0.89962277,-0.139724682,-0.273060349,1.537516107
1831,-0.438347579,0.502290598,0.233333333,-0.4646108029999999,0.479786842,0.230439038,-1.139296318,-0.85435717,1.064090772,-0.21071412,-0.286580468,1.537466951
1832,-0.4164302,0.477176068,0.233333333,-0.4424969259999999,0.4544959779999999,0.230576517,-1.154222021,-0.938911403,1.207500746,-0.269522694,-0.301506164,1.53741767
1833,-0.394512821,0.452061538,0.233333333,-0.420443167,0.42932204,0.230671974,-1.170784931,-1.01801932,1.336592091,-0.319461419,-0.318068978,1.537370741
1834,-0.372595442,0.426947008,0.233333333,-0.398408882,0.404055658,0.230803723,-1.189264849,-1.093688652,1.455083219,-0.362235845,-0.336548924,1.537320731
1835,-0.350678063,0.401832478,0.233333333,-0.376383105,0.378872571,0.2310182079999999,-1.210015311,-1.167303285,1.565293405,-0.398784275,-0.357299399,1.53727064
1836,-0.328760684,0.376717948,0.233333333,-0.354384757,0.353769929,0.23104943,-1.233479129,-1.239913853,1.668739575,-0.429572982,-0.380763222,1.537220378
1837,-0.306843305,0.351603418,0.233333333,-0.332356044,0.328621336,0.231139936,-1.260221367,-1.312407476,1.766455905,-0.454749034,-0.407505461,1.53716987
1838,-0.284925926,0.326488888,0.233333333,-0.310361136,0.303389511,0.231268327,-1.290973326,-1.38559653,1.859146913,-0.47420352,-0.438257428,1.537117833
1839,-0.263008547,0.301374359,0.233333333,-0.288330765,0.27821407,0.2313565169999999,-1.326702676,-1.46030747,1.947300059,-0.48760077,-0.473986763,1.537067774
1840,-0.263008547,0.301374359,0.177777778,-0.288225501,0.2779432069999999,0.17593918,-1.326702698,-1.383978948,2.024181272,-0.640809687,-0.473986561,1.53706687
1841,-0.284925926,0.326488888,0.177777778,-0.310281097,0.303077091,0.175853224,-1.290973326,-1.31387763,1.933401165,-0.620175962,-0.438257421,1.537117046
1842,-0.306843305,0.351603418,0.177777778,-0.332256255,0.328272712,0.175767982,-1.260220269,-1.245212103,1.838738606,-0.594225051,-0.407504369,1.537167629
1843,-0.328760684,0.376717948,0.177777778,-0.354271135,0.353433232,0.1757813899999999,-1.233477931,-1.177166374,1.739719794,-0.563298336,-0.380762036,1.537217851
1844,-0.350678063,0.401832478,0.177777778,-0.376283522,0.378598777,0.175502996,-1.210014034,-1.108956957,1.635673331,-0.527507855,-0.35729814,1.537267783
1845,-0.372595442,0.426947008,0.177777778,-0.398281021,0.4037475279999999,0.175288083,-1.189263479,-1.039766524,1.525659499,-0.48673118,-0.336547584,1.537317472
1846,-0.394512821,0.452061538,0.177777778,-0.420312183,0.428977432,0.1751764489999999,-1.170783418,-0.968660485,1.408344964,-0.440569541,-0.318067519,1.537366959
1847,-0.4164302,0.477176068,0.177777778,-0.442404782,0.454223855,0.175078205,-1.154222023,-0.894459003,1.281771831,-0.388244865,-0.30150611,1.537416285
1848,-0.438347579,0.502290598,0.177777778,-0.464454772,0.479465731,0.1748787289999999,-1.139296321,-0.815503131,1.14289737,-0.328373395,-0.286580381,1.537465511
1849,-0.460264958,0.527405127,0.177777778,-0.486512133,0.504757794,0.174824596,-1.125776197,-0.729146172,0.986555765,-0.258436167,-0.273060197,1.537514824
1850,-0.460264958,0.527405127,0.122222222,-0.4863454869999999,0.5044790060000001,0.119272889,-1.125776192,-0.682049173,1.047497662,-0.366476252,-0.273060349,1.537516107
1851,-0.438347579,0.502290598,0.122222222,-0.46424018,0.479188269,0.119468109,-1.139296318,-0.762599771,1.199166968,-0.437547715,-0.286580468,1.537466951
1852,-0.4164302,0.477176068,0.122222222,-0.4421951189999999,0.453960323,0.119559244,-1.154223619,-0.836419863,1.335446345,-0.499962655,-0.301507617,1.537420626
1853,-0.394512821,0.452061538,0.122222222,-0.420091369,0.42870736,0.119788535,-1.170784901,-0.905707508,1.460667156,-0.555848295,-0.318068945,1.537370742
1854,-0.372595442,0.426947008,0.122222222,-0.398127643,0.403547709,0.120046153,-1.189264926,-0.971892915,1.577504786,-0.606453245,-0.336548994,1.537320834
1855,-0.350678063,0.401832478,0.122222222,-0.376117192,0.378396101,0.120125907,-1.2100155,-1.036000426,1.687723591,-0.652517478,-0.357299581,1.537270809
1856,-0.328760684,0.376717948,0.122222222,-0.35412243,0.353217987,0.12032657,-1.23347946,-1.098845042,1.792560339,-0.694462761,-0.380763547,1.537220598
1857,-0.306843305,0.351603418,0.122222222,-0.332093993,0.328003862,0.12052513,-1.260221904,-1.161139897,1.892915676,-0.732476624,-0.407505992,1.537170133
1858,-0.284925926,0.326488888,0.122222222,-0.310121549,0.302764188,0.120604257,-1.290975111,-1.22357013,1.98946177,-0.766546139,-0.438259198,1.537119336
1859,-0.263008547,0.301374359,0.122222222,-0.288136796,0.2776583999999999,0.120671845,-1.326704663,-1.286855733,2.082705509,-0.796458258,-0.473988747,1.537068114
1860,-0.263008547,0.301374359,0.066666667,-0.288108519,0.277462854,0.0655153459999999,-1.326702697,-1.170580576,2.121337045,-0.951363845,-0.47398657,1.537066855
1861,-0.284925926,0.326488888,0.066666667,-0.310101615,0.302489678,0.065259581,-1.290973326,-1.116277549,2.026225662,-0.910600217,-0.438257418,1.537116693
1862,-0.306843305,0.351603418,0.066666667,-0.3320695079999999,0.327736267,0.065093905,-1.260223818,-1.061722724,1.928249215,-0.867224743,-0.407507914,1.537167309
1863,-0.328760684,0.376717948,0.066666667,-0.3540336919999999,0.352825964,0.064924515,-1.233480839,-1.006410093,1.826847556,-0.821182111,-0.380764938,1.537217566
1864,-0.350678063,0.401832478,0.066666667,-0.37604072,0.378036651,0.064749211,-1.210016491,-0.949838233,1.721337284,-0.772290292,-0.357300591,1.537267529
1865,-0.372595442,0.426947008,0.066666667,-0.398044619,0.403236009,0.064567248,-1.189265613,-0.89144608,1.610827919,-0.720219829,-0.336549712,1.537317247
1866,-0.394512821,0.452061538,0.066666667,-0.420046971,0.428439636,0.064245809,-1.170783419,-0.830553045,1.494120469,-0.664452297,-0.318067511,1.537366763
1867,-0.4164302,0.477176068,0.066666667,-0.442093967,0.453652841,0.064157094,-1.154222023,-0.76628294,1.369560582,-0.604209505,-0.301506103,1.537416105
1868,-0.438347579,0.502290598,0.066666667,-0.464128665,0.478878195,0.063954382,-1.139296321,-0.697381889,1.234680153,-0.538277233,-0.286580377,1.537465323
1869,-0.460264958,0.527405127,0.066666667,-0.486169553,0.504214384,0.063797449,-1.125776197,-0.621904215,1.085546786,-0.46466884,-0.273060204,1.537514526
1870,-0.460264958,0.527405127,0.011111111,-0.486050428,0.503973844,0.0083627559999999,-1.125776192,-0.55034934,1.102203535,-0.552881958,-0.273060349,1.537516107
1871,-0.438347579,0.502290598,0.011111111,-0.4639788669999999,0.478714235,0.00858961,-1.139296318,-0.621322041,1.250313137,-0.629971614,-0.286580468,1.537466951
1872,-0.4164302,0.477176068,0.011111111,-0.441949325,0.453476353,0.0088317809999999,-1.154223568,-0.685520329,1.384647194,-0.700063143,-0.301507553,1.537420738
1873,-0.394512821,0.452061538,0.011111111,-0.419865779,0.428199632,0.00901046,-1.170784889,-0.744730713,1.508958333,-0.76511643,-0.318068919,1.537370914
1874,-0.372595442,0.426947008,0.011111111,-0.397906927,0.4030239439999999,0.009218581,-1.189264947,-0.80008066,1.625640591,-0.826401508,-0.336549003,1.537321051
1875,-0.350678063,0.401832478,0.011111111,-0.375953469,0.377915836,0.009443315,-1.210015559,-0.852321037,1.736320607,-0.884794121,-0.357299629,1.537271065
1876,-0.328760684,0.376717948,0.011111111,-0.353975928,0.352718249,0.0096293089999999,-1.233479572,-0.90197616,1.842174315,-0.940945889,-0.380763649,1.537220892
1877,-0.306843305,0.351603418,0.011111111,-0.3319829609999999,0.327513213,0.009818719,-1.260222095,-0.94941962,1.94409192,-0.995373452,-0.407506174,1.537170467
1878,-0.284925926,0.326488888,0.011111111,-0.3100591789999999,0.302359092,0.01002914,-1.290975432,-0.994915826,2.042775357,-1.048514373,-0.438259512,1.537119718
1879,-0.263008547,0.301374359,0.011111111,-0.288114638,0.277294118,0.0102099729999999,-1.326705209,-1.03864166,2.138800551,-1.100767759,-0.473989287,1.537068549
1880,-0.263008547,0.301374359,-0.044444444,-0.288152606,0.2771323029999999,-0.0450294549999999,-1.326702693,-0.895982704,2.134391522,-1.239016386,-0.473986603,1.537067029
1881,-0.284925926,0.326488888,-0.044444444,-0.3101054889999999,0.302124631,-0.045297856,-1.290973326,-0.863402287,2.038601992,-1.175852842,-0.438257428,1.537117833
1882,-0.306843305,0.351603418,-0.044444444,-0.332003636,0.327249563,-0.045572884,-1.260223733,-0.827406398,1.940104377,-1.11339591,-0.407507823,1.537166961
1883,-0.328760684,0.376717948,-0.044444444,-0.3539621639999999,0.3524049489999999,-0.045770954,-1.233480783,-0.788154899,1.838319341,-1.050908808,-0.380764875,1.537217262
1884,-0.350678063,0.401832478,-0.044444444,-0.375939711,0.377656444,-0.045953002,-1.210016451,-0.745633546,1.732554612,-0.987712055,-0.357300542,1.537267262
1885,-0.372595442,0.426947008,-0.044444444,-0.397913979,0.402830718,-0.046183043,-1.189265584,-0.699656508,1.621920211,-0.923101469,-0.336549672,1.53731701
1886,-0.394512821,0.452061538,-0.044444444,-0.4198583019999999,0.42797373,-0.0464128279999999,-1.170783417,-0.649839946,1.505229682,-0.856276012,-0.318067554,1.537368245
1887,-0.4164302,0.477176068,-0.044444444,-0.441875384,0.453194228,-0.046669257,-1.154222021,-0.595545151,1.380857143,-0.786245343,-0.301506164,1.53741767
1888,-0.438347579,0.502290598,-0.044444444,-0.463886939,0.478444357,-0.046881889,-1.139296318,-0.535729133,1.24639443,-0.711645815,-0.286580468,1.537466951
1889,-0.460264958,0.527405127,-0.044444444,-0.485913721,0.5037935259999999,-0.047081183,-1.125776192,-0.468651275,1.098033315,-0.630409803,-0.273060349,1.537516107
1890,-0.460264958,0.527405127,-0.1,-0.485854463,0.5036636219999999,-0.102419486,-1.125776199,-0.377746085,1.072899654,-0.696181656,-0.273060148,1.537516409
1891,-0.438347579,0.502290598,-0.1,-0.463775006,0.478327122,-0.10217595,-1.139296318,-0.441724862,1.222844801,-0.782100457,-0.286580468,1.537466951
1892,-0.4164302,0.477176068,-0.1,-0.441769245,0.453138599,-0.101959614,-1.154223536,-0.497702332,1.358175434,-0.861409648,-0.301507491,1.537421019
1893,-0.394512821,0.452061538,-0.1,-0.419761747,0.4279149499999999,-0.101758678,-1.170784819,-0.547472949,1.482937951,-0.936354063,-0.318068828,1.53737118
1894,-0.372595442,0.426947008,-0.1,-0.3977823809999999,0.402694256,-0.101565832,-1.189264833,-0.592065945,1.599670281,-1.008446165,-0.336548872,1.537321317
1895,-0.350678063,0.401832478,-0.1,-0.375859058,0.3775173209999999,-0.101257067,-1.210015384,-0.632058464,1.710068831,-1.078805178,-0.357299439,1.537271343
1896,-0.328760684,0.376717948,-0.1,-0.353941666,0.352404087,-0.1010040889999999,-1.233479302,-0.66772763,1.815338979,-1.148359361,-0.380763367,1.537221191
1897,-0.306843305,0.351603418,-0.1,-0.3320010399999999,0.327265481,-0.100769451,-1.260221673,-0.69911401,1.916373301,-1.217960745,-0.407505742,1.537170797
1898,-0.284925926,0.326488888,-0.1,-0.310094644,0.302025554,-0.100501338,-1.290974755,-0.726038398,2.013853763,-1.288470542,-0.438258825,1.537120088
1899,-0.263008547,0.301374359,-0.1,-0.288175733,0.276959422,-0.100273378,-1.326702676,-0.748081994,2.108305307,-1.360830553,-0.473986771,1.537066718
1900,-0.213281773,0.33839457,-0.1,-0.238646164,0.314091534,-0.1002841679999999,-1.465354545,-0.740404123,2.073117601,-1.333195482,-0.61263862,1.536920767
1901,-0.231055254,0.366594118,-0.1,-0.2564756019999999,0.3422083139999999,-0.100565709,-1.431792325,-0.716445577,1.977529558,-1.261589811,-0.579076394,1.536949559
1902,-0.248828735,0.394793665,-0.1,-0.2742702019999999,0.370510327,-0.100828721,-1.40279121,-0.687792414,1.878737004,-1.191474193,-0.550075281,1.536977707
1903,-0.266602216,0.422993213,-0.1,-0.292068091,0.398764459,-0.101020062,-1.377485773,-0.654768681,1.776154754,-1.121938705,-0.524769846,1.537004524
1904,-0.284375697,0.45119276,-0.1,-0.309872596,0.426982923,-0.101318027,-1.355217608,-0.617471584,1.669034734,-1.05213808,-0.502501682,1.53703013
1905,-0.302149179,0.479392308,-0.1,-0.327697254,0.455235659,-0.1015257139999999,-1.335467516,-0.575772671,1.556363015,-0.981186861,-0.482751589,1.537054635
1906,-0.31992266,0.507591856,-0.1,-0.34547071,0.483492545,-0.101768276,-1.317838168,-0.529294404,1.43679062,-0.908113628,-0.465122239,1.537078121
1907,-0.337696141,0.535791403,-0.1,-0.3633543369999999,0.5118042429999999,-0.1019570619999999,-1.302005085,-0.477312671,1.30835224,-0.831677214,-0.44928915,1.537100668
1908,-0.355469622,0.563990951,-0.1,-0.381208011,0.540146793,-0.102182067,-1.287707963,-0.418563005,1.168053699,-0.75014795,-0.434992015,1.537122359
1909,-0.373243103,0.592190498,-0.1,-0.399125507,0.5685672909999999,-0.1024143459999999,-1.274734323,-0.350779001,1.010887642,-0.660784984,-0.422018348,1.537143317
1910,-0.373243103,0.592190498,-0.044444444,-0.399202183,0.568756783,-0.046927809,-1.27473432,-0.440742668,1.036915661,-0.596849795,-0.422018402,1.537143839
1911,-0.355469622,0.563990951,-0.044444444,-0.381276882,0.540371017,-0.046732652,-1.28770796,-0.511298773,1.192097324,-0.681456274,-0.434992063,1.537122894
1912,-0.337696141,0.535791403,-0.044444444,-0.363380349,0.5120411850000001,-0.046512437,-1.30200667,-0.573626366,1.331311094,-0.758323794,-0.449290713,1.537102255
1913,-0.31992266,0.507591856,-0.044444444,-0.345460809,0.4836887649999999,-0.046331523,-1.31783963,-0.629873752,1.45919566,-0.829940662,-0.465123687,1.537079628
1914,-0.302149179,0.479392308,-0.044444444,-0.327661528,0.455463354,-0.046075934,-1.335468938,-0.681304875,1.578598175,-0.89789112,-0.482753003,1.53705611
1915,-0.284375697,0.45119276,-0.044444444,-0.309854795,0.4272781289999999,-0.045789668,-1.355216879,-0.728690846,1.691397501,-0.963282875,-0.502500947,1.537031605
1916,-0.266602216,0.422993213,-0.044444444,-0.292019211,0.398939074,-0.045654986,-1.377487279,-0.772501324,1.798922127,-1.02697473,-0.524771348,1.53700602
1917,-0.248828735,0.394793665,-0.044444444,-0.274193693,0.370632884,-0.045474741,-1.402792828,-0.812991545,1.902158496,-1.089697871,-0.550076897,1.536979253
1918,-0.231055254,0.366594118,-0.044444444,-0.256412541,0.342369282,-0.045272602,-1.431794111,-0.85024003,2.001869908,-1.152137067,-0.579078178,1.536951182
1919,-0.213281773,0.33839457,-0.044444444,-0.238595475,0.314222387,-0.0450368369999999,-1.465356566,-0.884154195,2.098669804,-1.214998347,-0.61264063,1.536921666
1920,-0.213281773,0.33839457,0.011111111,-0.238541959,0.314324245,0.010249812,-1.465354554,-1.022399541,2.10297168,-1.081054516,-0.612638548,1.536921089
1921,-0.231055254,0.366594118,0.011111111,-0.256430216,0.342536252,0.01007768,-1.431796478,-0.978003467,2.005965302,-1.028467794,-0.579080549,1.536949712
1922,-0.248828735,0.394793665,0.011111111,-0.274247262,0.370829069,0.009888309,-1.402794523,-0.931778361,1.906092315,-0.974843664,-0.550078597,1.536977833
1923,-0.266602216,0.422993213,0.011111111,-0.2920821879999999,0.399062369,0.009610868,-1.377488507,-0.883518008,1.802740224,-0.919774938,-0.524772584,1.537004628
1924,-0.284375697,0.45119276,0.011111111,-0.3099260669999999,0.427372369,0.009419478,-1.355217764,-0.832919756,1.695143514,-0.862798767,-0.502501842,1.537030221
1925,-0.302149179,0.479392308,0.011111111,-0.327765107,0.455577536,0.009243258,-1.33546955,-0.779558909,1.582317029,-0.803354703,-0.482753628,1.537054711
1926,-0.31992266,0.507591856,0.011111111,-0.345591652,0.483867801,0.009073907,-1.317838168,-0.722832734,1.462929913,-0.740714651,-0.465122244,1.537078188
1927,-0.337696141,0.535791403,0.011111111,-0.363500806,0.512248603,0.0089091419999999,-1.302005084,-0.661877167,1.335126769,-0.673887296,-0.449289156,1.537100725
1928,-0.355469622,0.563990951,0.011111111,-0.381370594,0.5405719410000001,0.008577237,-1.287707962,-0.595360891,1.196094164,-0.601390566,-0.434992023,1.537122403
1929,-0.373243103,0.592190498,0.011111111,-0.39929928,0.56894083,0.008533503,-1.274734323,-0.521085768,1.041227568,-0.520818148,-0.422018361,1.537143331
1930,-0.373243103,0.592190498,0.066666667,-0.399407372,0.569169165,0.063930923,-1.274734325,-0.590941282,1.023994136,-0.433729785,-0.422018318,1.537143968
1931,-0.355469622,0.563990951,0.066666667,-0.3814561509999999,0.540822859,0.064189456,-1.287707964,-0.669701054,1.180143449,-0.511101172,-0.434991984,1.53712405
1932,-0.337696141,0.535791403,0.066666667,-0.363582131,0.512470027,0.064382623,-1.302006712,-0.740832133,1.319889086,-0.579695957,-0.449290762,1.537102187
1933,-0.31992266,0.507591856,0.066666667,-0.345605397,0.484134307,0.064423505,-1.317839669,-0.806696789,1.448038497,-0.641960396,-0.465123733,1.537079553
1934,-0.302149179,0.479392308,0.066666667,-0.327789142,0.455874011,0.0646594769999999,-1.335468981,-0.868763918,1.567517368,-0.699351195,-0.482753051,1.537056025
1935,-0.284375697,0.45119276,0.066666667,-0.3099160999999999,0.427572217,0.0649138569999999,-1.355216932,-0.928031073,1.680242931,-0.752787993,-0.502501005,1.537031508
1936,-0.266602216,0.422993213,0.066666667,-0.292082844,0.399336236,0.065074149,-1.37748735,-0.985240199,1.787561274,-0.802874904,-0.524771423,1.537005908
1937,-0.248828735,0.394793665,0.066666667,-0.274220594,0.37103644,0.065183715,-1.40279293,-1.040988592,1.89046333,-0.850005546,-0.550077003,1.536979121
1938,-0.231055254,0.366594118,0.066666667,-0.256403076,0.342759751,0.065378438,-1.431794266,-1.095797877,1.989706799,-0.894415982,-0.579078337,1.536951026
1939,-0.213281773,0.33839457,0.066666667,-0.238547026,0.3145560249999999,0.065540584,-1.465356817,-1.150165028,2.085889883,-0.936207441,-0.612640885,1.536921478
1940,-0.213281773,0.33839457,0.122222222,-0.238563337,0.3147523049999999,0.120798733,-1.465354556,-1.262908151,2.048003482,-0.785577598,-0.61263853,1.536921002
1941,-0.231055254,0.366594118,0.122222222,-0.256468611,0.342947634,0.1206708079999999,-1.431792325,-1.200002879,1.953521648,-0.754024873,-0.579076398,1.536949883
1942,-0.248828735,0.394793665,0.122222222,-0.274325514,0.3712703169999999,0.1205499219999999,-1.402794275,-1.1376825,1.855570349,-0.718417678,-0.550078351,1.536977971
1943,-0.266602216,0.422993213,0.122222222,-0.292193266,0.399561007,0.120367232,-1.377488358,-1.075235809,1.753573994,-0.678891009,-0.524772438,1.537004744
1944,-0.284375697,0.45119276,0.122222222,-0.310053657,0.427835294,0.12017547,-1.355217678,-1.011979094,1.646788375,-0.635384377,-0.502501759,1.537030318
1945,-0.302149179,0.479392308,0.122222222,-0.327923162,0.456047662,0.119961135,-1.335467515,-0.947164985,1.534194135,-0.587625811,-0.482751596,1.537054796
1946,-0.31992266,0.507591856,0.122222222,-0.345760356,0.484369886,0.119789785,-1.317838167,-0.879921663,1.414393242,-0.535089117,-0.465122247,1.537078259
1947,-0.337696141,0.535791403,0.122222222,-0.363704071,0.512716175,0.119654251,-1.302005084,-0.8090976,1.285332084,-0.476872238,-0.449289159,1.537100789
1948,-0.355469622,0.563990951,0.122222222,-0.381628688,0.541028539,0.119561834,-1.287707962,-0.733034724,1.14383787,-0.411460502,-0.434992026,1.537122468
1949,-0.373243103,0.592190498,0.122222222,-0.399550471,0.5694430690000001,0.119426589,-1.274734323,-0.649027422,0.984511564,-0.336160587,-0.422018358,1.537143425
1950,-0.373243103,0.592190498,0.177777778,-0.399698594,0.5697158560000001,0.174939813,-1.274734333,-0.693574399,0.92091083,-0.228013819,-0.422018161,1.537144427
1951,-0.355469622,0.563990951,0.177777778,-0.381703453,0.541353138,0.175019286,-1.28770796,-0.78385247,1.086111259,-0.302916513,-0.434992063,1.537122894
1952,-0.337696141,0.535791403,0.177777778,-0.363780558,0.5130315759999999,0.175188302,-1.302005086,-0.865240084,1.230858865,-0.366257807,-0.449289135,1.537102207
1953,-0.31992266,0.507591856,0.177777778,-0.3458273699999999,0.484728837,0.175335487,-1.317839701,-0.941034057,1.361691138,-0.421275746,-0.465123766,1.537079526
1954,-0.302149179,0.479392308,0.177777778,-0.32799402,0.456371731,0.175446771,-1.33546894,-1.013173638,1.482266013,-0.469690073,-0.482753013,1.53705597
1955,-0.284375697,0.45119276,0.177777778,-0.310084211,0.428102998,0.175668781,-1.355216816,-1.082990958,1.594890827,-0.512475939,-0.502500892,1.537031432
1956,-0.266602216,0.422993213,0.177777778,-0.292216025,0.399844893,0.175822008,-1.377487137,-1.151495277,1.701100022,-0.550158493,-0.524771213,1.537005812
1957,-0.248828735,0.394793665,0.177777778,-0.274343059,0.371576859,0.175925017,-1.402792577,-1.219537995,1.801964078,-0.582956792,-0.550076652,1.536979004
1958,-0.231055254,0.366594118,0.177777778,-0.256507735,0.34331233,0.175943293,-1.431793692,-1.287908657,1.898246192,-0.610844477,-0.579077765,1.536950885
1959,-0.213281773,0.33839457,0.177777778,-0.238616277,0.315079144,0.176078138,-1.465354545,-1.357399766,1.990483204,-0.633565889,-0.612638614,1.536921311
1960,-0.213281773,0.33839457,0.233333333,-0.238713314,0.315371967,0.231512079,-1.465354558,-1.43198723,1.914668144,-0.483163146,-0.612638518,1.536920985
1961,-0.231055254,0.366594118,0.233333333,-0.256647309,0.343583513,0.231324551,-1.431792325,-1.3579074,1.824803601,-0.46740242,-0.579076399,1.536950018
1962,-0.248828735,0.394793665,0.233333333,-0.274511437,0.371860495,0.231203821,-1.40279121,-1.285039572,1.730241353,-0.445731713,-0.550075287,1.53697809
1963,-0.266602216,0.422993213,0.233333333,-0.292394138,0.400104464,0.231188046,-1.377485773,-1.212571602,1.630423184,-0.418404497,-0.524769853,1.537004845
1964,-0.284375697,0.45119276,0.233333333,-0.310273922,0.4283589579999999,0.231051064,-1.355215438,-1.139666247,1.524528145,-0.385437072,-0.50249952,1.537030405
1965,-0.302149179,0.479392308,0.233333333,-0.328164178,0.456657172,0.230807291,-1.335467515,-1.065386637,1.41136238,-0.346572471,-0.482751597,1.537054869
1966,-0.31992266,0.507591856,0.233333333,-0.346035421,0.485007336,0.230761167,-1.317838167,-0.98858207,1.28915618,-0.301191709,-0.465122247,1.537078324
1967,-0.337696141,0.535791403,0.233333333,-0.363980037,0.513298707,0.230600953,-1.302005084,-0.907682885,1.155164253,-0.248119191,-0.449289157,1.537100856
1968,-0.355469622,0.563990951,0.233333333,-0.381932563,0.541705796,0.2304556059999999,-1.287707962,-0.820266983,1.004785193,-0.18517568,-0.434992017,1.537122574
1969,-0.373243103,0.592190498,0.233333333,-0.3998663189999999,0.570098801,0.230437704,-1.274734324,-0.721936632,0.829241538,-0.107981698,-0.422018322,1.537143741
1970,-0.373243103,0.592190498,0.288888889,-0.400100391,0.570415088,0.286045792,-1.274734319,-0.729370567,0.700858182,0.027835713,-0.422018425,1.537143726
1971,-0.355469622,0.563990951,0.288888889,-0.382096544,0.542041279,0.285929507,-1.28770796,-0.839542066,0.895506805,-0.056622463,-0.434992063,1.537122894
1972,-0.337696141,0.535791403,0.288888889,-0.364142371,0.513667623,0.286263082,-1.302005083,-0.934495626,1.055696138,-0.121838667,-0.449289183,1.537101244
1973,-0.31992266,0.507591856,0.288888889,-0.346185757,0.48536979,0.286240362,-1.317838169,-1.021060804,1.195245433,-0.174803365,-0.465122229,1.537079602
1974,-0.302149179,0.479392308,0.288888889,-0.328325361,0.456992698,0.286386959,-1.335467516,-1.102542618,1.320580611,-0.218635701,-0.482751588,1.537055979
1975,-0.284375697,0.45119276,0.288888889,-0.310348694,0.428640134,0.286509944,-1.355216702,-1.180916433,1.435282781,-0.254942392,-0.502500779,1.537031401
1976,-0.266602216,0.422993213,0.288888889,-0.292492461,0.400454123,0.286513251,-1.37748688,-1.257523155,1.541535503,-0.284566047,-0.524770957,1.537005754
1977,-0.248828735,0.394793665,0.288888889,-0.274608534,0.372202473,0.286682225,-1.40279214,-1.333402675,1.640775622,-0.307903588,-0.550076216,1.536978924
1978,-0.231055254,0.366594118,0.288888889,-0.256749023,0.34390499,0.28680645,-1.431792325,-1.409417475,1.733950106,-0.32503949,-0.579076399,1.536950785
1979,-0.213281773,0.33839457,0.288888889,-0.238854782,0.315708585,0.286818103,-1.465354545,-1.486367447,1.82170149,-0.335816394,-0.612638615,1.536921187
1980,-0.213281773,0.33839457,0.344444444,-0.23901471,0.3160428,0.342358086,-1.465354559,-1.521047686,1.712179785,-0.191614389,-0.612638512,1.536921065
1981,-0.231055254,0.366594118,0.344444444,-0.256959444,0.344227134,0.342205061,-1.431792325,-1.442459585,1.625887013,-0.183933723,-0.579076399,1.536950107
1982,-0.248828735,0.394793665,0.344444444,-0.274824371,0.372468701,0.342115494,-1.40279121,-1.364250012,1.533336029,-0.169616017,-0.550075287,1.536978167
1983,-0.266602216,0.422993213,0.344444444,-0.292731238,0.400762929,0.341977371,-1.377485773,-1.285639541,1.433737314,-0.148650747,-0.524769853,1.537004912
1984,-0.284375697,0.45119276,0.344444444,-0.310625938,0.4290533199999999,0.34200196,-1.355215438,-1.205696515,1.325881692,-0.120760404,-0.502499519,1.537030462
1985,-0.302149179,0.479392308,0.344444444,-0.328531994,0.4572989,0.341967722,-1.335467515,-1.123216991,1.207902381,-0.08528217,-0.482751595,1.537054921
1986,-0.31992266,0.507591856,0.344444444,-0.346432704,0.485725199,0.341765985,-1.317838168,-1.036488125,1.076794138,-0.040923678,-0.465122242,1.537078385
1987,-0.337696141,0.535791403,0.344444444,-0.3643980559999999,0.514004185,0.341734224,-1.302005085,-0.942751548,0.927307636,0.01480595,-0.44928914,1.537100979
1988,-0.355469622,0.563990951,0.344444444,-0.382398242,0.542455261,0.341579639,-1.287707966,-0.83669564,0.748822253,0.087215395,-0.434991951,1.53712304
1989,-0.373243103,0.592190498,0.344444444,-0.400384921,0.570834912,0.341648848,-1.274734319,-0.704147296,0.512226017,0.191244607,-0.422018424,1.537143727
1990,-0.373243103,0.592190498,0.4,-0.400880378,0.5715327969999999,0.397226545,-1.274734365,-0.555334155,0.074536343,0.480121036,-0.422018453,1.537143821
1991,-0.355469622,0.563990951,0.4,-0.382629526,0.54286414,0.3972953059999999,-1.287707982,-0.798979582,0.538717711,0.259604151,-0.434992084,1.53712289
1992,-0.337696141,0.535791403,0.4,-0.3646289689999999,0.514380862,0.397438405,-1.302005082,-0.926696689,0.758494956,0.167563578,-0.449289182,1.537101244
1993,-0.31992266,0.507591856,0.4,-0.346658188,0.486080742,0.397329068,-1.317838166,-1.031526751,0.927250954,0.103657855,-0.465122263,1.537078718
1994,-0.302149179,0.479392308,0.4,-0.328707343,0.457699316,0.397525342,-1.335467516,-1.125273629,1.069157579,0.055518166,-0.482751577,1.53705617
1995,-0.284375697,0.45119276,0.4,-0.310779704,0.429368524,0.3975713119999999,-1.355215439,-1.212635234,1.193556887,0.018502234,-0.502499512,1.537031476
1996,-0.266602216,0.422993213,0.4,-0.292893522,0.401141882,0.397615513,-1.377485773,-1.29611244,1.305171463,-0.009612737,-0.524769849,1.53700577
1997,-0.248828735,0.394793665,0.4,-0.274989953,0.37286502,0.39765474,-1.40279121,-1.377271605,1.406727695,-0.029986715,-0.550075286,1.536978903
1998,-0.231055254,0.366594118,0.4,-0.257120049,0.344532667,0.397766502,-1.431792325,-1.457208975,1.499917786,-0.043215631,-0.579076399,1.536950737
1999,-0.213281773,0.33839457,0.4,-0.239204944,0.316394726,0.397770303,-1.465354545,-1.536757616,1.585827658,-0.049552337,-0.612638615,1.536921118
