step_order,x_t,y_t,z_t,x_dif,y_dif,z_dif,joint_1,joint_2,joint_3,joint_4,joint_5,joint_6
0,-402.14412224114983,-3.5212622371453004,-99.1855850571923,-0.1468715332361512,0.8545555445828006,-0.19159419438069847,-22.933297010882566,-43.71915584236375,135.39784676276338,-94.74032099477175,55.416784894781806,-5.552224723991238
1,-435.4059330496964,-2.880446237239,-100.0301323550631,-0.02967078360859432,0.8206666059691998,-0.15392706715159932,-19.715908717115287,-45.88433417627589,127.58673648525605,-71.44195245436593,63.25406825744212,-12.680515922984348
2,-468.5821054595379,-3.2595295476098003,-99.8422323312602,-0.06894607350182014,0.7949863233331,-0.23904674869510245,-19.443790792575786,-44.136201531157816,123.03188370745586,-73.82564879814187,55.85431883170015,-0.9814097416342191
3,-501.87695161898984,-3.8340386688139003,-99.10874256326049,-0.17313034486562628,0.8256001598516005,-0.1689064438391057,-18.232225860252846,-39.982614913680806,121.1335285744129,-95.66211195850192,54.93262044841854,5.601157656281401
4,-535.4994202121925,-2.6039123772552997,-100.0577384963508,-0.012299247140276748,0.7674476315764995,-0.22666830473531263,-14.77559498326301,-41.66583548563355,112.34783902596327,-65.22567564943922,70.94561721340693,1.5689073142216587
5,-568.701776554034,-2.3938314115383,-100.61753140552369,0.018078827730278135,0.731062599098,-0.21378737163971095,-14.233792044243819,-40.04169531609911,104.12000130670292,-50.6071084893651,68.4862022737471,1.7566651600349623
6,-602.1004654264897,-2.6843817070669,-100.3118783953621,0.004570183963210184,0.7397088779319998,-0.2505996146612972,-13.692568899979104,-37.76119612451784,100.26077638407085,-56.88373338734647,66.45426584023535,4.942571903752179
7,-635.2138591653359,-3.6452521720804003,-99.5811684743384,-0.14877150282234197,0.8076590544069004,-0.04446147550540047,-13.682882114184974,-33.685778240538696,98.73809653841067,-82.21770060269321,60.390201865189766,7.352477759494598
8,-669.0239411973115,-2.163553147261,-100.24510933888641,-0.010742107032797321,0.6001412557904,-0.09963026233599237,-10.79537803253217,-32.993995885740844,89.56092217837626,-57.48751167385157,78.98973606536121,6.8393624796440315
9,-702.3909377066143,-2.489332836671,-99.70174888710869,0.01515482536831314,0.5439697651337001,-0.15956108066760066,-10.387809845397213,-29.661928273873954,85.53422239867523,-68.43502349886012,78.03146989310007,1.3679060443461224
10,-702.0038532042108,-1.9680439849635,-45.770947274966204,-0.07837091987755684,0.42973527067460027,-0.08814017243850003,-11.946540615286956,-34.95053516363877,77.99516489378354,-29.448365289447956,64.25433279835389,-2.5687785192297667
11,-668.9564685400253,-2.7682749414422,-43.856520337667,0.03139864996137476,0.5838454905088999,-0.12573628054030195,-11.304038851899962,-37.81643432290511,94.96563665904074,-75.54336978218596,74.8370307924359,-3.0900043540829345
12,-635.6995351476902,-2.5460050333175,-43.7370269707046,0.08145293464622227,0.4947363219384,-0.20898556685850167,-11.602113523358971,-40.458663695874634,100.92216794736213,-76.83036419787491,77.20800026803376,2.886828260965656
13,-602.29508798316,-2.2206781734793,-44.3247472225972,0.007330883680083389,0.5106548568865004,-0.16612123915489718,-12.35997471902852,-44.098289025369866,104.39318654054193,-64.35692227658781,76.45041337850047,7.74449388209621
14,-568.8676599968865,-2.5893681099965997,-44.4341658366036,0.0007915119001609128,0.7237210692856997,-0.12237880176000715,-13.822034233088456,-46.55062731704824,109.69449213342064,-64.84428210365834,71.4145229402685,-2.346454499462074
15,-535.5775740965054,-2.7406471733138003,-43.785475894281504,-0.03198775199530246,0.6778354322034001,-0.06093531460719248,-14.100644104400066,-47.15525781564268,117.78232762619947,-83.07413242720554,75.37230190857314,1.6933889238644024
16,-501.590893757052,-2.796567687578,-45.0369466123535,-0.1375310946599484,0.6831939805122,-0.15018282098169777,-18.238012147016676,-51.017748065614825,116.44114797994006,-52.45170089646369,54.89182221291985,0.21816436276605022
17,-468.7029754846253,-3.3031444505986998,-43.6248254396712,-0.14573594225169018,0.7333225450877996,-0.03387562791260024,-18.234427845465234,-50.00890804098725,128.8046478981123,-92.4969343428612,63.382808480471674,10.267400687369893
18,-434.8216359084353,-3.0388304289599,-44.7553071325834,-0.17584931911426338,0.6156484148067998,-0.14649517830020642,-22.25408071170075,-54.64811391142304,127.6863203145628,-61.288328028304605,48.102795914562996,-4.590443033825975
19,-402.2050742533737,-3.4243019698784,-42.860782128341306,-0.14419489700378563,0.7179598497288002,-0.11730933718929748,-21.466912666182765,-48.686976967178154,140.3617830824712,-113.36134477798743,63.09986761828095,5.10885710863515
20,-399.18428697741643,-49.398780040711905,-44.0847591643667,-0.08369832464904903,0.7206596537466083,-0.14021413756650247,-14.24330488729803,-55.721953614627594,136.44053973442618,-78.27801929235613,65.8964667058929,-2.285981894878241
21,-432.2315363466131,-53.7111339539966,-42.9739850129029,-0.15447844627806262,0.5818188387494061,-0.08258394703879901,-12.257876724269575,-48.42486898651413,135.159659707149,-108.32688084634026,67.57911970435416,13.897452688834838
22,-465.4393840748375,-57.1411999784492,-43.1904052498041,-0.11478184982559014,0.4773049460827039,-0.08568827448889493,-9.549862392094074,-48.46876276907171,129.5563054555972,-99.69372595361305,75.09056564075367,12.821137379895408
23,-498.5932062884373,-60.9573815151091,-43.7905781797461,-0.01102961158898097,0.5394626926861932,-0.13148780511340163,-9.076386310434456,-49.48062680533302,122.68648156377164,-82.2333763316606,71.20778852631688,-5.290631622556991
24,-531.4035341538014,-64.8816014883835,-44.2049010063983,-0.17229904750354308,0.4864101108626073,-0.05969078338059575,-8.970349204543691,-48.20715830527624,116.25280828896449,-73.75475113166588,65.13450574006932,12.182695962642578
25,-564.436165033478,-68.1028607506555,-45.2148439022969,-0.14245955675983168,0.4286665411302977,-0.08817459589329957,-8.043095602378639,-46.75509687105761,105.35851177233683,-46.208559459797094,65.03220412918368,-15.286666056637143
26,-598.0907891356478,-71.9227451955838,-43.9680135482772,0.0015256391777711542,0.37364713474831035,-0.16265095858379652,-4.9109625048753305,-43.56763915751119,105.56688961002227,-71.27364697455747,82.13122456270021,-2.242743542232808
27,-631.063908373225,-75.3113131318203,-45.092246401278295,-0.0028628947616198275,0.23346610017630098,-0.22974944459650004,-5.336803162105417,-41.7321285932814,93.8607438533256,-42.128897956415074,74.08691456457007,-1.6806748794231006
28,-663.8893690384429,-80.52148370608191,-43.815376613843796,-0.08313389178613306,0.35232337965440763,-0.178308035819704,-5.6264397059172335,-37.67254419549565,94.99046747363026,-77.23276104975044,66.51909928386314,6.918207654519154
29,-697.1076378056478,-84.07652028325981,-44.2518509372827,-0.12717986217535326,0.3171223716038156,0.012875290946695372,-4.63288815869783,-35.43251718525681,87.78562652036346,-68.43862955397572,70.1046419093656,8.020788425716272
30,-697.3749535705758,-83.63888221945639,11.5090565565755,-0.008124407596824312,0.29615352743158496,-0.08503133484020076,-3.6927821147554627,-41.08447664316065,88.88750627785018,-64.86654289773935,78.27391160878919,-6.620557588246113
31,-664.1946440966431,-79.7949178661535,11.5267074245786,0.00028035980119511805,0.20820028974510763,-0.17305871981490029,-4.714580383866771,-44.261950773899784,94.9679302942439,-65.55448046070528,74.2007636247873,8.576755118236095
32,-631.2003238164839,-75.0393561510789,10.503594065374,0.034214556561892095,0.11693648911180787,-0.1029579724874985,-4.915941238052794,-47.68076981591212,95.35088814593904,-41.77040029999918,77.3587399928846,7.96380127046834
33,-597.6467025287953,-71.7203565512377,10.2499255214351,-0.07439978497302491,0.2003180117509089,-0.06565765414429947,-7.435399094549108,-50.278662193973915,100.13686411309905,-40.665531544342244,63.252498546705226,-0.4465222879097439
34,-564.7177183729045,-68.3645286102747,11.7476975853403,-0.09200835179103706,0.36513728065060036,-0.062118197806698916,-6.5555470439939905,-52.16412596781542,113.36440676203566,-76.61519084947092,75.6032119187583,1.8005392109886897
35,-531.220209981296,-64.17581655274569,10.365106853993101,-0.16612961494092815,0.36756674875799433,-0.10918918904830122,-9.466320205952922,-55.97418179564496,111.48461413627808,-44.149281287322665,61.677325087038255,-6.0153695144797705
36,-498.0859646055161,-59.9694834848612,10.0641077191392,-0.1050833891027878,0.3230084500046999,-0.08888029272559983,-10.271118130242632,-58.419266868427506,114.7536007588193,-37.003893461967664,63.659766275433896,0.32099308650812103
37,-465.3140214669445,-56.072793555369195,10.497727187587499,0.06507667070678735,0.36757148823919295,-0.1785917977943985,-10.596892497068431,-61.672846310735316,122.15076153236828,-45.94010964848148,69.11341504607624,-6.5897460235550716
38,-431.9291492186078,-52.9567738852382,10.8311297050354,-0.1516078987895071,0.5710358093276042,-0.09116503496829864,-13.506483245364025,-64.06122372262367,129.78808798234908,-58.668371883227046,60.69059294456042,-13.451874006195954
39,-398.95059105980664,-49.709638632927195,11.9049228076624,-0.18395673635467347,0.600653458418897,-0.06745205064899906,-15.358168661778286,-63.5946520281901,140.01981941895585,-88.56766206149949,60.238164937525426,12.167823454908167
40,-390.6372648975911,-95.07695533287169,11.4077127992965,-0.11630290015392575,0.36678966631478715,-0.12554926740950023,-8.396474361470458,-65.79202679782283,137.49806730592405,-72.7281817972645,61.760170247193,6.013651821178266
41,-423.5159299394611,-102.44990048271289,12.1558200967266,-0.00863702130021693,0.44210159775089153,-0.05919188610280024,-2.383447494736801,-60.60801881792563,135.0517019678538,-89.26694317382317,84.25917676914483,-3.7888490374896002
42,-455.6548414108684,-110.3909303776815,12.096510768488601,-0.1433425189884474,0.32543739206789724,-0.04839827698100052,-2.714457552607783,-58.518344811208095,130.2183782445576,-88.14579874081079,76.0396590483082,14.366921294697354
43,-488.0797789136397,-117.2173226913788,10.4132595930155,-0.07773492833371165,0.2824743168113031,-0.08749339614729834,-2.3000148164097247,-58.99964508121105,116.82857729816057,-44.209886387402584,71.884779465284,-6.748709699263591
44,-520.6849634575406,-125.19381714130509,10.9639970107626,-0.06346889169503811,0.36586888615558166,-0.14166011507740173,-0.7581388931340727,-56.330446305476386,114.44876100250073,-55.05675644861574,75.43186143536992,-7.0415053491073385
45,-553.4701925568617,-132.63787262385952,11.3290022577868,0.05762291132691644,0.4370267119364257,-0.21282013117320098,1.8564050228612605,-53.33537550311831,109.93127266843968,-58.68046500178594,87.49188157609844,-7.421325950447969
46,-585.4799274200147,-140.9689793728801,11.2490967980027,-0.11013129354137163,0.3654346425364281,-0.053665024996400135,0.5658650586269087,-50.408874972265004,105.65832968767981,-62.86562990992861,73.44722579219099,5.68512062059453
47,-617.9707585945198,-148.8442893007509,11.8612515475166,-0.06311801324420685,0.4473627885698761,-0.049259572047599676,2.1385054556456353,-46.46645423574557,102.30957758165437,-75.59729534451412,80.34072872297072,3.1554443749693615
48,-650.4831497971344,-156.3022329148508,11.2187364645566,-0.09763760186979198,0.4121772543346083,-0.08083287821339802,2.2121796749736045,-44.5941181402562,93.61700002439437,-58.382333686308456,76.3374963405049,-4.943447841476081
49,-683.0862356824928,-163.41649033108268,10.498329637056399,-0.0926584044474339,0.29203438652857017,-0.07301520947169848,2.85180277066402,-41.315606444636614,82.93108694014937,-38.993172370879485,77.2290882734254,0.1059392282325196
50,-683.4148534933807,-162.90070236539088,66.34403194029571,0.03668576030133863,0.17723139444967728,-0.10032424722450628,3.9819543397601285,-46.27007562309106,83.43257247231679,-38.47600155733398,86.80140436545581,9.945502382164982
51,-650.9262775805697,-155.3727596969298,66.8237604123999,0.035496498783004427,0.32554111071976877,-0.1390360660615073,4.119258803797426,-49.81910644992829,92.09333457194559,-49.574862227755105,91.67169392335667,0.5085859342684894
52,-618.3312096682293,-148.1403027309475,67.4276945802556,0.07147242617702432,0.3855960916922072,-0.22453544590119634,3.3601929665544987,-52.71515649945422,101.05618436675002,-64.68372899032366,89.62771472075892,-4.198560218769694
53,-585.9738614236018,-140.0596157930222,66.8545630221667,0.06617265781380866,0.3349638652319129,-0.21528587333729376,2.6528552370350877,-56.45775220550458,103.86180877680928,-51.80431500388722,88.57331500016268,-1.091035342514088
54,-553.394141857836,-132.5414017755263,67.190449868687,0.001554619821263259,0.34739647663681694,-0.08971031231740767,2.3325559983159425,-59.14753623367175,111.67086536523328,-64.13446197163115,90.70828369026928,-2.3644707424760836
55,-520.5243862109348,-125.574592883165,67.18852121475501,-0.0564412673214747,0.23804008890549255,-0.15608105431552133,-1.4984804572852177,-62.282336462101384,117.99784471723336,-68.74461029995514,70.5725652565372,9.087039297767616
56,-488.0960070861666,-116.8288326092999,65.6947608665792,-0.03452134024644238,0.13117401544700158,-0.10136822636231102,-2.5073019178955454,-65.4889470756106,114.64198679129153,-32.94293041301098,70.60410656146229,-1.1159463940912897
57,-455.6209515053956,-110.1642939454793,67.2571842458893,-0.09094544078789113,0.2396887514969137,-0.05283357079629525,-3.5083548848936066,-68.11799367759156,129.07047164141704,-74.31265844805603,71.54231271155666,7.245778362590256
58,-423.5244737425367,-102.0287905798717,67.6134557879618,0.040743392410206525,0.3315942394090854,-0.022269933276291454,-1.6746170573833457,-69.9738204798883,134.7705685837907,-81.5243259254076,87.86710261093272,-9.281261081510166
59,-390.760131954462,-94.7957620599333,67.283572556656,-0.09620694561499477,0.26279230968359,0.04052348740380296,-6.572717300960444,-74.09729477140472,139.67015344597598,-78.90395091028752,70.81782855876304,8.791391914718078
60,-377.20934550877837,-138.54623630821519,65.83114342196001,-0.050395967439328615,0.20639614243526694,0.02735864375299002,0.06776245271503892,-75.94782469701806,131.5465335483327,-40.949072911429816,70.69108976253659,5.08776766224628
61,-408.6267437718454,-150.6527559299713,67.1726305898533,-0.05194223614876137,0.2538614235385239,-0.03360646487769259,2.6015706527354774,-71.5962025494061,133.4872298162432,-71.59333671271412,75.63174943295425,6.8372276613279555
62,-440.3823697295154,-160.8640649482535,66.1477585243052,0.11382601371343526,0.17292223342931834,-0.18503287661670242,5.665905987273276,-69.09401885074199,121.08619473929089,-39.13243065022071,85.55021172208968,-1.8173848582058116
63,-471.888271739628,-172.4745786862205,67.0131100959619,0.0993208266468173,0.3491471120313179,-0.27849751150000657,8.555754347590534,-65.65432530435109,119.53841836903442,-55.08167245390791,96.93861948070617,1.2483541815990882
64,-502.8132262515531,-184.6974997256329,67.4998924821901,-0.032279371368986176,0.35825702943699866,-0.12380639799130222,7.938955120824948,-61.726836689570476,118.35817956744323,-72.0932277482343,88.40451095352817,-4.200226095201834
65,-534.4673913323144,-195.5053335678181,67.0873936170971,0.007835752630171555,0.39043182766988593,-0.11167365571741072,10.047074643385976,-59.18874870492259,110.16715888771324,-58.68833329480306,97.82749769823182,6.071819884257524
66,-565.952211813038,-206.6420487483803,66.64808033399069,0.05000207248940569,0.39564211961950946,-0.21981725048148348,10.48495034343837,-56.155121585056506,101.40216459154624,-43.56190890651147,96.95535556424227,-5.579547327679058
67,-597.1260888611969,-217.9251740261677,65.68167176573999,0.019461385034219347,0.20944794466768712,-0.1126188657293028,9.398748725976809,-52.06354650490898,90.78961458972258,-23.99297646636529,84.86497008715898,2.4426492795133194
68,-628.5316801399389,-229.6778683679498,66.34442138394229,-0.0007844453158440956,0.28173341904590643,-0.08841886439769553,10.431655059843552,-49.68150389804476,89.37353334679861,-38.66191308930198,88.84009072193825,1.8194906494714598
69,-659.8689913134874,-241.23303761577031,66.81910940228259,-0.020708720834363703,0.3603157974030182,-0.03884679996170348,11.604241954376715,-46.28434876567314,85.77551327623067,-48.69900582984739,94.83944923643887,1.8865332877410042
70,-659.8861647428082,-241.006783151318,121.3899041499202,-0.021433693094877526,0.2236831435294846,-0.08102073762620421,9.995172167468855,-49.73754601418138,78.4543684744343,-22.524583365186864,81.29081226858887,0.861866293749712
71,-628.7254625121715,-229.36891858015989,122.2124041051182,0.05807776797485076,0.28339632041698337,-0.16010638074909878,11.323896017196692,-54.22222916066877,88.7279843297628,-37.91117235130711,95.98712894298055,-9.869004066899047
72,-597.1860285297088,-218.0955853104218,121.7466364854747,0.0005909898388836154,0.22744426113720806,-0.14457472378259695,9.474061648136763,-57.71769676070045,92.92727282939596,-31.18472831120253,85.43676853422049,-5.169630722844811
73,-565.6729674145732,-207.0800321882255,122.41482754591709,-0.020840226005589102,0.263317377524686,-0.17496594034659552,8.864241434967477,-61.88888288024446,103.04757004963463,-48.29045452449999,85.30907193239268,-2.2391254725768537
74,-534.4287800448625,-195.5534948022645,122.8331113090045,0.0363913837719565,0.31879650365192447,-0.3117652268487916,9.199764013556278,-65.1765637001099,109.52928248445131,-54.57749516010801,92.0646001117346,0.5383684177740996
75,-503.05818858744686,-184.0386734212486,122.6227109627413,-0.00025718130240193204,0.28878108678949843,-0.1685020654802969,8.50817447399904,-68.73023857387919,114.47950311886966,-53.85264765436167,92.01586278576153,6.107804850177882
76,-471.5492004461966,-172.8455039674667,122.3312992119752,4.94497431873242e-05,0.1844238382934975,-0.08586779201399963,5.899646225636322,-72.64778476570702,119.50282468614681,-52.310742800499725,81.15085764448337,8.82318453809375
77,-440.4764833045063,-160.8541023362211,121.8683737532115,0.11103004203016553,0.23738229647909748,-0.13072558725130534,5.963657244009881,-75.99807061165392,120.85100349374657,-38.83152744221001,87.18992144034046,-8.463288693116738
78,-408.7506880457484,-150.1588692428205,123.1063551189428,-0.037613172199485234,0.2167859248995967,-0.003290930571097306,5.14629758313027,-78.52782851255262,133.38469306472385,-73.81665764482969,88.65219859502511,2.6074767144189224
79,-377.503886066353,-138.72378751109298,122.55561146281981,0.015144420781098233,0.26928885009988335,-0.01040147045590345,2.326323090519548,-83.98480193173573,136.10142061421976,-61.51033634608236,81.4131783286223,-1.8190128539537163
80,-391.10599287813943,-93.727614553868,122.3353564340585,0.08614939700993318,0.10852835007000294,-0.0687469330538022,-4.708505231075798,-84.33162732015784,134.8361168978353,-55.48689594354856,79.68642744007674,9.845832884377916
81,-423.13878269733914,-102.33859911272499,122.8758258973652,-0.06072793660297293,0.1495475205411907,0.05632757230839047,-4.904854601996285,-78.92795171484991,134.02125953972254,-75.0151090475843,71.23896931365218,12.455010807656242
82,-455.7043865016037,-109.76160123478431,122.1453064253213,0.01357761070471497,0.15043425967481028,-0.03635565940038532,-4.365540033090648,-76.41426686303284,124.97201977882699,-54.65353919615055,66.5711091142204,4.722257579453477
83,-488.5100853078092,-117.070468206842,122.9500356152019,0.08325619795903094,0.36682458447380384,-0.08106000712169248,0.9482844546308488,-71.73480139001103,122.12442389242338,-66.32530621705646,91.32966709961376,-8.247381883545666
84,-520.6595877935063,-125.2902286762128,122.7636409018478,-0.05980512413702854,0.356426894910598,-0.03706039750198897,-0.23197291690869193,-68.54809913053647,117.28564844173373,-65.28782264675098,78.82855416700838,-5.606996174384811
85,-553.3610225205753,-132.442477657402,122.3891207778192,0.015911057126800188,0.21269961901350598,-0.1418071924356923,0.9850592891079819,-65.47307757225076,109.1409336953674,-51.398005501332115,81.59238885123617,5.159902553488348
86,-585.7344264275494,-140.2458321645478,121.81678751629279,0.005124635256038346,0.20056251756432175,-0.03934731236688549,0.5591542876896735,-61.82258399999121,101.34182067664294,-41.367024194148776,73.39756705346994,-5.5895274003433855
87,-618.5264750066721,-147.2380243912176,121.6975706682355,0.04373899158701988,0.2784307477375023,-0.10277961053358808,3.1724089100502106,-57.65427444112424,92.79285758438051,-31.014344374723926,88.20513439915841,-9.591474893863332
88,-650.8906405071124,-155.4155051056867,122.8685482372936,0.08728612934032753,0.2980096469204909,-0.10917186022039971,4.469678613881328,-54.37569880670687,93.68167934446636,-57.653746020314614,94.47931871445287,-10.670299397944088
89,-683.5462376634894,-162.6629726084515,121.8916864181161,0.061279436487780004,0.23356443278359507,-0.04255976179739207,4.477938329179102,-50.50439707589419,81.84340140449861,-33.83313281486503,90.96854246324953,-0.09600791581897145
90,-683.0860876876461,-163.53082492177091,177.8541213706346,-0.06161511275843168,0.18347599232549783,0.009366365799991172,2.6706435688935066,-55.18908572985592,84.7569634268709,-46.759352108458515,75.67077214863879,1.8655523098611129
91,-651.1318653570776,-154.3553251839201,177.0067063235223,0.03156336800691406,0.05238052694139128,-0.0821629409541913,4.0171850371080815,-57.06136719652347,81.86785602074451,-18.123200760965517,90.85543033870337,-0.2865285013716396
92,-618.2572495091986,-147.6804713112257,177.1828205867122,-0.025516464538668515,0.0783057881986906,-0.10731651269131248,0.9606620937243407,-62.16126720033902,91.72443574912988,-30.21647892247393,71.17681805350583,1.347397265648505
93,-585.6870521655725,-140.4150918199616,178.3825894300897,-0.016802018888370185,0.24868668344257117,-0.21883315156597405,1.3898422013492622,-66.68070870219512,103.99327352164148,-55.86614169055501,79.48573834117421,0.6012816744123358
94,-553.5077094786615,-131.4561938047382,176.8054133059091,0.0485474665450738,0.03429875564290796,-0.19013858851809573,0.8511243733978718,-68.49876419672248,98.55811830941089,-17.134564639638764,80.68072502131298,2.098110257816172
95,-520.8680153184288,-124.63042697988399,178.2547041062366,-0.0054159260765800354,0.19878279233920182,-0.04302447116938879,0.8250684383634443,-74.25010845161574,114.3479665584536,-56.37046504512554,85.56816204965253,3.027895591939428
96,-488.41025560447383,-116.64325880650931,177.37571960259092,0.005552779452273171,0.009023059280508505,-0.05740585787620489,-1.8496317006608265,-78.21321768147722,114.93894150734334,-37.93700197557574,74.63909310440596,5.208681065002958
97,-456.1690989362264,-108.6710648024328,178.0508895226746,0.07560077023606482,0.21788265582259214,-0.1687137506193892,0.04883067986216098,-82.21950404725372,121.784553340616,-47.30079114583216,91.3342130060361,-6.514550463541443
98,-423.3970721562348,-101.5750246404605,177.6567510859903,0.015006989143955707,0.04654984688529851,0.041247195769386735,-4.883920746082078,-87.10691155768106,127.56017142061283,-49.36545011193912,71.34949967324198,-6.389757353636065
99,-390.8496515879151,-93.3418165689666,176.4838977597549,0.04017355850578497,0.02930206209580888,0.03314200580487636,-7.639733630575643,-89.55486059127323,124.83619491249544,-21.363346069373968,65.58231668541055,-9.388028662708606
100,-377.1651386709664,-139.0613640686319,177.9672316508122,-0.0768830174034747,0.2100903897248827,0.10514431045157835,-0.3310542726837579,-91.65624202423118,134.68985092728158,-59.73777256356212,68.7509300614978,-2.0646229208693327
101,-409.0803377288678,-149.0197067502314,176.8531067669496,0.07457416571469366,0.07485509009279667,-0.04655672670639888,3.856611572147253,-85.25618992943386,120.35515219742625,-23.15181815810972,82.08367011316076,-3.5441387570185103
102,-440.3309262137086,-161.1918057492141,177.8941072488571,0.0481870966191309,0.19523575277429472,-0.10248806553701684,5.092467571830904,-82.53476100938043,122.05955725066308,-46.99787770070378,82.3860304812546,0.6433087358042618
103,-471.5808176232898,-172.8017584791991,178.213819031778,0.008234205233634384,0.23347484025458698,-0.08391531994121237,6.47794980772019,-78.29899820030361,118.90125987594293,-54.41019666357636,84.58974468957187,-4.709389095655015
104,-503.1312339286574,-183.7076011449821,177.9341915931598,-0.022284190514540114,0.24390408414882359,-0.014591919636302464,8.789782125130182,-74.06106592181351,111.46569347302953,-45.66866781387446,93.80758098669382,3.3868290695608905
105,-534.4583853330478,-194.94252994791069,176.86552242325808,-0.012514384043129212,0.14558649504957089,-0.10009870548930166,7.656294318408034,-68.81709819922612,99.39500880180265,-19.794172878687363,81.62330421691948,-10.59858706947564
106,-565.6819338323933,-206.9887942281206,178.3644741614123,-0.020099859718015978,0.23107893708569804,-0.2883744554289933,9.165185799539215,-66.62144287762425,102.45875479197714,-49.85190099119868,87.46724350714084,9.353723249881336
107,-597.2903941571277,-217.9549300162465,178.4039134053448,0.04121024529524675,0.31792888882759485,-0.24186671857751207,11.452503297586231,-62.345004131806235,95.69056997123305,-47.32328703190165,100.51428253320914,-5.366067679783808
108,-628.8144230087287,-228.8818064690864,176.9918101243265,0.015732956612055204,0.15413236362019234,-0.10876461006409954,10.85253092433172,-56.71286743765287,80.92479114193151,-15.619154327461366,92.2046235229351,-6.877095006281741
109,-659.9332609044133,-240.7601209616889,178.3996076491795,-0.013702435170444005,0.2580541078481815,-0.11880323065511789,12.482665550253508,-54.54624471285398,83.96034484370645,-47.49371666825745,102.3280049529011,6.351925163250509
110,-660.1117639497916,-240.7919845436947,233.275256876981,0.009174591703526858,0.16845749896580742,-0.1827280032296983,10.799461266202446,-57.61509120037204,77.23374804369175,-27.112562785668857,88.06889294570283,-0.18843920858216875
111,-628.6772497388852,-229.41480248828339,233.73380709058588,0.0012687984952890474,0.2697323442703805,-0.2609167607262748,10.988254938017374,-62.194116792420076,85.89646129078704,-36.46392317966268,93.29153571898294,-4.919370777367051
112,-597.4579763912831,-217.41229939998212,233.2917053253227,-0.03480869756594984,0.16697676183622434,-0.24282051211721978,11.06597918351963,-65.25845648567606,87.90363002944036,-25.227166601545605,97.53717692270612,7.260473762816697
113,-566.0363405003516,-206.0557235293354,232.55792069191781,0.004054540813172025,0.05697814588839378,-0.2252501227288235,8.81152210431484,-68.23450351836823,89.83184452883344,-12.659188142888883,84.93073886770709,-2.7562211231981744
114,-534.5879341039572,-195.0048927131007,233.7036877036364,0.011489762944847826,0.2367785872714876,-0.18962969166781818,9.53981751159734,-74.40657918199585,103.16342130414867,-40.15658699701571,94.36959938085214,4.723336513147889
115,-503.28290995640225,-183.3444487165087,233.0121992328858,0.010684976522043144,0.0992640657954098,-0.17697726850491335,7.755581220148993,-77.85467082582191,104.49191889012145,-26.011205822428785,87.24160791087569,6.903657218800494
116,-471.8165920263408,-172.1879740073193,233.16056530044273,0.024201100464722458,0.06966455903182123,-0.14882661486223014,6.077231001440175,-82.75463621292617,111.5049544038145,-32.67099616456116,82.20878472959615,7.078792669198981
117,-440.6507635227662,-160.2048686097582,233.6554010292337,0.0725148608042332,0.11121833532740766,-0.20572174731731252,8.2245625457975,-86.69789597113198,117.05478335331993,-38.64194453274975,99.73307295608127,7.198721753607691
118,-409.0388847478661,-149.19072510643088,232.5776958225386,0.01972920349260221,-0.027375406884630138,-0.07228614486390939,2.424863733870926,-90.99286351035225,118.4221353717169,-23.267882669255822,74.71375145951345,7.726659406509537
119,-377.5906184108836,-138.10022949944639,233.5853847561861,-0.029340552533483333,0.09113147694398549,-0.08448540425217743,2.4102466600410803,-97.42255331319112,128.97601207922506,-45.576472143262315,81.80604448385628,12.042148333072678
120,-391.25886619020514,-92.91778240991489,233.4484972638121,0.06003970922853341,0.07404574088577931,-0.10554367690420463,-2.864440036969771,-96.92363837087692,127.26676652118294,-39.910345104339065,88.30680401511496,-7.901818451095453
121,-423.6807997795226,-100.99834540170339,233.3983964260778,0.08681489024689881,0.06065371432858058,-0.1716084882725113,-3.2144258926031495,-92.31101663354609,122.99654425349708,-39.933053055108985,80.0152873847417,-1.998213207633972
122,-456.0321778001613,-108.7830036247389,232.9618642813457,0.01666728798153372,-0.011686652225492367,-0.03367175143137047,-3.0628929356932293,-87.41886677120789,116.92259693316733,-34.557838858831985,74.07597603293206,11.312535782470961
123,-488.4527431411578,-116.07375629703361,232.0054733546408,-0.0003999320652496863,-0.03929950405249372,-0.04373824342147259,-2.3096615239223053,-80.2305912752434,104.94933017041105,-10.75037772509892,71.82485058355245,-8.239616595729242
124,-521.0108682909614,-124.1740382448843,233.9567746664826,0.03926251073664844,0.14627808671600917,-0.14184423343718322,1.7436089354512905,-78.79558288472501,110.94290507197246,-50.4117037278727,91.39421762564908,-1.8980724075260116
125,-553.666664961598,-131.65805238525212,233.1629324764321,0.07824374589324634,0.09241970701373248,-0.14017265536369905,1.5080272739869665,-74.25425853546732,101.1249476547886,-31.527505024773472,85.1375456450299,8.210784749892245
126,-585.917621546143,-139.9804236506778,233.23075899276418,0.03654757282197352,0.13726590071948408,-0.017685704301584337,0.9875216217508167,-70.70733206479835,98.0892686323844,-38.96840538087526,76.55410355622777,-5.891414870711608
127,-618.6831370375583,-146.5856582553981,232.2305189913596,0.05314028525356207,-0.01625578511490744,-0.0811672627367841,2.645756762272493,-63.56731839295997,82.60891048602423,-8.06282479162907,84.20910600142976,8.124083692874843
128,-650.9365149097541,-155.1547114541345,232.6795231332659,0.008288456147624856,0.012978513851720663,0.016272438759813213,1.8739426479034378,-61.622051008342396,82.6753361175291,-25.038594812885638,73.55494175987698,8.496027558705872
129,-683.5659940384196,-162.6971216174848,233.55629879818602,0.10080283203501494,0.159610960591408,-0.03219041337109729,4.4400127669509875,-58.26570446910941,80.63833110178163,-38.496392672815944,90.64979712916863,-2.8404372929260036
130,-683.8104222736899,-161.8448135042192,287.3328792810604,0.06999188017425695,-0.20553568269622247,-0.19538693926432416,2.94538656876006,-54.03802027802465,58.37348895206416,13.430272620995042,78.030298376345,3.9577687800598
131,-650.9466213126011,-155.1409011575208,289.0641697859794,-0.03323605309412869,0.1132340348984826,-0.10626596159090695,2.9066693909845225,-65.41545094736242,83.18593640550824,-34.53929636924042,81.96675285234588,-7.16631307732871
132,-618.3246507621965,-147.7416397793935,289.02492369208835,-0.01256331677268463,0.05751708120490662,-0.0914254288084635,1.3001963994178805,-69.90080982659623,90.02192490148647,-38.69602711773764,73.85458543591969,-4.048803421030887
133,-585.8344138848876,-139.941487639585,289.154873874856,-0.011378529266949045,0.0008347776841048926,-0.10536309106925046,0.8414063677611364,-74.25722720589663,96.29404233148934,-41.74342098567291,75.48210310516458,14.220278214793884
134,-553.4448151991326,-132.14316953954088,288.9469223923383,-0.008521347129544665,0.07704092854518763,-0.09236874112940541,0.09697424468030968,-78.33595068664337,100.20443698769388,-37.05161746717343,75.50530416141217,5.33271816649744
135,-520.9385558233026,-124.3253631747608,288.8539926772183,-0.02378022426228199,-0.05638109401080271,-0.05907378417879272,-1.065842941621438,-82.68044782945672,105.14285974781976,-36.88218139868639,73.42540471346193,10.813489485003846
136,-488.553083941624,-116.2272231683065,287.9279898577156,-0.04647743161672224,-0.04614804029930042,0.0036941085888884118,-2.603733559105806,-85.13623552570182,103.87426984230646,-16.32397740056481,70.00561785745865,-7.973836121386623
137,-455.8533618271012,-109.13566003309539,288.7963031466581,-0.05465417002915274,-0.05405359035630397,-0.009030137612228373,-4.326148392015062,-92.00242628412818,115.51552980249093,-40.393426010371144,66.80284260222211,6.071409170998245
138,-423.6672250286153,-100.6259052791126,288.4968117848913,-0.057403863689216905,-0.057484128681593916,-0.06967224466148991,-3.76217570160758,-95.7505954637364,116.18961956657373,-26.116754481601642,77.19768889078667,-6.167422700967669
139,-391.1969922701859,-92.6053230418335,287.61582280187406,-0.027652876547335836,-0.10721079171089798,0.002416654653927708,-6.322253421715131,-98.14835004376724,115.19312415701289,-7.7103913360020115,72.02662333923985,-11.390383746650262
140,-377.6040647239922,-138.2038011040101,289.0326683772579,0.009732130146119289,0.05428216854170387,-0.01565928232838587,0.91916342395864,-102.1245658132593,124.88842498613712,-41.51365862054029,74.77655957456876,4.249559684063982
141,-409.22692382745413,-148.7445085467021,288.8596106398928,-0.06062080051214025,-0.0004995332207045067,-0.16972162311782313,5.307282472517744,-95.45479312567201,116.21888591556979,-27.480764482830555,89.47193851614944,8.591786101111449
142,-440.6284685388567,-160.1437698379724,287.7898861809557,0.03880979783480143,-0.08444802731980872,-0.06903706635944218,4.367762057446068,-88.33564296583543,105.83941930835331,-7.508941195034333,78.36440257314682,6.088695772572868
143,-471.8240111381492,-171.94500389642712,289.6117668054934,0.007895231589316154,0.1699118471915142,-0.15189944424639634,8.691088265343032,-86.65602030327129,111.33160489101633,-44.76772864555259,97.75185138548734,-6.2208740200458035
144,-503.17665930226417,-183.4428208695691,289.54412861986214,-0.01053925527719457,0.18355343800519108,-0.1436455714088538,9.219381491920469,-82.28712822820519,106.19887625837619,-43.09874182667023,96.55178029883893,-0.3506600207538482
145,-534.8469266257388,-194.4533468869926,288.3467107980743,0.03571296691370662,0.03626307828980657,-0.030365712715081372,8.86231965421154,-76.29368877562513,93.73268880144606,-16.699086410765283,89.78317240310201,-6.358093588525006
146,-566.009277168212,-206.3564734863893,288.1047699492254,-0.01594383800545529,0.027705414385792437,0.0606510426797513,7.918145572305202,-72.24010086629552,88.60502520175193,-16.408328833388328,78.48056058580605,-6.2228978672873625
147,-597.4202829390612,-217.6137497196581,288.19923203516316,-0.03017406988738003,-0.06290042329911216,-0.18823443780854632,8.66494203651551,-67.31431509864514,81.19354010853776,-11.152680851513036,79.26539125251765,2.137651421142377
148,-629.0247308135465,-228.6542414041671,287.68571081132274,0.02667237422542712,0.019148678954195475,-0.008562772110337846,10.187332613770247,-60.82355779768178,70.03523824026436,1.8369711413124972,86.88788288580938,-1.2879661976797623
149,-660.3348031405181,-240.5400704593036,288.361568865019,0.0453328327229201,0.10184848248098888,-0.03973373769559885,10.54044618377625,-59.03927002913203,69.96880713516072,-13.789748630217169,85.8918433617376,1.22488030810207
150,-660.3656068876381,-240.5711705240782,344.0678861918498,0.010677130588192085,0.04403700070761829,-0.07839008330068964,10.17866899705639,-60.969691399395586,65.7133790306873,-11.757320524912808,82.84313893301162,5.381910658512082
151,-629.1756307343227,-228.5319492077237,343.4048224404234,0.02470292785494621,-0.08290341888530861,-0.09707090509351701,10.10793642321487,-62.322503097346996,64.59097938556519,6.1462912049074525,86.2529710940692,1.9895826935265402
152,-597.5604147623291,-217.64581805043508,344.0012195885151,-0.0007791261510874392,-0.029705570436817652,-0.16506114717202536,8.730624840893153,-69.94497090000911,77.98605324568749,-11.780849810349613,79.769457659485,9.768168842861323
153,-566.2334323301956,-205.9086913334966,343.3703621678236,-0.030936201919189443,-0.08829101492170821,0.03003618662143026,8.135538229923355,-72.6748999463842,79.75573339843264,-1.43121058746462,80.0586076703263,-1.8529802132193092
154,-534.6920610453848,-194.73365300152258,344.68436962670967,-0.04897088682434969,0.03193321763578183,-0.21307020054467785,8.57700257152555,-80.24970701951489,93.58587569745704,-26.639210260723786,87.85610920422121,8.836182856111733
155,-503.4546810697984,-182.9629343446201,344.7205423550324,-0.03081860687336757,0.09024316705298929,-0.2666675772011331,9.011795411549087,-84.11436130237047,97.35780877741874,-23.992467253241887,95.22368661171603,-4.930715423546628
156,-472.11880625635933,-171.3592346318537,343.1821349464068,-0.0334008246737767,-0.0892992177155918,-0.008449914629807154,5.8273658905305075,-85.15457329231056,93.89291990118251,2.526924482532909,80.71963275335456,-11.099137547985494
157,-440.8477511639692,-159.6686403426128,343.5270527081671,0.0030068167603189977,-0.1718690177442852,-0.16122950675958236,5.610871754189499,-90.26103563967888,99.64479665940893,-0.7880515919492184,85.24691566810647,1.7655146673965625
158,-409.30721490229274,-148.6248614602649,344.69765515108617,-0.0436927909604492,-0.03258173599340353,-0.19249819852353767,5.62649400936626,-98.59511884837663,112.17173926640889,-27.006302161928282,91.09897355107066,6.802303460747344
159,-377.7500264956288,-137.95019595648589,344.37491855936247,0.0015411426441573894,-0.025350578089017972,0.06031983412054842,0.5455550078825548,-104.92493081616125,118.43561653054779,-32.53688106130796,72.99219704312725,5.845882785050605
160,-391.1050272436825,-92.3549107843356,342.6426867290882,-0.14016360415422469,-0.24954297099338874,-0.048024958399707884,-7.423817635814837,-97.45028180065825,105.07004684921367,11.531928198109126,66.65441032406235,-7.7084762362242065
161,-423.684864154199,-100.765486833275,344.01204630463013,-0.04559616112430831,-0.17568251302779458,0.031890944020290135,-5.323257413485851,-99.02507272798267,112.01716119289387,-25.14148120288152,69.01673435623856,7.000646379895251
162,-456.06128226267276,-108.65561716621309,344.1556559080018,-0.09924450272620788,-0.10458065158971408,-0.037497677376620686,-3.9233749841146524,-94.28829419667943,108.20179600997037,-27.286770998551052,69.1531163190981,5.68261140752108
163,-488.8665132561056,-115.7545849471255,343.7479756724902,0.012900056061937448,-0.09283890562130637,-0.005428814054539544,-1.160490981207127,-87.85432057444648,99.23802229695745,-13.170366924251116,78.79918766593232,-3.6854353577064662
164,-521.236646072126,-123.41900727837749,343.184532808482,-0.07567436745114264,-0.13519694746231892,-0.02031596449171502,-0.9491924383798228,-81.18863561785172,89.87906639003954,-0.005646615774962635,74.1879868577483,-12.219210848181143
165,-553.8025032167676,-131.1211837503414,343.2525361267372,-0.019343168779300868,-0.17295121846458983,0.017000981551518635,0.0961995615007692,-77.07192376373885,85.25692706403503,-1.5794744422910219,75.49994361452421,-0.27858417487605924
166,-585.9978940189374,-139.80505995017052,344.3369510221586,-0.009337680195244502,0.022766313946732453,0.01396087731075113,0.41783896768319867,-76.37356703872545,89.79368054768985,-30.856288292423955,72.34654051804156,3.2775465580333982
167,-618.9499385266328,-146.308153991156,344.1033824855134,0.046270237099747646,-0.07928813055590922,-0.2349749263721037,3.3936712247148906,-69.4091709141881,76.85135586592341,-9.356282347893023,89.8814458122292,6.021105101788687
168,-651.1908046232344,-154.86427225463981,344.1743248262859,0.025610980324245247,-0.0800760435620873,-0.1215913208790198,2.0687183657839023,-66.5052590080382,74.86938821562043,-19.494597946535862,75.16117621656048,11.73676148620228
169,-684.01613100721,-161.79450747047449,342.8856436442436,0.08516115979341521,-0.2517070018828065,-0.09067049179884634,2.857341968713948,-55.180076095813085,52.5302130434108,17.263653359477168,77.27638612588899,3.0060743812914192
170,-684.2197315619533,-161.5295621894313,399.2132381286398,0.054600683716557796,-0.20270580397371418,-0.20684517676357927,3.9774598788404223,-57.92924046192097,50.565512335616276,10.996145095898658,86.763630123273,0.45089548836078686
171,-651.2017293546261,-154.7633946756068,399.9203374580127,-0.060796056669119025,-0.1568921856646739,-0.1756168786983494,1.9718873267828676,-67.86303820085504,69.69590292419822,-17.13838255343345,74.36408501402305,6.407674992315017
172,-618.9846164457184,-146.4093397137556,399.2301081050485,-0.053332665435618765,-0.15628384711129684,-0.09365000010319591,2.1943439987968256,-69.58287818828407,68.51142783099938,1.23851743099481,80.76805286071361,-1.150576995063287
173,-586.5227324969577,-138.6428268721066,399.7713183433573,0.028785590766233327,-0.06374211616480352,-0.164405673671979,2.524189469252569,-75.75138169426884,78.227410500773,-9.287387780030581,87.65122319358115,-1.1989370652111082
174,-553.8298693761197,-131.3062764649948,399.6117793944317,-0.0646301369675939,-0.12432904614590257,-0.02088275574084264,0.40241959716801445,-81.06252263367494,85.34222465396033,-13.941340612618268,77.61164319753618,-5.756815094540382
175,-521.4044353717325,-123.1631233148927,398.72808856395807,-0.0908232416923056,-0.2831053201345952,-0.04346662939468615,-1.0223295787005047,-81.90895260826568,82.64433797156076,7.495346822518243,73.71018758713493,4.26901218217764
176,-488.7838894372743,-115.91751246569409,400.0544700723707,-0.028274136476113654,-0.24621524519770333,-0.15973181962363014,-1.6232518945937513,-91.354121922034,98.13556896207218,-23.42602220345735,76.01194018272307,9.314011726353614
177,-456.3403457516505,-107.78873535641361,400.2654025475177,-0.11233968047872622,-0.1138740825358866,-0.31438608742269025,-0.7970463615707735,-95.44131048869023,101.36930645103442,-20.00646522865849,86.67235166027446,-2.5265889395001655
178,-424.0306117364414,-99.55262807935469,399.8942854138382,-0.062236809049750264,-0.2378582247652048,-0.30735951208868073,-1.3570997756549177,-98.64135376881195,102.09577736485902,-9.29116661777243,89.4835949125881,9.093760535307986
179,-391.5909359568087,-92.2231812868112,399.5152291551687,0.018314514898804646,-0.28135666750951316,0.008258673580996856,-5.111457935194542,-104.5010634909008,107.37407920936727,-11.78314043605972,77.7900002208399,2.2531159745927503
180,-378.0791912914714,-137.39705084446948,399.4123447579902,-0.030667431350025254,-0.11958084376291822,0.027288115126509638,0.4143704126899202,-104.5550046231623,107.32500610683874,-11.497560374625468,72.36269602384465,-4.426797638803731
181,-409.5721356850548,-148.218839033504,399.78963606760334,-0.056558539299089716,-0.11402287391661048,-0.25317945844415135,5.174052944186888,-98.41164105538515,101.5916300773822,-7.669632728607851,88.79351106314738,0.3815615941607582
182,-440.84053711285037,-159.87169817047712,399.3201355571528,-0.11809508392803991,-0.15407010414426736,-0.16254545938249976,4.789312306429583,-92.83109137887469,95.40175037227921,-1.5092287960566584,80.70777980657789,0.2925837220399198
183,-472.25824349447896,-171.254722518996,398.86116113305906,-0.0851573317051475,-0.1323552202316023,0.025764055835622912,5.911333505418375,-86.80612855890685,88.22259269896132,5.613505221295003,81.2205460322661,-9.281049067349063
184,-503.6481946458948,-182.66799371844488,398.8800577375256,-0.0769872064342394,-0.1417735315732216,-0.024170161832103076,6.986374848442611,-81.90803780740721,82.6270441357688,7.293127531450309,82.35591356222366,0.1334011974913009
185,-534.6863504905855,-194.9098814509491,399.783223804006,-0.11326915352435662,0.0011734287123772447,0.03789795298047238,7.1530952721287235,-81.69169360924907,87.06739116026695,-18.984240570304355,78.18829999870596,-5.5694070983977655
186,-566.4730473613348,-205.6292864599785,399.6130581528828,-0.013573736643593293,-0.009064253106316755,-0.16328844961640243,9.54871597723443,-74.7044563962446,75.82477475890398,-3.2499805951439638,90.21604954742726,-4.1750778153656904
187,-597.872502206448,-216.71694765219502,399.785164205962,-0.02934746649987119,-0.08237217277746822,-0.19020616669769197,11.148728631473867,-69.76358696282423,69.46983863134935,-2.858457546155795,98.17235483662098,9.45168090950813
188,-629.3073990900846,-228.59680086119312,399.045718740543,0.01001461584360186,-0.11129083997317935,-0.14201495661171748,9.688829302225624,-62.8860696267341,57.76681916507199,11.018808791723254,82.89512042231932,6.289534272864954
189,-660.5419489388394,-240.5127278265744,399.7799161404866,0.04807612729450739,0.0039207547722242,-0.19540171192949174,9.993704275205335,-61.58869843901063,59.02681861795555,-6.53799936989464,81.27838777594755,6.976456020042561
190,-628.2906068479949,-315.0007451579454,400.24007837144984,0.07770430449420473,0.004343059744769562,-0.2530161202408294,18.49743775864543,-61.70430249369027,59.89111536640733,-10.021027956379742,96.75601105641837,-4.461911132751977
191,-598.2347487466075,-299.9357774130337,400.5263194571536,-0.06630615486415081,-0.06954911508449868,-0.40209395201708276,18.159932443274847,-67.14317411722621,68.43125859999323,-15.30710659567977,97.3530021379681,6.593436551181088
192,-568.4583099750489,-284.9300553945251,400.3122443327714,-0.023299310505649373,0.03187327502098469,-0.17794971986279506,17.957459746916733,-71.7106944145006,74.55725859794208,-16.218547808341906,99.26535419685092,-4.170825922296024
193,-538.8727582625014,-269.59537054046666,399.24439693049317,-0.030660401698924034,-7.406976720858438e-05,-0.1336728894517023,17.049987041371132,-72.13338342597572,70.58920249789023,8.881100969074659,96.21973887672988,-7.030407269248453
194,-508.9619558619254,-254.52402543220248,399.7864390812493,-0.07176038512636751,0.02297439495791309,-0.22633427461897782,17.21058353511969,-78.3906225808948,80.06394534901332,-2.061126262080857,101.24681009803159,-5.472835735544059
195,-479.1146641952742,-239.3839601644043,399.514691648034,-0.11625812662867929,-0.0398082354938083,-0.1692676206570809,16.46004569571231,-82.08809160687301,83.5775493157845,2.463933317844358,100.2495722229203,1.8940466908295022
196,-449.2311816533121,-224.8376144219243,399.9487343127373,-0.05449184567839893,0.15473795128488632,-0.17254423783640505,15.320570659452365,-88.90828907585659,93.06736531261667,-10.082698520830826,97.52843005022584,-9.204814260726694
197,-419.52731075970166,-209.1208596416831,399.42991172315317,-0.06895139767908631,-0.10167109670979357,-0.23207434430042895,15.218087037749152,-90.34170602537628,91.80388058095222,5.926947282981022,101.58105931859528,-0.13996716267986076
198,-389.3927594035213,-194.9753517055344,400.1614261157131,-0.15417052237467033,0.12189279256639907,-0.20830552889788123,12.72570114901931,-99.42248897261234,104.0914098037485,-16.043970247627218,93.30902026405091,-8.746853134290381
199,-359.8115732868497,-179.5426566506719,399.3775739287956,-0.08065770444858344,-0.0658583561075261,-0.11181206902136864,10.946615627011552,-101.72979806024004,102.92443355744973,0.6115349919268342,90.53959643094215,5.495043120723276
200,-336.667154698512,-219.40169057312238,400.06893598460505,-0.028014789499991366,-0.08748311776511741,-0.3552679428595411,21.771236702734544,-100.83691399711209,102.93321166242859,-3.796785305487569,110.61598537205121,0.2316585900585385
201,-364.3827695392565,-238.3912423259666,399.90380551126145,-0.07839705875545633,-0.042028603576710566,-0.2890099696973607,20.143036642101436,-97.54720520747641,100.44423218212299,-5.566980871015435,97.16798548682115,-3.15029798178877
202,-392.32284288184337,-256.53573347763233,399.0189736930687,-0.07309346737923761,-0.14463838683570884,-0.07131815786829065,20.752980098482375,-89.82704268967089,90.62255228897806,10.437171723444841,95.23271485949317,-8.540861929541373
203,-420.1827659145891,-275.121196545872,399.7293781400576,-0.05116878800606628,-0.030901411592196837,-0.14846105954507038,22.256344781157242,-87.79734647926296,90.79203096721955,-3.8381337896583045,99.14916434720054,-4.140488266054409
204,-448.020471713612,-293.4588081555376,400.08052116989666,-0.08528799390842323,0.021350427133597805,-0.2704435869439408,23.679461285642237,-83.60232232353688,87.0086293889782,-7.769290556918625,103.85804755479131,-4.112484084295282
205,-476.10980661498695,-311.5512284060423,398.8299913691365,0.034882912932175714,-0.15738809621285554,-0.07025866345679788,23.450489186401818,-74.31256060247208,72.06393123497958,18.664072447727904,98.30713979634102,-7.495503639216118
206,-503.5951176989376,-330.7929298134868,399.9986231938127,-0.060341206863483876,0.11182262988353386,-0.004487795794887006,23.561628916559993,-76.14121446746127,79.63853142850208,-14.101543002160822,95.10020880026622,-10.36594768075841
207,-531.3937358930269,-348.8735825712786,400.8005607831953,-0.07814371686652066,0.23842549698525772,-0.22789893285386142,26.01581070964089,-71.90412236608667,76.45449693846906,-24.784499793570415,110.24889970978558,-16.464390151293895
208,-559.8490507693455,-366.4994001707958,399.8373402469596,0.009626657763305957,0.08208226139612407,-0.2854880753912994,26.973044556388732,-61.48859839660337,56.24459347382355,8.365227706331066,115.39631662787755,-5.3399198091665285
209,-587.35366878459,-385.4255855888626,400.7681333579784,-0.022208554127246316,0.1409864137028194,-0.3508845934317151,26.836539365056396,-61.65968546733909,61.08373282056576,-16.905959675692856,111.33818175282768,-4.641365742610757
210,-587.4022991161117,-385.55775173332603,344.6239300632908,0.004303307812165258,0.15969956664878282,-0.17053270496109008,26.368311942176835,-60.06100901046079,64.60155126226844,-13.00759915177243,107.14816363696845,-2.0437792511327593
211,-559.2913733356472,-367.2620671434429,345.154859420093,-0.023780732187219655,0.15363743587630552,-0.2973259036983791,26.234501527028833,-65.93369125177901,75.2993904025097,-25.652256721417125,108.97667366519589,-14.452638950657606
212,-531.4800972094135,-348.7366284552249,345.02570917740326,-0.026288618089211013,0.15814873706477783,-0.2583718972057909,26.167812939817395,-69.927127403337,80.18149979612139,-23.753501853481083,111.49055182032176,-13.36286015633939
213,-503.77244106271144,-330.4450663083047,344.148569106472,0.03816726825573369,0.03501972678208176,-0.11721748558801437,24.161388181756784,-73.19205643018573,81.57133376210571,-8.4930622063192,99.44910499163211,2.0392104054132725
214,-475.9658619603318,-311.65973522518146,343.7055536475118,0.008828099654749622,-0.06336962473051244,-0.09956192244862905,24.00038080756788,-75.43803227838636,82.63712820802125,2.628118296371797,102.10091541516711,5.928047085365091
215,-447.9421238599187,-293.4049205687235,344.770615296612,-0.04933593762609689,0.10923838068362102,-0.3569938641450108,24.71473857168722,-82.18183083789849,93.73770009508937,-16.76240538525969,110.80102493011765,-4.379759265085562
216,-419.8931006979768,-275.60131519527044,344.3581285701411,-0.0035836635606756317,4.8283066576004785e-05,-0.10533518200929848,21.263433026509322,-88.10155876421403,100.49627063019501,-18.497762783183394,93.20301144454177,-1.8818077063028282
217,-392.1891576828583,-256.6794444087427,344.4575294882837,-0.025507558451806744,-0.04160432041038575,-0.2233563176075677,22.317823113653457,-91.46121828578383,103.14331207917806,-14.748333776273093,104.05139300461711,-2.7494929825410046
218,-364.069500283879,-238.6599800582041,344.9640017267417,-0.07417295175400795,0.025299948512810033,-0.31619370762035715,20.921250641996107,-97.84300184256253,111.34359083922766,-26.391265569825222,101.21654730407083,-3.2238364001302435
219,-336.3410493603776,-219.8677346314637,343.2641181128078,-0.10038810883338556,-0.08475709237379192,-0.12081280104501957,17.919305400568067,-97.59023532169779,105.27195251071281,8.308852346609656,91.9727623273829,-0.7926242891131493
220,-308.5961621229716,-257.3048739414161,344.7225083707514,-0.10112737552543649,0.11162228307159694,-0.24209784540767032,28.9089585695412,-100.65361645505675,112.0763872668923,-18.369325411733875,113.03437506609455,3.2851535202152267
221,-334.3287921049208,-278.5703831403294,343.6978918229115,-0.021405731844083675,-0.013252365816981637,-0.250029962984911,28.414940427404726,-92.13350410886402,100.58972075948573,6.417281738487564,105.59625865601964,14.00529888877781
222,-359.805323945587,-300.269525431222,344.6627040454065,-0.060311864171580964,0.11025313058962638,-0.4153243227363532,30.362151252967912,-90.3270645484469,101.56029885060012,-12.172987614874609,112.14312792400891,-1.484447481613697
223,-385.1506580204186,-321.81336004549337,345.280219168589,-0.08861497564134879,0.1920109811040902,-0.39875151619128246,32.128989041219185,-87.01772601134012,101.05217157126124,-28.298063061846694,119.6217275088614,-0.7892526152708667
224,-410.9717451041726,-343.1286354059829,343.9342244847063,-0.09808771762385504,0.11796277998678306,-0.123278039496995,31.49788541370898,-79.33851763486952,87.69362398371146,0.6597977643143812,111.60164667186451,-6.552907877450195
225,-436.6233932311022,-364.4713626190394,344.473885054116,-0.010804127421977228,0.1936949360057838,-0.2197260896613784,33.26118978740021,-75.48107707073912,84.32312786626277,-7.778384580497122,121.21802012751266,5.452030579453249
226,-462.0836704536475,-386.2696832134809,344.1673974803216,-0.08599051014874703,0.16789186776350107,-0.13972048871590914,32.467686745302814,-71.40039144539388,78.44095760995823,-3.223262514740713,111.75139975141245,-3.344072913166164
227,-487.7771639727011,-407.5692899678014,343.6306852102228,-0.017504749103409267,0.08950514281519872,-0.1608047169358997,32.63962895232935,-63.965127957252264,66.14574065803198,13.162537710154226,109.90050867804547,-3.8918722454465904
228,-512.8971152095362,-429.7613623133171,344.6693527461614,-0.12228044672838223,0.15990117477889498,-0.1658480919895169,32.35044557602675,-65.19968518769615,72.42833454880893,-16.081406031853565,104.35716694071377,-4.091122203139313
229,-538.6815559210052,-450.8678175374542,344.7319754149301,-0.059708641594738765,0.25270487118251594,-0.10698352272459033,34.06386144690678,-59.41931141652688,63.8464031807842,-14.433974510059404,116.52649377391147,-1.6636359872676239
230,-538.5000088427813,-451.3480113985247,400.4699086631151,-0.12051841912693817,0.2069736232537025,-0.20444302554528804,32.597906573640415,-61.85404356091202,60.80548231164778,-13.686104566346662,103.32477323305903,-11.264805293780665
231,-513.5718425902336,-428.8934786037276,399.4409296137672,0.0398409362919665,0.000736981512204693,-0.24627796895379106,33.441318868706404,-59.03513580417371,51.11478995086978,19.36832194471338,113.64114228017918,14.225699956253072
232,-487.6848952941924,-407.4039241248895,400.4082094657017,-0.179731228303865,0.08862532915139809,-0.5349455182079055,33.79956796780035,-67.5376908041388,66.10599879170266,-0.7906028188812441,119.67548762270658,6.871581502882205
233,-462.30243088135256,-385.81260435792353,399.8835806668691,-0.04682313783814607,0.10713126986536281,-0.2294498840008714,33.54124885271075,-70.91606925073211,69.75928558750121,4.660634823550541,120.40862977567484,-6.6501881083780345
234,-436.3812428311364,-365.0549430001949,400.1718275130252,-0.1799579993420366,0.16302170403554328,-0.2649089125705473,31.264449344444962,-79.02470256677742,81.88193705314427,-8.173685966232043,106.29211144168548,1.8431570957608758
235,-410.9266351316482,-343.3692826968673,399.5371195818434,-0.18110007090069757,0.04466430567441648,-0.1756134855455116,30.243656595367984,-81.48651360813345,82.58965205659707,4.494608354805353,103.18484061047465,-3.813323697474677
236,-384.96678812875916,-322.2525222044544,400.7981056466378,-0.21854660494966538,0.23991455508775061,-0.3202944449967049,30.378210565439915,-89.9460675814529,96.9475033028686,-24.67595288651905,108.10694107451968,-5.321721824391892
237,-359.9793664213292,-300.040279890052,399.3241538008925,-0.09097743945102366,0.02007072551600686,-0.13601624805988877,29.712258617805375,-88.92397481194813,89.87698593081184,9.878279849898977,108.27479568094667,-1.827897443339542
238,-333.9496450956852,-278.92296186723706,400.7735867877001,-0.23839943851453427,0.14743293671256197,-0.34651215328892704,29.72724762701866,-98.60218016229693,104.53568205157299,-22.59722840355089,112.78434687002249,-4.053590092353964
239,-308.3173704678801,-257.8529201347924,400.66532938831426,-0.1510538215576389,0.20602531007369862,-0.175431485290801,27.056645591355583,-104.73529259642478,110.43439383562833,-25.85091619920033,103.74527459958752,-4.083061980837787
240,-276.4915381547676,-291.5257631582548,400.4573768788276,-0.22731327033289972,0.16210314805789494,-0.15090331575129312,35.156405857102754,-103.20147115715791,107.64549187141375,-18.80373131487776,110.87995734452545,-2.7001267093891066
241,-299.8326927590007,-315.190125503878,399.4518257189739,-0.12714896937410458,-0.014781488932896991,-0.28889495348232686,36.5473523329723,-92.27027857764192,92.89348670359077,12.892082548206076,113.64955835512059,5.909544658352876
242,-322.5780161249806,-339.7311141756345,400.4071609013289,-0.1782040035326986,0.13511214204220323,-0.4599858002730457,38.12797786299055,-91.03548865488165,94.56162233204678,-7.042532037536477,118.96880601699402,5.933995134916182
243,-345.4963683250814,-364.0748496761627,400.2968877174666,-0.14402051307138208,0.2117490090586216,-0.2807108833231382,38.99831445795338,-86.45671534440372,90.06290175818367,-8.150345228781793,121.03491362107023,-7.277808304754683
244,-368.2973415596964,-388.46582485719773,399.9298712176027,-0.2466731009679961,0.11207887563904251,-0.15861866492770105,38.66950654726681,-81.60403154354155,83.75722568506411,-1.9159401968019178,115.12990427791881,3.4778529756485748
245,-390.7113661597229,-412.92994265155505,401.0840100581654,-0.3335907904145188,0.2665714094938494,-0.34784947949913203,40.13375094678748,-79.99231371652108,86.73424281335457,-28.82170174908645,122.87912013630643,-5.367425587916185
246,-414.202214058355,-436.86126320896767,400.2248674596664,-0.17492371233277026,0.22427730820055558,-0.24019824794891065,40.80476457605472,-71.80096544963678,72.09850991075318,-3.348122384439876,125.56799979995408,-0.15443135690597232
247,-436.63164365277066,-461.6482078801791,400.9719293897477,-0.2753243324107757,0.403378834539069,-0.3190615371889862,40.88848618617916,-70.55147411837359,74.20261145237822,-23.913994276164182,123.4694544439067,-19.546768266973594
248,-460.1763607808423,-485.74641152607376,399.076882090053,-0.04208271637691041,0.07858889896448318,-0.18127004699721283,39.70824225030606,-57.124138782654335,47.20851025883288,27.705272378867814,110.17470689739241,1.573887444870164
249,-482.9557396620025,-509.9082061151238,400.2931298311846,-0.10951251414820717,0.18323664040713084,-0.2589621077403308,41.430613342210556,-57.440391997686426,51.644525228081186,-0.11822383216382394,123.36996793731477,-0.8662465997940496
250,-482.6944423820591,-510.42193186948083,344.6802962534051,-0.10958979153195969,0.282489317548027,-0.16766434766788052,40.519614817367106,-59.05599442115938,62.65655804523593,-10.693805097968998,114.54927983009947,3.3687984552050256
251,-460.17189200552997,-485.3746211676152,344.08092754161027,-0.02584739359440391,0.15259547202362,-0.30599935497008346,41.10900374862371,-58.083845645945935,57.78713400528841,13.04783229303471,122.80201161210765,12.648773317866654
252,-437.0394131457266,-461.5745890849073,344.08791145279537,-0.07296187949049227,0.0831613295422926,-0.2077223475075698,39.25811753384385,-66.28274540167999,70.79989441824331,2.1516971824414086,109.51087166449534,11.251825114634343
253,-413.7114751966003,-437.53087101358415,344.9573900812199,-0.24205397812744422,0.3267634528419876,-0.12690140855249865,39.75499190528717,-73.82781926288466,85.14144072146465,-24.095501285032526,116.67473282396233,-10.146300989713254
254,-391.200587172708,-412.96189360790083,343.81340117785555,-0.11401501680990123,0.145704651446124,-0.012857974085875412,38.34276551490743,-75.06359101910597,82.36970743825408,1.621501408707871,109.23577476166308,8.628059881278478
255,-367.75888305972757,-388.6968598788229,345.66642606493207,-0.2648239814129738,0.33848590127274747,-0.43098429451384845,40.06492961905227,-82.74583153855517,98.21760003802852,-38.00492632585311,125.53611224237875,-12.635546393348507
256,-345.6085169048207,-363.7339615328743,344.0808813362365,-0.05833588745730367,0.08361210195425883,-0.3421895133672592,38.92015368595093,-81.62010089538273,89.8264707409458,6.147670381625237,120.48658945516054,15.187021125786735
257,-322.0211158455304,-340.2043478213722,345.4589150698267,-0.2278161585651901,0.2859514104905543,-0.3442491139525714,38.20460816985594,-92.13293112355308,107.5935290188817,-35.168192483195234,119.46118523308517,-17.219850449267863
258,-299.54579234436653,-315.50037320182787,344.8814926485459,-0.16160412552767411,0.18091722100984953,-0.34866934218547385,37.75345557706772,-94.82250802319254,106.80515457430499,-17.890149621932082,120.69392339782952,-9.493794082064147
259,-276.9094143605176,-290.8256249214865,344.10609613361834,-0.07307553769993547,0.03901191548902716,-0.2668047538224414,36.60850677425419,-96.49773348355744,105.46610087314785,1.1963795067527203,118.51642692031362,10.326524788205885
260,-241.3253743477828,-320.7011710155096,344.5927115356463,-0.07346471826249967,0.0956445223438891,-0.39961057317140103,45.35907310951927,-95.99198016592436,105.95837700248714,-5.106586404637162,130.6917500353118,-6.2546993881460065
261,-261.2200249305983,-347.7318846623047,343.6526240654889,-0.019772113349347364,0.06038535284108093,-0.17173014915402973,43.852588682667566,-89.67774737461592,97.8824717890553,11.583626042695641,117.32048838797456,6.058702516355863
262,-280.2731586365029,-375.460632509162,345.170607954712,-0.24295474422041252,0.198357385266263,-0.1776902655586241,43.65546384514603,-92.64309203721697,107.5788556341896,-31.898499145608994,111.90168188782432,-14.24146458190794
263,-301.0157755710603,-401.3769610282768,344.5145664336635,-0.06291330184757271,0.10119087056159515,-0.31028809608602614,46.30233160723323,-83.1831726472536,93.05447160648008,-5.420781866504693,125.63262170190804,3.9284320209481685
264,-320.86800089643907,-427.9922566646663,344.8618317219543,-0.1085360816746288,0.1764489995094891,-0.31823930611489004,47.89275365652724,-78.87360234473144,89.24204368912704,-13.618224316277834,135.38326543485496,-1.7484489832273231
265,-340.88683227086767,-455.1725944228078,344.0240749126784,-0.012785230577435414,0.123995289669665,-0.14537420115016175,46.35552191896498,-73.56611625185892,80.29866253526917,4.107986002536681,119.32582753194619,13.386108142112688
266,-359.8681816172149,-482.7017978797785,345.2731398492166,-0.19787353400573693,0.253686132405619,-0.031542868629230725,46.22457754999101,-74.94183724999277,88.99617748394489,-35.99163381914605,115.08965807947439,-11.062168098556528
267,-380.8506326361874,-508.37467704943083,344.3318097418167,0.008650631259115471,0.13395754142516125,-0.23299356354289102,48.41456334961705,-63.11508399698615,66.24107011826204,5.128535753800666,131.79091914985685,1.6841956770545896
268,-400.71960705622587,-535.0751422985766,344.7692418251519,0.0008710870969821372,0.209364779057978,-0.33545428875441985,49.298449231675406,-59.20619515286481,61.574738867112124,-3.38854391377413,139.13623403361217,6.248620939109106
269,-420.8076979278806,-562.2151496497054,343.7524335947582,0.1321892325863132,0.06890522562218848,-0.19858666164901706,47.99682858994869,-50.62800633495084,45.049458860607736,23.5398530146611,122.35712430614589,15.678302726429779
270,-420.37401558623947,-562.3392184768921,400.6880838576209,-0.11164056027394054,0.24230715101191436,-0.23611177189832233,48.84489020717997,-58.6659338325226,55.453937911018116,-12.596837387587852,131.34751469899535,-20.074235705397207
271,-400.2217798545395,-535.8893030136147,400.7216907909203,-0.22966372103638832,0.23291794302770086,-0.2903316119009105,47.686398055315564,-64.95393470888203,64.96882175690553,-14.495384803119753,121.94991608825698,-12.075851054007973
272,-380.89430420870514,-508.5204212669922,399.6725336604987,-0.022700309751144232,0.0983165005649198,-0.318468109691878,47.781819508750225,-62.32364268570208,56.16857577539781,19.677826713648887,125.57619908374048,0.5708815443353821
273,-360.77559114560347,-482.0497361830699,399.9884765708618,-0.08554012170105807,0.10149881588012022,-0.19374916203116754,46.824479320834016,-71.5402550322413,70.9984788831693,1.7162272608993043,119.98870570746493,7.3261967355850475
274,-341.047760339724,-454.78393431047607,399.4309076153988,-0.021830337228209373,0.08818688169867528,-0.1834207564509711,47.18380317577187,-71.29607887088424,68.60990732563681,20.039443308358578,126.06188288782127,5.568534442457816
275,-320.3059999466235,-428.4379869412656,401.1937827435289,-0.25736861579042625,0.17822357917441423,-0.35289694353167533,47.06929687828146,-84.18457661200692,92.02951534783861,-32.81853216761469,128.25563460693638,-14.132490629782808
276,-300.7330801101863,-401.50500122702783,400.7911287459916,-0.181741690510421,0.14938866116574445,-0.32524064842220923,46.63960898074104,-87.39785358832494,93.13005136525202,-20.764486817955977,128.1770065189227,-0.10291577462184401
277,-281.1588566717888,-374.42600412826687,400.22554626653226,-0.0937416631837209,0.09503113120217677,-0.2563054866254788,46.357631483109145,-89.29954353955777,92.45955160479748,-4.973998227609374,129.6127271130155,3.1700671652044115
278,-260.8656031774103,-348.2140962131993,400.499992204641,-0.22676708590904582,0.11203402819649,-0.3571773969534888,43.60722821711875,-96.98235958153198,101.19791814971647,-12.980403038045715,115.89577691762209,-6.256218534880212
279,-241.2089180015875,-321.0258079853085,400.1764096002229,-0.18925583935231316,0.03680778501853865,-0.35694774900792936,43.68438037110055,-99.39346584475739,101.53693252828481,-2.7627198518661427,120.77117398620105,4.085255371402928
280,-202.4999468880513,-346.4000195853988,399.5215692436717,-0.14637071890808784,0.0559138035417277,-0.3293545741806838,51.479250283818644,-93.71423494951988,94.0768072836398,18.758134844045454,127.30886163093088,9.701309606290327
281,-218.7774647719919,-375.9129994011078,400.3733905119402,-0.30791368942837494,0.17476380185212292,-0.293415286878826,51.59039331412425,-95.43246264559791,99.08036785617213,-9.351786687921752,123.79359019663123,-6.428548028699993
282,-235.8201661858878,-404.205703243193,400.0393557100077,-0.1746178396067819,0.09359730849377002,-0.2807705179953359,53.835644960913235,-86.62317211166534,88.56309615015614,4.1920442746406,135.8371527862304,9.172282716569
283,-252.164679265383,-433.80293663258817,400.388164353984,-0.24250220799498834,0.2355043602170781,-0.22093544825759182,53.046554486115795,-86.23708899915772,90.21398814702094,-10.771351556934656,126.21027147113774,-1.6986325154863684
284,-268.7773405483172,-462.2423057745551,400.7717467874844,-0.3080719363169351,0.2359421719864372,-0.314854979160998,55.14739991697671,-81.16100433292529,85.82290149287097,-20.216968219445587,141.08283930757403,-15.308570107767732
285,-285.0944224502806,-491.51266192942813,401.0921451860725,-0.3358054146989957,0.27561519463660034,-0.24788608463524042,54.88987353784317,-78.94099986602068,85.78740125089232,-32.959038327548,135.47646365608512,-22.684021404725236
286,-302.4698471925067,-519.8245812934299,400.3277026509074,-0.1787340561679116,0.16640976118901563,-0.3491627703753579,55.88830272925929,-68.19147181430657,66.57216601365037,1.9337163959336798,143.46716131910148,-4.426770471492174
287,-319.2125774030616,-549.0313772456319,400.1499647304807,-0.10652177991585177,0.2205011653505835,-0.23887185814180611,55.67219859763263,-63.76913254198243,60.024563957252795,5.296610526947407,138.2045530030372,-4.414852839876022
288,-335.8597487973285,-578.439051980845,399.6420568847914,-0.07778105948216307,0.17704262772701895,-0.05064365191907427,54.6189224135984,-59.024311537606145,51.90946437471773,14.127927069174802,124.5127480585808,12.542619082635523
289,-352.7577376123776,-606.6506902288477,399.83056019029675,0.07548820188566197,0.10149566625557327,-0.347189847262257,56.319381651076725,-46.16827706224446,30.123854836425025,29.945188827170366,141.28247098298988,9.723062539682195
290,-351.76044943444515,-607.0655020273842,345.6227893890858,-0.21631741158290652,0.24326702994380867,-0.23974446794227333,56.33809106409496,-59.301519858614704,67.67256835014716,-40.37662171186885,141.53708750079605,-21.543954756811328
291,-335.9985662539758,-577.6197272624694,344.545901620807,0.020271885417002977,0.1503070307581993,-0.3968775554554327,56.30523843576281,-55.42733573522507,54.41977135834181,10.907503345419057,143.53731323732097,-0.24792589363006096
292,-318.5901172874488,-549.0135814166478,345.6389570459441,-0.22318884644892023,0.1394405533568488,-0.45748085636211044,56.06158336979348,-67.62313914736009,78.26913286532587,-35.291495308242666,142.91025766738508,-12.001537313702931
293,-302.58238170833215,-520.0718597831683,344.0707265727384,-0.014223720287475317,0.10658344040950851,-0.2524232601327867,54.7283299275134,-65.7378117794853,69.16751769869123,13.80797732439115,131.02712394636598,10.813026930243076
294,-285.4726316634728,-491.1640963512341,345.1408015364296,-0.21841580794790616,0.22783313962861484,-0.2704298915189156,55.55436462260946,-75.11945506357932,86.17312302473056,-24.53261663063541,142.4233502688423,-6.960244742490793
295,-269.1418599604122,-462.2853338488519,344.3102811660462,-0.08742211903307862,0.15698284647868377,-0.17301151841002138,54.248130807534565,-76.81473066788759,84.99497625594597,0.5985741439455885,132.59258855455928,11.122951213669214
296,-251.4818768901616,-434.1998290193966,345.43663307339114,-0.3000057856700664,0.2947308180687287,-0.1804176356066023,52.5195470049003,-87.48783424354109,103.44695038206581,-38.05986245221799,122.36518224946678,-16.41656792822385
297,-235.7099176877211,-404.65785817157166,344.369033524678,-0.10577965072002371,0.17371018950439066,-0.2525298999962047,52.57818292757333,-86.97808309196161,96.81641803597097,-2.651782652225872,126.42664283767664,2.074135446280861
298,-218.86704443718142,-375.24419494419084,345.28192202380507,-0.1962574857596735,0.14066895310463678,-0.4926681680255456,54.34077288276359,-92.51686782341432,105.34722979129913,-24.99103511585409,143.80644070866273,-8.585685191539984
299,-202.0234301943635,-346.754293877867,345.2384470531436,-0.21853304816380614,0.2002237870530621,-0.3270125033139948,52.575906189042634,-99.11579362120473,112.2063251331074,-28.49919621601748,134.28578901372134,-15.222300796471837
300,-201.6936314263979,-346.8820814344422,290.0257701426935,-0.22275119453840375,0.2336514068694555,-0.34860401779428685,52.962492558254056,-96.9552496584375,120.7557779225242,-47.59907597903623,136.95101008637778,-24.719091032619573
301,-218.1594285552239,-375.9692597939321,290.2471332416092,-0.2393699092739041,0.27796852262690663,-0.3704289100679148,53.334105156929596,-92.58997149355152,118.20904246660544,-54.36711501595289,135.64754940134392,-26.190212019739
302,-234.9059779988395,-405.1847802607586,289.738871769455,-0.20540976067709948,0.2181693388463941,-0.1407742745931273,52.26382758511148,-88.84158019035318,112.39475747386737,-41.84028431480631,124.2603746158015,-1.547503549392579
303,-251.741903748907,-433.57207918182837,289.9985176969105,-0.2252351816096052,0.2563266862874798,-0.3183041038553256,54.83611237694834,-82.86365985664158,106.36944959006763,-47.42580343677717,141.20894159168915,-20.651692993253167
304,-269.1689068861825,-462.2813270012241,288.57595124043127,0.0030040471756933584,0.16404116453725237,-0.1635792024381999,54.12302147148263,-74.13172847987344,89.196332580347,-0.329245988254666,131.50636448202843,2.9038339497279884
305,-284.8307023546876,-491.6695059240161,290.16200321128076,-0.25817563276632427,0.33216173558685114,-0.25364526675144816,55.17093609889236,-74.97543825706015,98.4341630407922,-53.412517726685564,138.29769717979715,-26.049920935437896
306,-301.6762143235816,-520.327392377466,290.09553218714626,-0.19046862270590736,0.23647862468305902,-0.2694629371742394,55.81826585086716,-70.34609291995405,91.74937512571505,-51.11297757059875,142.6200938036666,-29.160163259966097
307,-318.34354658063455,-549.7058590727129,289.7719148871546,-0.2569117594656518,0.23803773522183747,-0.21685825525770497,54.757251771841695,-66.81389912189891,84.68563965922748,-35.5365491005357,128.54079261736535,-12.313369257216198
308,-335.342372350376,-578.1080327148933,289.84064039095347,-0.11228376993125266,0.21556297626216292,-0.2891912803668788,56.17680289953749,-61.1401589077625,76.28763315030189,-36.18938569829416,141.82503436676467,-7.058248048500315
309,-352.58348364905163,-607.1080337882296,288.50592996431953,0.04498929552522668,0.1552846823371965,-0.154190881074328,55.32740967638701,-51.39992603276108,55.214037047057325,8.992386524726912,129.29959606400536,4.126132734718788
310,-351.7591221993277,-607.5508517990028,234.1326222408527,-0.15540446153738685,0.29629706841296866,-0.1178502140097919,55.59900156726892,-55.33416781194068,75.54891065661843,-39.05761840150911,132.34334812477186,-22.38158584028719
311,-335.55611777642366,-578.5362977067588,233.2620215488706,-0.02148026781134149,0.18474360790230548,-0.09443715503579142,54.639773209462064,-57.615835887829995,74.81883946545067,-13.512871407071406,124.71707562087322,1.8712935323751174
312,-318.81783078342664,-549.4883714227341,233.43549103744348,-0.07287347441655356,0.1365652093202243,-0.11258365502538936,54.67583826257752,-62.07209683561166,82.31558961929471,-19.310097454749215,127.74754806606293,6.752080652122554
313,-301.6482913495638,-520.8715703748146,234.2289621596257,-0.1581692377977788,0.23865096562406052,-0.21835332318138967,54.44865424573098,-68.05199645357277,94.94840801204322,-43.24518240223469,128.38835780538176,-18.77624524371597
314,-285.6057302393271,-491.5265312473311,233.3724396775804,0.0027966006114183983,0.12083116662506654,-0.217971964504585,54.04891178143322,-69.60775192492044,92.5841526577309,-16.731942971801026,127.76130591320731,11.448318818249486
315,-269.0880863886037,-462.2713938624047,233.7615037287009,0.04702477926610982,0.21444982883758712,-0.40285435849898477,55.04059172233064,-72.61427481323652,97.3877171097959,-21.956821541589743,139.99771275791204,5.347168519616167
316,-252.41897729309682,-433.4938903223529,233.3092687276974,0.05785369027438492,0.16969941454550508,-0.3274348609468234,53.605959983778796,-76.50181847294166,101.12217721653491,-12.381470266634807,130.5161837380706,17.655144513338428
317,-235.74418515237,-404.5308071797316,233.2082698914895,0.04301479718418477,0.17500091495259085,-0.28946979005820594,53.12282051834859,-80.39769945955024,105.74438907626987,-11.310082465233068,130.3364055924634,10.52071525949449
318,-218.6913515146215,-376.0876241246652,233.53639932862978,-0.069398174513708,0.23626823035078814,-0.17189885758500623,51.81153878942701,-87.75462303178061,115.9808862828697,-27.86355506408424,125.1915890127361,-5.312018691143476
319,-201.6328318798791,-347.4001645189872,234.1500903188123,-0.11276489617290508,0.23889909487098748,-0.23351167906398018,50.92392412856263,-93.87569870496439,125.31649082690437,-45.44023626686761,124.02548701600665,-12.35746980209473
320,-241.2076492151858,-321.1354192263488,232.8054106004784,0.13190326233279848,0.10354440916012209,-0.23053303988052676,42.98576663890654,-90.34174751174578,115.81790019116794,-8.174912264127798,116.95212976861015,11.85888239261518
321,-261.1381017865696,-347.8093335178321,233.54470163980028,0.0740308402225196,0.20155096317341759,-0.2863677127664914,46.11309301053865,-86.31952144956709,113.85883378833945,-23.569996322902547,131.64277934045032,1.1193132713123901
322,-280.2794324370526,-375.1917646318035,234.50607767402002,-0.11428745352429814,0.2653969029847758,-0.2778140501583266,46.408427890502615,-84.44550560172028,117.74407805483092,-55.64383665736707,129.98486513182482,-18.405494052792264
323,-300.9723028423958,-401.3965527830224,233.500864004558,0.051728764193399,0.19418425287699392,-0.3057047049626078,47.040094921293935,-77.51470900169834,103.25962589780566,-19.862945149928446,131.32164919711434,-3.5830808304666393
324,-320.4381178751375,-428.8937513270188,233.87299988003753,-0.040292458416502086,0.2919945993950819,-0.22924266823690687,46.29204105132993,-76.15794365336284,104.00432172455228,-34.915864362988714,122.13086299148742,-9.686030243600062
325,-340.6400453229615,-455.4057087933854,233.1255148563246,0.016439614024477578,0.1685255664429519,-0.16256090557669722,46.279838348845544,-70.33099420787066,93.13549981123914,-14.494012913147271,118.73430044648622,8.307205687914417
326,-360.61632220520653,-482.0265884675372,232.7122644469524,0.039656053157443694,0.0364071107172208,-0.1417760905078751,46.27938435504619,-64.91212272747826,84.14163249266018,-3.006400345687902,115.52825219046734,13.356043138933762
327,-380.66268500723487,-508.7515797051442,232.85220916627063,0.07114495458523606,0.11796860000805509,-0.15500644233441108,47.28295535554395,-60.31986413413194,77.49921785413048,-2.677284391909075,121.00586178226159,10.584020258750941
328,-400.2514209355046,-535.965520613472,233.4632079438291,-0.050802752757704184,0.23560473104544144,-0.08761887034330584,47.62032250691145,-59.04435460336248,78.21257417570989,-21.593985294779063,121.3242610757826,-7.100330637010954
329,-420.5018371288551,-562.0248848565495,233.77308153832212,0.06881704245807896,0.12415051080120065,-0.33217389601452396,49.32274633870302,-52.65583112968481,67.85774685186603,-18.803068754313315,137.00105153329173,1.912402637789872
330,-419.7832856433929,-562.891238527517,178.6309813831877,-0.0644532428567004,0.18981493717319609,-0.2221600902850014,48.19106100606117,-52.9167654353945,80.0196081038881,-43.376422534088995,124.32647114171075,-3.1358906738658625
331,-399.6713343161648,-536.2897911697278,178.5412404513011,-0.13017899867980987,0.21328299466017597,-0.07743100416129778,47.54515649630146,-57.23710838217357,87.62150097001943,-46.99181916064653,120.61770876367675,-7.648819502284611
332,-380.62359423522867,-508.7754845853646,177.4163159508098,0.1260197277763382,0.08465041685991537,-0.17251436679370613,47.386865289088604,-57.744653107978785,82.24935846694551,-11.189973082160812,121.93828968670094,7.318049020625816
333,-360.0554050205019,-482.45726440289224,178.7069210364697,-0.06704572191347324,0.25122172568853784,-0.25904871460491563,47.763742267642805,-64.19813545999111,98.31628748319247,-49.51561424964666,128.21967210559706,-15.73622530796626
334,-340.7917213084753,-455.220244572187,177.70227193870488,0.14145840837699097,0.18204279615889618,-0.3021803735105948,47.036746638519666,-65.78192665336115,95.22949217081334,-17.939225035388677,124.82633020728814,2.3186327235290602
335,-320.8688459328003,-428.4363111675123,177.9361174687592,0.16465886779184302,0.18824264688271342,-0.34657206758319603,46.92091782211183,-70.0396465521049,102.14190286949157,-24.52272765270327,127.04855188731743,-0.92397080072738
336,-300.9409361816135,-401.5823512877414,177.88847997181801,0.15096237150493153,0.15565518349723106,-0.3211968144073296,46.51120477424386,-73.82001369099771,107.28872509826614,-24.947691537635524,127.1980454203187,10.937099752872342
337,-280.9613012616199,-374.63050813844467,178.25971947466272,0.10011919157426519,0.17662141788900954,-0.34360390491980297,47.197358456307946,-77.65377818244978,113.86078644398236,-35.91514768951131,136.06727660937113,4.3205788768984945
338,-261.1409622132267,-347.8025280318976,178.14705848739882,0.15946657963814914,0.15899515205893522,-0.38895671674671917,46.441567182858584,-81.4543704710887,117.80474312746976,-31.567051977140657,133.98271959707128,5.470051281680242
339,-241.0881361379003,-321.2039884665564,178.4055775145913,0.13973256470282536,0.23317066991950242,-0.37736852207851257,45.97615453731067,-86.45939504332632,125.01203137261697,-41.78995371880352,134.73806471283623,-2.2818135805155055
340,-275.64116336130587,-292.6026337003597,178.5075284916006,-0.11674546906283467,0.24429381598690725,-0.007837630337405699,33.46764533396774,-90.08728574299376,133.09814033862193,-58.97547041035364,102.50222499433684,-7.991560110134638
341,-298.9858617983572,-316.12382113254813,178.9654558901097,-0.0696628965396826,0.3494518908817099,-0.30156872991310024,38.9345186900335,-83.40823628957128,126.31113440122691,-63.01287342915986,128.1587032488795,-19.07481645608319
342,-322.2914148134165,-340.22520755599237,178.0876731455212,0.024902796800290616,0.23461406172617671,-0.29689540318187824,38.151934819767824,-79.64920137529276,116.17458824282988,-35.35654562876496,119.1224665354761,9.598164119976886
343,-344.654687271363,-365.0363351252145,178.6854345234825,-0.12403585777400394,0.33445889119701633,-0.18029116130179546,38.56461712378055,-76.41842498183502,116.52934316628266,-55.5656657458305,118.03483040332675,-5.86648210989251
344,-368.02228128554,-388.9329062761085,178.1523606526923,-0.006970351201289304,0.32037201240319746,-0.210009241271905,39.46462538157639,-71.86675934731407,106.70863743089367,-37.504087306238496,120.9184779565897,-9.370865463707782
345,-390.397122454803,-413.6868167645601,178.7159732731969,-0.14791640210876267,0.35150083059795634,-0.2171694083804141,39.394395992869825,-68.8801842065593,106.08779194472449,-53.23905232302946,117.04324760198041,-10.557992118918905
346,-413.6841469719727,-437.7186867656767,178.0591204193559,-0.042381715074043314,0.23855047799060003,-0.25660383910849305,39.29444330647404,-64.7408485868303,95.9326804487501,-32.652328175405174,113.00297448840408,1.7866660039527036
347,-436.33389454019675,-461.861521969844,178.9304037818684,-0.057591380006442705,0.3437942806014007,-0.22563116661851268,41.50887283631699,-60.42587019256041,94.52575511377033,-57.7477540958282,129.37809047537183,-25.152571177639345
348,-459.5127525608074,-486.21551534519557,177.9461705610067,-0.08580464449585179,0.23911308422896127,-0.1526748797768107,40.32232731907437,-56.66264982410809,83.13746408687125,-28.717686216196658,115.53854121818131,-1.103823574006642
349,-482.64163466692287,-510.2404236522533,177.3897003779962,-0.059971480041326686,0.21822373973458298,-0.048340656297909845,40.74097588625357,-50.90782017490806,71.54151185552811,-13.454820032166603,116.62528995925368,7.31839570932002
350,-482.4299269275068,-510.60087654774367,233.6639713930727,-0.09057847933581797,0.2850558959705154,-0.20615510580068985,40.44582834846332,-55.99540744317025,74.26100078842342,-24.915095111123996,113.86520349932633,-12.12216989136394
351,-460.0526873295655,-485.3999642487084,233.0383311538618,0.030542288645222015,0.18544041936252142,-0.2685787921672045,41.32636542314596,-55.73394070456568,70.5103982401219,-2.1602938965934833,124.91281585122228,-0.24009970111711704
352,-437.0344257650843,-461.4117819049776,233.241012077634,0.011310800446494795,0.23575716230521948,-0.2875415786457154,40.580193085022174,-61.77736498759386,80.71007596666423,-11.389512382218026,120.68424560052912,7.847031629824614
353,-413.2046280364389,-437.9209861427164,234.4592195069062,-0.19926342606095204,0.2962880533872294,-0.2874526645706226,39.58246482046955,-69.33742093624046,98.52820935511359,-49.87485414992177,115.28593430579151,0.4200738846432524
354,-390.38307443049047,-413.4903232130897,234.44420152532498,-0.2195111738477067,0.3992552662761,-0.2278884087587869,39.979846217628804,-72.85207982359807,103.47586290372357,-52.22509790001914,121.63433388145043,-9.96857981283372
355,-367.7980951604687,-389.1307135301055,233.85758443939082,-0.13058083040891688,0.2939709871201899,-0.22291337557021507,38.55341621313056,-77.00369101670199,105.44798225109905,-36.50417320458629,114.30993121337697,-3.5713775039527853
356,-344.6981183504898,-365.088118695318,233.8927010014201,-0.13507493855991015,0.256489304029742,-0.1861018908709866,36.93334681051491,-81.91670791156584,112.18856073735319,-40.64782842675118,107.40558448787533,-6.45222361757147
357,-321.79074075188913,-340.4537976359614,234.4846145988345,-0.16157915814284252,0.31018942173540154,-0.290033473186611,38.62444234361478,-85.17478248060141,118.52610483791021,-54.14877432207287,122.20517370891653,-2.6210586776973717
358,-299.6465630269791,-315.4288874040116,233.3417675508859,0.03198272500492294,0.17207470889411525,-0.22415526879788672,38.16219445975172,-87.25556666598283,114.5111024164732,-21.775362698350676,123.20112306293562,2.3021469236716228
359,-276.4225183989739,-291.7199916477294,233.9625672728769,0.006217391759832935,0.2362235777250703,-0.34752193841868007,36.14450503320827,-94.41830856984672,124.42110038259162,-37.95246094840928,116.02120128251433,2.6050690398685656
360,-307.92741512464073,-258.19810161553943,234.3662937192755,-0.09796032605368055,0.2610977260446248,-0.23986316615540204,28.38277005153229,-95.42082181964695,128.95833453522042,-53.673446262028754,110.33578245222415,-10.872936471951405
361,-333.38917432025926,-279.98416709808083,234.3152656062807,-0.06127096754585182,0.2636388786916086,-0.2507931785758899,27.88177280459375,-91.27355747999172,124.98282290058032,-52.84036333114776,102.76173128679898,6.058174861600642
362,-359.37910598799886,-300.9370295404452,233.7849454824822,-0.050068205372554075,0.3006227011545093,-0.16195686217250227,30.28819406978387,-85.75621777713914,115.9730205544835,-38.695114454245854,111.69751489175715,-8.498980887756817
363,-385.0222577200259,-322.4195948314923,233.092882435776,0.0007760866240005271,0.19233564485983834,-0.22177826128000788,29.128978667641963,-80.89152206660319,107.24303472952536,-21.271123772680635,100.39567468522033,-3.783270911227306
364,-410.8728615480164,-343.43493803359036,233.3757897684845,0.07086084442045149,0.23271933054354577,-0.29809310419372537,31.964162773736327,-75.60270296926517,100.96000125097167,-21.3952473362602,114.85608343271012,8.251918195623752
365,-435.7853787461515,-365.8478806697941,233.8531677649967,-0.08957652580471631,0.3131858217632839,-0.212105407088103,30.622566677215254,-73.99121315930729,102.379954060376,-39.15319655642921,101.79203132668071,-4.389220511140914
366,-461.8759645837464,-386.2936817111912,233.8696175968334,-0.0368167078960937,0.2303403967802069,-0.45314056936550173,33.66900983289213,-67.61086819367283,91.45779332713721,-27.26693809744478,121.48793497784555,6.116372312498102
367,-487.6004973991311,-407.698363140988,233.225557632369,0.03642202941506412,0.1670449252443973,-0.20815042400201378,33.53440348987301,-62.67126372838672,82.53470059095227,-15.267130886970817,117.36708808621503,0.9683701780446589
368,-512.58214014441,-430.05465505346507,234.004652821206,-0.04835824047063397,0.2919944607686489,-0.16606053721309877,32.922828384066456,-61.4903574060603,85.36092484681299,-39.24943374345333,109.16084566118606,-11.890690596688193
369,-538.8481917503137,-450.6447671206898,233.2054203153741,0.10314894126042873,0.14140332208688733,-0.3304508312501184,34.025763357720635,-53.575195203261266,67.74225980239142,-8.139037160708146,116.1667860023352,4.973988760665288
370,-538.8274731254726,-450.60455200040525,177.30794789034772,0.13580716441549612,0.14499499856054854,-0.14164905350702384,34.101432722959444,-50.21896970281427,69.81903330257146,-9.039903706390858,116.88224862497547,14.63944501803995
371,-512.4743377038948,-430.1180453936694,178.4008852952527,-0.07989573177508191,0.27879424798885566,-0.10849175172799619,33.0285069496133,-57.95512692427985,88.46131872077457,-44.82236912365321,110.06288714404714,-11.168228103969003
372,-486.85771867382186,-408.72907165354326,178.511845161963,-0.08331286823533901,0.28165129566161795,-0.20186362372530198,32.44183872481122,-61.91679603475636,94.91468608739228,-47.07102801274824,108.30328377863556,-0.9436796739366695
373,-461.6597612158727,-386.8087908281696,177.3417880342007,0.00699755038664307,0.11807435543806832,-0.21521101496890083,30.990681002441193,-64.33338324539261,92.94373105497148,-19.105816444794137,100.63806417114802,11.14526204382866
374,-436.0178423104933,-365.5030192154528,178.20861988576812,-0.022766952780557403,0.2423975022568925,-0.36530071601021064,31.542913165478144,-69.12109826348707,102.9276834713789,-36.88205955218833,108.2776286348164,7.689003908936863
375,-410.7248848070002,-343.5546963645586,178.1406854549286,0.05418364063717718,0.2517041596698846,-0.2897069807416699,32.57656960298867,-71.91205766800054,106.44530770635905,-35.74645995517412,119.273246629295,-5.7098291959018965
376,-385.16525439008643,-322.0890396379396,177.9071916530811,0.04872315417583195,0.23539934059141387,-0.220544996101097,31.63994512404054,-75.80260398072181,110.94688726627483,-32.710970425662815,116.29114125277924,0.49548225142439173
377,-358.6246798034077,-301.8875419683494,178.84096398078302,-0.14135453300650624,0.3533144691893426,-0.15966615338911083,28.374989697324015,-81.26406201341653,124.86884652297105,-63.74377452927841,100.58220224992296,-2.620307014936296
378,-334.1339042552965,-278.9419172906742,177.6835956495582,0.10762086300172768,0.15031613055214166,-0.2863467289377013,29.954762450338983,-83.4791095698484,119.13295003460044,-26.803524011387427,114.06946751457389,7.124059335950932
379,-308.3828482918354,-257.75459900627243,177.0427301491119,0.1387442945072621,0.10235381646214137,-0.1530027124961748,25.982868163693436,-88.27184481126476,122.93221553756615,-18.89694994598522,98.57140562766864,8.20855565872082
380,-336.31676025476946,-220.2605428452888,177.4311529471094,0.18584002034486957,0.05132076861801238,-0.12929285126810441,20.20126305169159,-89.14710266809612,125.38195207861776,-28.519065586539316,102.8271312291297,2.961342261468979
381,-364.1002584128858,-238.58044901499582,177.0166235880584,0.1578005564289242,0.019009746873734912,-0.17900598471160833,20.203587754120072,-83.85190222911275,118.03394463315068,-17.991496968785107,97.4810503637082,8.031374743537755
382,-391.6210457224123,-257.80109416994367,178.0052476942908,0.025747290917308874,0.14342822833697255,-0.19274370586171585,20.59695336407751,-81.99201436057845,120.48740257651609,-42.83387025320095,94.36654700422173,2.0691531405130448
383,-419.3783802217859,-276.2263484692114,178.00306327795602,-0.04587205128501637,0.12395236537901155,-0.09520224255010135,21.411139724047718,-77.97325781855389,116.13661004286837,-44.650780951731576,94.08239078509187,0.8584596844924753
384,-447.7490305960128,-293.9209123179869,177.9004430488339,0.08101540276180685,0.19936523771042403,-0.2273868597156934,24.35438195915581,-72.74101588738124,107.22505779941977,-34.03956387518649,108.35150431534966,8.35358221922383
385,-475.7295696187195,-311.9786504639972,177.3038372863841,0.1287971697111061,0.08734415949083996,-0.36419656726340577,24.19902040339869,-67.39356274424105,96.76177326962794,-15.107141251161552,103.48529988188511,-2.0085728645887784
386,-503.5152845375651,-330.55058943721724,177.1623233297644,0.09524845873073673,0.05283307047494645,-0.1737973688611021,24.12149310769035,-64.13454494795046,92.28898522197538,-16.783790401173487,99.15816120514724,3.611699487353037
387,-531.5942330622237,-348.63043309018747,177.6079073588585,0.12324582505937087,0.16278600391876807,-0.22176313993321628,26.3276426950071,-59.95458952638881,86.8838486091987,-21.228362157041147,112.8084453117027,3.1659334450574614
388,-559.253094503859,-367.3754674697136,177.0365513727653,0.03761022874698483,0.09949303669742449,-0.09966079988060983,24.924064830807232,-56.1197561202055,79.61537759464026,-12.982950985045996,98.14110903121573,-8.473029808746176
389,-587.1494469210028,-385.7417075065404,178.0587545935823,0.04639023011156951,0.1515624178215944,-0.30356616382999846,26.565831172269988,-53.34750130693425,78.13182050824119,-29.449029989265355,108.9022627996995,7.643368131422799
390,-587.2103088865051,-385.805116031887,233.0121994454993,0.0374801525639441,0.06200299095462469,-0.2295190847326296,25.27303536515291,-55.76828619157735,71.91273490985428,-13.564890479622775,97.68044203246261,8.638760728999673
391,-559.0039021420213,-367.8762612735343,233.32183565186048,-0.044652959319478214,0.16777325977591317,-0.09421406834937329,24.503394015403487,-61.56866859508912,83.16432518997789,-27.765304512876412,94.7501734210343,0.6177579944990648
392,-531.2707347931484,-349.18047671585776,233.9025812987629,0.014443779352745878,0.18123163119275887,-0.3469224967151092,25.490156024943534,-65.46786173284407,89.98524480398572,-34.333770915317885,106.02825294593286,-0.49185490320070513
393,-503.4957210673339,-330.5293752008357,233.687417343808,-0.017723304925993943,0.1858022692823056,-0.3232624512548057,25.587405537265024,-68.80872517949557,93.51911858748831,-29.271322351219744,110.09889073625223,4.806351955301838
394,-475.2219632348958,-312.7804829043306,234.10186509747518,-0.04325903963632527,0.25973808937357035,-0.16469438700468686,24.339136207337894,-74.04357636805813,104.25899501364208,-47.25814408776242,104.46736561640911,-1.0760266118084358
395,-447.5799663968948,-294.1811258064431,233.53111333008462,0.03413199633206432,0.08792719560830164,-0.1974545963979324,22.84721654211996,-77.9691518815589,106.11895970053487,-33.57687173962264,98.44375165420045,-1.4268904110537943
396,-419.766732973346,-275.6884824849234,233.537986112148,0.04709062736395708,0.08518893076916356,-0.23200011005459942,22.486537697068247,-81.97885207811875,110.68009991998342,-32.95751883486789,100.54250126613888,-2.9130125437034775
397,-391.8593570012971,-257.1927959011584,232.4452784766004,0.0777139328779981,-0.036539439466594104,-0.11064006898331513,19.469015083929122,-84.72927891416191,110.25583211575807,-13.145523089908838,88.13788281129561,8.838046595406416
398,-364.0593461988375,-238.6548917423622,234.1558685096416,0.07435750324589208,0.12911651720077089,-0.38445014822261214,23.14669651351215,-90.29298087478267,121.68968665607764,-43.580071417675875,113.2693393014866,1.9065344973665068
399,-335.9456989776619,-220.5973613470441,234.503121328758,0.05044351566778005,0.14974958016830442,-0.3825344223234879,21.733239088782007,-95.40739006889626,129.03341785069208,-54.040178968795004,110.42281547444789,-3.591642166678632
400,-359.12610136508,-180.7642819957293,233.1087426886652,-0.011262466997720821,0.04215017293060441,-0.09073899362448401,8.503062683682721,-96.94696059000275,125.95764818069539,-33.803943306971874,79.11409609313084,-0.1613635132224295
401,-388.9856945976161,-195.549673039908,234.3999022365582,-0.003262400020730638,0.27936740302837393,-0.31538979993749194,14.833720685319914,-91.13627184181361,125.18679922509565,-54.298563103193274,104.27351547065835,3.3841979303040697
402,-419.0761906866819,-210.0777323593776,233.839143855463,0.03679323795148548,0.18913384439338188,-0.18807388632217226,16.276603381819818,-86.23039501541157,117.11826182478868,-41.47559399083265,107.6748253593731,-1.1446390150199812
403,-448.6032998880847,-225.601989556502,234.3032354131557,-0.032483123924748725,0.3162307400390887,-0.23708867011140455,16.521290855127038,-82.26857532257486,115.4779837691441,-52.95233212283452,104.83863002373451,-12.136304708437384
404,-478.9325628652037,-239.8926318022139,233.27347277251852,0.10169886734320244,0.18649201593231624,-0.23635687846510223,17.169759093166807,-76.81562781110019,102.99362986330053,-24.701024409382747,104.89349652833715,-7.158603515128905
405,-508.6930436626762,-254.8666632665293,232.3906035796156,0.08653156904824755,0.09303227868079489,-0.14800057423190083,16.254468956057064,-71.06343435161726,92.82699765443753,-6.950922822508572,94.69554678805785,-7.818737217384922
406,-537.9770575414688,-271.0345191592336,233.6659146965833,-0.03320264033345666,0.22277594393710842,-0.11922729745046468,15.886538197898314,-70.63006617017673,98.61267630248298,-41.49548403712294,87.85917584226446,-0.5900977049059659
407,-568.2429603046883,-285.2023912275136,233.1736187500273,0.01402312830578012,0.07833284583739442,-0.19159450874218464,17.593201280830673,-65.09348860727188,87.25100794658024,-22.990414967284057,96.4693289038489,8.819414913134636
408,-597.7340976123863,-300.9050156244108,233.2848944375856,-0.06247934305918079,0.214088901148898,-0.09333730800651097,16.851017812689093,-62.02334001662925,84.38734596526085,-30.539087927357038,86.863911744473,-4.755561575003537
409,-628.0685475721097,-315.071725896151,232.4716671641649,0.07925873786052762,0.05652432169631538,-0.09809404308830949,18.054451283032307,-54.76963955743885,69.09388974407648,-5.595450050986763,93.01425759390469,-7.07027126767644
410,-628.0855552440519,-314.8237001688298,176.6650776212384,0.16199969333490571,-0.024001224385983733,-0.08697346655159777,18.376828810336328,-50.88558999378482,69.96840731575875,-3.700144759779813,95.73463332454428,3.295994309091629
411,-597.7788955885854,-300.80044532840174,177.6322917530834,-0.02826729340847578,0.2062029198223172,-0.07208315226100126,17.313492458766646,-58.37863449386628,86.5540556110247,-32.507541182797965,90.55945236268495,-8.44126747873806
412,-568.0294042362681,-285.6633075111522,178.3183408319053,0.047174496490583806,0.20454820915597338,-0.29145625563640465,17.93488783533288,-62.345948444951546,94.74783143133227,-43.20977382145769,99.09142978726797,-7.780702103397593
413,-538.2156346874665,-270.62040173922793,177.8632205001999,0.015136023051809389,0.1768154376748612,-0.30758256414628704,16.64909731995286,-65.99245126135959,97.99616097746393,-33.93734403272461,93.32964998020346,8.718890935998264
414,-508.08134092126045,-256.14513396045766,178.4346364256018,-0.026181344737210566,0.28025486715446846,-0.16686956857500945,15.976517482456877,-70.23126405036791,108.28609653051923,-53.33931759314257,92.80997848787051,-8.714282779974292
415,-478.02875124558767,-241.4261427126788,178.5347293497141,-0.10074987894921605,0.3177414903817066,-0.08610572188800347,14.756401502355754,-73.99914768283507,114.96876658588894,-59.90683443612671,89.36027979413275,6.956240457843255
416,-448.8536331268751,-225.201790174858,177.03223691447351,0.06724000807787434,0.16702925499149046,-0.11967256331499243,14.541685689651965,-76.33912383031881,109.4643210015839,-20.723656856245203,92.87477092274706,-2.7379792688388322
417,-418.89235319378236,-210.7122378885069,177.7093484908614,0.025760200979391357,0.2550752859319232,-0.2075688151952022,13.266155317574311,-81.90684322011012,119.06110260282918,-36.6749034796202,90.69428214536742,-7.376298132159998
418,-389.1699206726212,-195.324153874259,177.0958225341777,0.09306792746707515,0.14281731910520534,-0.10740411799889671,11.948749028296437,-85.21291632550773,120.56305320537419,-24.86683144838889,89.34359880510584,-1.4702077883657032
419,-359.11730073568845,-180.7675125718802,178.6718898538348,0.008014944632463994,0.24252350739769213,-0.13876533999720664,13.325335459514262,-89.99853130037582,133.70543460786627,-61.53838902769042,101.81383741541643,1.4520078035833055
420,-359.2832233935564,-180.5553380608016,121.9300138000075,0.045360970114700194,0.23508526864060286,-0.06779508918070576,11.844593153626128,-83.5970652962812,130.4846947390858,-40.628325777080256,94.75530885727977,-2.340871522581943
421,-389.1420426879102,-195.5331559543176,121.8608679886544,0.11722784533338881,0.20017108984970378,-0.18162150701409985,12.56281635339298,-79.4597541036515,124.66093436911478,-36.05124313893167,92.47587360131566,6.201465430993564
422,-418.6292584183873,-211.3302207833648,123.0975622423678,0.003723314242847664,0.3633185198090132,-0.13051347268699942,14.303740448688789,-75.0916084199654,126.91806883386504,-67.32584222660577,96.4428940937376,-2.975295516482452
423,-448.73503004572666,-225.6168377039989,122.44088454846221,0.019034559151464236,0.21782006156988132,-0.12614969892101158,15.850528146997583,-71.96257420667416,117.64172737753906,-48.5307349122422,100.7287972538,7.340178610283833
424,-478.5086036850458,-240.4525954886723,121.5353528538445,0.05835874964077448,0.17075560242000165,-0.2575865580608081,14.75350871381527,-67.59807278325685,106.71977849078591,-24.402361323985172,89.34180810195531,6.040829324268442
425,-508.08810781945255,-256.1446029162676,122.1612435465004,-0.06345218276118203,0.31219397669639193,-0.19001370469020173,15.078977901311617,-65.2728607163106,106.53305948098904,-41.44823376987761,86.7438180407318,-1.864275733923923
426,-537.6350059791075,-271.5681059113754,122.75162907297391,-0.0999826842045195,0.3262581873695467,-0.04987021673380809,15.795782889848688,-61.663898477128136,105.35060822777777,-58.67635330535978,87.20871192692512,-4.130631650136849
427,-567.8994898317733,-285.8602711569968,122.9708925399503,0.06380495855398749,0.22113119260473013,-0.15913036982030349,18.344190659462065,-57.682783123275,98.61081903167846,-56.70091459757011,102.26176842325607,-0.5412709711123717
428,-597.9738161228356,-300.4315090689215,122.6149599213625,0.10908758615630632,0.16858208843723332,-0.147602485693497,19.2251919916759,-53.96177828203618,89.87330881411143,-45.21328481050596,106.08920611981056,-12.703824077146086
429,-627.6244718334789,-315.8355237782596,121.9171638553255,0.014887601928535332,0.2223556465424963,-0.005849067410792941,17.883548795940108,-50.45330459961293,81.64377283170637,-33.266611526532536,91.57617764994887,2.2298779392344446
430,-627.9288714320517,-315.1733455100428,66.2068779464313,0.13519579653006986,0.09001294942243021,-0.06651019393339652,19.176372400033532,-45.147056421946175,79.60277359131237,-28.925678410560824,102.5615598056106,-2.579731326946383
431,-597.7033025593473,-300.5248711305989,65.5194983379653,-0.0001198455585154079,0.11683426266819197,0.004493651878888727,16.91247704915358,-48.26826387028243,83.54800954312606,-19.763545352604677,87.35519383100969,-1.4132504122849616
432,-567.8068996062643,-286.1181721141747,67.59562957073439,0.06489168615473773,0.29006078672540525,-0.179918471517297,18.43418418077599,-52.20833092781513,100.44643496807414,-65.90402666495784,102.96387039391556,-14.176427485474928
433,-537.778640893427,-271.4160566786718,67.2254611467709,-0.08232600647181698,0.31475307442150324,-0.13731333812708613,16.551472230389766,-56.10110132885933,105.58476015403218,-60.529625812412206,92.62811471028321,2.3021337635465957
434,-508.23658917464843,-256.00810184501336,67.23056001309371,0.006102004848855813,0.27843250701735656,-0.1588199139408033,17.17741024363185,-59.01341120798448,110.16924678683618,-59.80577121950132,101.01719417036239,4.568085700344226
435,-478.1108545889704,-241.5954227990167,67.6686956340386,-0.05925664057588165,0.39777237805949994,-0.14217141279949885,15.829370079287804,-61.31532567647367,118.25294252041223,-73.88720482713836,96.18878796850352,8.117949757284022
436,-448.5013635280436,-226.1218581327035,66.5368640617087,-0.027100568252990342,0.33733062015659243,-0.16675390041210392,14.015387488816492,-65.98553482081881,117.95790586001804,-46.6973959060066,89.75056103557236,-6.005942003639642
437,-418.6149345818252,-211.3604666476438,67.7869548984113,-0.05573412813072309,0.3853650532113875,-0.1746586847115026,15.409002643092562,-66.78936746273396,128.41374290066204,-78.06209185436147,102.66666949708991,-5.099901584875333
438,-388.8128549596743,-196.4769626457519,67.8396057451092,-0.013629486980107686,0.38774672691249634,-0.13366100654658908,14.233727968548294,-69.41294377269928,133.9906792002507,-81.97694623421772,101.10673518809887,-2.794349768113802
439,-358.84383096555877,-181.79203383771662,67.22529544771331,-0.06227050933131295,0.34640424707652073,-0.001463163394220146,9.881078384981548,-74.63850290407568,138.10519810409372,-71.97853164731397,85.56339698387417,-5.586113303728296
440,-335.6687523124604,-221.6890665142755,67.910529631607,0.0620332334314071,0.23313293643451516,-0.07364734541759788,20.521568135912975,-71.68311620889678,139.12519300815632,-86.29860492774363,104.38801831209838,-8.360444398723685
441,-363.7308926309441,-239.6457838734298,67.0425837297225,0.03380894204326523,0.19283882904767324,-0.009893913592705417,21.170123241424847,-71.42437151386476,130.4831868548258,-62.929114269422016,102.52490338058223,-8.285289771971451
442,-391.6826827780921,-257.94750909966643,67.6720927633013,0.08899369650760036,0.2840431970635109,-0.30025949895770054,23.497883121970364,-67.22688044635095,126.30505850594847,-70.25850046969306,110.95580754783337,-7.757237338390039
443,-419.52028329224487,-276.06134322643277,66.235490529383,0.0766573782211708,0.1463163347319778,-0.14663353949920577,21.520314730943987,-65.54370196629199,115.38119685670698,-37.79003522260041,94.733007201428,-7.3468103921862635
444,-447.5908680463489,-294.22268881583267,67.24368697236501,0.06065667894256421,0.29387073110859774,-0.20869164298730425,25.544055631070712,-61.35472530075878,113.20198812287163,-57.381654391983794,116.61298431967487,-1.4372352992739046
445,-474.7519753738001,-313.6346730079983,67.2343225189677,-0.09923722293154924,0.24819992341758734,-0.05009010290650906,22.582788982859817,-59.132164759578004,111.48476904198964,-63.59414089559458,92.40096902358083,-6.423986038558722
446,-503.5737380031228,-330.6062879106697,66.7087785229957,0.1558659307416974,0.22083879797003192,-0.2951797123323985,26.00937632501952,-54.9696919245993,98.18613126265208,-37.24266496191841,113.3826438105742,4.006948954488194
447,-531.1670080162424,-349.48787554067366,67.2598099660312,0.06458287770772131,0.3116559141237758,-0.259747452806792,26.20417599397987,-52.22958244457975,96.76491356103152,-52.31854181990129,111.7892850535563,-6.991360939950169
448,-558.8326119871572,-368.050133501226,66.2977203569201,-0.05608833623307419,0.2430316928731031,-0.06686463031228129,24.587806779612496,-49.28057688381175,87.80113374557631,-34.31409006603709,95.42848995559997,3.6119329772939834
449,-586.8384220692027,-386.2091495391281,67.0435386808424,-0.013541613424422394,0.2946425983116683,-0.05132878924159456,26.78681706120005,-45.52425559829752,84.34604734350445,-48.77335265996743,110.88777069064193,-3.574167908924887
450,-586.779061276402,-386.3341141469233,10.4984284257732,-0.010725546679623221,0.24505016061050355,-0.07924974910289961,25.08480661989602,-40.552326126450744,79.8067855524506,-30.28985581557825,96.08420845909538,-5.399497397510368
451,-558.9786233334142,-367.8388956676365,11.8258687313413,0.0392889159003289,0.28568784643789513,-0.22181228448700097,27.050517518256733,-43.326031937184766,91.37234795696835,-59.52992640497643,116.0887919337802,-2.7869913188087123
452,-531.2558418119826,-349.4848492795098,11.627869212575701,0.11238466253325896,0.35938196459608207,-0.28569377031970156,26.525743976425414,-46.57990642100594,96.11066860796544,-54.06992786468474,114.4604264949964,-9.46601584034411
453,-502.93573831066163,-331.6347333378759,12.121513637892999,-0.01784755563591034,0.3130913162775073,-0.1891206755118997,25.52454065636013,-48.85433338525125,105.76053185747028,-72.9382630678557,109.61608777399549,-2.7022516748414946
454,-475.06749051672756,-313.3654601117582,11.4331005202967,-0.018611033926958953,0.266218127423997,-0.17242893395800074,23.36265068954318,-53.07722690072505,109.27742608279097,-58.063122142326186,97.70540340310492,-10.05026551456641
455,-446.9249387247088,-295.3012270030679,12.2183780055707,-0.05295925514388955,0.18213288695665142,-0.13690897718910122,22.995063174671674,-53.87155453966596,118.29886133176424,-80.98723593524967,99.3976142118046,5.898866798385999
456,-419.275591725627,-276.4591872360784,10.7867064406418,-0.015023423084983278,0.1555327505709556,-0.058618944066298084,20.985204129140683,-58.93757445035443,117.52693187630223,-48.651824267279984,91.54883397324396,-2.387634278294293
457,-391.5271558166917,-258.2872733813536,11.4552318371005,0.04201190703940938,0.20216319202461364,-0.07916748900400172,21.317625579567082,-60.753632810652206,125.66767975564063,-65.568975314998,98.38361596443309,-2.333821761884395
458,-363.75275761477235,-239.650418269681,11.1046882769483,0.06686867078116165,0.19093847259372865,-0.15843892168659934,20.343169801267106,-63.90237156191515,128.39011972326944,-55.85514164710932,98.20375490777283,6.577573227781166
459,-335.91283185359123,-221.55210422153428,12.2117104612301,0.09446129782651269,0.21265402236977593,-0.16793857444169902,21.483292488336236,-62.69656269928028,137.75617395667626,-86.83209753387047,109.15866466530225,-2.848536024070931
460,-308.0762491561075,-258.739074230786,12.235194245465001,0.05633344847291255,0.36258352392530924,-0.1563309702380007,30.405573680945274,-61.947944102258475,136.6822786062406,-88.72676349641061,121.07604979000111,-15.701103697674565
461,-333.17882826150253,-280.6828188561724,11.727344724793301,-0.1453271091189663,0.3012154562719047,-0.0597835794320023,27.49111870313465,-62.43349974891741,131.82628320622598,-74.0716694044835,100.70960865566526,-2.587201598523538
462,-359.1559357045404,-301.629472126287,12.014851630998999,0.0187808688836526,0.3590865865133992,-0.15845102376299813,31.331303116887543,-58.763543565053375,125.85380927449401,-77.34516825800124,118.13897514166528,-6.648686644034166
463,-384.9083822695869,-322.68641805823324,11.565915801115601,0.04261114595391291,0.26190596305207237,-0.2548465897123009,31.804112828263847,-57.44663136938843,117.67318414238079,-59.237743880836845,117.3973157115757,6.972323287371531
464,-409.9301269862546,-344.8990099025046,11.8354624653293,-0.11588097458206903,0.33982609676240827,-0.10062144931570138,30.776852283984592,-54.732503666951686,116.0442275645993,-70.38419238451583,106.71306597593592,-6.024413391946749
465,-436.22344777284724,-365.2925498072713,11.0392164376948,0.12347365215293848,0.2471658604740128,-0.2802430135515994,32.54759794016301,-51.9827215060035,103.17134762565485,-39.92412899794198,115.67046277559126,-4.454697301505028
466,-461.75895057607767,-386.7503092177486,10.7395950390553,0.1042126191726993,0.24996194251230008,-0.18260389742390082,32.61085469834299,-48.990574108077475,96.34484483741159,-33.19974213197418,112.8701269750711,5.214702008469408
467,-487.18013223303603,-408.4070542620944,10.5830318873433,0.052469000964606494,0.2283193989056258,-0.07747782762919897,32.34978718418798,-46.33396250108411,91.00225485054479,-31.725352138774067,107.5652660603422,-5.793349010489828
468,-512.1690375439244,-430.6422251207838,11.9802904591496,-0.07992547207356893,0.3317366852941177,-0.16794358803529974,32.93241439768914,-43.44735826629533,93.25866313689875,-65.13297324053171,109.24244529642104,-5.437519234583747
469,-538.3170850265748,-451.3462607924883,10.6835603683217,0.038457944019683055,0.19198798240529413,-0.18209748170190032,33.01694702285276,-39.818420313220365,78.1151221833415,-27.99631979871151,106.9889239161265,1.6453584840323698
470,-538.1435048659683,-451.4430038338705,-43.9944814020018,-0.03969436600220888,0.24838772722830527,-0.10436571410979667,34.56109222717222,-34.47321803172389,82.3728399176501,-56.40376426052798,121.33629207800998,-9.778757266968325
471,-512.7791745970934,-429.7854444924887,-44.1044190414195,0.05042775453352988,0.17110415550547486,-0.3024481572303017,34.1496875617085,-37.54945584147199,87.00760783373309,-49.477543265487874,120.03759502743932,8.543993475125088
472,-486.9577781487502,-408.548334049389,-45.132594017850195,0.02352774664319668,0.13773760530807522,-0.15616206667030497,31.48620422427539,-40.85810854877016,90.13823857234752,-31.956458804139423,100.77524732117135,5.47521998204271
473,-460.99168574375585,-387.80067372874737,-43.2711988055496,-0.08884945488614449,0.2830213209592216,-0.23049081973429253,32.5547496591345,-41.8541278108211,104.96164271678427,-80.5833558293133,112.43062974787132,-4.744085786020735
474,-435.9372574779869,-365.8601880812466,-43.8571449649887,0.03141304324083194,0.3128339182466675,-0.2385703628932987,32.845063952973504,-45.321597333854385,107.15465839768935,-65.28654555624071,117.94682927598362,0.584860818170156
475,-409.8306215666054,-345.0992941702158,-43.9352783555873,-0.1312280904572276,0.2843206640532685,-0.03920525288459942,30.000763662401024,-47.92197266242749,115.08401331923741,-71.91584858180812,101.59710475204565,-9.135974195986314
476,-384.6367728773037,-323.192397886956,-43.48570752469,-0.022459350936003375,0.2996115925977847,-0.1706339379606021,31.951900836591378,-48.34052713840244,120.03071143123405,-82.86634676046718,118.40241322109951,-5.298929893152818
477,-359.2211083582535,-301.6732819938376,-44.358104371477104,0.09124755438119792,0.3065889104909161,-0.2453375324298932,29.266895742783404,-52.99627127559308,121.80422309768872,-58.432679138402484,105.6784767476093,0.36549819445080417
478,-333.3965524263411,-280.605186938094,-43.605141698785395,-0.07185500427891611,0.2665858028663024,-0.14945216837950426,28.954519245424386,-52.446988150993135,130.7888245268686,-84.0150771208458,108.51049777110146,5.350719990903224
479,-307.7149443473785,-259.2529493295216,-44.1623836297383,-0.055657297541586104,0.20691213030789868,-0.12433298803709647,25.35618228792215,-56.2580916264657,134.5019051922739,-71.93391648186882,95.59644497842925,8.444010754971558
480,-336.0929829191101,-221.313353358351,-44.024124535858704,0.12678082100160282,0.1485138328592086,-0.21718640642819764,21.101164283312695,-55.71436501663901,133.72832392559246,-73.00790643223738,107.246537021253,11.047360332664992
481,-363.692150321126,-240.17250444772588,-43.6621174731169,0.022465051290623705,0.22738974819418445,-0.15926992077319824,21.183478870555543,-52.830118336463,131.1272197554415,-82.66474631364288,102.59535298293528,4.768123997961537
482,-391.7194332173585,-258.2333677279256,-43.8465883607157,0.10791980301593185,0.21629326003721872,-0.250506087450006,22.532355927102092,-52.01486732322906,124.66195813675961,-72.92067405174647,105.28615326226608,3.734205593750282
483,-419.54259299388707,-276.48669047856214,-44.1035828272095,0.05791507880184099,0.19949515932273698,-0.13382352092450134,23.19164893140919,-50.4233057086095,118.88241257297372,-67.16741681021026,104.86146429556835,5.88988314442271
484,-447.2196035064624,-294.94533065982034,-43.209870683431504,-0.010559028749526078,0.27050181263314244,-0.15102772042469326,25.37826568987565,-45.31470604507832,116.24250307281719,-90.01692244235954,115.4286622860112,-2.292744360893334
485,-474.9965594765597,-313.1770455593208,-44.859502261430805,-0.036657879301685625,0.15209842820075892,-0.10915061326549136,22.538927587183807,-46.879296506278045,105.37882210415044,-46.70640885648866,92.10435890946984,8.311780330036113
486,-503.2994737120926,-331.065878497134,-44.704729168864304,0.05563855800426154,0.2505274622113234,-0.1841967440326897,25.119183371785816,-43.7491733008999,98.3470116250104,-43.70269796069258,106.53751564987476,6.000951148021971
487,-530.8876433387379,-349.7838425636738,-44.8892146151468,0.04798075047187922,0.1734578065606911,-0.24850284511209964,23.745059428333796,-41.52836469513932,92.70327387253914,-38.98575886366938,92.5471471897789,8.989748963339043
488,-558.5198153173112,-368.62404678215137,-43.394024107506596,-0.016652318736191773,0.31022540630209505,-0.16252196112920103,25.84141153388944,-37.15448661031158,93.71452329110912,-75.90511563883713,105.66768239329734,-12.449771237493621
489,-587.0634280897605,-385.8431865072092,-45.185331030198604,0.1566866866514829,0.11278897455815695,-0.21128445713759447,25.828316098570202,-34.476054563182075,76.17895462281193,-25.50119545272848,102.43434237934746,4.864005251109079
490,-586.8874053780969,-386.2789887705635,-100.1263804670608,0.027047033837106937,0.2403947618971074,-0.22639188530639842,26.293011631918525,-29.62061762019777,79.0826563351931,-44.429669228734575,106.48410258297706,-5.208320313162456
491,-558.4830125107794,-368.77347867151286,-99.3393203935772,-0.08133928766574172,0.29061322700954406,-0.24709636218550202,24.965033681888485,-32.116591302477865,90.80514865808658,-68.09297071631144,98.47290592987265,7.817277699445518
492,-530.8378538484495,-350.15889452990166,-99.87169568638029,-0.013355315777630494,0.29249083393779074,-0.20621217954590065,24.51911372876508,-35.23053619630717,94.51790198703996,-57.46867891192696,98.45701018198297,-3.911947831833539
493,-502.50719033541804,-332.34821374775703,-98.81334828964961,-0.10149849058012705,0.2540574779878284,-0.09256214655518136,24.11763396275795,-34.532910707545575,104.62608819245482,-89.9845433685973,99.13003202628443,-4.490162136084614
494,-475.23000814160036,-313.3418199826948,-98.90564581915571,0.05029456724855663,0.327848600677612,-0.22845440688358565,25.903976288550496,-36.78914513252227,108.14097947457492,-86.43773901497879,115.84515932387042,-15.063367764819366
495,-447.2478048508705,-295.1621711568695,-98.8195585460949,-0.04264200349030034,0.35308213917966214,-0.26151406571490554,25.09669794861764,-38.29130058838018,113.91073119156952,-90.17106002933932,113.44434737239295,-4.323153205372573
496,-419.2074188767337,-276.8680434829986,-100.0116377387556,-0.01824084946269977,0.17580438747461358,-0.19990840379840336,20.92296294897373,-43.589274354266784,116.38821763398742,-62.73390790052273,91.17938088617899,7.837544498181455
497,-391.1178924929899,-259.3224862172006,-99.0502719923046,-0.08939601547581333,0.32652658850537364,-0.1947174576554005,19.571388959991726,-42.13622943549294,125.44175514895181,-89.75771043038971,88.7018041363553,-7.820465439801428
498,-363.86986569505183,-239.9625952442744,-99.8011734489874,0.10099438093715207,0.22277013883422114,-0.1692142078874923,21.18263663849543,-45.63547695653389,126.65031420786332,-72.37029106118096,102.59089109661794,2.175570828932985
499,-335.5315552702325,-222.69663480040862,-98.8360365302286,-0.15081425153852024,0.38850088298843843,-0.1669792416031015,18.015662069782536,-42.10458519939772,135.5789700220452,-101.23684396530102,92.42468191463227,-2.656030795782251
500,-307.7104655092251,-259.7415238037137,-98.41287724828,-0.06577455353635742,0.27495422055358176,-0.1626212372857907,27.369326975089475,-38.737556710770555,135.44679877909277,-114.63108789149778,105.27549156399967,0.16848277103061776
501,-333.4998906826671,-280.6693773194972,-98.8647376318518,-0.0402768523076702,0.29852360733599426,-0.16379324887279267,30.23975947607735,-41.21747628506485,128.97945347161792,-99.65333717318558,115.69902815519026,-8.146221529514818
502,-359.2508205217572,-301.9249147675489,-99.17692295495429,0.07106275627540981,0.3505093667706092,-0.26530586809670353,31.01576224211348,-42.40171467344937,122.58318977513224,-84.13372193459804,116.15200071566612,0.5058261130469658
503,-383.9991830053537,-324.16237817718877,-98.64138146143179,-0.16535476789840686,0.31477692951585823,-0.09856902014101365,29.291511230154228,-38.4374081284864,120.78980118227588,-100.56626375528033,101.38345557357395,-7.744751416777066
504,-410.47486872385866,-344.42450906372716,-99.54218362753551,0.08127931344006356,0.2956893792123765,-0.23867180749309114,32.50832181363315,-40.35441388019169,110.28959820038371,-68.8486879023498,118.77178645684192,-9.342381487709108
505,-435.9645457267094,-365.69998383004634,-100.34276167398521,0.06497656200696156,0.24644683614138785,-0.23036314027568494,31.56015143219159,-39.434564454921244,101.41029399965664,-45.457713303449964,108.40134940741616,7.492036208634766
506,-461.2691049232637,-387.5434140846979,-98.890607687911,0.01802186158317909,0.3045376537662037,-0.19151589453100826,33.78266533582494,-34.53262627934867,101.93753846058438,-85.72478347737187,122.45886058884297,-12.61208511095724
507,-486.93210673322193,-408.76374327051366,-100.44461448833441,-0.0060249271873544785,0.24020511247067589,-0.19569147518498653,31.874916102104812,-34.991736649257064,90.04389601963113,-40.76091263227921,103.80544148691622,-6.023113714129358
508,-512.5406573692596,-430.1536469220286,-99.2222541271218,0.018523699518254944,0.21897253974640307,-0.26037356880999596,34.348724392584074,-31.114277566623592,88.28500280225668,-68.38092108431212,121.90862250691931,-2.7812514774852644
509,-538.4105724272468,-451.2865065446987,-99.8199324194706,0.0778113108889329,0.2661390854711385,-0.34289229262149945,34.494850576279596,-28.703227763913493,77.44134073945679,-45.48777781667958,120.68182295372189,7.586110819306
510,-481.6630972977316,-511.1702949655423,-98.95133933082401,-0.14173601209898834,0.24273936990704215,-0.12317920605738664,41.2993045343727,-27.614061749994146,83.45040296124404,-77.80871746860532,122.04829373559859,-14.170271882348496
511,-459.4136129491748,-486.45477088571795,-99.6771340197409,0.02954223781608789,0.1945969548521589,-0.2925910092071007,40.94468295343731,-31.56999852729201,85.22871545015695,-52.714721500464144,121.23963561146672,9.517242056929003
512,-436.7320006135131,-461.6403858885515,-100.06140137525709,0.03533727789232444,0.09353865062553268,-0.22709441074890435,41.19017401777877,-33.550923266919206,87.95402417708256,-43.866176335554485,126.2858854972171,11.328141543190274
513,-413.4109839566833,-438.2687799412862,-99.21755238517541,-0.006461665918607196,0.3518522806384681,-0.22589283561968898,40.645005417663405,-35.60205806236846,100.10305272291234,-73.64695482646044,124.15613388366022,-13.152906688057879
514,-390.9494817228444,-413.4898136501072,-99.8771201173095,0.1398323608700025,0.2970191797061261,-0.35873010201439115,40.137479518661934,-38.55380996866049,100.99055593094414,-51.083550631072704,122.90949624603435,5.441484447461914
515,-367.8847929175951,-389.3196360951774,-99.20720040414149,0.077054629101724,0.27571864465159024,-0.3260485836473066,40.8498008003232,-39.18066442468133,109.72334682840581,-76.41184815830611,132.0259273547733,-10.848865976057553
516,-344.8804100975974,-365.3362854297298,-99.3847693788489,0.03567328928397728,0.27831851176443934,-0.2807124158915997,39.31393929856605,-41.57119420875906,115.47067414316838,-74.1119728539033,123.28063251266504,-4.751605055395814
517,-321.11125583687374,-342.142674562335,-98.55409100270191,-0.14841019449232817,0.29308502999862185,-0.11933692602238466,36.05982193833849,-38.92320740947016,125.53686002204165,-105.11913863777826,106.41055194664006,-13.53129446744846
518,-299.14628466188043,-316.73874162690714,-100.03164699463301,0.1267407774446383,0.21194333301048118,-0.19610457389879343,36.542498639714346,-45.90259382498293,123.7361826959889,-62.734785455482736,113.62209532779688,12.632693369272845
519,-275.8400755255716,-293.0072618815911,-98.54627582481169,-0.0658251998729611,0.1842919291433418,-0.18921817359361626,37.195892744380345,-39.101257210201304,133.84443139371217,-113.93852132155291,121.77030479227423,-3.093563229986139
520,-240.73002015692128,-322.1816711455096,-99.7827224236386,0.1520207626606691,0.14214449795741757,-0.19376299665599106,44.62430589210167,-45.869535395130605,128.2266079502692,-71.42621596430973,126.179828588956,11.15562616106563
521,-260.4267604758288,-349.1969937807259,-99.3926188342273,0.07783931416724954,0.14408838861061213,-0.1312242095429923,45.48199310633316,-43.412253646149175,125.76087868502545,-84.13013106142517,127.37226912678506,-7.030586684377858
522,-280.1536138740469,-376.0103256393167,-98.6813816759027,0.11367126134570071,0.1144015335809172,-0.23285090391280505,46.730090620664704,-39.01829076577922,122.72629997826452,-104.49110625687923,132.3918365234631,-8.868227557482372
523,-299.9720208305493,-402.8257508819052,-98.9146419060477,0.029708966430177952,0.07713128566018668,-0.14829436915130145,46.54544272917231,-39.19417865736451,117.61483232200193,-94.04397125336104,127.4577874810198,-4.873200743477233
524,-320.4480522707469,-429.0925968022054,-99.6198882904082,0.1617642161834283,0.11661881728190338,-0.24301914862580531,47.22417995860216,-39.94948671140541,107.8626506976517,-64.0786820280587,129.53778729774538,-0.32017792943770906
525,-340.2926774706964,-455.8023368542239,-99.29647492620849,0.14803818619361664,0.10186271887016574,-0.24140272287451126,48.21838667241041,-37.22152529206054,103.59613399173367,-73.33148133089331,135.42933940174123,-6.747675294891593
526,-359.5046545197147,-483.39049025688854,-99.0417892270048,-0.013761783913480485,0.1552196544337221,-0.1178001372520896,46.68567107431982,-35.13820424112301,101.88711970296991,-81.32279749051138,118.83488854005786,-5.417726941548695
527,-379.87027962037314,-509.67520550728204,-99.52757523897151,0.03886808774564088,0.0991992511759463,-0.11937109831428927,47.64020411600135,-33.748352397103766,92.91985691124044,-64.0440838682408,124.25359371994877,-4.0141578633077835
528,-399.32674412120537,-536.710338162609,-98.8879937740308,-0.01741471615065393,0.13976911432689576,-0.08813999415920648,47.98528062127806,-29.8080598671068,89.86304880756506,-83.11829373293436,124.83661266529599,-23.95793916297506
529,-420.0824429956373,-562.9556787442574,-100.1238829739349,0.19307082730477987,0.04636339276294166,-0.1998745718963022,47.71127131402842,-28.540698431952368,75.88328802354886,-39.19860293273814,119.53781287582817,6.302744522421269
530,-419.658567813081,-563.265632264561,-44.1736965587501,0.025665739715691416,0.07674595447201682,-0.059389709359393805,47.484713858174146,-34.764184647112025,81.78487062671081,-51.20861155215279,117.3570917121641,-3.714610975949599
531,-400.14022894328286,-535.9950398340883,-44.487488193211504,0.0813690033175476,0.04313695778091642,-0.17250231389989068,47.8082396088307,-36.965977302108435,83.87127644024717,-39.41064232026571,123.11497555065915,10.772790178893763
532,-380.0971132202655,-509.1482907605209,-43.545745555842004,0.115250420369307,0.11314892969346602,-0.3034230884313942,49.02557531806808,-38.842565892309494,93.84499179783052,-68.78025940991859,138.43584984576077,-2.2231529565816768
533,-360.4221964170341,-482.3241837264171,-44.9003074496489,0.18817078572931223,0.07469264075945148,-0.19902605235750315,46.73049330362606,-42.19406608929778,93.39131332715921,-31.29066990003195,119.20582898079448,15.754859325390628
534,-339.7943482961946,-456.3202957108488,-43.573044554389604,-0.010707070576245314,0.15704854861422746,-0.11922875509409891,46.87412951476186,-44.30013836593481,108.34647269479608,-76.36244229100788,123.48196807319219,-9.611538595899349
535,-319.87701669278977,-429.6324826474299,-43.9463848622716,-0.06610305249802195,0.2000475725560591,-0.03223293014630002,45.89560275521216,-47.3550963141243,112.87270197734219,-69.57524776869258,119.16801854190068,-8.72526670197447
536,-300.2826114890205,-402.4902357419349,-43.8288800025615,0.06923193779897474,0.11677583352911824,-0.1635641755172088,46.497851760300335,-49.003733737651906,117.06760134817029,-71.44591395928713,127.09699054437345,-2.395854285107436
537,-280.1647892054655,-376.1210188571296,-44.0775378502709,0.06395611746654595,0.1756932502366908,-0.1581880049577009,44.065888685694695,-52.11387910863458,122.59154464688038,-66.67022338832028,114.39862006914733,-4.636716804195546
538,-260.29526883665636,-349.1391426982276,-44.4643435308488,0.015583340957164182,0.14852685062140836,-0.0952830212405047,43.2428660150302,-54.50411387126123,125.81929597240014,-59.42466559342638,113.8129011306787,2.43976785273543
539,-240.80594299475368,-321.9532224918339,-44.151372155880495,0.16567067233586386,0.14777593383973908,-0.18329735002910752,45.0761986690738,-54.9377681856563,129.92967844837645,-66.92586594389783,128.91973138014515,1.0999799001099004
540,-276.0886617938752,-292.4756393121296,-43.3207177209127,0.021613136349174056,0.20473128252666584,-0.15919358644120507,38.46211811578507,-51.248169276339596,134.77230414642995,-98.21855190773577,129.24581383891805,-4.306172937731933
541,-298.93117037902476,-316.8834982020385,-44.407849437929805,0.01112373458363436,0.25196363701616065,-0.11167142664469765,35.8211962083759,-54.65566265088706,126.75442200038323,-61.688563464717035,109.60449083913647,7.405475056963317
542,-322.0664435687941,-340.9833191997259,-43.9828202866348,0.09113079714370542,0.3186670772893194,-0.25912155331720044,38.36110717920371,-51.77357113729305,121.82185529006607,-66.50319183368416,120.47462488796226,2.288340722255273
543,-344.41048746359235,-365.6608665477519,-43.2490646336608,-0.0814212287149303,0.28617851224890956,-0.10815591760699306,38.99958468473668,-47.02254392903423,120.84287110282234,-92.00612461604177,121.04383453927218,-3.928096156591618
544,-367.3639969373889,-389.7392556114621,-43.3612391767749,-0.10241954182140489,0.2662909403699132,-0.10399926199829679,39.885033562485106,-45.51381022088891,114.84331161857583,-86.76098188557178,124.12556327256637,-13.432001458411108
545,-390.3187159662121,-414.1150229006828,-44.152108819633895,-0.0727972850140759,0.22477941081660902,-0.12119011764930576,38.35308528631523,-45.99128229075033,107.18276390850859,-60.43610517830693,109.31025916060798,6.795651121136045
546,-413.39361933937704,-437.9785240905873,-43.3428383152918,-0.007326526474514594,0.31303648891992,-0.2787614708170949,41.36951123440965,-41.3479027786765,102.27624773756666,-78.36558737221138,130.78233830537488,-11.226536881240943
547,-436.39952031304307,-462.24647042768106,-43.5642670186435,0.03328841236327662,0.30564476856994816,-0.2644370020728033,41.343310066076235,-39.49772998911687,95.60182210059986,-68.53466417839414,127.75535023116473,-9.102667165851756
548,-459.3483663490731,-486.47747755754426,-44.770618143395005,-0.01236287954850468,0.20489736873526,-0.16343608504229223,39.777175230225055,-37.72909571961579,84.56499499473989,-35.77407824609398,110.76640390724053,3.666310259070642
549,-482.4307960765843,-510.4853817679295,-44.979741194414004,0.023611426066452168,0.15616501096127422,-0.04773391818309847,40.55410406949656,-33.99564972468185,76.05097644950031,-29.547409451582485,114.87029838529274,-3.0820961685204984
550,-482.7624141178115,-510.09353816500294,11.0959373182198,0.14878688267549478,0.19029741889931984,-0.31901448098930096,41.66459455848268,-38.28086567946179,75.60159200729315,-28.664820492560214,125.77746552557097,4.09624772966577
551,-459.1467800908977,-486.446714821405,12.1794588626974,-0.01963470604835038,0.25881242103361046,-0.242868054709799,41.60464637635459,-42.29724244151083,91.3599750077291,-68.34756316200438,127.69880430891953,-11.412581072863611
552,-436.5804599401681,-462.0624666492102,11.1486291375353,0.012755924674593189,0.2508747785203127,-0.1915009900976994,40.19828134595503,-46.153628883912965,92.43042903257084,-40.81881658124434,117.34309645607284,7.5284988733781555
553,-413.8872248225883,-437.408073901504,10.7417389971621,0.05799324250205018,0.26273276033157345,-0.1392393780515011,40.21091489982517,-48.19673845042393,94.75585754367061,-31.09986611447079,120.43382660205977,10.59036588630626
554,-390.7624359291494,-413.3921190908701,11.6899207063136,-0.019042449505263903,0.2990844188392998,-0.2681882274199996,40.718550967143884,-51.35598684466298,105.73594208182124,-57.29296577384039,127.78706072026792,-2.049002327125873
555,-367.7128304749213,-389.3337281862185,11.135194290515,-0.029802846756297185,0.18246679478676242,-0.19325229050170023,38.274187765564704,-55.19366662779813,110.50489390747252,-47.08186143518647,112.35950860974118,13.222044351516029
556,-344.3263084705961,-365.8208962273511,12.133676297363401,-0.06914547282542571,0.32332025587402313,-0.12859043379550172,37.53560985710776,-56.328341879063935,122.0025044516569,-79.00674256900179,111.23112118975311,-9.497649269334264
557,-321.4271667515815,-341.4682816070741,12.046110200967,-0.10870977939498516,0.24784330460812498,-0.07086499062110008,36.85218198063325,-58.76408816291869,127.06071524930123,-80.01240763083966,111.08128171304683,2.3901983712216173
558,-299.039360760316,-316.6766740273225,11.5880117535071,0.02432617363723466,0.25279748358167353,-0.1824543118784998,37.10347067164482,-62.38333948640429,128.53800732998423,-65.12655547761555,116.83994735659064,-7.160149490370761
559,-276.15919920766993,-292.28124882463703,11.1673029594326,0.029320135629006927,0.206930280771644,-0.1598919996391004,35.31911017949993,-65.68352141492902,131.8036426009484,-55.8540775021794,111.71188195605728,3.760276509682961
560,-240.1965531806708,-322.5557132223697,11.9692656143405,-0.014920777162586774,0.18817160990130333,-0.07141168976129997,43.52577957842643,-63.055560591923715,135.79209879069077,-81.66898840694174,119.8909217048742,0.9269096736763717
561,-259.816477402105,-349.5642336018683,12.2061714300548,-0.08910149059124706,0.23141156419359277,0.003328854231201106,43.91579057190791,-59.65237514222273,132.4243912365222,-89.15715222729389,117.69059395066874,-17.437349816331373
562,-280.869817671063,-375.0302185565238,11.0477708343541,0.20237973010080168,0.12737891284865555,-0.1628066332208995,46.26489780850924,-58.886596124054385,117.37334045675549,-44.08299152796852,128.93916737114694,9.272669002159141
563,-300.6445185541071,-401.95989497656495,11.2078230664945,0.13909479792761203,0.08662470295496405,-0.1854131998198998,46.47886652272187,-56.65847399944273,113.6419908480731,-47.3987487120115,126.95354940708299,11.985029458786439
564,-319.97592574924226,-429.1541288754225,12.1807085448721,-0.019534606787829034,0.15231022140238792,-0.1436084370643993,47.607590851314725,-52.65426551736404,114.44980307778422,-80.47714842106252,132.82184203635612,-11.948997501397699
565,-339.643671510961,-456.2966929759326,12.129844854140599,-0.04668635014280653,0.16485126412788986,-0.01598477734719772,46.848544709396364,-50.540003597349795,110.37041332831649,-78.79733306149824,123.27201359091008,-4.430784247688444
566,-359.62773905679603,-483.1222042811562,11.9502988820715,-0.013747692329559413,0.15162454075687037,-0.06735448337600047,46.67202148315317,-48.71114097228478,104.09196892087812,-69.19600512663978,118.72187162085129,-1.747161296424348
567,-379.81597850581375,-509.5177268731476,12.0410794077299,0.05274938789614225,0.17961299771519634,-0.10667914561680014,48.23781935575919,-45.13677945751526,97.06528268190307,-69.90226114089248,129.99846591163944,-11.277226039175535
568,-400.3710341132129,-535.5166317518751,11.4473896550033,0.13065025752297288,0.04081095415938307,-0.2637728481186006,49.03093488561266,-41.41855132834084,83.6761155863858,-41.36985636109396,135.93458336023215,6.701940450475469
569,-419.83675163055113,-562.9404453321805,11.639821380699,0.05577635031852424,0.09939341824338044,-0.06996986811870087,48.41273587622385,-39.46202661065704,82.35896254567045,-53.238925078601504,126.63317414250761,-12.877876321167562
570,-420.2865685570034,-562.5061725113297,66.9808302362624,0.1358692219299087,0.1280496731050107,-0.24339894177761323,48.80044752096613,-43.258048474732135,77.3876993790349,-34.94781743534039,130.84748042671112,3.5716039392306267
571,-400.6670822224022,-535.3365969507046,66.52012568268829,0.24477147479711903,0.07695105348568632,-0.20008147789819475,48.73709738063257,-45.17649310039692,79.07518913028707,-21.775587987693218,132.61968919230515,4.821537426721688
572,-379.76868327377724,-509.36187751041575,67.84870726887709,0.03447405324993724,0.20129036707720616,-0.1826173638045958,48.55623090887885,-50.312243744851166,97.59974662694994,-71.70089655135837,133.2651626429359,-14.710096457503678
573,-359.6406204621122,-482.81788429441906,68.0234923585862,-0.025682571085837935,0.23340871154385923,-0.22791612966769037,47.87528224335461,-53.38943722902911,104.65005125439636,-76.89171746131643,129.25735504397858,-18.766809859653556
574,-340.6584017705498,-455.40136981574506,66.47659832343231,0.1899410051086079,0.1510468317008531,-0.21881448768010614,46.874273979780185,-56.57031943990705,99.77618973006825,-28.833004864749622,123.48282266522392,9.661313175824887
575,-320.0716611226407,-428.9907363482565,67.6766170400763,-0.026725245623651972,0.15748579570873744,-0.18024098056119442,47.52931935714153,-59.81233248505441,113.68383741485607,-70.56969678556048,132.13757112424548,-4.29857934650781
576,-299.8519329181758,-402.8531981468294,67.69352351005479,-0.0484372435959699,0.2886727678174452,-0.15937215156358775,45.34177509197678,-63.58085274355809,120.78675950516104,-71.77667790959578,118.79076414048791,-15.73362938127811
577,-279.6328688477217,-376.2968176755172,67.7834845519402,-0.11510725362182939,0.23076573314739335,-0.11416738166811058,43.72304762584616,-66.46532445737087,127.35452368329405,-77.16004121976303,112.30958849321497,-13.123942351000583
578,-260.6271778127884,-348.7026090006835,67.1370875400904,0.09687925278228704,0.2187400346071513,-0.21036652234050734,45.07473402822377,-70.03529130322009,126.45727351457431,-55.914254260810026,124.74556588422148,-6.392255804024677
579,-240.1824754937103,-322.1984579871583,68.03993183553129,-0.0021311690352945334,0.22750343323605193,-0.17201224237530255,45.32814334502392,-69.93670048666283,136.6713855009939,-90.48373960326671,130.4957059968971,-8.21953871707862
580,-275.6355405205206,-292.7688327963109,67.99469420038939,-0.05656276324089049,0.2805572549647195,-0.0498996493639936,36.08978790757094,-70.64724434130306,138.40016557140166,-89.46242038379162,115.72933585754778,-2.5303604671893556
581,-298.4780158680516,-316.9525601541689,68.0560109009858,-0.13283121692660416,0.27720165737974867,-0.1270464385279979,37.327673501167205,-67.80166359203973,133.12233105144182,-87.8326652928497,118.15240310832978,-7.0270503974942295
582,-321.5583065838417,-341.3008351337593,67.6898544489178,-0.046828266494742365,0.31427801669480004,-0.205213560502699,37.05095201812663,-66.96889546356344,126.53766614991083,-72.3270573369606,112.27651472424304,-14.216122411879757
583,-344.26211393359216,-365.6699278972817,67.92682426356609,-0.1011741883289119,0.3822336829202868,-0.09950464438539086,38.192475854122925,-62.80834304282927,122.6834460928871,-81.10335402955741,115.52853735506223,-18.470917939830382
584,-367.4407505398995,-389.6655046396913,67.1679645435684,-0.12044569482435463,0.28599614525421657,-0.08109332108830358,38.19586082048686,-61.64978040048572,113.8957153938768,-58.02329972952174,111.81763496351066,-7.306911481017626
585,-390.4523281803621,-413.70494074968013,67.57215723328221,-0.1032090707876705,0.36042140567184333,-0.1991920907416187,40.216422009123754,-57.57295728725156,108.59917756062566,-64.30622952417583,123.55520775889791,-6.307887389527777
586,-413.0898957042247,-438.3387307683546,67.4042132540159,-0.15145476065748653,0.291419177187322,-0.14188631224249093,39.088390215539405,-55.33123336835328,103.92248997056797,-59.80975396242806,111.39415872595468,3.180070207206091
587,-436.6664577839623,-461.90716374436556,66.7368473003827,-0.004111359177215945,0.2823221012341719,-0.188583159700201,40.464666086703986,-51.18346390290105,91.55757448115078,-36.172924455071424,119.6616770396071,0.6448580218713807
588,-459.5696140825442,-485.8831903107887,67.2284716611521,0.01415690473390896,0.26895503010956645,-0.16420561392500588,42.1514139108798,-47.20449526355267,86.91750039995121,-48.971248776969134,133.51481053407826,-12.256542236341616
589,-482.0092451750985,-510.9350063884973,66.8669330455363,-0.16683002410968584,0.26379390838638983,0.006713906813800463,40.3195484835622,-45.30358312420165,82.7335527303236,-43.369665437818696,112.70283763067461,-1.7702270644423874
590,-482.4322822268901,-510.5012454405087,122.29837546237151,-0.05797626275568746,0.2449610354092897,-0.1380655429974098,40.806325411941934,-48.6791626611221,77.9735540335415,-29.57831698765828,117.24544469391915,6.9956629728183914
591,-459.7748315982961,-485.926840004302,121.35662343862231,0.09997424879639993,0.17436044283090268,-0.08371489380290598,39.769148283247056,-50.377998368700325,77.68071892845093,-8.42737126903174,110.69703353597772,8.648031666476045
592,-436.58466354385337,-462.005514095541,122.2975942141867,-0.07900910396995187,0.3130232178591541,-0.20809140722261077,39.98826181041182,-56.22280989532053,90.69280516022518,-31.568990398872646,115.54980079813645,-8.720621563823798
593,-413.331668318445,-438.17907762630307,122.7771404464036,-0.08425018916278759,0.3321858787676888,-0.19351512538941051,38.98998236775003,-60.8151229120362,101.25754155778026,-48.045251258786124,110.63257944562623,-10.18801687201493
594,-390.9248439000553,-413.2050934644206,121.77955136840481,0.054811975435427485,0.17526061105030522,-0.15785888935820935,38.51920379719178,-62.805579239369116,99.58630381809263,-23.111344743108006,110.51426688463314,11.305051176639006
595,-367.7688901892268,-389.3085267025126,122.6204919673963,-0.03088291869130444,0.2655176218084989,-0.35609319096870706,38.203018020382615,-67.54205267418548,109.91257424531072,-41.766146892744295,111.8674170476954,-0.5375617526866262
596,-345.0227119061694,-364.7178016835843,122.9230862334816,0.01302463573517798,0.30374140623160883,-0.2938526422920944,39.53317653759035,-70.1761634074634,115.7352862965335,-51.773004000960434,124.87585521907548,-7.445853685936263
597,-321.8849333616483,-340.825260638927,122.50017375163989,-0.011881347845815071,0.21209036566074246,-0.1204580371044841,36.522429390626876,-75.03747130235418,121.56766865025337,-47.76830286619683,109.12023401200793,8.624706080067595
598,-298.6579270801131,-316.6308551972018,123.413156281473,-0.10234812061054299,0.28942360743542395,-0.09168937727568505,37.70115710868328,-76.6205134402903,130.9125474440098,-75.82819325389134,120.37805658344216,-6.628274456351979
599,-276.389019855173,-291.7462417158763,122.8705975167563,0.03743551331507433,0.28206370358486765,-0.2580676258954071,37.90285100017235,-81.06158363560655,130.5809899029187,-54.492877521314,125.85435398961916,-11.221065537993063
600,-240.6537386410173,-321.9027963718961,122.1657355852752,0.052618065356881516,0.18085760063621592,-0.12477103867409767,42.254946565122005,-81.97354558753823,128.4197877510708,-39.06692418586888,113.0999547787858,7.6086345947113845
601,-260.2642479098713,-348.7549708392051,123.30902635257159,-0.028253092708609984,0.26375087961520194,-0.150431864048997,45.76367650405154,-76.40603046062391,128.92126263694334,-71.44108695723253,129.24529649890442,-10.845655694779198
602,-280.1340826260984,-375.7810425324455,123.18592802437949,0.0003911838193744188,0.2565117016140448,-0.1526834378201869,45.1094525457575,-73.77604025485468,124.03908861752548,-65.079306483111,121.00781258456496,-0.6822495105683296
603,-300.59652854506555,-402.05407240309137,121.8334305871367,0.1427357442740913,0.12658136499527473,-0.22348522910949953,44.27260937013856,-69.75853194277188,110.07648220329881,-24.417439151481325,111.68450742565405,14.08410964101632
604,-320.36104010036433,-428.99915122215833,122.5361193589771,0.020256249451904296,0.18427064475304178,-0.24789258901030564,45.91260881311753,-66.8539677134845,108.63234445100105,-40.29087168241215,119.29331461043,1.425674339354168
605,-340.0711346791195,-455.778781915215,123.1895839486064,0.01226921301628181,0.19946803206119057,-0.19555182931530624,47.4606382958652,-62.9377544147037,106.96763456512683,-60.25779057987072,128.443595832826,-10.016624092701763
606,-360.088020808132,-482.69553561187126,122.56319869353149,0.017482193977798488,0.1610292427426998,-0.10204630497128164,46.572805425198354,-60.15591621158129,99.00769570781796,-42.66488868317183,117.90587296253142,7.139332280786636
607,-380.2798753360598,-509.19720753904494,122.2255077710454,0.05983204914008411,0.12124224689000584,-0.129483237733794,47.13370209487859,-55.72409844212011,89.63088391192653,-29.907699451159196,119.6825805108694,2.194061372978244
608,-399.6677566375222,-536.0711471506438,123.38433310883711,-0.02467912360793889,0.17867770633495184,-0.1762361652326092,48.58011495131472,-52.21187672908643,90.53470297969739,-63.228872497023886,130.9203038641704,-9.884323166054532
609,-419.6313888799595,-563.0046127874177,122.9997310495083,-0.04115486076096886,0.17338497307309808,-0.010465515901785238,48.22455286571166,-49.10266467720164,83.32637729257358,-53.09952092811103,124.67073093010941,-1.7696829932125524
610,-352.3952603857435,-607.0900999580542,122.15174227741619,0.08127379575228133,0.14729008320830417,-0.09911360701968874,55.86325819639385,-45.507604299170666,71.12904617436243,-19.11758947101454,135.45388166356906,7.5652326241030305
611,-335.8024390284361,-577.8751169363185,122.72538249781299,0.16659519730222883,0.187039855475291,-0.3831522344692786,56.53107058115909,-49.1171749891484,78.82680580195131,-30.586510033254886,146.73154944954013,4.5598199507437105
612,-318.5949537556183,-549.5520733898865,122.9238259272888,-0.0003537482170372641,0.2096662133146765,-0.1948234957986017,55.61185276736999,-55.07941955108652,91.64271199982416,-47.93177592260842,137.51484951296104,-9.255779986459629
613,-301.9779565278534,-520.591265366199,123.036275497227,0.06290034408721112,0.20265514061736667,-0.2758835204517993,55.50224098437253,-58.52078991115036,97.7199592931507,-51.02729142986602,138.98444518321466,-3.313905489167216
614,-285.1532049295592,-492.04660043064155,122.5841057849315,-0.03378715627013662,0.22903753884963862,-0.15814408677739777,53.84834552713719,-62.819620425664816,102.78445338087234,-41.23872276477764,126.0440573245913,-3.4806891488658995
615,-269.17102644023583,-462.3515649756672,122.2948213293477,0.21170773982333912,0.18027996398336654,-0.320974479768509,54.74210853131256,-63.384436088832295,101.41578283513189,-24.155142420612147,137.08742992677776,11.992484339729284
616,-251.9192707393409,-433.98305723176463,122.7137640316885,-0.009522250432098645,0.21350814376262406,-0.21026368836450615,53.84503636869191,-69.2633544100506,113.18702814523327,-45.99625977673041,132.44335334257556,-9.340166418083196
617,-234.263539408143,-405.90006831919027,123.2694797069577,-0.159368804597392,0.27896361068940223,0.02362573833299564,51.522350005211564,-73.36805996179032,125.67871182808457,-72.63726589310322,119.36080242702948,-16.4641514725962
618,-218.9817750609899,-375.64427337023784,122.66446854340269,0.16665377755478517,0.19806959605153907,-0.29164345110248746,54.17691283215324,-74.85782198627051,120.48384494802134,-42.946261686146606,142.3769647515217,7.935981752205229
619,-201.53347843451849,-347.3436102633638,123.3358582586809,-0.01592321528559637,0.22985986623245935,-0.1861479064992011,53.12034465745168,-79.23492699565764,132.88814596667999,-74.6879221635322,138.0785617390488,-20.484824380644525
620,-201.7827112263335,-347.4566510669993,66.652080903078,0.07843502867328311,0.08795314192673231,-0.016250322763298186,50.542949124700534,-73.44024892203487,129.75903119918783,-48.225708282680145,121.84772198498804,13.349280798628945
621,-218.4278211641898,-376.5560627843649,66.8429542254118,0.09950654760839939,0.19610344791999523,-0.10138728776419725,51.252884956542935,-70.30034409347472,125.52378630551257,-50.10294616805693,121.70418490023579,1.5764189052210127
622,-234.59873351421308,-405.561040816826,67.8555460993968,-0.042768554418330496,0.1554885856828605,-0.16185674910110492,53.14046710373071,-65.24364316117979,125.53407418531627,-80.09946431749584,130.4668610237679,-6.256313977728299
623,-251.4875974159097,-434.1546062207397,67.81902583923551,0.02090953760941261,0.2009120699141249,-0.14280939955740735,54.775622606061816,-61.61436932610129,119.35079054598498,-82.0304006031034,140.62839798218673,-29.368381277335352
624,-268.5419640219932,-462.89249306346295,67.3832820683061,0.034918362442965645,0.20782234089728036,-0.22307370017379924,54.90503259688059,-59.59588010226455,110.17920075205839,-58.6341294718182,138.65501142822956,-4.8162141782655805
625,-284.8371808807081,-491.8714534599357,67.8256464468212,-0.0243627252663714,0.17207982837817326,-0.20063066303920607,55.46394504726103,-55.905255208233484,108.04892170215307,-76.65839376780997,141.4169782836977,-15.797261834202335
626,-301.91145552824736,-520.4695211679808,67.5652501422306,0.05040502437395844,0.18034172101476997,-0.29077414380030575,56.06630645327344,-52.86453845995435,98.97390600397348,-61.69126101255465,145.70113718366724,-12.572135377935211
627,-318.14531912061364,-550.122029689718,67.4313678548524,-0.05481338190924134,0.19585245112227767,-0.14204760074140665,54.48889061796749,-51.23320142410557,95.84872857331958,-56.79897652044576,125.95761311411466,-0.885728396724753
628,-335.20151304804466,-578.2303236792629,67.51723035923129,0.069489154617429,0.12025994115356298,-0.1416536549391907,56.52333867495708,-46.31300085260623,87.60258360091437,-63.08361282739981,146.61777173793624,-18.14098329794137
629,-351.8393959756911,-607.5284915157386,67.19155530853429,0.002694778481384219,0.1390773875435798,-0.0497069637512908,55.726477359083646,-43.699954502915666,80.50625282880479,-48.08739744120901,133.82220324858548,-4.913330491778419
630,-351.8646175305796,-607.2337684800366,11.8842852767048,0.0694880137407381,0.04208390929500183,-0.15543279640889907,56.464969037745526,-38.147051137845025,80.83386809028586,-60.77140030595479,143.3031553026626,-7.1585806891470884
631,-335.571236975739,-578.4509741960715,10.8208482514568,0.15249147986668277,0.085006212640792,-0.10395374267850066,54.93417594443227,-41.09308287338135,80.77879384251254,-26.521309152029843,127.66002398791454,6.756229350731326
632,-318.8455333533671,-549.261030102435,11.6940490000608,0.1755999387855809,0.14466942658145854,-0.21619284791399984,56.37008615616309,-43.9833551940851,90.7860622150601,-54.97041076817104,147.0384720377266,-15.945889241340316
633,-301.6361341122447,-521.055166817388,11.8308273260371,-0.0029165080209736516,0.22616622066186665,-0.10141787105330025,55.08271558038874,-47.94401681198754,100.90536739039747,-64.80809464419777,134.53398034439303,-16.122602957627453
634,-285.69628336383937,-491.4652257028449,10.8644286406623,0.23230694805306484,0.0708897623214284,-0.17760420536290056,54.49985983154736,-49.66096933513218,97.9406542447983,-29.63082397293291,131.7817134429815,20.324615042753965
635,-268.00582386924947,-463.54317412283,11.8285598964529,-0.04899880533412215,0.14163823970415024,-0.08494514746279869,53.28536020597798,-53.938812264347256,113.6054748778591,-68.48528637751855,124.64804433062879,-1.1945991255097947
636,-252.313197861737,-433.6972206338051,11.2650679976595,0.22194982485578407,0.15683922839070874,-0.264590098999701,54.47420870550237,-55.30720423148843,110.80482872220038,-43.064827880259955,137.83615760326677,7.650867247191204
637,-235.1907284803192,-405.1242556245595,12.0025041150599,0.14167352827098512,0.22478508675374087,-0.24796838442419933,54.85635831072635,-57.37267618579731,121.90455467162536,-77.22078116852433,144.87366103653724,-15.213444130363403
638,-217.7936343413786,-376.9970967859926,12.0828811333095,-0.06388161583478791,0.16357110048323875,0.012920361271699932,51.896953616181186,-59.7692585659095,131.07274778629773,-86.52726689564157,125.73819886901131,-13.865180194196883
639,-202.2314388328488,-347.03179096954227,11.2741817184771,0.24731735735400662,0.1151604451924868,-0.23142023772420117,52.88154597813196,-63.260112048291425,127.29958909627747,-51.00438242444243,136.38215167527807,18.160647489418594
640,-201.0339567682002,-348.4653172516388,-43.4617421269217,-0.029634669321893625,0.15310914319343283,-0.02426571433720426,50.26834620589049,-52.03519755300949,135.48427858497067,-94.63485882685637,120.31113534657648,-12.437977321048727
641,-217.6472377841111,-377.1863383650269,-43.4756355425494,-0.09660623071590635,0.08027212983733989,0.0801306598525997,51.56038179115708,-50.188103804068945,130.5542955640439,-95.52211380041626,123.60570317613161,-14.41327974641996
642,-234.540971556753,-405.78418322971237,-43.125975403972404,0.022745723156077702,0.15977532808147998,-0.11272211835349566,53.806723936495665,-46.97487527308494,125.015280626219,-103.53655342773257,135.6037672168638,-12.036006022090858
643,-251.82435637766133,-434.0674147231211,-43.7592095746598,0.12222493768433651,0.08241450975060616,-0.12738208502249648,54.95430401794465,-47.821038206697516,115.67076458393392,-77.10180525500859,142.36515549239724,-7.356317450888553
644,-267.7124371848485,-463.59054073225207,-43.2677724563829,-0.06488036416550358,0.08042233987970349,0.018496405309100794,54.07766006540229,-44.233556804581596,114.85298288354483,-95.28660838700145,131.11708163484357,-18.32420516339386
645,-284.94860163245227,-492.0763047717051,-43.707021508311,0.03574953364415023,0.07295626946688571,-0.08428108595509798,55.020881821621735,-43.77783874768019,106.04675388041345,-74.51650517847206,136.77297264682343,-14.959926858176804
646,-302.4400784481809,-520.2857637635135,-44.3800999594137,0.25283779463399014,0.09347137116401427,-0.3029431241644005,55.57125340954338,-40.49652024654546,91.49714158040938,-36.703054261962315,139.75476887856613,15.90010291548078
647,-318.2588403018087,-549.9394368098118,-43.48677002214691,0.07114465948188808,0.12604896030086365,-0.19470680207669488,55.55707882045289,-38.71409158741176,95.0425004072942,-74.0376228653425,136.8958297151617,-12.349700715341863
648,-335.3441759896773,-578.4294770064445,-43.950558281312595,0.11750967911189036,0.020496976595381966,-0.1891749011894035,55.94720407418501,-36.07950610286848,84.86460008820552,-54.39258052267254,138.91543275982067,2.993155833936371
649,-352.1950808972082,-607.1583340419394,-44.077054073145206,0.17841156671499903,0.01926016436766531,-0.15806696139159016,56.35535914543496,-32.5927971741771,76.53415396579638,-48.36916539270079,141.7733470517876,-4.325276320007748
650,-352.59363766053133,-606.9037989003905,-100.0734593097085,0.3280784409629973,0.02868897595180897,-0.25580452749190385,56.33912470193478,-25.482063610368375,68.66893694804108,-30.36496540720477,141.55114708655165,4.212746514955757
651,-334.5752328744036,-579.0798140064184,-98.9969587567278,0.011894861249402311,-0.007586071701780384,-0.0777064275758903,55.17540271004847,-29.86664131770787,88.77647389658996,-80.42937085150581,130.1621021489877,-5.970794704901518
652,-318.5088636906705,-549.7427026173591,-99.4574104728754,0.09436768382732907,0.006472356139511248,-0.1858076917643956,55.556667764080004,-32.92799229793267,90.72768040184033,-63.71053096408487,136.89122840240705,5.3468416550615965
653,-301.6605006286734,-521.2135731914691,-99.38761433552321,0.09193518837560077,0.1228814693475897,-0.14639499972909675,54.839493977736865,-35.41033110851238,98.24718733247686,-69.8255392013921,132.1059001427673,-13.693978876140976
654,-285.27368610278853,-492.0150690310851,-100.2797973957618,0.1386690193281197,0.06253048021778795,-0.10856059560128983,53.68102599076597,-38.251492939945514,99.04927237676115,-44.31246428543839,124.63989891653158,2.242654339906106
655,-267.4370698057612,-463.9540729405272,-98.82910692008349,-0.12551432364597304,0.029334883248907317,0.03705771880929376,52.994925991643086,-36.88236773308881,113.60713268134282,-98.25299316335717,122.40626086784347,-10.088541269896643
656,-252.10509993016777,-433.97159144024687,-99.8218298708929,0.1908934463700689,0.055106319041954066,-0.2193241257917009,54.380096388254174,-41.27628538530066,110.29195304984198,-58.38377186127223,136.99520836592757,4.0969236915935685
657,-234.86414272030908,-405.863013822701,-99.66054001838761,0.059041064466555326,0.14896722111211602,-0.13931428364779208,52.25726057011708,-43.35239433210355,119.54880043250596,-71.32839601534583,124.21615667230003,0.6512676040208734
658,-218.50348516178718,-376.55465909531176,-99.25353523796859,0.20224514632337787,0.11857367421094978,-0.23307874603160883,53.993088999950565,-42.61261568256818,124.27783609135517,-87.49166026294269,140.82690566425842,-6.810270816064691
659,-201.0953721397187,-348.27910244330616,-98.6273777059054,-0.017594668373703826,0.05479649123128638,-0.0736222503111037,52.12468365386112,-38.147006889078526,133.00162742008652,-119.1040852213651,131.3229285896224,-22.690076506991616
660,-308.3651932704099,-258.08641327047496,67.1560951735423,0.12475702962711921,0.26829940522384277,-0.18187230817220268,30.19794485712765,-73.57110999293475,132.74905117924638,-60.1851429713945,119.92130353086003,-1.3666456674124312
661,-332.9767373612862,-280.79707745230047,67.8838680252629,-0.13154815025848166,0.3515339807506166,-0.06309058109519583,27.746864188258886,-69.05869564876258,134.20805311959776,-83.99583707506959,102.05126528314214,-9.942681127012865
662,-358.7899783054736,-301.8862346926564,67.74203905652949,-0.08906083506889217,0.2942592107629025,-0.17431098485549512,29.57978152958756,-66.90181525827278,127.53934020895827,-75.32818812097197,107.49836147183741,3.244916150846024
663,-384.4961758875994,-323.2293114309735,67.0646906248763,-0.04208788009060527,0.26421407859999135,-0.20579918428811084,29.119881477026087,-65.4841203523129,119.42475999056784,-55.66552049076809,100.34049794071674,1.684177912684821
664,-410.3901515950963,-344.0640213838796,67.3818168257321,0.009773826795537843,0.2524741161891484,-0.19100559107820914,32.698051190148625,-61.01382551497738,113.52901089726721,-61.018201005109,120.17235383246451,1.8194753318119241
665,-435.8852050451609,-365.72385303134666,66.5962576961917,-0.037747987315697173,0.276875411975368,-0.07615868548830917,31.332804073690834,-58.81315854603061,105.63006783156504,-42.633272587985154,106.77741256557846,-4.227159043960435
666,-461.62799599849757,-386.9548963916564,66.9209369045138,0.03375794231908458,0.2624351327535237,-0.1871437367599924,32.876034893093426,-55.16703598261971,100.09655913786065,-45.11278050036427,114.96820392864275,-2.753628844715194
667,-487.069846771035,-408.6353403835405,66.9150613749422,0.023170445921607552,0.24321745722386368,-0.16369437863750136,32.63027621812493,-52.28882474268727,95.19582829725879,-45.00323983519677,109.82457795170166,3.294153402420095
668,-512.5214094331618,-429.9277826008801,67.55135893070529,-0.011225895141024012,0.3269593382973994,-0.12703921380509087,34.59413984807861,-47.96207077574384,91.36023764525416,-61.565491710845365,124.27054955095346,-8.143152308809569
669,-538.2257178137563,-451.33984214490033,66.91225881979359,-0.03267257431582493,0.23969294916395256,-0.0020310971646892995,34.11612412013282,-45.02648264733733,82.43963236572662,-44.468806208202565,117.02153738204314,-7.7639460076175615
670,-538.6444676882302,-450.809107086742,121.2496700331844,0.14932356360918675,0.05763146858555501,-0.09474801817160028,32.97000881177533,-46.59558637378831,70.84667096937021,-5.884015497817196,106.57505981653378,11.063168206676979
671,-513.1419138059263,-429.2411482178179,122.1273588185923,0.11770339348674952,0.20787662113411898,-0.31359418770870207,34.108008059335845,-51.303878275926785,81.04752197275452,-21.301427463246608,119.65037331798602,1.9361730989418775
672,-487.4206553684172,-407.9424104202642,122.689168605414,0.06418070306011714,0.2672773012906191,-0.40757218062509537,34.18386752949908,-55.875630626125485,90.97526249453628,-36.2004039442355,123.12169522588441,3.464855241436283
673,-461.0609718813669,-387.66494503177165,122.98242048114939,-0.09703266305410807,0.35178415578195654,-0.1419062850590933,31.451555462669738,-61.114079446959465,103.95201389802457,-56.881465130298494,104.03765361986181,1.5027092251361527
674,-435.9343300626312,-365.61967962972955,122.46700663477989,-0.03396905851786869,0.25153237792915206,-0.2193561241647899,31.5162125188559,-64.31598312492999,105.12039141781132,-41.48794475948348,108.08627749972719,1.8391229835561014
675,-410.1045440094806,-344.2109450826756,123.4628239665564,-0.07455620680752872,0.3182156692824947,-0.265307344199897,32.709382043298135,-66.58993019037752,114.98625210249295,-68.91306521161711,120.25663761026851,-13.720107870875186
676,-385.1055648264761,-322.2091669723474,122.2808575952471,0.06215179399492854,0.23659715607760745,-0.22196365579070232,31.526520041076232,-70.50026029068519,113.21120259903961,-36.984533788516835,115.5332701090891,-2.6313990117978214
677,-358.78658213835,-301.8865006757,122.8694002551089,-0.09648196730375957,0.34140042638210844,-0.03907543832049498,28.402537437137543,-75.268218214589,125.49799965522148,-61.76715622251166,100.73791821770776,-10.838147409130382
678,-333.9164302449388,-279.5169369976202,122.0641589554092,0.1260033877878186,0.2474301613497687,-0.203467030629497,28.57539626651948,-78.51503137245697,123.55766130311301,-35.9370835414231,106.45761717890865,-5.210160336697895
679,-307.809699435792,-258.7580500403115,122.7226381325833,-0.01706749252815598,0.19383937299670606,-0.09544928202519998,25.912192180712584,-83.34362791448173,134.5067757492637,-58.406415282014365,98.23389440272831,6.31928763906307
680,-335.5971491304695,-221.5952309814059,122.4132807410584,-0.037328799490694564,0.2596876837218929,-0.017696350526094307,17.325067981736137,-83.99420889955225,134.29014677090876,-54.78685633218954,89.19219579720517,-8.987514877504186
681,-363.6423937485274,-239.5801968019593,123.2275927218061,0.02828322109041892,0.26333282112707934,-0.07959078061560376,22.4210878255547,-77.77346636121548,131.36437622137646,-71.20380461308807,109.23831988268648,-15.371833070748163
682,-391.4241008713692,-258.2052098369587,122.34029873221421,0.01224002795783008,0.22303645168989306,-0.07753898318001973,19.824850949169043,-76.13535136963513,123.52769311032007,-49.9079503773485,90.09861638857953,1.1423823353821425
683,-419.1712607811679,-276.7325093460236,123.02053491592679,0.0266457839173313,0.21822868023019737,-0.05467895335729622,21.67477829951155,-71.59775979461318,121.80303963526963,-65.93059499713969,95.6556630151636,-9.262840552742581
684,-447.2467741119861,-294.69692725843413,122.3954490783706,-0.029677111044406956,0.1766549574704186,-0.1460339365646064,22.294415566797145,-68.65711423275468,112.58349593563133,-46.57141616226641,94.89990693525644,-4.5747793079041115
685,-475.61950045428017,-312.34407996735655,122.3655791824101,0.09546246267285596,0.2598647899650359,-0.22702097088270534,25.336027973544418,-63.93438290846964,103.92573408452476,-38.418905346412195,111.61254477666829,-8.699500395995214
686,-503.261772155018,-331.05879388032986,122.8474233559396,0.03927034741934676,0.2726690647771761,-0.2269273510626988,25.631389576326967,-60.84245876314489,101.89400536478826,-50.586898455849315,110.43760059742566,5.174138066128677
687,-531.0134462319724,-349.7326197541807,122.2231383529236,0.039057798651469966,0.20626868381270924,-0.14600144690520267,24.048303285565552,-57.876102020527775,94.66640671903014,-38.57684609114171,94.85340504348882,1.7268595690787758
688,-559.1442527334107,-367.5890481429845,122.0716202272898,0.01821416646259877,0.19363540903378862,-0.13683898113831106,25.67324035753207,-53.38925842665381,85.91220951365445,-30.58778633220357,104.26994719464801,-5.956626134113151
689,-587.3400737879323,-385.4492304067873,121.426429145967,0.15795002665504398,0.13147483894408651,-0.0952144235035064,26.301939239514645,-47.500484598619245,73.11327052024097,-11.737131059278553,106.5626836176409,8.267098969543158
690,-627.6955323759419,-315.6439742121292,11.613951720984598,0.08550625454245164,0.17619640654584146,-0.23948066935689916,19.691883404185127,-40.74601001817945,85.12522966695961,-53.36671161112497,107.06193354284196,5.459200958966146
691,-597.698684080721,-300.6781850619949,10.243378030503099,-0.007457782015535486,0.25351261949094805,-0.1318377738692984,17.367175055553794,-43.62451219958025,84.93302013255737,-26.615287024263317,90.98859849487832,-5.770380466052781
692,-567.7726971168236,-286.08803801526386,10.5421633969365,0.025986523320284505,0.28771756290075245,-0.1254609852114008,16.30933477991029,-47.461010963548915,93.95443911052931,-37.10269169504401,86.71587137514015,7.346640874680012
693,-538.1898693293041,-270.8754936054649,11.5953022716065,0.07756377379280366,0.2328671415754684,-0.19200085825450053,18.16195229982201,-49.903531588691884,103.87700509835578,-59.832575065739036,104.36287864702813,8.230539761760568
694,-508.0506840138309,-256.4436060204018,12.2422009183866,-0.006116835754482963,0.3919811115116545,-0.1043830800447001,17.707477984561148,-50.95133298750939,112.75936348661413,-81.40114998817072,104.71310646944607,-13.904970090656807
695,-477.9802109574704,-241.9785457587631,12.316640134779801,-0.08112301881942585,0.4399787764581049,-0.17452164618900134,15.367259336649305,-53.64669478791892,119.06676535676249,-83.9051473887472,93.23965392871503,-3.2197011361469676
696,-448.36705847534233,-226.8764522419319,12.2706897261876,0.011943721089494375,0.44232410487268226,-0.18971791093630053,14.951839868063779,-56.260405166390456,123.95743718098434,-83.55979785834037,95.31926698932713,-6.348008848608421
697,-418.5008198760996,-211.7577745102925,11.5785490657975,-0.0960224964023837,0.37375418290170614,-0.051145757902300915,13.00127488025281,-60.545577716342684,127.2723166916494,-71.24494578113196,89.23374365520736,-2.3159500906658286
698,-389.0348102050571,-196.2188040351206,11.857808724892,-0.006361823758993523,0.35341391401181,-0.09241467264459935,15.051103481026212,-61.80165878889822,132.02282830649438,-77.65615765667243,105.43258272804454,0.6380217145737141
699,-359.110390337392,-181.6259454353621,11.5147004799531,0.053870614311506415,0.3465872644346746,-0.15408731583560176,10.655846796048671,-65.8845746768007,136.50777079798235,-69.66448607809765,89.1809792279196,-0.915035522055966
700,-377.7780040077276,-138.7866365832928,11.975131476317799,0.05812761103908315,0.3297144660234892,-0.13179517828759835,5.16357436221489,-63.948166355161106,138.3473296689577,-82.49243211347034,94.68776981081925,9.13359235366269
701,-408.5341457777429,-151.2168669177845,12.0616826593347,-0.0880013172390477,0.3714605185116966,-0.006391891870899613,2.2886225218936844,-60.85489859603873,135.28491829038916,-89.13324574768514,74.00385404447653,-2.9085612509441647
702,-440.2904982160108,-161.3370154975795,10.7320813232377,0.08946847392809332,0.28689586508949105,-0.15187998473070152,5.203224217882836,-61.79611417463177,122.81020385962236,-49.01832042133287,82.99804959431455,-8.308026965213513
703,-471.46632222041865,-172.6101623799402,10.2632862226632,-0.013124736761653821,0.24305248624881415,-0.0012690024433013036,5.889968061132719,-58.93965473159801,115.76101334463415,-40.259830786962105,81.09313167048167,-10.876048023255404
704,-502.85330266090875,-184.1551995329464,10.4642338436647,0.010573876137073057,0.26207004406620626,-0.11880689199360184,6.692279124912586,-56.25746123203787,111.08247930180104,-41.39022237761065,80.47902433017266,-2.8152492926083004
705,-534.2754271435124,-195.4083088231895,10.3372940165548,0.0498276575692671,0.26967318989099454,-0.19403108541819947,7.716224966179496,-53.17305644014269,104.14953655169023,-34.81925441545319,82.03059240732298,2.364356873054602
706,-565.8426179955072,-206.9161396160556,10.837882947049401,0.053705774142599694,0.37206520104149376,-0.11938462063030109,9.676517857032772,-50.57457321150994,101.5505694758331,-45.79128073234045,91.13257171532372,6.296121252745366
707,-597.2633761868462,-218.4067349714407,11.2721253236331,0.0733193274329551,0.4159092169199994,-0.15177332414899958,10.91972999064294,-47.46131616082165,97.61675012294947,-53.232202893410154,96.41729191796946,5.455044050403203
708,-628.5333272286694,-229.4319191118827,10.2253196440733,0.03696433446646097,0.2553612353771939,-0.10653225300229963,10.34322452782668,-43.84647669703938,85.67050383807945,-28.581310823349874,88.13357419680662,-1.615063224940728
709,-660.0051055809093,-241.06065055823768,11.3015360484982,0.05144046551595238,0.3476636665804733,-0.16456683571899866,12.163544833136523,-41.11369193514043,84.94720336802261,-49.6487197251532,99.58784704951479,-10.855204117122122
710,-659.673058682,-241.7048546761236,-44.069964418628196,-0.06705322055302076,0.41608440370418975,-0.009570130889606787,11.511543734314644,-35.49016936408971,86.70700697174996,-63.70197801890429,94.05718806867105,-6.942853067724599
711,-628.5295809863492,-230.1476225178751,-43.5233817308512,0.08106806449188753,0.4938760765982124,-0.30896523499369977,12.051326479827273,-37.75330924854999,93.3079286641221,-70.6404372265969,101.89200570120386,-10.20817639040595
712,-596.7678182044752,-219.4120414156858,-43.5109783674247,-0.038647675986226204,0.4672135899126886,-0.19494990863090322,9.69931009163537,-40.213105685243136,100.89465864381448,-77.89968219707855,87.1452342889471,4.392649857584682
713,-565.2103862127492,-208.1009787579713,-43.970043564436196,-0.12834248033129825,0.34828108187758744,-0.04356772426250188,7.753638306999307,-43.404102864629344,105.9696503141791,-73.56711696993325,77.2814392550529,-6.142365487567259
714,-533.8578711414278,-196.7625987807876,-43.85796944395,-0.15313650410291757,0.3986874899504187,-0.0310402599098083,7.100377587220753,-45.43839890240855,111.9100480146451,-77.88161459266267,77.82654621072251,-1.9073862925124319
715,-502.746888388494,-184.5553618921166,-44.781806792504,-0.032746100340546036,0.26342530292367883,-0.14817779403260545,6.3051255701013735,-49.393534460424384,112.3322771134161,-53.07094671722257,77.99559312331884,-0.8291350217491293
716,-471.5190407338339,-173.7602484828999,-43.542655133219995,-0.02147240676600859,0.4594372438423022,-0.11410116213830435,6.669703852018627,-48.85643948727404,122.90735513513285,-85.43179541402226,85.72695097090657,-1.4827465514506246
717,-440.28845195337277,-162.1553528803169,-43.4145991815853,-0.03829922760428417,0.45550586133430215,-0.10370086862609895,6.766116134486238,-49.963437925669446,128.11485175634985,-90.31313697982355,91.61367865624852,-1.5772347718084678
718,-408.69144904947893,-151.1817579539106,-43.4742157400665,-0.1362855630386548,0.43390381741298256,-0.08256207554600081,3.181084792284584,-51.733745895051754,133.58200111344257,-91.91407413710343,78.62358785815661,0.326083470491016
719,-377.3106562395221,-140.0298603889753,-43.154453989047795,-0.15678889564003384,0.42735197613299647,-0.08441739304850415,0.8079984985518376,-51.13616961525303,139.49245050788838,-102.44310266022988,74.24683801390363,3.997934194677962
720,-391.1937680172462,-94.79744131774021,-43.5157261194909,-0.012166348230948643,0.33154628460570734,-0.11705248171139715,-4.694207769130645,-53.3271058133158,138.29538960491362,-92.12017710354888,79.75360741772438,10.715813583826998
721,-423.1575133722639,-102.33399601456621,-44.7737067803402,-0.06168648735831539,0.36821090598211015,-0.11550345372190662,-5.609772473719543,-55.51645142729943,128.13853881527737,-59.247207314057235,67.47908657169266,-1.11288354031775
722,-455.67710471863086,-110.06099219593291,-44.7278247150061,0.013543435831252282,0.36003384809971806,-0.15169595960400528,-4.182647407806804,-53.53460930874783,123.24118137363776,-58.55682085591873,67.64410923779567,-10.149973469313103
723,-488.0582210756083,-117.27369619950049,-45.2340616194963,-0.0370128699339034,0.2898021569072995,-0.10924313236949956,-2.350116149936749,-51.55042026142758,115.35523705941208,-45.26265083747669,71.57560987329958,-7.726906381229916
724,-520.581997128348,-125.1661954371347,-45.0062873657111,-0.056977485039737985,0.3545070922038036,-0.11576489685519675,-1.1933136847518138,-49.36199378875683,111.5445952807609,-49.81026574568561,72.58900401430374,-4.36675952175347
725,-553.2586648504974,-133.2837449598672,-43.7017852526443,-0.03892395902937551,0.4379799042837078,-0.07166613481680173,1.4256116635202558,-45.06105158184783,112.13742901551737,-80.3777939310994,84.57996799406926,4.906815463119955
726,-585.683195844172,-140.4652231510277,-44.9699316832507,0.010162534134337875,0.32670852424740815,-0.08873871179509507,0.9748067521604271,-44.513597446315515,100.95135111771381,-48.49746264946308,76.46102943908556,-9.037399466540188
727,-618.1516007300887,-148.530530422458,-44.5100782413569,0.04231011884155578,0.3724930961876112,-0.18673615068129834,1.4332626698832165,-41.77561804830385,97.37707802133862,-56.65047943298188,74.894788411366,-8.014862360514066
728,-650.8620714767534,-155.86327998902718,-44.4163278620102,0.06681421615860472,0.42202067635855656,-0.134153530759896,3.4898791697332414,-38.944662991936106,91.50218335604657,-56.09268265795485,86.64165557521284,-4.767297583175648
729,-682.8797146875132,-164.28867191271198,-44.08179862411,-0.051325419684758344,0.3701673621390569,-0.04368024837219764,2.683844317560896,-35.4441384190332,87.89056553717263,-68.34056832904172,75.78462862036922,10.825444270371637
730,-682.9735852712712,-163.9099562982931,-100.4026259637668,-0.05840604746185818,0.335545951336627,-0.09752094899009478,2.499565869557163,-30.319648110445886,82.19952713812499,-51.47309619916306,74.1902517182967,-1.724835350624428
731,-650.8527856790901,-155.7866590079629,-100.1007104408878,0.04985625934625659,0.3707407625513781,-0.21374453842260266,3.489618146995595,-33.021852432233665,88.85045711575007,-54.64628796024242,86.63950622143457,8.621041397851323
732,-618.106854527485,-148.7858769245967,-99.8110111292434,0.008732064966352482,0.3984089699568756,-0.18571821234969832,1.5092660553259827,-35.11682161031249,96.92503444240954,-66.37140852147367,75.4869288842681,4.301588150304853
733,-585.8012392818954,-140.90631014853892,-99.7443643410958,0.04746721049173175,0.4424360472890214,-0.26516900800859844,1.471379021510208,-37.4524230657586,102.3936377377007,-66.53093196193697,80.07677117594481,-3.427065720146288
734,-553.3663789478727,-133.42267507133982,-99.2738302911331,0.01373192080438912,0.5294093131505235,-0.1489498019542026,1.4232905580737272,-38.05933671288306,109.87519344924489,-82.04794212853875,84.56425879775922,-7.288817857238475
735,-521.0565755611077,-125.5127786343891,-99.1953215650268,0.036381981103431826,0.5558562848871986,-0.16147712212490717,1.6098460894123652,-39.55224533968396,115.08641389757885,-84.85787471192226,90.54490860537379,-10.150031864348101
736,-488.7114081911219,-117.8108693015207,-99.06465492579231,0.08951607647782112,0.5962295736794943,-0.19635209341529958,1.1161700596673316,-40.63326908580927,120.41150618109172,-89.15329038411066,92.32658766945309,-9.764180158405251
737,-456.0026020377659,-110.431731270531,-99.3631670450826,-0.003806437083540004,0.4534406609568009,-0.1614045376583988,-2.5693054881925392,-43.00364268566255,125.20943538253181,-85.09321722622583,76.85360386705214,1.1808970337741158
738,-423.6580065686509,-102.6531423116783,-99.08610195792029,-0.07733065786044335,0.5118420832472879,-0.13899524113161021,-2.5503661557678066,-42.657018624623795,130.80605171049208,-94.39859117964001,83.40857275463358,8.339696620864714
739,-390.79798253567634,-95.677044498418,-99.25251739695929,-0.1868842931104382,0.5704440712619885,-0.14443290188290803,-8.409486839901453,-44.133544764269985,135.3052621823061,-92.43957858528191,61.692916634591604,-1.6515317989221525
740,-377.9483606219448,-139.4151549979257,-98.4291774340635,0.05803609472940252,0.46690620116399373,-0.1945202297384867,5.43498762878374,-39.068101785221714,136.09370297501778,-113.36753234217687,95.96965423267211,-5.0555590840406985
741,-409.1050479512538,-150.41941438390612,-99.8818895910108,0.015923618566830555,0.4502711391564276,-0.09390098646130696,5.33743708847686,-45.74104540829303,127.79571901426256,-74.0849149940166,89.62559223255565,-7.0331984710807
742,-440.29017856075257,-162.4483491287032,-99.0826407066009,-0.03162979281182743,0.490923866486213,-0.20222324716820594,5.614323839270928,-42.123431419231665,125.61524798972081,-90.09692690413453,85.26595468383984,5.09018938178238
743,-471.8745299498793,-173.3526445157914,-98.94588119929,0.05559695103318063,0.5246793372695322,-0.20606781581419398,9.215214573319576,-40.130997381972556,120.08538459024518,-91.27819737874876,100.91929282415244,-11.962374625104427
744,-502.8115376814779,-185.2742271916763,-99.2101718300708,-0.06895135371087235,0.4528664530409685,-0.14368828290579927,7.305442375232983,-39.66717586617931,115.29490398649781,-84.692584816126,84.38441514173653,-2.4290549951095324
745,-534.5244456764602,-195.8465248635142,-99.7764690650796,0.05987269103343351,0.3963625841803946,-0.20898732633270356,9.617545837512232,-39.47245862228551,106.95846226310478,-65.76463859848991,94.8976876026719,9.923243526255893
746,-565.8158324071038,-207.3042637886316,-99.9722871532468,0.03856585542132507,0.46192760924569143,-0.22156905804479265,9.882799561923145,-37.698061506337346,100.58923065534077,-59.024259968921854,92.61342510770119,5.290661773268177
747,-597.0220382226099,-218.5613195060796,-100.52880992684419,-0.036585499583793535,0.4062924929822884,-0.12614508423051518,9.867102301747785,-35.599952712633005,92.5270990337976,-46.52013940485382,88.41697013268514,-0.9393028448273588
748,-628.5772442777775,-230.019696107018,-99.9141228601226,0.04202553182960855,0.4566794883722025,-0.22712539695299938,11.357655857717987,-32.78272061062733,88.71100441706835,-56.06603801226344,96.25902856311109,5.610689830161544
749,-659.9668642257782,-241.1450607305529,-100.3060515971065,0.03194590000430253,0.4013297935434821,-0.21826637621970235,11.766898322126812,-30.063880270255737,79.98159260423974,-44.429345025690395,96.21480306844774,3.800312877357538
750,-627.1873828612215,-316.6583216067479,-99.8750590462824,-0.08378630624179095,0.3732395340700805,-0.21362325276939487,17.54822852043235,-30.185687713076593,83.14344190303333,-56.19598337903753,88.75859675634065,-4.698694919162934
751,-597.6331332114531,-301.2576612526783,-99.0281693511874,0.02640156888378442,0.3360456433305785,-0.2330489826680946,19.51250598008382,-31.042274322959617,91.14903679167887,-76.74399939511405,108.50699139543545,-6.714351873546507
752,-567.6191346279568,-286.4331098802614,-100.3666838668763,-0.02860802107238669,0.3198500476621575,-0.17873144161769972,16.27584944710757,-35.6373455847245,93.15689428034477,-48.821043056203806,86.46187734529529,0.695416826271742
753,-537.5143137021104,-272.1765727404097,-98.8648998548436,-0.1307493680352536,0.43391676170955407,-0.12431465492009863,16.567755441260935,-34.81706160122738,104.92477903152498,-88.93519635125809,92.74483639762315,6.272328290898884
754,-507.80738652272805,-257.1208241905934,-98.9173818243368,-0.11526715444779256,0.4189740850616772,-0.07474773149660052,16.189293985325012,-36.66318014691696,110.34729589447022,-90.65910443287066,94.25287315396815,-9.22810992940114
755,-478.0145876954099,-241.91909854515632,-99.9867910500888,-0.13917330761893254,0.48431009593181784,-0.2013171287864992,14.030507198320771,-41.824546151070294,111.8477026242592,-62.95716500948496,84.75633644341698,-2.3179509460756256
756,-448.6996340411662,-226.51137198965242,-99.2878366264204,0.0056909693689135565,0.41936290193481796,-0.21619971239280744,16.422568717356853,-41.559110116253166,118.60932989920049,-81.00826145184976,104.22880808747267,1.3398218222093818
757,-418.7119226643958,-212.0371285663121,-98.4513895275636,-0.02093675832821873,0.4825819853868154,-0.2168476071103953,15.447302218318994,-38.617147007493415,125.89425349583362,-106.64582985329874,102.88507795838632,-9.643741586490178
758,-388.6522853478876,-197.4925382594011,-98.32524320642561,-0.16547038315729878,0.4610274365021212,-0.17091395929328712,12.475817393566349,-38.34594977533081,131.6426301689925,-113.03192276592391,92.03152606540132,0.4087777947794391
759,-359.0343825864585,-182.6150437689793,-98.3036800645305,-0.05464190182050288,0.4514390167942963,-0.24361351118331243,10.451348654511662,-38.91955197739837,136.5731355431385,-114.10002868338434,88.22505650441272,4.731468311673378
760,-358.6385979019434,-182.68149817573,-42.9006755323618,-0.23433488210827136,0.45584680412790135,-0.023491713298895434,9.608223830713841,-49.01441965486865,139.72571847835974,-109.99721748070218,84.28964506831119,-6.1670603993344635
761,-388.6995534620627,-196.8451619241261,-44.2949926427789,-0.06545392074633583,0.386063967965498,-0.17080750436489467,10.927871387447494,-55.08281488328605,129.6664286901277,-67.47932349860429,84.14719021488614,6.682609701060968
762,-418.570033187478,-211.6309507982476,-44.5469419665341,0.02582948625769177,0.380085580504101,-0.23364826488670332,12.083095264396185,-53.6627467956907,123.02981542861029,-57.973871105961855,84.174849300844,2.348520843890799
763,-448.5345679224007,-226.73230210224122,-43.3972472854852,0.033956373200567214,0.38433678639603386,-0.11363269504060014,15.788794133948882,-48.1996076844557,122.37988347385058,-87.68656818167663,100.35413156269436,-0.647756414099357
764,-478.24430101671675,-241.5903775487177,-43.611447006889,-0.07143369695916135,0.33144733115810254,-0.06863247919450544,16.42369503112277,-46.94958226729673,116.60893857139983,-81.22893057094544,100.01407530647987,7.945214614351587
765,-508.1509245649599,-256.43190661644996,-44.204539278473,-0.007915782366694657,0.3488422142528975,-0.11401232124709537,16.318525678213536,-46.392585313696515,108.92345287830972,-63.39486051243591,95.13090830041007,-0.090897002827135
766,-538.2548010944367,-270.93648636530423,-44.0802761859541,0.10379335988477578,0.3008385817047383,-0.2080831328224022,18.32214631928463,-43.65187456345395,102.40139090217791,-60.81999721886867,105.55871668785785,-2.4122535207789886
767,-567.7052448563211,-286.3255242774459,-44.7411841782486,-0.03228717368938305,0.3753032861277461,-0.16750429501049524,16.626578473825333,-41.786061129812985,94.81347841415831,-46.39958802400473,89.12030807184999,-7.466093484870713
768,-597.5677231797941,-301.3342274333506,-44.431144795385,-0.001782026797400249,0.30145327014116674,-0.16692964292990098,17.44155272650687,-38.933342067189656,90.39413223147861,-51.93885239276363,91.58338908067576,4.840503131175926
769,-627.4567740326008,-315.99029630491185,-45.115214538581,0.04875844738637625,0.18046159760126557,-0.11091656321210053,17.41869746366373,-35.69683013858234,80.26035143313021,-35.48659953736895,87.67041613032372,8.78660924309393
770,-664.5762383625291,-79.3050829948656,-100.1313834676761,0.13246963512062848,0.46856824785490403,-0.1831556880455878,-3.1478786616360455,-32.997507583273375,89.03860850464497,-55.5444036451183,86.87275126317833,-7.559735555567695
771,-630.8615037706844,-76.473527641794,-100.1069387395816,-0.03278197870679378,0.42625750068530976,-0.08928611484721216,-6.613513636557173,-35.07425753479754,96.33013718578222,-65.05055253839181,63.800759967090826,-2.990811533866883
772,-597.9243381572771,-72.0759735638416,-100.2481479132656,0.042132748645371976,0.35005620890110833,-0.2094076185300935,-6.602052877214223,-37.79629312902046,100.63335494610487,-58.080865640103916,69.69388416454191,8.159508027899305
773,-564.8011391559237,-67.98369191294199,-100.4208948041185,0.031065747285310863,0.37816401744359496,-0.19530160054378598,-7.009330026629959,-40.08985714928088,105.17396472303919,-54.73963350920208,72.44192851032744,-7.212531068059431
774,-531.9022537476402,-64.62988226875541,-98.9582888136899,0.0011914849169443187,0.5354331707683002,-0.11520249679769279,-6.126691504516497,-38.29553133996684,116.18762281992548,-93.5250029746601,83.75757929803976,3.5564025002304933
775,-498.2509594294707,-60.4824733157063,-100.63245752314549,-0.08069886283857386,0.5344695418650005,-0.1386587113952089,-9.856793496645281,-43.78618714076581,114.58165048432957,-53.32477509632518,66.32008964188948,1.2058169602872373
776,-465.4362458407913,-57.4267801343764,-99.40390774657939,-0.04322022265927217,0.6292339091273007,-0.14854949715571308,-11.382097900873235,-42.85366310706845,125.27857824696245,-86.25454419362102,64.49648564442741,0.5117436792090401
777,-432.2691626819864,-53.689559960591204,-99.28187229935371,-0.1664931172107913,0.7195570133410101,-0.12562259456719005,-12.992057067048378,-43.34097187881565,130.60669248435795,-91.36447834578172,63.57108845369746,8.336847694780483
778,-399.315383564541,-50.1287683773769,-98.68310985069401,-0.12289937370661619,0.7699952627859972,-0.1772890466007908,-15.24944119989928,-40.92563380148208,136.79472340856668,-107.98502113227086,60.80111956652982,-2.9373194715950683
779,-402.1021329043182,-2.2169461248236,10.9557343820195,0.07819803165949679,0.5127373133645998,-0.0631770860145,-20.934425908389404,-66.62966640137512,135.6938972266405,-63.116501509234716,65.77496715745497,-6.6423081263583805
780,-435.3278098678877,-2.7264493512314,11.1902852437684,0.015700041945024168,0.4996017246123001,-0.04928427409680047,-20.57785402963412,-63.3702809890692,132.08782841705133,-70.39635885701524,58.372265741265664,10.749376249052435
781,-468.711965365447,-2.8636964536076,11.3526589366031,0.002900884443420182,0.5651810206024996,0.018417255120599663,-18.562140012986923,-60.36497684451655,128.16064629948752,-75.31333113976096,61.39286057364353,-1.501172553773076
782,-502.17806278167177,-3.0127690180967,11.9052967677226,0.05015021958297439,0.6617041514492006,-0.009236543589599577,-16.162934047929976,-56.33666323805964,125.01130610124386,-86.59968235602048,68.59585112573326,0.5070611411230134
783,-535.3862032460462,-3.1379561463908,11.9420178381421,-0.005952258804313715,0.5993441302342002,-0.04551207230169929,-15.529208063615902,-53.70759157171481,119.8624436370503,-86.89462852849896,65.87443673884805,12.264116205200269
784,-568.6111028608728,-3.1071273189108,11.477493066442,-0.07275841045770903,0.5698107937569001,0.03359217538350023,-15.128211780697884,-52.12926639733938,113.1862400534828,-77.41338228293378,61.92027120452019,14.65484736746127
785,-602.1864195957005,-2.6880616876642,11.198013283973701,0.03492714608864844,0.5592313963425002,0.05229774918989882,-13.487907467831418,-50.10978368765686,106.44474875292653,-67.6951342392125,68.02705923932172,-5.527592275691146
786,-635.4031321430143,-2.9602640573839,11.0462665904281,0.0070675461038263165,0.5671763692734997,0.09770841949709919,-13.501521471908447,-47.17998934226414,100.44024155224442,-66.47773115362833,61.93881528117125,3.5086748413374016
787,-668.6768627495555,-3.1412093626874,11.1694280502062,0.005560598845249842,0.5201890915117997,0.020429217574198688,-13.154551456227008,-43.958499840002155,94.86059139657392,-68.61702310626823,58.85256599789282,5.5842584041567225
788,-702.0669634414645,-1.9856718724892,9.6719053813634,0.0043284271049515155,0.3603967784208,0.01111630577019973,-12.394565112044477,-39.956937516374204,78.42358442283259,-26.84402661366345,60.040279990028175,-3.468046622847633
789,-702.2884310165356,-1.7181563485734,65.37913860260359,0.04634196727545259,0.21736924297039995,0.16623409474101436,-11.945281535657225,-45.51862140394722,80.57073006297952,-30.241630515689522,64.26594527963788,-6.028995922359254
790,-668.8542092657054,-2.4889349107079,66.5311909926034,0.03868899864073683,0.34818678433100025,-0.017882622044297136,-12.646426204752702,-49.78787790188502,93.61434708166136,-56.920568596206735,63.43472721667151,8.279808722186207
791,-635.7863440945011,-1.6619138080834999,66.650178396396,0.1345488562750461,0.24855078826839994,-0.11784358243329507,-11.553855659534694,-53.32372592341099,98.86076074476394,-52.94801171176637,77.58077116051072,8.716655035954028
792,-602.314519039658,-1.5600263646386001,66.1422784745188,0.09604537598909246,0.31886059378520004,-0.0939090935814022,-12.678401583845352,-56.48976900304565,101.8100978676211,-42.804047586877125,74.10707538769799,8.57979209840841
793,-568.4995343268005,-1.7164789486452998,65.28594047064371,0.020777955417202065,0.3429999153322998,-0.02937278040100466,-15.274722525125744,-58.20875479061543,102.09762819668585,-26.37314643545596,60.811118156481385,-5.002138716867632
794,-535.3262361617727,-2.7428216453036,66.8764252161439,-0.02644745977556795,0.5115027982195004,0.0007447080267013462,-15.957430062679512,-62.24388343324367,117.8421964585146,-69.03336444045846,62.91228796193553,2.2403506571251373
795,-501.7683023533315,-3.152359820154,66.988258215946,-0.04113965458628854,0.44324284199129993,-0.06874251183440094,-18.62641393603373,-64.84240277284339,123.52078827255329,-75.25922600611857,52.10669219976948,1.580652814459912
796,-468.523947312105,-3.1258605570152,67.4515354893323,-0.06011444738442151,0.4445539605312998,-0.013265912344806452,-18.999487401019746,-66.64988979750721,130.7619035977842,-86.98378677650363,58.68253569021257,5.57148558783523
797,-434.95033392841947,-2.3575383596224,65.9287788375161,-0.07272531930215109,0.33835110613260033,0.06508121607438966,-21.75363281444182,-72.08547085793295,128.2020988242374,-49.5861456044796,51.30630462899927,3.8817947640432044
798,-402.0247573467621,-2.5468621302492,66.9515934481135,0.006044119171633611,0.3498067328882999,0.10061164773780717,-21.962079123648092,-74.61526045823595,139.07770111912768,-75.98581484838681,60.56342404348862,2.820711059589818
799,-399.3639478066297,-48.1669896118495,66.6250827647423,0.1156600409622115,0.30265089280180035,0.047952420390501516,-11.934471556203308,-75.83153012080999,136.2828576818894,-61.32072973093402,77.05159314760563,0.052641656444991795
800,-432.3447888566343,-52.4316443353849,66.74683340738031,0.02413937302242175,0.38919335316370507,0.011809323327099719,-11.2852013968336,-72.29929741253336,132.01287182061878,-63.84012124397284,72.74581866578029,0.7850480131377134
801,-465.2711908436416,-56.6180926347531,66.59798523031631,-0.04199054748352182,0.41420926459070273,0.008617934879680433,-11.238476822143983,-69.11714795343006,126.49691766113584,-61.318714280443814,65.35171881828862,0.48492766678579097
802,-498.4778847865169,-60.6847846084898,67.383686076288,0.02662425702078508,0.3169017258964999,-0.04482610118310504,-9.209080795153671,-64.51135612067526,124.71068201978836,-78.32458507595582,70.38638290110487,2.940935583123967
803,-531.5657952871387,-64.5177911112694,67.21807557419129,-0.026653925410641932,0.33434153376970244,0.0963830433430104,-7.898490925142289,-61.57613384437599,119.31203590065914,-76.35443558726298,72.33566556693974,-3.8699150726521454
804,-564.9320135179595,-67.6775206737757,66.56409037097289,0.08804854500431247,0.16750273343720323,-0.06012635385660303,-6.823480492245593,-59.76747538706863,109.91405391310525,-54.31706546294643,73.74200701129139,-0.7987473660736303
805,-597.8801202458592,-71.96939154227371,66.76779033400581,-0.0037170549212532933,0.20227818979010692,-0.005400439631216614,-6.5650406001925,-56.33484641966509,106.03503347376748,-61.31278008017492,69.97368944636706,9.319032979553203
806,-630.8990773560272,-76.0895092165031,66.7173722250421,-0.010789716600129395,0.21952220583480653,-0.05881796094939773,-6.534634134736925,-53.06742568016847,100.0573110404073,-60.01708080569823,64.45745152868659,4.984654961867444
807,-664.5067491888063,-78.8231306571856,66.1168131080193,0.11347226224575024,0.07986663600549093,0.0027856211997061564,-4.1561681372727985,-49.841748633380206,89.98007168848856,-40.217527669250394,78.76709067031042,3.5204951775006306
808,-697.5812438314578,-83.1626461549352,67.0449461728636,0.10504794939856765,0.21127666483049268,0.04037003220588531,-2.851681383359052,-46.21419437332765,88.90848155904716,-61.35818250342022,85.39718101902263,10.389402182804837
809,-697.7603908494804,-82.12093298130189,121.1517620597289,0.1271213335982111,-0.08222437114869763,-0.016941162669198206,-3.6439572278870185,-49.574826166041255,77.94336556540591,-21.027712127884175,78.69086396738038,8.51268650666919
810,-664.6655848250382,-78.42720350572439,121.9494595205035,0.13557960742286923,0.1387483728044856,-0.08470643443649806,-3.028290788067856,-54.45175904304876,89.0335402244082,-37.602390965030864,87.8284931430067,-6.671488635955264
811,-631.2266099610822,-75.496422264352,122.48891927378861,0.11194957182794951,0.119020363254009,-0.06521457943470921,-5.178460864379906,-58.32156596378351,99.71154238633984,-57.213175808399,75.32293398431564,-3.2497635200375865
812,-598.2994864414193,-70.8842973033053,121.9280112550911,0.16671463909017348,0.10777724773639363,-0.1665806658617015,-5.133163385431088,-61.764901045164734,100.87176746569486,-39.53520678197238,80.52653615620083,2.5957499211854262
813,-564.8082160171028,-67.9420121037294,122.5977581625593,0.035591087147508915,0.18447808865900583,-0.02670137849379728,-6.906387316116514,-65.16801522933034,111.75017133735972,-63.39768406523382,73.16302682296062,0.019328310023127716
814,-531.830194921534,-63.7049025701012,122.6212753087371,0.07135976032134295,0.22374068751909704,-0.06888888498239965,-6.670941298463144,-68.76704654442618,116.43490504730902,-61.10843219366242,80.28787120572265,1.3466383036135672
815,-498.5860253754142,-60.225236108458,122.92024943463629,0.1113070871912214,0.14577389958589748,-0.07429028429169193,-8.677186619560281,-71.71807409086765,123.5322954519186,-71.63814991292234,73.65905436319406,14.588302555666397
816,-465.10621492987144,-55.83679323532,120.98132203294169,-0.03235895665005728,0.2204219574278028,0.09073204182841721,-11.993191188678253,-75.18185701814559,118.5371199240073,-30.095382862804787,60.792955270473584,-0.24682880667190565
817,-432.09844662802624,-52.1899557442742,121.4794973939295,0.0017246630943645869,0.2732804551735981,0.02822715440869672,-13.378731383566397,-80.0051319590074,126.62328863094768,-41.70347547422913,61.41211428819465,-9.930529665743883
818,-398.95822082891067,-48.4883988593452,121.5793715261874,-0.0016941168572088827,0.36057455715240394,0.031227652731487865,-15.498762599867005,-84.29086371715721,132.35220829634437,-45.140972481931406,59.50612294805994,-5.760171733350581
819,-401.6826116388731,-1.5148059911571,120.9726257277056,0.006160417459682321,0.25434279273579974,0.05946634994418787,-22.453003228142908,-83.08151353547314,128.55105340585513,-30.713321940639634,57.99346884783057,-10.685378238957528
820,-435.1166634300638,-2.5551450637783,122.09018502099279,-0.06928591639592696,0.32587660468860014,0.11397130161800817,-21.326679849529377,-79.89771307492772,131.44922364446649,-63.89548632045355,53.93791713115543,13.590833908614302
821,-468.3992022382024,-2.4615481063837,121.6709820577222,-0.014755005794597764,0.26918901730480016,0.08565814588159526,-20.39951158952263,-75.94533187694222,123.79122630620716,-53.110596091604826,49.441708453809085,-1.6986397372768276
822,-502.28005532405837,-1.8619312186068,122.58930188688,0.14742308357404,0.28330946271540003,-0.030757892240700357,-15.153065528935766,-72.26800577851589,122.1796015958739,-64.41475249598005,74.82083178352805,13.672498582389146
823,-535.4011525804019,-2.4292618550819998,122.3379833658597,0.018409114937526283,0.44651595719579973,0.044741847309794025,-15.615885263783891,-68.74878964713683,116.67926417383498,-63.00810052197741,65.28016317974141,3.3688123442527065
824,-569.0058871053155,-1.5003701805426,121.8962552042988,0.09819232590086813,0.3721954025481,0.0007801676891006082,-13.048643819420098,-65.48880246261518,107.79961639750911,-45.743347142377814,76.80163885927404,-9.077039562076035
825,-602.3221502773213,-1.8808613363462,122.676295082637,0.09846023859984143,0.26720206795519985,-0.02060150742050837,-12.118553995027844,-61.564782457677715,106.56082689622683,-63.92011448241807,78.21345123938173,11.922790763789276
826,-635.5358153974263,-2.3571196156134,122.0617357897628,0.05553061691500716,0.3663805537156004,0.07561315834789184,-13.203706924172925,-58.28218418602124,98.97218210577917,-55.3273934874131,64.43735562787218,12.19497567136014
827,-668.8628594629773,-2.5054979225941,121.9258844268209,0.04776217707626529,0.4081908106568002,0.10174738504420588,-12.853248168549555,-54.63096008881934,92.57894869477904,-53.138614256344226,61.59270234151181,-2.86509602743215
828,-702.4106086097805,-1.9497379541015,121.9755913623232,0.08384617526633065,0.1799538911605001,0.08826414772140367,-11.399480548323309,-51.086904031477616,86.16836829356494,-49.63664942552781,69.21596147017652,10.521862210791477
829,-702.6568268524667,-0.6169199508352999,176.56430796295692,0.1322528621692527,0.0031121025323999074,-0.03564276041350922,-10.637598329054557,-52.77740834424502,74.55612203756192,-14.190012794719529,75.88715073645758,-9.585313999763807
830,-669.2099870837408,-1.4012297806931,177.9232679485535,0.14537942309016216,0.18386385300480002,0.0058542013755982225,-10.561334377489306,-59.09143188061755,91.37577422627993,-49.36693711397954,80.88196562755822,6.7095612222306045
831,-635.6553029520579,-0.7839067007555,176.23853856473582,0.06798316125457404,0.05795629352840004,0.027777477451763843,-12.552048114082744,-60.0668009961167,85.65322999877378,-11.741913283672387,69.74657619020276,0.5754999899654827
832,-602.0318517849864,-1.3202017577126,176.255533714357,-0.011058269206955629,0.1462553823403998,-0.013035319298609238,-14.594835334383102,-63.87221441007194,91.98460189224592,-15.026167361625568,59.28252265917782,-3.5277512859093156
833,-568.7045844652561,-2.3970323642052,177.7888926923484,0.01950652193932001,0.3114254394743998,0.05888527856970427,-15.277748254002852,-70.42408765397698,109.42043841888699,-58.595809298249684,60.7881063398308,2.060822690537342
834,-535.2656143572025,-1.0862770467796,176.1031540243529,0.05935230218608467,0.13296739621809994,0.0038604428170003757,-16.219133975750808,-71.11588042101675,101.89519030022842,-11.899218383306083,61.066607467600186,-11.852985581594648
835,-501.71155445966264,-1.2729258758049,175.9664955921289,0.005062226444010776,0.17337819983820002,0.05398226640861026,-18.06284774150198,-74.52975815855005,106.57371880073089,-10.844851176426443,56.118795736815244,-13.896620430689715
836,-468.69736643891855,-2.1436644185803,178.01048298744558,0.04785911164316303,0.2408489172935,0.030654245419412973,-18.156267740262788,-82.41114742395732,125.64205967002812,-63.00413407628208,63.85279025204414,14.028219543338404
837,-435.0953542804683,-2.2759415429105,177.3734976914763,-0.023833236941356972,0.10151804930600017,0.10521286146018838,-22.155187073087617,-86.7922831826094,128.11625288568925,-55.37583093131849,48.74767287529779,4.470202922745002
838,-401.7013429499462,-1.8695819654807,176.8364638344976,-0.019521620558805353,0.06434012746480011,0.08957088450969763,-24.445384987306028,-90.79233461105065,129.1434108384045,-39.850116527918885,46.75987351684344,4.374395636909004
839,-398.9889943538576,-48.7306362974285,178.0354967289197,-0.01865446825786421,0.23281578203219766,0.053689442572306234,-14.955386425614027,-91.48766522136833,135.60996818727307,-64.56170327445645,62.310649754993136,12.754526752663585
840,-432.0674264387614,-52.650941730335504,177.9802808360427,-0.07321038666003687,0.29641558081260655,0.12987484460199994,-12.850552869310535,-86.7613805330647,130.73528228100218,-64.04695665380463,64.35233072804125,9.954387679099042
841,-465.3231724914954,-55.7567726963603,177.0272126635795,0.019865783451450625,0.11294979508819836,-0.07763310586818761,-11.89948463564153,-81.88988821604303,118.59406948478176,-34.14571106620457,61.3682632655425,8.618704096482112
842,-498.6385933326994,-59.669295467020305,177.8861206538784,0.05100539626016598,0.0869680400484043,-0.032371734247988115,-8.696495534841029,-78.52252870607651,118.63732851534917,-52.66588756659083,73.54091746866699,10.101237217774603
843,-531.5314817744809,-64.05623553819389,177.76680282008988,-0.018514317802100777,0.10300706008218441,0.02959522600690434,-9.181463629786109,-74.44460098700627,113.95207389831114,-55.08717959121857,63.67482265935956,13.347815363826847
844,-564.6376170716298,-68.1425933923904,177.9850699252149,0.0026076846608020787,0.1500837972490956,-0.036941643243892486,-8.246760577610134,-70.45049451410738,109.63245666258236,-58.95386607750638,63.527354903112844,6.525445931502386
845,-598.0785402861554,-71.3620199259478,178.0333040588298,0.05384821378288507,0.07648178839470177,-0.16423151412681136,-5.907525663718526,-66.78675820315968,102.85187187631627,-50.90534984232484,74.87651681006457,9.164395578481358
846,-631.3111667615528,-75.1632576292904,178.1306891631111,0.13710697493274893,0.014993298902197694,-0.05950569427437813,-4.7496030705092505,-62.9145618200275,98.11072846989344,-53.90200711484729,78.64116885371632,-5.174703775663449
847,-664.5221852465081,-78.5722957428254,177.0100607562953,0.08222651892185695,-0.12623494903670007,0.04356442754109935,-4.938621927805777,-58.25562594313784,85.68365429810596,-29.17859219645029,72.34361920832865,8.452470682044966
848,-697.6778417737706,-82.73733829517391,177.98049870502592,0.11503743856462734,0.059294579324202346,0.04116563867358991,-3.074549173659237,-55.153011260017834,85.23519050884782,-48.670892453731355,83.51943794942783,-3.675387255624563
849,-697.9687805151837,-81.99363383784069,233.0827753341067,0.14360707900937086,-0.0090407016222116,-0.14081634745599558,-2.8123405615799233,-57.583162406243844,77.00001241895919,-26.20215756771324,85.72827555326153,-2.36996928264145
850,-664.7346851466907,-77.9272637345029,232.4411735045251,0.08550427061550181,-0.15014406454879747,-0.05804790199567833,-4.051205447627862,-60.60108583193971,79.48553058622176,-15.525494257405997,79.6174505259279,4.428184313034667
851,-631.22637190407,-74.405502298745,231.6547601631849,0.0019505913810462516,-0.14099010814248913,-0.0041512823154903344,-6.574731366173139,-62.42387383043434,80.5452396539764,-3.072381435365762,64.12406171594111,-3.0238469045139325
852,-598.0974890638196,-71.2588995518052,233.3026103680964,0.04202681636456873,0.0307072205305019,0.024326135257012993,-6.299252199820695,-70.88983552637104,99.60855036596966,-44.94490147772732,71.97016561283036,-2.972714226149002
853,-564.8732967460423,-67.1956619180456,232.4295297718301,0.006239674313064825,-0.019475004627693693,-0.0006529935782850771,-8.469582102005127,-73.62014120096748,99.26748490174202,-26.243817876496212,61.85970855391037,5.879244584882812
854,-531.85330577766,-62.643820775939304,232.00860741528228,0.060000543414162166,-0.07497194338300517,-0.012994757032771531,-8.39074483648947,-76.30399904924964,100.51188695275036,-12.795164349787585,69.0676117677045,-5.247166803818907
855,-498.4296352741705,-59.7469316010431,232.6398995037566,-0.06172771875770877,0.08010151365050433,0.026537500527894053,-11.044384156655221,-82.70446628564363,111.74375676284563,-34.837607633656155,58.535292829993956,-6.686432056710613
856,-465.57567059643776,-55.4660430155325,233.52365890644919,0.08227619022994759,-0.03195186425489993,-0.049860649006376434,-9.655106050145791,-87.94934021987638,120.70385583357957,-49.149062691453096,74.49690959214668,7.9124835121260535
857,-432.1486152108499,-52.2170116767771,233.1095963417037,-0.05746412036165793,0.17758929984039895,-0.02866524097009915,-13.75433654117927,-92.62786159522989,124.35472197787631,-46.05689242194789,59.2766639998166,5.11246280418562
858,-399.25628932730376,-47.7115824484841,233.189883830772,0.008608633730830206,0.14184604437510728,0.015421729963975395,-13.124726456941595,-97.66561336967231,128.56717338004637,-43.31594740954085,71.37167583851586,-2.61274075844154
859,-402.02631042615377,-0.9250236425995,232.40657924934118,0.06024355425699923,-0.060048851169799966,-0.06753367691936774,-22.291832263392426,-96.16837270244875,123.88110999439947,-26.56261793797946,58.84387335463406,8.1786310242886
860,-435.0661495105256,-0.9588603494645,231.4699139414305,-0.027633575403172017,0.001701183558500019,0.14995699579762345,-21.335752316657793,-87.99066597310281,113.7650392410288,-8.553047357136052,53.88284913229515,-18.21151840853714
861,-468.6558399983106,-0.8663382162337,231.8490217426885,0.01058385633149328,0.1117435481072,0.06483948965728814,-18.407366286466115,-84.86835964804175,110.82700310501586,-14.204074638588596,62.336707013749994,-13.673255154737326
862,-501.9835939595965,-1.4707874677328001,232.2959731984634,-0.03516755994246523,0.16384604353400012,0.019125128276101577,-18.028893185475216,-81.87646176721542,109.41044248215677,-26.96541125076849,56.3546548018593,3.8453815660406145
863,-535.3885211303831,-2.0178193368648,233.31298952761608,0.009063587739774448,0.16394625346419978,0.02750780584023005,-16.24441230525994,-79.12879188519386,111.50451397953475,-53.00641879213388,60.88661080203265,17.72023844129694
864,-568.9477382895842,-1.5953983542424,233.1932314859818,0.048235169961913016,0.2408107366179999,0.15849819712258295,-13.823286705516637,-75.01881481654333,105.4303974799841,-47.29993366904853,71.40573485531655,10.335221512275785
865,-602.2456525473868,-1.5452165701243001,232.5307461805155,0.017952446690628676,0.1250177315144001,0.020912445652186307,-14.480951614824585,-69.88105103767849,95.16723905754064,-30.73583261044773,60.212348277730044,3.6732749268153553
866,-635.5443506202643,-1.9863879212809998,233.0962657011905,-0.000140600651548084,0.1756989857347,-0.007998421785913479,-13.631022485989757,-66.63177509262299,93.60607938610475,-44.78561341739263,60.83526672611138,16.938407699986115
867,-669.1707421200707,-1.1836438989078,232.533875810085,0.04602530205193034,0.002527048976600055,0.13989099842191877,-12.113337751577305,-61.86067461501583,83.7305093586541,-28.916138448146317,68.06251961336797,5.39069296437505
868,-702.5751227808852,-1.4749087138677999,232.8450002489453,0.10434157977704217,0.036785854610199786,0.10480484066530948,-11.600561853695117,-58.1970842023238,79.7326920374283,-35.73431606279881,67.41224292286175,5.734427796271095
869,-702.5366604737192,-1.5822918347535,288.1121186180733,0.03298746137613762,0.05740866452479998,0.07735501975270154,-12.537985014979142,-60.05471154294128,73.68615078341452,-26.78057169286975,58.655705994540575,4.387228809433389
870,-669.2683551102411,-0.9345442228208001,288.855609954261,0.06914225241712302,-0.015993175952399907,-0.02826329321629828,-10.992895721158764,-65.48558288549502,83.40024300177323,-35.266081435886186,77.38370650940489,-1.137814307227472
871,-635.7531756023818,-1.2569715126918999,288.3147852194241,-0.0285852514830367,0.07231484186869985,0.03527778132928461,-13.035111247439607,-69.1490745999597,86.86103964971562,-28.9569120998064,65.83027578852935,10.559237819111111
872,-602.3210074832776,-0.6931901141223,287.2585999632661,-0.05354150279345049,0.022368652200600025,0.048463780334770945,-14.03915661309269,-69.81155235880762,83.39237412382792,-2.426013260673893,63.74952572591442,-8.672145629933077
873,-569.123333934429,-0.9746957220266,288.4878738814599,0.07112168084461246,0.12616283223059999,-0.08332596079128507,-13.84977157465935,-77.7698642791332,97.78372393636131,-28.906205793141957,71.21876452366061,0.35971650717712245
874,-535.7827377687539,-0.7345618613500999,288.7669390410152,0.10558561249263221,0.06597950212359993,-0.11076819999362897,-13.860234275909491,-82.44901790958265,104.14639716916777,-33.261839990815695,76.92939543214986,4.997015941042261
875,-502.3135166794868,-0.9442710758177999,288.8146273827496,0.05831072449080921,0.05811682485639991,-0.045656300725397614,-15.428383915906164,-87.2245448697544,110.32273168179094,-38.13392581864456,73.14215646859759,5.4247392134010255
876,-468.8712382990775,-0.5968623168105001,287.5850671931248,0.01632771871913974,0.05292928112150008,0.12941715219716343,-17.863157713517136,-89.30212353492352,107.88872646248906,-14.03059714186224,65.60075390060352,-2.2451204915345513
877,-435.1949843040046,-1.6773689631641,288.4403638916982,-0.1082721591964173,-0.06781516711259994,0.0729756640537289,-21.872370988032817,-96.83425114136276,120.34189590947109,-44.32804617366508,50.55869654922632,13.409742432143824
878,-401.9836311234799,-0.4351979304949,287.4230266062478,-0.033678046470129175,-0.15297460584999995,-0.008112036525176336,-22.41198736074464,-98.00870576489082,115.35307239345795,-8.500406543621352,58.21065191407782,-8.013312317693218
879,-399.0850650479109,-48.2520796592086,288.6162798764606,-0.05171161247233158,0.16620566696050076,0.13891939745445825,-15.803665913803052,-102.41002890205095,125.53808025845953,-45.29228973351728,57.90173563781136,2.32504894044029
880,-432.3083206838493,-51.0781478816709,287.4637870092543,-0.03202601269015304,-0.04677134467559796,-0.09719017501697635,-13.749299199147208,-92.55905237962526,110.12419302051573,-6.404291815970288,59.30536857882154,2.7527675683399875
881,-465.5064130548685,-55.4591159142468,288.7272670961118,-0.024059060605964078,-0.04348605447790277,-0.02602860451338529,-11.030282552994795,-91.92539819815828,115.11226254008628,-38.890340033329664,66.58243853415345,10.350005075042425
882,-498.902444393087,-58.6592408209167,288.72694822925286,0.06384393758804663,-0.10536952148209622,-0.021974716896465907,-7.632743070450979,-86.82399222392645,108.797927813167,-32.68863552574353,79.96254975301764,5.721841411462303
883,-531.950356293573,-62.92204204328709,289.0126162291536,0.04631597571869861,-0.07169798944610761,-0.09669564500359229,-7.184451609594755,-82.77466106251035,105.80825890675152,-39.2411760130906,76.98826991506441,6.000505674829552
884,-565.142848484126,-66.7492032884746,288.2945293299477,0.051206540203565964,-0.1258223389948938,-0.03713066703505774,-7.451070722634488,-77.38901108156337,96.56464068250034,-25.053521391680597,69.31655496371856,2.824927764252598
885,-598.3958361745853,-70.21126396036149,287.8625218480868,0.04895141723136476,-0.18126778841511282,0.044862129164073394,-6.091098108052136,-71.83673327256223,87.5990636871658,-13.54654314037176,73.51941332793015,6.161355877644941
886,-631.4192758889712,-73.88577608433019,287.03942547354774,0.01378195594452336,-0.3038637045995074,-0.053298156727237256,-6.123821810232965,-63.39663503322637,73.05604108623977,9.67450765853918,67.82614602615651,1.7318898674354313
887,-664.3703056349561,-79.0912869331558,288.73598797900917,-0.0016053530781618974,-0.0461105557248942,0.035566067864237993,-5.658115720851858,-65.54442296316174,84.04358523567927,-38.72608151035477,66.24556979288406,4.17985744627725
888,-697.9311431887909,-81.98600212093069,287.46137893523786,0.07918095874924802,-0.29146393316081287,0.04168417703670002,-5.031405442841423,-56.997625948586354,65.06197601778352,-2.2949617003766196,66.52961124744512,-3.568004929623538
889,-698.0487565096953,-81.7100954105847,344.5937759610228,0.12450965847199313,-0.24472198826619262,-0.15766617423327034,-2.8322168994596786,-62.51396823130393,70.56018949953034,-24.82953349386126,85.56097070593727,7.8565370815876
890,-664.8619527410326,-77.96825941308711,343.17811483251944,0.041641693089331966,-0.3007283578438802,-0.03253294740329693,-5.605553600370663,-63.30218284607262,66.95029186760851,0.223037407099732,66.69921631613643,8.111227846494343
891,-631.715785009676,-74.0247889599115,343.8122256396411,0.07506744386171249,-0.28061647363719544,-0.10720529939004564,-5.431988838247772,-70.09803516197351,78.40610630995012,-13.092129424923526,73.34060233656335,10.38162604028728
892,-598.4269732123665,-70.4536803196671,343.9208888488579,0.05002047427433354,-0.21483171450658745,0.021775930280796274,-6.507017945252515,-75.50658174397599,86.83853955423571,-21.66641022175359,70.41167829173536,-6.612682459347423
893,-565.2897094303189,-66.1950776160096,343.3896615734749,0.002973382956156456,-0.25737717746200417,-0.0254857573153231,-7.38739683215196,-77.94648619554962,87.2036934074946,-7.219660093280692,69.7704992375195,2.122621645010025
894,-531.9957270859351,-62.8985281664941,343.9715971798461,0.008272653496305793,-0.15511296998390378,-0.10950913384124306,-9.064556962840333,-84.46680784467165,97.45958028889483,-23.425868677193,64.48555895611804,8.80025140242895
895,-498.8664511820818,-58.6538384242402,344.71760977885566,0.011039463382132908,-0.11624305566549964,-0.14328001111033473,-7.513609573898075,-90.02757112639046,105.7946809759026,-34.68022340988182,80.67318948339839,10.938168208290566
896,-465.6373683317836,-54.6120799846828,342.8503480430859,-0.048147904644110895,-0.17028798269149803,-0.014976480530492609,-11.839490928635856,-89.50104920114846,98.63796410557845,2.6935514671884464,61.735005578624516,-1.3913819058854862
897,-432.5064265575869,-50.422424662238,342.953805876209,-0.08950839669347488,-0.17301910761189987,-0.07408822849640728,-12.331669805870169,-94.30143636914315,103.09500426678329,3.5102603030138035,67.18103976518768,-3.4888822656594844
898,-399.2097685447908,-46.9355947653666,342.6966119342219,-0.13578952964434166,-0.08228671600899418,0.026137081655519978,-15.917334582504969,-98.8025291530535,107.1619568626186,4.601195593747511,57.297352590369975,-9.519543041458702
899,-402.1098620235498,-1.1126645250281,343.8272499909451,-0.010337479555516893,-0.20029328194340001,0.09787621541204317,-23.71751562783088,-104.86096058531166,118.09461588673044,-34.01185559818468,51.04648715309532,18.13220091734669
900,-435.4355294194996,-0.5308657399779,343.06230788274064,-0.10213699260407338,-0.16424741076990002,0.026657418528827748,-21.159515763214348,-96.02238794296794,106.24927343036315,-7.436827512210104,54.94632836766365,-5.823221029235256
901,-468.85078876000716,-0.0754482973689824,342.61714134687696,-0.0499476990836456,-0.1556052954466176,0.07924001909555045,-18.167472127853582,-88.80977245793878,97.48468124549633,6.3429589174811225,63.78676140265562,-2.0429527569204313
902,-502.42072961767957,-0.5836353738246,343.9826031083614,0.04138806550844265,-0.06463290147349998,-0.037609631995053405,-16.08412757096175,-89.23086169009598,102.67152934639842,-24.225905521904377,69.08904259210506,7.162253678821394
903,-535.6728821257446,-0.2806884274436,342.8359088374958,-0.06462796575522134,-0.056783833741699985,0.04091242966779873,-15.565760824999654,-80.51066293554545,88.83627583518448,2.6500166400530407,65.6241455578231,-1.3500229066694034
904,-568.9738759395864,-1.3394517046125,343.81480530233097,-0.03149431168947103,0.006320868067800189,0.06477883567981735,-15.696330422540816,-80.24604774153998,93.60545439927292,-28.623778433633873,57.553179757564976,13.698906953741878
905,-602.6656174161959,0.041150044569582614,343.20159811230684,0.039346075963635485,-0.21280278974588263,0.04242999192786101,-12.63455940926084,-72.81796851387506,80.0981637830492,-2.335439889101912,74.43107039499141,5.300701536889509
906,-636.0089317403149,0.06407692378388677,343.2658161699057,-0.03329406537602608,-0.26728254922938677,-0.10490821454249044,-12.020605086750408,-67.89353723994475,73.19925885762095,0.6038689169169809,73.95275409993845,5.026853565411442
907,-669.4912302238226,-0.2220645067154,344.0854494738227,0.07265599477477735,-0.17087184451309995,-0.15172679003387657,-10.795607792182937,-66.16404902290297,73.85406430108598,-16.556805593450918,78.98791336958945,-1.0181105595326854
908,-703.0140043046766,0.1586609453221,343.04468296279737,0.09124639668948475,-0.2983529324724,-0.03505313525931797,-10.671345099451186,-57.26358253001836,56.89935206489131,8.339418914015898,75.59609130028387,-0.6923645157059145
909,-703.077101321817,0.037705371234689845,399.68367671423835,0.11207610033329729,-0.3027389430166899,-0.12200756043188221,-10.201917508114601,-62.171083891829156,60.53744426502556,-10.060476036301612,79.61723538772495,-5.153889607197344
910,-669.3355240638003,-1.0949577964205999,399.72486167768017,-0.003806069779329846,-0.10732395127120031,-0.06502657935658362,-12.746363216570444,-68.38348301128295,71.61672150776991,-24.21076356937342,62.548305971734024,18.566370862030176
911,-636.057200107587,-0.3238145079609,398.43421577234153,-0.09104069694285499,-0.20595244170660004,-0.11794275171126856,-13.617987185584036,-66.5701232554332,62.751845047062496,13.42369117510301,60.94693913998614,-5.848066327818501
912,-602.7379735225534,-0.5014839786897,399.1144642307407,0.030192776703074742,-0.11614362111529997,0.08341552308365863,-13.748726505204298,-75.86178466196003,78.4344857915645,-10.241532256410514,66.01969346945668,-5.023720029037872
913,-569.2091629661403,-0.4373386201034,399.9526168526719,-0.021004850767099015,-0.11132239928420001,-0.10154482740290405,-13.388567540983127,-82.28008662819236,88.81351582864147,-24.39821555899602,74.44923894341683,11.292275794937174
914,-535.7878804185344,-0.2888473332911,398.4609853041236,-0.11497564000569582,-0.13748298021169997,0.07018086498453613,-16.221794643809048,-82.10971369425022,83.34908038103272,4.837541728900869,61.04756262609336,-3.4732338336147506
915,-502.3537052999808,-0.5060199535946001,398.6213096152947,-0.09950234242575107,-0.18975898458709994,-0.007049106850331555,-18.31130275551177,-87.44104877186727,89.93660517095068,-0.6576115100372356,54.37332573026077,3.1343412107996818
916,-468.89955720306517,-0.0826441323496267,398.1326351732646,-0.15586722793085528,-0.2408452415302733,0.062237880027396386,-19.122422032202188,-89.59589786669943,90.46084499139096,12.640153537685665,57.90809899752461,-4.6133301998193925
917,-435.4869889159487,-0.11094642905419999,398.316404081414,-0.17823070500480753,-0.2690844587792,-0.0903915636508259,-21.19132452613,-94.67688058176886,95.61928074204455,10.84129428583916,54.75532242186707,-5.520642696876913
918,-402.2997751728308,-0.3870520267621,398.7726112131474,-0.035518533671393016,-0.3026794367545,0.11927216116703221,-23.726611468688507,-103.76019652687948,106.13015183919624,-9.61300824168938,50.994499664991835,13.066173449601562
919,-399.56014505201347,-46.8426702070635,399.3254647756347,-0.05530009719313966,-0.19114296782439766,0.007275719152289639,-14.77197366542401,-105.00288121272062,108.13718570415435,-14.498308639750244,63.24320413017443,15.306845213470924
920,-432.5355359603791,-51.3379213122406,399.5327277593123,-0.0811124685806135,-0.04741278570489271,0.01626112255286216,-13.835841604915618,-100.99956825651783,106.68431513515502,-24.08792409428369,58.80759498129919,3.1947820226516352
921,-465.9304569682534,-53.762931829349,399.3629195641011,-0.09462407675385975,-0.2588716796879993,-0.20111981978914173,-8.382710888061133,-93.00653548614034,95.75187669946102,-2.5850185384765947,81.6013984637179,1.6365019937085885
922,-498.8951718032348,-58.3753562088438,398.2033110143649,-0.12297910276981838,-0.23639226910850653,0.08105253902544973,-10.732781683102306,-85.18169751745477,85.86160253903411,12.007753989601177,60.62842519871286,-4.164117931058209
923,-532.277855232127,-61.8115213701646,398.79107890329203,-0.04802165270302794,-0.33508994777840684,0.003883547743271265,-7.740518060556325,-82.66425830744073,84.05197127895113,3.701074361115439,73.37302122812147,-3.8947970894622554
924,-565.092845909813,-66.97962970865811,399.61934410916797,-0.05432049182331866,-0.17404757772840185,0.08146336166112178,-8.488739565274189,-82.30109466874045,89.09234366587964,-26.862755251161467,61.71521826010145,-0.4127099108283153
925,-598.5775365646742,-69.92422519047919,398.400629787247,-0.028037228231482914,-0.3865426122477089,0.06356477557960716,-7.2811966663511685,-72.0166812156891,70.35684898156431,10.412314807929794,64.46741282614013,-6.979758508648384
926,-631.9096994653415,-73.3661927009455,399.121668935938,0.014566768768986549,-0.3551553690406024,-0.06698541196919905,-4.53405851577606,-69.39144669952589,68.08544437263606,2.2642343572030437,80.29569913380172,-9.115064717348579
927,-665.0993324306842,-77.6937561825317,398.8007356425794,0.05683843858787441,-0.3851370175386961,-0.10814803777009274,-5.451841897804349,-63.316125862653884,58.855818066836434,8.25319457654014,68.01790600667475,4.416679985315868
928,-698.3507681941849,-81.4401155041717,399.6970360517408,0.15243557849316858,-0.32132241630290537,-0.19280363056651595,-3.431511169588326,-61.65112713561578,59.17966603918524,-6.884805523993527,80.49904563129547,6.495408519683335
929,-598.5133359739671,-299.6249484235855,344.2368800401738,0.10825155996963076,-0.08410562619036455,-0.20459512065667695,18.589385817807884,-63.99139337859371,68.95379049265796,-6.232796818894492,100.8397505262353,-6.665592972470616
930,-628.4126214679995,-314.727665483993,343.4426064732192,0.11207936051994238,-0.12490749989603955,-0.2498576175527205,17.88081332686333,-55.6357851365348,53.50955501982063,14.594327935547074,91.55317591742404,3.614764672340035
931,-628.1990358489406,-314.9413921364449,288.67000047567046,0.12694302845648053,0.0032578902770978857,-0.08682621922349654,18.81077397149903,-58.62396342739351,69.46671831320417,-14.403540093849973,99.42178976920925,-9.696304130244195
932,-597.9604698161183,-300.12883155840933,289.7637751727921,0.005973004839461282,0.1079809727744987,-0.3370296529809593,19.28791289979061,-64.5728567692805,82.43745631596818,-36.84303188161892,106.61400255313715,-0.9240589426102851
933,-568.2649461511722,-285.24115081288346,288.4346628820516,-0.042540880863157327,0.06142501256476862,-0.2899251316570144,16.57353898683203,-67.006193884399,80.56790774242816,-9.973643516832878,88.71835664740317,9.644708993330022
934,-538.3288829521437,-270.3962123314821,289.3770676286358,0.0144663814952537,0.1976346514846341,-0.19103759551251187,17.488487877617196,-73.26545809560818,93.44912160829517,-34.28213948253118,99.40362664685492,-3.812566492489332
935,-508.4985112043053,-255.15625663280227,289.833685925588,0.05056599903548431,0.17338288889726527,-0.3429991263380998,18.081130383624014,-77.31810130161517,99.93961515297086,-41.5163882299554,107.35892269144352,-3.3770201849498536
936,-479.0326171870827,-239.6494198195127,288.60643836785084,0.08088626147940658,0.057728363590712206,-0.30005741272731257,16.650773413265405,-79.33128216003553,96.62950296751283,-12.249296983018937,101.48860987531859,9.327055256841813
937,-449.02218118980034,-224.9845178878027,288.33910484312395,0.010011938381524033,0.05189795906750305,-0.2710561455987204,14.17815892178439,-84.01919182595003,101.68981903491013,-10.66396032477189,90.71577640637824,7.215000683601866
938,-419.2239190057988,-209.9933792430734,288.7679827840183,0.021928989988566627,0.12002361730910138,-0.21319654424740975,14.349110818272257,-89.61135840624736,109.36922469719855,-21.070434821601953,96.69586898339398,8.130776335774327
939,-389.2282228156539,-195.09066923159952,289.3705748538346,-0.05139911828598542,0.14132302763363214,-0.3095800701516964,14.06332779327198,-95.23403077803545,117.1465606613263,-33.06080126269997,100.21591855578444,-8.267920737486778
940,-359.10275866105866,-180.8588815099391,289.2475667096204,-0.021979712983636546,0.132043263935401,-0.044039958490600384,9.507879629179747,-101.7963031378497,124.81093194974285,-41.92492169931757,83.82101548006868,2.2165785576802035
941,-336.4773336479617,-219.6387814353083,289.01889095696646,0.04766981105001378,-0.027786954853695534,-0.3636894518654685,22.060187681390182,-97.4136481902914,116.294622288759,-18.711666979203912,112.09408341635726,3.6756476524558948
942,-363.5374496212806,-239.515209192579,289.5073101861692,-0.0900152462423307,0.12805054150277329,-0.1135410100049512,18.86897025689024,-96.39088732657468,120.71128868349304,-44.1240907502276,90.63557956185274,-6.830036626099308
943,-391.9955133100056,-257.2039166389764,288.2382543498211,0.05060521735452994,0.013549062690287883,-0.13489276532021677,19.693248409510268,-88.73200794277398,106.8663762964956,-11.785374631421229,89.37322072728288,6.345782974040163
944,-419.7747962870818,-275.6875307260745,289.3312073240819,0.048622149432617334,0.10982970863699393,-0.1549742125304192,22.702372802691652,-85.98883305272267,108.31377128539373,-34.6253005648576,101.85600798079471,-2.0661971857954033
945,-448.1134433690492,-293.1573520656236,288.77728016582023,0.11640973972691881,0.04069316624224939,-0.3757199924517636,24.900410608590988,-78.17831873960291,95.02518104648234,-10.354355886920478,112.07944071296777,10.492877955883685
946,-475.7331047764013,-312.1921958234804,288.87738065106663,0.036394745783866256,0.11035477423558859,-0.2170593307681088,24.0003285561934,-76.03373693226217,93.95424821601081,-19.701705413453173,102.10054679447536,8.431364777024655
947,-503.73031372394274,-330.21499662199597,288.3222291999919,0.013178864814904045,0.03518213757467947,-0.19020588369511415,24.63317215448556,-69.66041062821013,83.33096220303547,-4.56052480058778,102.91317070376269,6.279695005398752
948,-530.9491901813068,-349.5401717532311,289.65301183784817,-0.11663096167160347,0.246682029131307,-0.21846311070720503,24.758610066498107,-69.25410632562087,89.30137149133081,-38.93678429103322,100.30362985117816,6.498057153661834
949,-559.6736959097029,-366.8408470425224,288.1128174952256,0.10791831816504782,0.038290006084537254,-0.11814461184542324,25.76643333490568,-59.74864489331281,68.37535495851355,2.925111028990934,105.043367261735,2.2270294630705636
950,-587.6042494147395,-385.1910843838554,288.4837257558213,0.12781295565434903,-0.01262722313276754,-0.29146437641662715,26.313990816936197,-55.79597626480294,62.85348355700872,0.03366057828396545,106.66885306305716,9.92982750487949
951,-538.5898582022227,-450.796072393317,289.4368992853268,-0.03829181842399976,0.28308633867857225,-0.25508366507773417,34.59821285337187,-57.877813839250855,69.81814594587895,-23.20777897487174,121.7050132795206,-2.5417814696937673
952,-512.8091423156629,-429.56513922201736,289.8227603024995,-0.04354886384010115,0.3085122327233307,-0.33673075557686616,34.084806199029686,-63.435544278545194,80.09504078184592,-34.559214945755016,119.43553451727936,-15.31424918415785
953,-487.60087363692776,-407.7871883873877,287.8233304601476,0.022297947273216323,0.05277211304570528,-0.11813145752586252,31.724690633916563,-62.95833929771867,72.31729810075853,8.974408074813823,102.62945729357828,3.856394269979632
954,-462.13916245423457,-386.0569339098985,288.80661661841214,0.040040991957823735,0.06595368640148536,-0.36010956808712535,32.928121959275764,-69.10965111643455,83.13524701775607,-7.615816542362028,115.38458406685022,9.162876781392173
955,-436.2738756218425,-364.9366704109129,289.6342498575409,-0.027894198468914055,0.3280256323175763,-0.35045977427193975,33.33713095123095,-75.52371091226757,95.41978460765706,-31.678381698262815,121.82691986782446,-10.953959143844973
956,-410.7875632009433,-343.4846215785024,288.0945145793169,-0.03961492336162564,0.12810734557712067,-0.14042878298636197,30.037200807411782,-77.5781290493963,93.00098973770851,-1.661708325851421,101.8345905118061,1.6482315441339008
957,-384.7091472799719,-322.4381338333676,289.8763940778315,-0.13779756970552626,0.2617484988941783,-0.25427306432510477,31.05872143896831,-85.61443215374054,109.88662784019309,-44.30501838244642,112.45790028781305,2.2410897834984937
958,-359.5744881361721,-300.7000919167833,289.2468963517131,-0.03873326401549093,0.23927690834540272,-0.2893928827435843,30.054686632467057,-89.12169012391955,109.86166274930942,-26.51295134070185,110.30018469500622,-5.764851918091068
959,-333.7428517120585,-279.5698398542544,289.3508154951778,-0.09941964774009193,0.19861175198127512,-0.27181317663229265,27.670324722657078,-95.04359908379656,116.74753272631393,-32.03755740508282,101.64894105351473,-5.919711844495246
960,-308.6675389723698,-257.1249862048374,288.2288264636989,-0.0003302070190329687,0.0013197311619705943,-0.2411191226901792,27.641107712211824,-95.18282424955417,111.86085020170174,-2.538133745738487,106.61745741536375,-0.3154357019770093
961,-276.1501779913379,-291.8059721763973,289.8603195506194,-0.1351446193046968,0.26584063383182865,-0.28541954416499493,36.06890272787684,-99.27682058797696,122.60406358807684,-42.813669769352934,115.61886975369428,-8.33797332878199
962,-299.55754021072113,-315.5445393966646,287.8674254629528,0.004211043097257061,0.011350389278675266,-0.1083304369619782,34.76572870779899,-89.58328172549474,105.82068744712959,2.9725967586132085,103.9122955055509,8.51519980832622
963,-322.18634870019156,-340.1872173878238,289.6266315832297,-0.11749494438493002,0.32713305099991885,-0.28271229773838513,38.54292055498444,-88.69661422896057,110.93604863880603,-35.03161281694462,121.66597574617019,-10.051947405538304
964,-345.4392208008361,-364.0465477332608,289.2239891086399,-0.03744731531958223,0.23491919030931285,-0.3872054507536973,39.54720026655217,-82.17334443833747,100.9730076680959,-18.50485035035582,124.97909645831857,-3.4157644590841185
965,-368.21559322798794,-388.49216670766816,289.5177954214821,-0.062247971006399894,0.3282224915674874,-0.3900905254577083,40.28666630032149,-78.60923587530262,98.09813383801543,-26.370417763354048,127.3105607085573,-11.560324903150997
966,-390.8927414894886,-412.92978912872,289.85386686818487,-0.10547331932804127,0.36024737330171774,-0.3859625856277944,40.81462693782248,-75.17694145201101,95.74166854952009,-36.454226388114755,128.62446255873402,-3.405294427335364
967,-413.9935084940654,-437.3164878262601,288.4158276360777,-0.1114710306192137,0.17573858275795828,-0.10634586203303797,39.012550089600445,-69.07809402516547,82.65072282923967,-4.79014500711553,110.80683965824956,4.080417934467237
968,-437.0274884068807,-461.51723103574335,288.2176116126688,-0.015965113731226666,0.12162788410984149,-0.1347305926245781,39.34473317165352,-63.61591476846052,74.08876975079488,2.7318927705962675,110.21279306519662,14.782436421752859
969,-459.5076454413969,-485.97525018272097,289.7769626148437,-0.11269749605787638,0.33575802214437545,-0.25596629413831806,41.37154270359326,-62.85853475070038,79.09147872652888,-34.4599854850319,125.35843730026802,-20.50361459933272
970,-482.9118558814425,-510.187408746288,288.1571040220099,0.03354118762899816,0.12073374759489752,-0.18508029673358806,39.932349549183414,-53.69506727031807,58.41126313006872,9.244670307726834,109.19880165823507,7.355555615703866
971,-419.8690422585819,-562.547199645088,289.9292086633018,-0.14819900636490502,0.3064370373793963,-0.21138034083901402,49.0024207960846,-58.08307643290469,72.8872092699677,-39.52095328725756,133.1523316852446,-14.848662261450597
972,-399.9923005788531,-536.1646649758078,289.398567345725,-0.09026572465432992,0.1755392486728624,-0.0796912444432678,47.078411530991644,-63.22594771240555,78.60930570909166,-28.317179018443383,116.33977772281256,-7.036887136723342
973,-380.0758428270161,-508.817989305852,289.9932271473071,-0.143316348912208,0.19666510096385537,-0.3297513588536276,48.5829457147573,-66.62331757663044,85.22173370219873,-40.62655422582929,133.54699871915992,-20.968591782205742
974,-360.7009696043511,-481.4842713465941,289.3918044237275,-0.06034223551313289,0.1525661795865858,-0.421844622021581,48.83061553894825,-67.56825377900414,82.3559743914251,-16.405252035427537,138.92955839412613,-8.331853674319717
975,-340.1616071377457,-455.83811006992,289.7075297647312,-0.13335599956928945,0.3606108259406824,-0.22191923641599942,46.494271408886995,-76.01576820201522,97.03067036176908,-36.60343525028529,120.41956892386202,-18.01620008555487
976,-320.86694192816987,-428.4398647416294,288.821515555527,0.02294689456425658,0.1611224320562883,-0.2279174602791727,46.23753787047956,-77.1903129715229,93.9581729415938,-10.60273963794262,121.71778503904402,-2.240615709413152
977,-300.8128419550218,-401.8889040798094,288.92614910476374,-0.012248371173939177,0.2250097498043715,-0.25552197852294967,45.186487237564855,-82.5316952274034,100.81533648435311,-14.973441915195325,117.73002223842637,-7.400642307292054
978,-280.8012498024113,-375.03451107814726,289.2098103438245,-0.0653367996343377,0.21364628104754502,-0.2482571639490061,45.180826174632344,-87.54581722875528,107.55961646064155,-23.106719975408758,121.47639709818668,-2.825841194552026
979,-260.8082453689273,-348.2280300771326,289.36839583437916,-0.08666673008497128,0.16243781686659986,-0.3059338648027392,44.46364014351148,-92.56623440177692,113.19274420439616,-26.62553857441287,120.95660130582837,-3.9739365241658158
980,-241.1307747850722,-320.95025316957134,289.46390250381,-0.03754977229641554,0.10797148654626199,-0.47849969197278597,45.30104846245372,-95.58734598436608,115.34991479102065,-23.203935281759023,130.32444109093106,-0.6018347364606037
981,-201.466033046629,-347.546994617985,178.62459659015101,-0.08719955146310099,0.2365816236823548,-0.10492424979523207,51.14190905637945,-88.08667080240046,130.18215366221855,-57.58090312273433,125.29764372168589,-4.019490045811557
982,-218.5108158221447,-376.4057314237614,178.0383012983314,-0.014986912123475804,0.2904915049737724,-0.16788516368188766,51.231695687760016,-83.5802209859552,121.06246701277561,-37.09892107125538,121.57466744015974,-8.999636789045017
983,-235.311491433181,-404.7683841257617,178.4858247966794,-0.027701013099971306,0.22759909907921383,-0.23358458091860257,54.29537461351594,-78.05503244464435,116.3343813115858,-48.026368245474096,139.69536448971724,-13.796381184056125
984,-252.3882643769925,-433.61126487422655,177.19231010905128,0.1751029101201027,0.1579992601508593,-0.16286665938326905,52.634515659595685,-71.99362538372783,102.99917385116534,-8.932606850419436,123.18839764815762,18.97208856719689
985,-268.88133301236263,-462.775477999126,177.60229156886538,0.04795180915516539,0.22036079015839505,-0.24726158753227878,53.21462004676199,-69.51092971974894,100.46273728142522,-17.583200961886483,124.09643849086953,4.599422351470473
986,-285.86868200360436,-491.24219997912536,177.3142620202425,0.16999827562932524,0.15448105662005673,-0.1702117877460978,54.343364222377815,-63.24777511995265,90.56553677847671,-6.026343689268993,130.3591959399717,6.545603517415909
987,-302.2405361822987,-520.1821485708126,178.4505545474494,0.026919190233456902,0.2219581675384461,-0.36536837827151203,55.96535674955652,-61.73128226887079,91.87980177750485,-36.49199538515677,144.41917690874806,-1.332333150623694
988,-318.5792861545438,-549.5514205477175,178.4073674876629,-0.05596378269734714,0.21129468328160783,-0.11698579532310305,55.39504288298996,-59.50279051259921,89.69024133734935,-42.23754863387101,135.1062739187829,-3.5915415232296843
989,-335.7482533159864,-578.3426154383216,177.2639263900699,0.1186492573480109,0.13651870372245867,-0.07355037588359892,54.62888036232305,-52.7698256556544,73.79351779660816,-5.768132163093717,124.61028959295827,12.352639387486462
990,-352.5727054611467,-606.9169802480517,177.3732880176655,0.10750629581741578,0.13896923425329533,-0.1183144207665805,55.73640044738945,-46.712042848568885,63.54776306907544,-1.0042943495752656,133.9400728280697,18.048293565475944
991,-538.5648423090283,-270.0301413312468,344.6563201161465,-0.0003062043936097325,0.13756181546170865,-0.18103249724413217,17.61052039956692,-74.74686369657849,85.79249889235052,-20.72895872661126,100.29520244835713,2.349579471399877
992,-508.94744265585155,-254.4404491111113,344.1493754961188,0.019343786862179968,0.012705530028171097,-0.22477694547393412,17.626106021431692,-76.77109816332178,85.53989382476071,-5.74353829325899,104.14170719496703,3.2555040634089196
993,-479.0943121416106,-239.4994644580332,344.0501703304837,0.010344339186303841,-0.009509889058307408,-0.2969875478025301,16.41554006524752,-81.04471554322699,90.21339278715107,-3.557091147426652,99.96127097390448,-0.05137323781267336
994,-449.04360464612694,-225.0559832628992,343.5458943199291,-0.03539590556704297,-0.00025272509191154313,-0.10308819832113159,13.01204722682821,-86.01056754914737,95.5018698419434,-2.3444767685944936,83.80329267589272,7.8850739043428355
995,-419.17274226406994,-209.9364202495091,344.6800878338569,-0.09809071098794675,0.08681295246819332,-0.3210729985140688,14.42437219613262,-92.75026226663611,105.54027573030923,-20.7191267970219,97.11591444257554,8.321318705261547
996,-389.468748739572,-194.7338837443411,344.23432226347836,-0.06784528013918134,0.031690994601831335,-0.2466747411714323,13.100877599387292,-96.4345757811637,107.30663518610903,-11.914424066414874,95.23323718704698,-2.6026508613040127
997,-359.5158309438884,-180.2307066278741,344.4496916853803,-0.014751673129239862,0.09275515132318901,-0.09466379318570262,10.457609369968349,-103.43121565864135,115.40183705478815,-23.197260398869073,88.25439647423657,-3.600935636201248
998,-568.5121549937913,-284.7757737280997,343.82655770567476,-0.0599658149261586,0.001653048411810687,-0.2655630945531584,17.33829624595323,-67.2527967274811,72.03364627473249,2.31207297416317,94.52392864833016,-6.0807854342215375
999,-697.5343532267973,-82.8939738189132,-100.929551144694,0.1600644160248521,0.2351722336716051,-0.28495168781479663,-3.902866165123428,-29.860487799844126,77.52582076151275,-33.98408992566409,76.47315053273341,2.482360161206326
