step_order,x_t,y_t,z_t,x_dif,y_dif,z_dif,joint_1,joint_2,joint_3,joint_4,joint_5,joint_6
0,-306.417777,-257.115044,-100.0,-22.622743999999955,-23.353734999999972,0.04695999999999856,19.61120405269596,-44.47110246465529,135.18250767320924,-90.69433330079445,68.46823163219878,88.03021345367286
1,-331.952592,-278.541298,-100.0,-22.598179000000016,-23.20331200000004,-0.2061959999999914,21.617304905013178,-44.26938556820282,129.9776951774467,-85.69146545220794,70.47433282829068,88.03086513586902
2,-357.48740699999996,-299.967551,-100.0,-22.645327000000066,-23.201085999999975,-0.42267099999989455,23.258666669119627,-43.588966158144224,124.6776162442426,-81.07196652913241,72.11569430591823,88.03136601557354
3,-383.022222,-321.393805,-100.0,-22.58766399999996,-23.20270800000003,-0.5842250000000035,24.627628712968853,-42.529911256103304,119.25925412764255,-76.71278112540051,73.48465617788013,88.03177831600291
4,-408.557036,-342.82005799999996,-100.0,-22.598864999999932,-23.11315300000001,-0.7966659999999877,25.78736834243252,-41.15546967308457,113.69733479986658,-72.5253982051584,74.644395750048,88.03212386684915
5,-434.09185099999996,-364.246312,-100.0,-22.63882000000001,-23.156653000000006,-0.9828980000000058,26.783034402583812,-39.50478267708769,107.96153114645224,-68.44035694898677,75.64006175290352,88.03241785149383
6,-459.626666,-385.672566,-100.0,-22.67648700000001,-23.188807999999995,-1.1372949999999094,27.647320896536932,-37.599190654150114,102.01612446278904,-64.40060325097055,76.50434818956086,88.03267121343085
7,-485.161481,-407.098819,-100.0,-22.73601100000002,-23.120956000000035,-1.3921749999999946,28.404789722828223,-35.44577616476057,95.8158200860449,-60.35376338283147,77.26181701585215,88.03289191677352
8,-510.696295,-428.52507299999996,-100.0,-22.738564999999937,-23.10926100000006,-1.6245380000000011,29.074204160628405,-33.03809675687905,89.30158921126383,-56.24725368455519,77.93123139635657,88.03308597757874
9,-536.2311100000001,-449.951327,-100.0,-22.81800499999997,-23.066651999999976,-1.788679000000002,29.670208209040112,-30.35441378150472,82.39277198596291,-52.02215461423722,78.52723544476827,88.03325803680461
10,-536.2311100000001,-449.951327,-44.444444,-22.97573,-23.01963399999994,-1.965018999999998,29.670208209040112,-36.11971559404358,83.67600493323678,-47.54008729595829,78.52723533017671,88.03325689088902
11,-510.696295,-428.52507299999996,-44.444444,-23.031259000000034,-23.04030800000004,-1.6030390000000025,29.074213729023587,-39.09043231931213,90.57517824752163,-51.46850589787276,77.93124096475174,88.03308053447968
12,-485.161481,-407.098819,-44.444444,-23.01266300000009,-23.10457200000002,-1.293251000000005,28.40480754181565,-41.82857327153604,97.09757875561613,-55.25272357052852,77.26183483483958,88.03288572882934
13,-459.626666,-385.672566,-44.444444,-22.901233999999988,-23.063897999999995,-1.2392190000000056,27.647347825553304,-44.36141490869343,103.32155545662388,-58.9438082713887,76.50437511857723,88.03266393686685
14,-434.09185099999996,-364.246312,-44.444444,-22.892214999999965,-23.032442000000003,-1.0873070000000027,26.78307238968563,-46.70352806317649,109.30564148971234,-62.58571967162268,75.64009974000534,88.0324090279438
15,-408.557036,-342.82005799999996,-44.444444,-22.867768999999953,-23.013165999999956,-0.9103629999999967,25.787420367000315,-48.85892017369171,115.0958555071835,-66.22046554707919,74.64444771732003,88.03211269417216
16,-383.022222,-321.393805,-44.444444,-22.841138,-23.072355000000016,-0.7066490000000059,24.627574339274094,-50.821093383180276,120.73017240685347,-69.89251326682992,73.48460180418536,88.03176364828336
17,-357.48740699999996,-299.967551,-44.444444,-22.821507000000054,-23.029869999999903,-0.516331000000001,23.258616134242097,-52.571159507672135,126.24168445479985,-73.6538353741049,72.11564371374492,88.03134573286759
18,-331.952592,-278.541298,-44.444444,-22.76300200000003,-23.03896500000002,-0.3812200000000061,21.617270183770792,-54.07328479263156,131.6612256612465,-77.5710872577754,70.47429793516096,88.03083528476792
19,-306.417777,-257.115044,-44.444444,-22.778693999999973,-23.154518999999993,-0.16660099999990052,19.61120405269596,-55.26523421857676,137.0195305136483,-81.73721774100163,68.46823209056502,88.03019557738965
20,-306.417777,-257.115044,11.111111,-22.971006999999986,-22.966443999999967,-0.44291700000009904,19.6112039381044,-65.99679279332575,137.33281678864498,-71.31895214485549,68.46823157490302,88.03021345367286
21,-331.952592,-278.541298,11.111111,-22.98100900000003,-22.888619999999946,-0.6456099999999996,21.617000549832404,-63.68895649516172,131.946906772378,-68.24110474508161,70.47402830122257,88.03085917710796
22,-357.48740699999996,-299.967551,11.111111,-23.02971500000001,-22.917701999999963,-0.7960180000000001,23.25844716898831,-61.289282568185335,126.50616710153975,-65.20020028883908,72.11547469119536,88.03136280700988
23,-383.022222,-321.393805,11.111111,-23.028160000000014,-22.977778,-0.968418999999999,24.627463185461842,-58.800331904557694,120.97823436966381,-62.1613403751927,73.4844906503731,88.03177648253796
24,-408.557036,-342.82005799999996,11.111111,-23.06837999999999,-22.932432000000006,-1.0547189999999986,25.787344908458696,-56.21861043575679,115.33124467488956,-59.09616714562182,74.64437231607418,88.03212277822934
25,-434.09185099999996,-364.246312,11.111111,-23.10591500000004,-22.992772000000002,-1.1991800000000996,26.78302042241361,-53.53594004869379,109.53146237683129,-55.97913069316816,75.64004777273333,88.03241722124027
26,-459.626666,-385.672566,11.111111,-23.102283,-23.03914599999996,-1.4498029999999993,27.64731224487423,-50.739546993100944,103.54053809245794,-52.78466048439284,76.50433959519394,88.03267086965617
27,-485.161481,-407.098819,11.111111,-23.181850999999938,-23.02737000000002,-1.6788340000000002,28.40478433702495,-47.8113297560609,97.31229503311609,-49.48468473860232,77.26181163004888,88.03289168759042
28,-510.696295,-428.52507299999996,11.111111,-23.228589999999997,-22.986220000000003,-1.819559,29.074200780177414,-44.72620155240119,90.78825483440347,-46.04581445487691,77.93122801590557,88.03308586298718
29,-536.2311100000001,-449.951327,11.111111,-23.263928999999962,-22.99259999999998,-1.9702919999999988,29.67015125703528,-41.4490255734481,83.89061710430536,-42.4253879406363,78.52717849276343,88.03325797950883
30,-536.2311100000001,-449.951327,66.666667,-23.5716799999999,-22.98514199999994,-2.0444650000000024,29.670208209040112,-46.25665473018858,83.0368354477513,-36.763978788919346,78.52723521558515,88.03325631793123
31,-510.696295,-428.52507299999996,66.666667,-23.53635700000001,-22.93005000000005,-1.8252240000000057,29.07421212474176,-49.8434757800545,89.9402866941177,-40.08057088372646,77.9312393604699,88.03308059177546
32,-485.161481,-407.098819,66.666667,-23.453030000000012,-22.94275600000003,-1.5715670000000017,28.404805593759146,-53.27146238668672,96.4582208816076,-43.17047663866508,77.26183282948729,88.03288590071668
33,-459.626666,-385.672566,66.666667,-23.40980000000002,-22.913350999999977,-1.4761179999999996,27.647345189947448,-56.58458550852321,102.66997272591533,-46.06905494085034,76.50437248297138,88.03266422334575
34,-434.09185099999996,-364.246312,66.666667,-23.360803000000033,-22.844190000000026,-1.3465150000001103,26.7830685508684,-59.81858401828883,108.63428105805679,-48.79930339944633,75.64009590118812,88.03240948631003
35,-408.557036,-342.82005799999996,66.666667,-23.355528999999933,-22.774651000000063,-1.1831120000000084,25.787414408239247,-63.0052820545732,114.39675257367927,-51.37500096187657,74.64444181585473,88.03211349631307
36,-383.022222,-321.393805,66.666667,-23.342824000000007,-22.793132000000014,-0.9856550000000084,24.627564541695797,-66.17584370858596,119.99433737828652,-53.80192831392772,73.48459200660707,88.0317649087905
37,-357.48740699999996,-299.967551,66.666667,-23.368026000000043,-22.74306999999999,-0.8499410000000012,23.258598830916682,-69.36400908978368,125.45836067882017,-56.07766281815461,72.11562635312373,88.03134791010721
38,-331.952592,-278.541298,66.666667,-23.27722700000004,-22.694477000000006,-0.8843820000000022,21.617237238697573,-72.61021773123397,130.8168469296599,-58.18977707727663,70.47426493279197,88.03083906628936
39,-306.417777,-257.115044,66.666667,-23.237660000000005,-22.732934999999998,-0.7817000000000007,19.611150366550554,-75.96802531585071,136.09665805381903,-60.11155710598315,68.46817828982806,88.03020256747475
40,-306.417777,-257.115044,122.222222,-23.518396999999936,-22.499938999999983,-1.0388950000000108,19.611203365146604,-84.56059710874513,133.40840121366193,-48.83074268228497,68.46822871011403,88.03021798003942
41,-331.952592,-278.541298,122.222222,-23.539998000000026,-22.50869700000004,-1.1310110000000009,21.617304905013178,-80.38483503309543,128.3400942510117,-47.9384121387956,70.47433282829068,88.03085321834689
42,-357.48740699999996,-299.967551,122.222222,-23.5976,-22.60901899999999,-1.2155819999999977,23.258666669119627,-76.45356109600891,123.1475499275585,-46.67730384218913,72.11569430591823,88.03135954115045
43,-383.022222,-321.393805,122.222222,-23.54193699999996,-22.67107500000003,-1.3599820000000022,24.627489713407755,-72.68269236595144,117.81413648172104,-45.11488162478573,73.4845172356148,88.03177459177725
44,-408.557036,-342.82005799999996,122.222222,-23.579796000000044,-22.691895999999986,-1.3795840000000936,25.78736003454449,-69.00862600129692,112.31776381218694,-43.29267054549172,74.64438744215998,88.03212168960953
45,-434.09185099999996,-364.246312,122.222222,-23.640755999999953,-22.78330399999993,-1.4512160000000023,26.783029245963657,-65.38117571203736,106.63157520985882,-41.23400774826057,75.64005659628336,88.0324165336909
46,-459.626666,-385.672566,122.222222,-23.664455999999916,-22.869129999999984,-1.6317400000000077,27.64731740149438,-61.75614009610961,100.72091177015987,-38.948441059086115,76.5043447518141,88.0326704685857
47,-485.161481,-407.098819,122.222222,-23.750962000000072,-22.892288000000008,-1.758256000000003,28.404787259109703,-58.09120696518837,94.54082821992151,-36.433340773576056,77.26181455213363,88.03289145840729
48,-510.696295,-428.52507299999996,122.222222,-23.764985999999965,-22.890528999999958,-1.9591210000000103,29.074202269867683,-54.34170640962141,88.03147040848381,-33.6735252290328,77.93122950559584,88.03308574839562
49,-536.2311100000001,-449.951327,122.222222,-23.84726999999998,-22.926728000000026,-2.1896700000000067,29.670208209040112,-50.455176351038496,81.10972318732438,-30.638343360656474,78.52723544476827,88.03325792221307
50,-536.2311100000001,-449.951327,177.77777799999998,-24.180147999999917,-22.911941000000013,-2.106024000000076,29.670208209040112,-53.959184602210506,78.09038818564579,-24.115002342341274,78.52723504369781,88.03325545849454
51,-510.696295,-428.52507299999996,177.77777799999998,-24.095194999999933,-22.817766000000006,-2.025328999999971,29.074213557136247,-58.128911885291444,85.05623516615552,-26.911083365118895,77.93124085016017,88.03308053447968
52,-485.161481,-407.098819,177.77777799999998,-24.05049200000002,-22.806838000000027,-1.8055949999999825,28.40480994823839,-62.16860857400706,91.56681360687998,-29.381923233912897,77.26183724126233,88.03288595801246
53,-459.626666,-385.672566,177.77777799999998,-24.007828000000018,-22.768257000000006,-1.5704689999999744,27.647353268652356,-66.13839593194135,97.71229520454635,-31.557567167950584,76.50438056167629,88.03266445252886
54,-434.09185099999996,-364.246312,177.77777799999998,-23.97294100000005,-22.662885000000017,-1.5791869999999903,26.783082072672368,-70.08952956023535,103.55568789870212,-33.44976492732827,75.64010942299208,88.03240988738048
55,-408.557036,-342.82005799999996,177.77777799999998,-23.995672000000013,-22.566730000000064,-1.486415000000079,25.787436639001697,-74.07053394210803,109.1423973914,-35.0553941212456,74.64446404661719,88.03211412656664
56,-383.022222,-321.393805,177.77777799999998,-23.88659899999999,-22.507154000000014,-1.45653200000001,24.627601554769363,-78.13180627333178,114.50539872155268,-36.35702749351855,73.48462907697642,88.03176599741032
57,-357.48740699999996,-299.967551,177.77777799999998,-23.949344000000053,-22.41729399999997,-1.3004749999999774,23.25866260111928,-82.33015680898406,119.66818310146479,-37.32133815185241,72.11569023791789,88.0313496289806
58,-331.952592,-278.541298,177.77777799999998,-23.972788000000037,-22.354536999999993,-1.2805039999999792,21.617304905013178,-86.7338803993711,124.6458597146728,-37.89512828277222,70.47433271369913,88.03084187378255
59,-306.417777,-257.115044,177.77777799999998,-23.901693000000023,-22.30511899999999,-1.219637999999975,19.611204109991736,-91.43202339481472,129.44731072480414,-37.998213875243906,68.46823231974814,88.03020726572866
60,-306.417777,-257.115044,233.333333,-24.246531000000004,-22.144630999999947,-1.3350810000000308,19.611203594329723,-96.52888365188953,124.40428065472281,-27.858329449553036,68.46822968414229,88.03021849570145
61,-331.952592,-278.541298,233.333333,-24.26963900000004,-22.218418999999983,-1.47166500000003,21.617304962308957,-91.5732836754857,119.8785176269307,-28.288386413958076,70.47433300017802,88.03085075462837
62,-357.48740699999996,-299.967551,233.333333,-24.237858999999958,-22.32105999999999,-1.5672710000000052,23.258666669119627,-86.89876819900613,115.12734859075908,-28.21189511591362,72.11569442050978,88.03135793686862
63,-383.022222,-321.393805,233.333333,-24.214283000000023,-22.438962000000004,-1.5711750000000109,24.627628712968853,-82.42865696292553,110.14733969555023,-27.70212012704929,73.48465629247168,88.031773617749
64,-408.557036,-342.82005799999996,233.333333,-24.255403999999942,-22.484912000000065,-1.6511150000000043,25.787474339624616,-78.09966907060289,104.92617630211757,-26.810039966116392,74.64450180453589,88.03212105935596
65,-434.09185099999996,-364.246312,233.333333,-24.28025600000001,-22.625797000000034,-1.7550170000000094,26.783124872619663,-73.85665664670748,99.4419331491064,-25.568884810133802,75.64015228023516,88.03241618991623
66,-459.626666,-385.672566,233.333333,-24.26459399999999,-22.70849899999996,-1.8056080000000065,27.647329891974316,-69.6486974942393,93.66152473134113,-23.99649673672923,76.50435724229402,88.03267023940259
67,-485.161481,-407.098819,233.333333,-24.326591000000008,-22.75111499999997,-1.9704080000000204,28.404858019397402,-65.4234485954579,87.53552730834329,-22.09579840361565,77.26188531242133,88.03289140111151
68,-510.696295,-428.52507299999996,233.333333,-24.412236999999948,-22.81832400000002,-2.1381950000000245,29.074264836858912,-61.12555615400103,80.99495349571971,-19.853158858367987,77.93129212988285,88.03308574839562
69,-536.2311100000001,-449.951327,233.333333,-24.50134999999989,-22.87548800000002,-2.2684960000000274,29.670208209040112,-56.68652478433418,73.9361684636563,-17.233440490171606,78.52723544476827,88.03325797950883
70,-536.2311100000001,-449.951327,288.888889,-24.85104299999989,-22.87809900000002,-2.263923000000034,29.670208151744333,-58.550307847777944,68.55783140245492,-9.991325121076157,78.52723481451469,88.03325431257895
71,-510.696295,-428.52507299999996,288.888889,-24.78134199999994,-22.770987000000048,-2.0479290000000105,29.074212411220657,-63.259537232782655,75.79642709181488,-12.520650000582812,77.93123964694881,88.03308013340923
72,-485.161481,-407.098819,288.888889,-24.646064000000024,-22.678211999999974,-1.9742050000000404,28.404814130830296,-67.79346399242291,82.4235686966343,-14.613822962547165,77.26184136655844,88.03288572882934
73,-459.626666,-385.672566,288.888889,-24.61550799999992,-22.65879199999995,-1.9696109999999862,27.647362951639092,-72.23230514010179,88.56785733887547,-16.31922015141504,76.5043903019588,88.0326643379373
74,-434.09185099999996,-364.246312,288.888889,-24.633636999999965,-22.52224899999993,-1.785353999999984,26.783098745744205,-76.63793650805927,94.31261506212056,-17.65828525751434,75.64012609606391,88.03240994467627
75,-408.557036,-342.82005799999996,288.888889,-24.63607899999994,-22.390757000000065,-1.6019420000000082,25.787463052356053,-81.06342802559048,99.71369195877399,-18.633794719728712,74.64449051726733,88.03211441304553
76,-383.022222,-321.393805,288.888889,-24.614112999999918,-22.326794000000007,-1.7158929999999941,24.627642635843273,-85.55842906395358,104.80836231386003,-19.233368524387203,73.4846702153461,88.03176645577656
77,-357.48740699999996,-299.967551,288.888889,-24.628937000000008,-22.196962999999982,-1.5694650000000365,23.258666669119627,-90.17257237863066,109.61983876760326,-19.430578592118948,72.11569436321402,88.03135037382573
78,-331.952592,-278.541298,288.888889,-24.574705999999992,-22.07195200000001,-1.5599720000000161,21.617304905013178,-94.96022748178775,114.16142127471049,-19.184343333351055,70.47433282829068,88.03084307699392
79,-306.417777,-257.115044,288.888889,-24.578964999999982,-22.028450999999905,-1.5476150000000075,19.611204167287518,-99.9818905232942,118.43586541840163,-18.43690212791125,68.4682324343397,88.03020904189782
80,-306.417777,-257.115044,344.44444400000003,-24.97344899999996,-21.96020999999996,-1.6835920000000328,19.6112036516255,-101.98931691347046,111.64204695323187,-9.635660423833105,68.4682299133254,88.03021339637706
81,-331.952592,-278.541298,344.44444400000003,-24.94681300000002,-22.029434000000037,-1.5204980000000319,21.617304962308957,-97.01845523216507,107.57421012995776,-10.53890707382687,70.47433300017802,88.03085023896635
82,-357.48740699999996,-299.967551,344.44444400000003,-24.948909999999955,-22.176292999999987,-1.6414740000000734,23.258666669119627,-92.22170087167194,103.20346587566688,-10.96507967085982,72.11569447780558,88.03135753579816
83,-383.022222,-321.393805,344.44444400000003,-24.920968000000016,-22.306205000000034,-1.71674500000006,24.627628712968853,-87.55183586443233,98.52341786142175,-10.955019448709796,73.48465634976746,88.0317733312701
84,-408.557036,-342.82005799999996,344.44444400000003,-24.944679000000008,-22.374484000000052,-1.7913500000000226,25.787474339624616,-82.96404757700724,93.51744309189536,-10.536928364081385,74.64450186183167,88.03212088746862
85,-434.09185099999996,-364.246312,344.44444400000003,-24.918272,-22.50395800000001,-1.8710740000000214,26.783124872619663,-78.413146999982,88.1562533396993,-9.726714762043738,75.64015228023516,88.03241613262044
86,-459.626666,-385.672566,344.44444400000003,-24.96454,-22.663620999999978,-2.0817550000000438,27.64739887609285,-73.85048268269027,82.39370539150697,-8.526892437627207,76.50442628370834,88.03267029669837
87,-485.161481,-407.098819,344.44444400000003,-25.039832000000047,-22.691097000000013,-1.9586680000001024,28.404858019397402,-69.21958000873093,76.15938754714222,-6.92352757291623,77.26188531242133,88.03289157299885
88,-510.696295,-428.52507299999996,344.44444400000003,-25.101493999999946,-22.75034400000004,-2.147380000000055,29.074264836858912,-64.44886566329403,69.34479947649054,-4.879695902803599,77.93129212988285,88.03308603487453
89,-536.2311100000001,-449.951327,344.44444400000003,-25.22807499999999,-22.891290000000026,-2.3372060000000374,29.670208209040112,-59.43768328036769,61.77534546951505,-2.321460145912437,78.52723550206404,88.0332583805793
90,-536.2311100000001,-449.951327,400.0,-25.594979999999964,-22.923351000000025,-2.3697690000000193,29.670208094448558,-59.15830917405345,53.215150604891,5.959341361015469,78.52723435614845,88.03325333855071
91,-510.696295,-428.52507299999996,400.0,-25.448733000000004,-22.74450999999999,-2.034109000000001,29.074264836858912,-64.57304549913438,61.40433432691255,3.184950572305002,77.93129212988285,88.03307858642319
92,-485.161481,-407.098819,400.0,-25.35232400000001,-22.667581999999925,-2.0761170000000106,28.404857962101623,-69.62413697080166,68.58602390535589,1.0543947498142197,77.26188531242133,88.03288469750531
93,-459.626666,-385.672566,400.0,-25.303467000000012,-22.615152999999964,-2.002251000000001,27.647363180822214,-74.45799103607885,75.03436371696444,-0.5600406335269373,76.50439053114192,88.03266365038796
94,-434.09185099999996,-364.246312,400.0,-25.292246000000034,-22.44074599999999,-1.9924100000000635,26.78310516287151,-79.16616503282494,80.90628558402159,-1.7237271973539205,75.640132570487,88.03240948631003
95,-408.557036,-342.82005799999996,400.0,-25.26357299999995,-22.289680000000033,-1.8906939999999963,25.78747554283599,-83.814755429582,86.30048692983767,-2.469262286800887,74.64450300774725,88.03211406927086
96,-383.022222,-321.393805,400.0,-25.294288999999992,-22.245437000000038,-1.8190369999999803,24.627628712968853,-88.45470080994299,91.27960705291473,-2.8083415174525044,73.48465623517589,88.03176622659343
97,-357.48740699999996,-299.967551,400.0,-25.257199000000014,-22.07452699999999,-1.60868499999998,23.258666669119627,-93.12994715138602,95.88474152299587,-2.7381066320519825,72.11569436321402,88.03135031652995
98,-331.952592,-278.541298,400.0,-25.27154399999995,-21.960865000000013,-1.6488059999999791,21.617304905013178,-97.87946039682548,100.1402727309402,-2.243961817247262,70.4743327709949,88.03084307699392
99,-306.417777,-257.115044,400.0,-25.301436000000024,-21.92496799999998,-1.7254760000000715,19.611204109991736,-102.74146095649269,104.05921971024759,-1.3006859865586986,68.46823237704392,88.03020909919361
100,-263.00854699999996,-301.37435899999997,400.0,-25.250910000000033,-21.950041000000056,-1.4513360000000262,30.851815001938068,-102.60511602345035,103.95529416164823,-1.3340379744048227,79.70884218037044,88.03359568083329
101,-284.925926,-326.488888,400.0,-25.129359999999963,-22.03655900000001,-1.3474469999999883,32.62839663916033,-97.74929464171628,100.02929791070001,-2.2639467570287635,81.48542416136738,88.03410366521445
102,-306.843305,-351.603418,400.0,-25.099490000000003,-22.16275300000001,-1.403917999999976,34.08130175554593,-93.00436465756742,95.76644831283848,-2.74608260563066,82.93832904856986,88.03451413217888
103,-328.760684,-376.71794800000004,400.0,-25.129193999999984,-22.300360999999953,-1.5920269999999732,35.29269404590265,-88.33229124180225,91.15347497797904,-2.805220845525545,84.14972122433502,88.03485418263028
104,-350.678063,-401.832478,400.0,-25.061458999999957,-22.353429000000006,-1.6260920000000283,36.318805249822255,-83.69385881379509,86.16533288957253,-2.4555378849594414,85.17583231366307,88.03514106259833
105,-372.595442,-426.94700800000004,400.0,-25.129879000000017,-22.432748999999944,-1.743327000000022,37.19950921914128,-79.04568278011548,80.761127299583,-1.6995271216652004,86.0565362256863,88.03538651771774
106,-394.51282100000003,-452.061538,400.0,-25.092897999999934,-22.61274099999997,-1.7316830000000323,37.96391358495106,-74.33627617926473,74.87716781843326,-0.5249875339870697,86.82094053420032,88.03559914235552
107,-416.43019999999996,-477.176068,400.0,-25.12179900000001,-22.700632999999982,-1.8198750000000246,38.633788623522754,-69.49954884523652,68.41428989032262,1.101153606291728,87.49081551547623,88.03578518175159
108,-438.347579,-502.290598,400.0,-25.229289999999992,-22.793484999999976,-1.9096059999999966,39.22575658533822,-64.44234282527536,61.21258706798269,3.2456434185854146,88.08278341999592,88.03594939145567
109,-460.264958,-527.405127,400.0,-25.289459000000022,-22.94007899999997,-2.0641780000000267,39.752736694649414,-59.016699503719,52.99428213577005,6.0382990704806225,88.60976341471556,88.03609555298922
110,-460.264958,-527.405127,344.44444400000003,-24.956282000000044,-22.895789000000036,-2.007207000000051,39.752736694649414,-59.308435289054735,61.57469719664629,-2.2503780851160347,88.60976335741977,88.036081057157
111,-438.347579,-502.290598,344.44444400000003,-24.892277999999976,-22.740355999999963,-1.9087340000000381,39.22575658533822,-64.32651287527081,69.16493244014694,-4.822530643076248,88.0827834772917,88.03594389106085
112,-416.43019999999996,-477.176068,344.44444400000003,-24.823841000000016,-22.681854999999985,-1.6646780000000376,38.63374782892774,-69.10132117604125,75.99519291184775,-6.877976167696181,87.49077472088122,88.03577991053989
113,-394.51282100000003,-452.061538,344.44444400000003,-24.819931999999994,-22.589793999999983,-1.8063800000001038,37.96388310359636,-73.73378389948518,82.24128395028261,-8.491595143475054,86.82091005284562,88.03559387114382
114,-372.595442,-426.94700800000004,344.44444400000003,-24.83298000000002,-22.442304999999976,-1.6318440000001146,37.19949059801293,-78.29635436629007,88.01350715028242,-9.701234641344916,86.05651754726219,88.03538124650603
115,-350.678063,-401.832478,344.44444400000003,-24.821316999999965,-22.361912000000018,-1.4625140000000556,36.31880330176575,-82.84570211309894,93.38295557343326,-10.52131652467122,85.17583030831078,88.03513561949926
116,-328.760684,-376.71794800000004,344.44444400000003,-24.84526199999999,-22.29462799999999,-1.3948130000001129,35.29271874038362,-87.43053479773785,98.39623687265052,-10.949738382120517,84.14974586152022,88.03484862493967
117,-306.843305,-351.603418,344.44444400000003,-24.86399199999994,-22.16869300000002,-1.3474540000000275,34.08130175554593,-92.09561004969751,103.08261670078542,-10.97100468471505,82.93832899127408,88.03450840260093
118,-284.925926,-326.488888,344.44444400000003,-24.857327999999995,-22.03002300000003,-1.2951280000000338,32.62839663916033,-96.8862422415581,107.45963547318655,-10.55733568834946,81.48542404677582,88.03409810752383
119,-263.00854699999996,-301.37435899999997,344.44444400000003,-24.915579000000037,-21.956815000000006,-1.457676000000049,30.85181568948742,-101.84902550443104,111.5336011686994,-9.668435500475313,79.70884338358181,88.03359218579074
120,-263.00854699999996,-301.37435899999997,288.888889,-24.557612000000006,-22.001461000000006,-1.2870430000000397,30.85181534571274,-99.83923159534952,118.32125329019061,-18.465877749526605,79.70884172200421,88.03359161283295
121,-284.925926,-326.488888,288.888889,-24.479500999999914,-22.083677000000023,-1.3240390000000275,32.62839663916033,-94.82754483767611,114.04172626601154,-19.198125030972015,81.48542416136738,88.03410360791868
122,-306.843305,-351.603418,288.888889,-24.47831100000002,-22.22339800000003,-1.2939770000000408,34.08130175554593,-90.04740837318563,109.49495121429437,-19.431541734172566,82.93832904856986,88.0345140748831
123,-328.760684,-376.71794800000004,288.888889,-24.448369999999898,-22.29993799999994,-1.4456729999999993,35.29269404590265,-85.43848819906474,104.67765396771884,-19.223202878002876,84.14972116703925,88.03485418263028
124,-350.678063,-401.832478,288.888889,-24.45601099999999,-22.397936999999956,-1.3879440000000045,36.318805249822255,-80.94740372830181,99.57697448857326,-18.61363434027034,85.17583231366307,88.03514094800676
125,-372.595442,-426.94700800000004,288.888889,-24.514796999999987,-22.49642299999988,-1.5743400000000065,37.19950921914128,-76.52429073046552,94.16903647961891,-17.628828064872177,86.0565362256863,88.0353864031262
126,-394.51282100000003,-452.061538,288.888889,-24.45278499999995,-22.60433999999998,-1.776676000000009,37.96391358495106,-72.1195482492314,88.41619311867315,-16.28074042048561,86.82094053420032,88.03559891317241
127,-416.43019999999996,-477.176068,288.888889,-24.443012000000067,-22.637178000000006,-1.7269430000000057,38.633788623522754,-67.68001685929674,82.26204914398951,-14.566137174948693,87.49081551547623,88.03578495256848
128,-438.347579,-502.290598,288.888889,-24.58162399999992,-22.74425500000001,-1.9517010000000141,39.22575658533822,-63.1435327598337,75.62240829298197,-12.462986897827271,88.0827834772917,88.03594916227257
129,-460.264958,-527.405127,288.888889,-24.65059999999994,-22.865402000000017,-2.088325999999995,39.752736694649414,-58.429744750723586,68.36794688661281,-9.922318084230598,88.60976352930712,88.03609520921455
130,-460.264958,-527.405127,233.333333,-24.307466000000034,-22.837957999999958,-2.002960999999999,39.752736694649414,-56.57328867156396,73.7522820710841,-17.163109061382606,88.60976341471556,88.0360891931577
131,-438.347579,-502.290598,233.333333,-24.27437500000002,-22.735464000000036,-1.8670160000000067,39.22571040493993,-61.016389130196046,80.82490569547753,-19.792627357002686,88.08273723959762,88.03594463590598
132,-416.43019999999996,-477.176068,233.333333,-24.16285800000003,-22.670495000000017,-1.6832950000000153,38.63374771433618,-65.31609561332807,87.37579406621637,-22.04380277018642,87.49077460628966,88.03578036890613
133,-394.51282100000003,-452.061538,233.333333,-24.174650999999983,-22.60719299999994,-1.461383000000012,37.96387748860997,-69.54125925598956,93.50972311585954,-23.95255883795605,86.82090443785923,88.03559421491848
134,-372.595442,-426.94700800000004,233.333333,-24.211142999999993,-22.48280799999992,-1.5662990000001002,37.19947919615281,-73.74832648505806,99.29724073665102,-25.532996051649736,86.05650614540207,88.03538136109759
135,-350.678063,-401.832478,233.333333,-24.175843999999984,-22.416819000000032,-1.3869920000000207,36.318784795228964,-77.98867780647399,104.78721071741609,-26.7825959179832,85.175811801774,88.03513567679505
136,-328.760684,-376.71794800000004,233.333333,-24.168773999999928,-22.33895999999993,-1.2849720000000104,35.29269100922634,-82.3134246079013,110.01333489403054,-27.683946478745536,84.14971807306715,88.03484851034811
137,-306.843305,-351.603418,233.333333,-24.183613999999977,-22.24878199999995,-1.2914890000000128,34.08133223690062,-86.77745240729631,114.99777298217889,-28.20431855121393,82.93835947262878,88.03450817341782
138,-284.925926,-326.488888,233.333333,-24.18669699999998,-22.151471000000015,-1.1903170000001069,32.62839663916033,-91.44313757282887,119.75258660288532,-28.29339137218588,81.48542398948004,88.03409770645338
139,-263.00854699999996,-301.37435899999997,233.333333,-24.23303500000003,-22.08828900000003,-1.084528000000006,30.85181568948742,-96.3872232747902,124.28215080457767,-27.878787308698637,79.70884338358181,88.03359167012871
140,-263.00854699999996,-301.37435899999997,177.77777799999998,-23.858370000000036,-22.20469700000001,-1.0382359999999835,30.851815116529625,-91.29714466077012,129.31684720352885,-38.00355395648609,79.70884086256751,88.03359539435439
141,-284.925926,-326.488888,177.77777799999998,-23.867381999999964,-22.319664000000046,-1.0350679999999954,32.62839663916033,-86.61097281631486,124.51315587112273,-37.88612671474026,81.48542410407161,88.03410452465114
142,-306.843305,-351.603418,177.77777799999998,-23.81164000000001,-22.374342999999953,-1.120900000000006,34.08130175554593,-82.21546389372394,119.53251557642362,-37.301050575763526,82.93832899127408,88.03451481972823
143,-328.760684,-376.71794800000004,177.77777799999998,-23.787611999999967,-22.431720999999925,-1.2531349999999861,35.29259864842977,-78.02358606228324,114.36695802348731,-36.32740884136972,84.14962571227058,88.03485464099653
144,-350.678063,-401.832478,177.77777799999998,-23.82300299999997,-22.519218000000023,-1.3385749999999916,36.318720967730584,-73.96634557776805,109.00012807475599,-35.017846019691056,85.1757480315714,88.03514123448565
145,-372.595442,-426.94700800000004,177.77777799999998,-23.89614499999999,-22.555639999999983,-1.3600669999999866,37.1994353075857,-69.98779620545594,103.40876702419835,-33.40505301986964,86.05646225683495,88.03538657501353
146,-394.51282100000003,-452.061538,177.77777799999998,-23.85247099999998,-22.643776999999943,-1.4864260000000797,37.96384838235397,-66.03772226260405,97.55966898820603,-31.5060421047585,86.82087533160322,88.03559902776396
147,-416.43019999999996,-477.176068,177.77777799999998,-23.850299000000007,-22.712297000000035,-1.5778859999999781,38.63373064019388,-62.067649056025765,91.40710076205056,-29.32355636709759,87.49075753214737,88.03578495256848
148,-438.347579,-502.290598,177.77777799999998,-23.938773999999967,-22.750743,-1.8560369999999864,39.2257043315873,-58.02623366581209,84.88756103222715,-26.845438387319387,88.08273122354079,88.03594910497678
149,-460.264958,-527.405127,177.77777799999998,-24.00209700000005,-22.84751200000005,-1.9141439999999932,39.752736694649414,-53.852917489694015,77.9098169268762,-24.041014812565763,88.60976352930712,88.03609515191876
150,-460.264958,-527.405127,122.222222,-23.672352000000046,-22.82394099999999,-1.989360000000005,39.752736694649414,-50.35596704723399,80.93090729935174,-30.559056028571785,88.60976341471556,88.03609177146777
151,-438.347579,-502.290598,122.222222,-23.670767000000012,-22.767228999999986,-1.6852610000000112,39.225709430911685,-54.24594505123644,87.8630008204883,-33.60116633178995,88.08273632286514,88.0359448650891
152,-416.43019999999996,-477.176068,122.222222,-23.64471400000002,-22.781604000000016,-1.462761999999998,38.633743073378035,-57.99752590196596,94.38044214968282,-36.367020450423425,87.49076990803573,88.0357804262019
153,-394.51282100000003,-452.061538,122.222222,-23.585043999999982,-22.72372200000001,-1.367367999999999,37.963868378581026,-61.663271830815376,100.56680422873602,-38.887627318710926,86.8208952705345,88.03559415762271
154,-372.595442,-426.94700800000004,122.222222,-23.564384000000018,-22.577880999999934,-1.2234959999999973,37.19946395547545,-65.28793238857044,106.4823637646817,-41.178513004280695,86.05649090472471,88.03538118921026
155,-350.678063,-401.832478,122.222222,-23.514679,-22.54676599999999,-1.147114000000002,36.31876032993111,-68.91377283831301,112.17233589380994,-43.24262589065069,85.17578733647615,88.03513527572458
156,-328.760684,-376.71794800000004,122.222222,-23.48672799999997,-22.51663199999996,-1.114931999999996,35.292651532434256,-72.5848174808518,117.67155060589522,-45.070769145772374,84.14967859627507,88.03484788009455
157,-306.843305,-351.603418,122.222222,-23.54077000000001,-22.48188200000004,-0.9561810000000008,34.081267378078216,-76.35132697611657,123.00732343463726,-46.63999414837314,82.93829455651058,88.03450719938957
158,-284.925926,-326.488888,122.222222,-23.499027999999953,-22.393537000000038,-0.8796500000000123,32.62838495082131,-80.27565649283875,128.20124428919328,-47.9095297374135,81.48541224384525,88.03409621676312
159,-263.00854699999996,-301.37435899999997,122.222222,-23.455741000000046,-22.339350000000024,-0.8828200000000095,30.851815632191645,-84.44084319998483,133.26975167248025,-48.812767621153,79.70884315439869,88.03358932100176
160,-263.00854699999996,-301.37435899999997,66.666667,-23.14575100000002,-22.550648000000024,-0.6770050000001078,30.851815001938068,-75.87278723982003,135.9510053068032,-60.06206713158359,79.70884028960971,88.03359694134043
161,-284.925926,-326.488888,66.666667,-23.107496999999967,-22.545339000000013,-0.7877530000000093,32.62815691361885,-72.5210940889056,130.6726870241793,-58.1355365379103,81.48518420664278,88.03410767591902
162,-306.843305,-351.603418,66.666667,-23.197915000000023,-22.64142000000004,-0.7685670000000044,34.08112322189696,-69.27845130758907,125.31404481422776,-56.019592285110946,82.93815034303356,88.03451671048896
163,-328.760684,-376.71794800000004,66.666667,-23.206426999999962,-22.649951999999985,-0.8927000000000049,35.29255665062338,-66.09238822313326,119.848866201596,-53.740514858628366,84.1495837144642,88.03485578691212
164,-350.678063,-401.832478,66.666667,-23.18385599999999,-22.643681000000015,-1.089223000000004,36.318696273249614,-62.92280311838651,114.24915308796294,-51.31041337768798,85.17572327979465,88.03514197933079
165,-372.595442,-426.94700800000004,66.666667,-23.260087999999996,-22.683897999999942,-1.2289540000000159,37.19942052527458,-59.736133500808776,108.4835329400731,-48.7314815258,86.05644747452384,88.03538703337976
166,-394.51282100000003,-452.061538,66.666667,-23.25752799999998,-22.772280000000023,-1.3393020000000035,37.963839616099705,-56.50128437790052,102.51493212272209,-45.99774300938654,86.82086650805319,88.03559931424286
167,-416.43019999999996,-477.176068,66.666667,-23.29857899999996,-22.80769200000003,-1.4478780000000029,38.633725540869506,-53.1864114429577,96.29752323691991,-43.09521634044347,87.49075243282299,88.03578512445583
168,-438.347579,-502.290598,66.666667,-23.390461000000016,-22.793222999999955,-1.6719930000000005,39.22570163868566,-49.75566151817534,89.77220683201443,-40.00065622015188,88.08272853063914,88.03594916227257
169,-460.264958,-527.405127,66.666667,-23.403057999999987,-22.83253000000002,-1.892183000000017,39.75268787864527,-46.16494790764085,82.85928699971727,-36.67845435286842,88.60971471330298,88.03609515191876
170,-460.264958,-527.405127,11.111111,-23.123666000000014,-22.837617000000023,-1.7121169999999992,39.752736694649414,-41.36425022241853,83.71255482772067,-42.33242061093929,88.60976341471556,88.03609308927071
171,-438.347579,-502.290598,11.111111,-23.13792799999993,-22.812252,-1.5392409999999987,39.22570920172856,-44.64638555215894,90.61990969284108,-45.95763476051601,88.08273609368204,88.03594480779333
172,-416.43019999999996,-477.176068,11.111111,-23.08164400000004,-22.87506300000001,-1.4096440000000996,38.63374158368777,-47.7353193414939,97.1511373606147,-49.39992216453158,87.49076847564125,88.03578036890613
173,-394.51282100000003,-452.061538,11.111111,-23.010856999999987,-22.80477400000001,-1.2132369999999995,37.963865341904715,-50.66657772391894,103.38482586813726,-52.7023430650086,86.82089223385817,88.03559392843958
174,-372.595442,-426.94700800000004,11.111111,-23.08078899999998,-22.779612999999927,-0.9389409999999998,37.19945862696796,-53.46544074327081,109.37980044846016,-55.89844127606301,86.05648557621723,88.03538084543558
175,-350.678063,-401.832478,11.111111,-23.00568899999996,-22.74108599999994,-0.8513329999999986,36.318751219902175,-56.1501457607601,115.18244037352166,-59.01635733332375,85.1757782264472,88.0351347027668
176,-328.760684,-376.71794800000004,11.111111,-22.948769999999968,-22.76258999999999,-0.7887889999999995,35.29263594798222,-58.73357183629731,120.83119265836105,-62.08165667090534,84.14966295452726,88.0348469060663
177,-306.843305,-351.603418,11.111111,-22.925089000000014,-22.723656999999946,-0.6493410000000992,34.08123970421671,-61.2239914491201,126.3597970686602,-65.11980302291367,82.93826676805753,88.03450559510773
178,-284.925926,-326.488888,11.111111,-22.92290700000001,-22.727831000000037,-0.45458399999999877,32.62833321273241,-63.62500455035105,131.80001695218672,-68.15895382723265,81.48536039116479,88.03409346656571
179,-263.00854699999996,-301.37435899999997,11.111111,-22.886318000000017,-22.747435999999993,-0.32655999999999885,30.851760857426427,-65.9344125863387,137.1845599484503,-71.23400530755782,79.70878820774614,88.03358462274784
180,-263.00854699999996,-301.37435899999997,-44.444444,-22.674514000000045,-22.938904000000036,-0.13582300000000203,30.851815173825408,-55.23723285439624,136.87182606206392,-81.61845430438177,79.70884097715907,88.0335908679878
181,-284.925926,-326.488888,-44.444444,-22.562314000000015,-22.84233500000005,-0.40902600000000433,32.62839658186455,-54.03615179899959,131.5147803990085,-77.46257266101172,81.48542393218428,88.03411300442652
182,-306.843305,-351.603418,-44.444444,-22.620814999999936,-22.855383000000018,-0.5237350000000021,34.08113554048956,-52.52736473375619,126.0959563065382,-73.55259058043741,82.93816266162615,88.03451951798216
183,-328.760684,-376.71794800000004,-44.444444,-22.674035999999944,-22.852008999999953,-0.7003660000000025,35.29256323963802,-50.77198482678493,120.58361346978889,-69.79566558046537,84.14959030347883,88.03485739119394
184,-350.678063,-401.832478,-44.444444,-22.660465999999985,-22.811000000000035,-0.8946790000000036,36.31870011206685,-48.80521993352619,114.94742907148148,-66.12627254606684,85.17572711861189,88.03514295335904
185,-372.595442,-426.94700800000004,-44.444444,-22.753123000000016,-22.810014999999964,-1.0347790000000003,37.19942293169733,-46.645569486086,109.15428741156454,-62.49280001201421,86.0564498236508,88.03538754904177
186,-394.51282100000003,-452.061538,-44.444444,-22.737224999999967,-22.877032999999983,-1.185208000000003,37.96384116308575,-44.29923856008987,103.16610770962143,-58.85096435680075,86.82086805503924,88.03559965801753
187,-416.43019999999996,-477.176068,-44.444444,-22.848138000000006,-22.930695000000014,-1.1943140000000056,38.63372662948932,-41.761960568020555,96.93666642364262,-55.15881034480753,87.4907535214428,88.03578529634316
188,-438.347579,-502.290598,-44.444444,-22.876913000000002,-22.820587999999987,-1.5421549999999016,39.22570249812236,-39.01888874101175,90.40708669707935,-51.37230880508459,88.08272933278006,88.03594927686413
189,-460.264958,-527.405127,-44.444444,-22.86542400000002,-22.83255699999995,-1.789126000000003,39.75268856619462,-36.042473835879065,83.49868268894026,-47.440323999261665,88.60971540085232,88.03609520921455
190,-460.264958,-527.405127,-100.0,-22.705028000000027,-22.87146800000005,-1.5940459999999916,39.752736694649414,-30.28364999876351,82.21454246299781,-51.91500910012501,88.60976335741977,88.03609389141162
191,-438.347579,-502.290598,-100.0,-22.657065999999986,-22.880086000000063,-1.3950999999999993,39.22571235299644,-32.97418709635366,89.13322453184061,-56.14314799802505,88.0827392449499,88.03594475049755
192,-416.43019999999996,-477.176068,-100.0,-22.66650400000003,-22.916474999999934,-1.1781569999999988,38.63374656842059,-35.388065105437576,95.6551238737517,-60.25116291372492,87.49077340307828,88.03578019701878
193,-394.51282100000003,-452.061538,-100.0,-22.589729999999975,-22.91859400000004,-0.9793949999999967,37.963873019539164,-37.54737240845426,101.86132513212333,-64.29804758716357,86.82089991149265,88.03559369925647
194,-372.595442,-426.94700800000004,-100.0,-22.622765000000015,-22.87888099999992,-0.8211919999999111,37.19947060178588,-39.45891402513647,107.811244431381,-68.33641197711817,86.05649755103514,88.03538044436513
195,-350.678063,-401.832478,-100.0,-22.511149999999986,-22.86828300000002,-0.6761410000000012,36.31877052857987,-41.11597517660419,113.55041570153199,-72.41850313089844,85.1757975351249,88.035134129809
196,-328.760684,-376.71794800000004,-100.0,-22.49122399999999,-22.932672999999966,-0.49088399999990884,35.29266826280187,-42.49758199792149,119.11504259866462,-76.60149633499317,84.14969532664269,88.03484598933383
197,-306.843305,-351.603418,-100.0,-22.525205000000028,-22.971879,-0.3288880000000063,34.08129654162999,-43.56531795540377,124.53496149888981,-80.95364060308493,82.93832372006237,88.03450410541747
198,-284.925926,-326.488888,-100.0,-22.48493499999995,-22.98697500000003,-0.12407399999999313,32.62839658186455,-44.25668641703999,129.8352586144223,-85.56251293522993,81.48542393218428,88.03409088825562
199,-263.00854699999996,-301.37435899999997,-100.0,-22.52219100000002,-23.088821000000053,0.0714619999999968,30.85181568948742,-44.47320579272122,135.03960025346882,-90.55025091650356,79.70884332628603,88.03357980990236
200,-213.28177300000002,-338.39457,-100.0,-22.468376999999975,-22.66707200000002,0.030674000000004753,42.15966822072095,-44.476806488688936,134.5179711115979,-90.02528165987015,91.01669494078709,88.03676098617248
201,-231.055254,-366.59411800000004,-100.0,-22.44073899999998,-22.60352699999993,-0.15467200000000503,43.68732393207361,-44.20741279150387,129.31483165259715,-85.09152186058846,92.54435093861863,88.03719534547697
202,-248.828735,-394.79366500000003,-100.0,-22.510442000000012,-22.61198799999994,-0.31493899999989594,44.9383721211216,-43.47649677749545,124.01185114652695,-80.51943828903211,93.79539889848351,88.03753969311185
203,-266.602216,-422.99321299999997,-100.0,-22.512815999999987,-22.53882200000004,-0.4504779999999897,45.98254427254666,-42.37747451690582,118.586621672386,-76.19320936038035,94.83957093531703,88.03782869302371
204,-284.375697,-451.19276,-100.0,-22.560337000000004,-22.511870999999985,-0.6266809999999907,46.86793142699574,-40.969796339740896,113.01294759978093,-72.02719077581153,95.72495803247033,88.03807489298828
205,-302.149179,-479.392308,-100.0,-22.606165999999973,-22.53551499999992,-0.7935470000000038,47.628461509490634,-39.2896676782581,107.26111310292083,-67.9554623658971,96.48548805766943,88.03828728844294
206,-319.92266,-507.591856,-100.0,-22.65151800000001,-22.524238999999966,-0.9111840000000058,48.289017504116075,-37.35650544188085,101.29437267953061,-63.92186223460058,97.14604405229488,88.03847235381076
207,-337.696141,-535.7914030000001,-100.0,-22.714218999999957,-22.48522099999991,-1.1402049999999946,48.8682360090743,-35.17570947134934,95.06629285586457,-59.8745572966192,97.72526249995731,88.03863524571193
208,-355.46962199999996,-563.990951,-100.0,-22.73768100000001,-22.44945400000006,-1.3231399999998956,49.38036344805388,-32.739164678932255,88.51601818022009,-55.76080741716474,98.2373899389369,88.0387796310763
209,-373.243103,-592.190498,-100.0,-22.812078999999983,-22.444550999999933,-1.447187999999997,49.83652322368948,-30.023125115289275,81.55990374729735,-51.52071369757353,98.69354965727672,88.03890860387598
210,-373.243103,-592.190498,-44.444444,-22.964023999999995,-22.40722699999992,-1.6511779999999021,49.83652322368948,-35.757721947699736,82.84555222733972,-47.071767293261935,98.69354948538938,88.03890745796038
211,-355.46962199999996,-563.990951,-44.444444,-22.971595000000036,-22.508151999999995,-1.2602189999999993,49.380365567997714,-38.75577678120516,89.78974146048928,-51.01791905352727,98.23739205888073,88.03877556307594
212,-337.696141,-535.7914030000001,-44.444444,-22.99181699999997,-22.53049299999998,-1.0227310000000003,48.86824488992012,-41.5171772416013,96.34626355334032,-54.81306073950499,97.72527143809891,88.03863071934533
213,-319.92266,-507.591856,-44.444444,-22.891916999999978,-22.506932000000006,-0.9463700000000017,48.28903360423012,-44.070882621206366,102.5962145511452,-58.509327499847444,97.14606015240892,88.03846713989483
214,-302.149179,-479.392308,-44.444444,-22.80288200000001,-22.516783000000032,-0.8518749999999002,47.62848603208427,-46.432773935002665,108.59979083225485,-62.151034526035914,96.48551258026306,88.03828104320297
215,-284.375697,-451.19276,-44.444444,-22.77015199999994,-22.430001999999945,-0.7422919999999991,46.86796632012546,-48.60807707374381,114.4040020367737,-65.7799652809423,95.72499292560005,88.03806727264961
216,-266.602216,-422.99321299999997,-44.444444,-22.791939000000013,-22.503007999999966,-0.5443009999999973,45.98259263018457,-50.59165667400782,120.04733706295592,-69.43974351058075,94.83961923565914,88.03781889544541
217,-248.828735,-394.79366500000003,-44.444444,-22.745992,-22.525938999999994,-0.32778100000000165,44.938335509118495,-52.366421347470165,125.56299984635334,-73.18066350750361,93.79536222918463,88.03752651508256
218,-231.055254,-366.59411800000004,-44.444444,-22.67918499999999,-22.4863279999999,-0.2503060000000019,43.687301701311156,-53.899244106810876,130.98151265085355,-77.06637268945344,92.54432847867307,88.03717672434863
219,-213.28177300000002,-338.39457,-44.444444,-22.69222499999998,-22.618288000000007,-0.06964800000000082,42.15968815965222,-55.13265516523448,136.3333096767309,-81.18477160575337,91.01671516619726,88.03674964160814
220,-213.28177300000002,-338.39457,11.111111,-22.92709899999997,-22.466954999999928,-0.24303299999999872,42.15966839260829,-65.70551084785954,136.64220531884766,-70.92083849426146,91.0166929354348,88.03675181884778
221,-231.055254,-366.59411800000004,11.111111,-22.923395,-22.385474999999985,-0.4262029999999992,43.68711371385857,-63.39113131437933,131.26416768539002,-67.85714000075946,92.54414049122049,88.03719185043443
222,-248.828735,-394.79366500000003,11.111111,-22.937933999999927,-22.41672699999998,-0.5801819999999989,44.93821725062958,-60.98512265142842,125.82518647932079,-64.82414814896346,93.79524397069572,88.03753768775957
223,-266.602216,-422.99321299999997,11.111111,-22.954906999999935,-22.381753000000003,-0.7637769999999993,45.982515280882225,-58.489234156451104,120.29364709271609,-61.78847537034828,94.8395418863568,88.03782754710812
224,-284.375697,-451.19276,11.111111,-22.979382999999984,-22.386775,-0.8367839999999998,46.86791469662812,-55.89947661079881,114.63806818763503,-58.72263120719929,95.72494124480691,88.03807426273471
225,-302.149179,-479.392308,11.111111,-23.06427199999996,-22.453175999999928,-0.8877989999999993,47.628451540025,-53.207229577964874,108.82464725951725,-55.6014347373783,96.48547808820379,88.0382868300767
226,-319.92266,-507.591856,11.111111,-23.10035899999997,-22.48681899999997,-1.1321059999999985,48.28901137346767,-50.399226506681956,102.8145527240513,-52.39932127161594,97.14603792164647,88.03847212462765
227,-337.696141,-535.7914030000001,11.111111,-23.16135700000001,-22.48782899999992,-1.3102710000000002,48.86823222755285,-47.45672944251387,96.56064361920609,-49.08788814609196,97.72525871843587,88.03863507382458
228,-355.46962199999996,-563.990951,11.111111,-23.17821399999997,-22.443003999999974,-1.4748629999999991,49.38036109892691,-44.35374649885918,90.00280687469413,-45.63301434900764,98.23738758980993,88.03877951648472
229,-373.243103,-592.190498,11.111111,-23.20780099999996,-22.465582999999924,-1.6324229999999993,49.836482772869154,-41.053755512391305,83.06053716474982,-41.99071666062817,98.69350920645638,88.03890854658019
230,-373.243103,-592.190498,66.666667,-23.45263299999999,-22.511205999999902,-1.7353160000000116,49.83652322368948,-45.82723145710495,82.20523378958765,-36.361939575287764,98.69354948538938,88.03890677041103
231,-355.46962199999996,-563.990951,66.666667,-23.461854000000017,-22.47263499999997,-1.4146330000000091,49.38036425019479,-49.433264641278306,89.15482991085831,-39.70551964382314,98.2373907410778,88.03877562037174
232,-337.696141,-535.7914030000001,66.666667,-23.443066999999985,-22.470903999999905,-1.1521070000000009,48.86824340022986,-52.874484567625764,95.70784550200314,-42.817335419439125,97.72526989111287,88.03863083393689
233,-319.92266,-507.591856,66.666667,-23.378431999999975,-22.454251,-1.0657450000001063,48.28903159887784,-56.19604609727738,101.94647617157916,-45.73442570150617,97.14605814705664,88.03846736907794
234,-302.149179,-479.392308,66.666667,-23.30869899999999,-22.416537000000005,-1.0324039999999997,47.628483109999515,-59.4342553311752,107.93120598004623,-48.48096827765476,96.4855096581783,88.03828138697764
235,-284.375697,-451.19276,66.666667,-23.31420700000001,-22.31340799999998,-0.8763569999999987,46.86796185105466,-62.62105397884839,113.70870847046616,-51.07169475223441,95.72498845652925,88.03806778831162
236,-266.602216,-422.99321299999997,66.666667,-23.31597899999997,-22.350788000000023,-0.6757560000000069,45.982585296324785,-65.78730252117097,119.31653478106982,-53.513295266939956,94.83961190179937,88.03781975488211
237,-248.828735,-394.79366500000003,66.666667,-23.283589000000006,-22.341150999999968,-0.5589300000000037,44.93832267486388,-68.96592964477001,124.7862395311,-55.80439489495042,93.79534933763424,88.03752789018128
238,-231.055254,-366.59411800000004,66.666667,-23.230556000000007,-22.269190999999978,-0.5860270000000014,43.6872775224922,-72.19581214032696,130.14571539464347,-57.93400745702308,92.54430429985412,88.0371790734756
239,-213.28177300000002,-338.39457,66.666667,-23.206957999999986,-22.292836000000023,-0.5120540000000062,42.15963877069028,-75.52765069935829,135.42125374334123,-59.87772036742299,91.01666560534798,88.03675382420005
240,-213.28177300000002,-338.39457,122.222222,-23.525372999999973,-22.114554999999996,-0.6649979999999971,42.15966873638296,-84.00634776072404,132.76333616435187,-48.7411139203644,91.01669436782929,88.03676104346827
241,-231.055254,-366.59411800000004,122.222222,-23.498982000000012,-22.159080999999958,-0.7821830000000034,43.68732393207361,-79.87747569159114,127.69224032963386,-47.79886866886194,92.54435082402708,88.03718818350454
242,-248.828735,-394.79366500000003,122.222222,-23.56572799999998,-22.27486399999998,-0.8623290000000026,44.93825122702683,-75.97845818975068,122.49371174848937,-46.49933822358446,93.79527794709297,88.0375356251115
243,-266.602216,-422.99321299999997,122.222222,-23.52247399999993,-22.22771300000005,-1.01498500000001,45.982533959306345,-72.22857988310939,117.1501759718769,-44.905658752033936,94.8395606220767,88.03782634389675
244,-284.375697,-451.19276,122.222222,-23.556331,-22.281567999999993,-1.0268149999999991,46.86792529634733,-68.56799452782495,111.64020953487866,-43.05625486659989,95.7249519018219,88.03807351788957
245,-302.149179,-479.392308,122.222222,-23.587995999999976,-22.35412199999996,-1.0745940000000047,47.628457670673406,-64.94760170350268,105.93608660871783,-40.97250207563262,96.4854842188522,88.03828637171047
246,-319.92266,-507.591856,122.222222,-23.646907999999996,-22.45679599999994,-1.2325030000000083,48.289014925806,-61.32396479214441,100.00232449009974,-38.662354866793486,97.14604147398481,88.03847183814874
247,-337.696141,-535.7914030000001,122.222222,-23.685766,-22.46992899999998,-1.3631700000000109,48.86823417560935,-57.65495271738386,93.79270192884606,-36.1217232954535,97.72526066649237,88.03863490193724
248,-355.46962199999996,-563.990951,122.222222,-23.697542999999996,-22.47534900000005,-1.5532440000000065,49.38036207295517,-53.8954973066054,87.24537580860687,-33.333832532469934,98.2373885065424,88.03877945918896
249,-373.243103,-592.190498,122.222222,-23.76581799999991,-22.563520999999923,-1.7265380000001045,49.83652322368948,-49.991987586468,80.2740040825576,-30.265951733542376,98.69354965727672,88.03890848928442
250,-373.243103,-592.190498,177.77777799999998,-24.035031000000004,-22.584311999999954,-1.5722889999999836,49.83652322368948,-53.463104221382274,77.24619589452571,-23.767030004568312,98.6935494280936,88.03890556719966
251,-355.46962199999996,-563.990951,177.77777799999998,-23.992944000000023,-22.506289000000038,-1.5410129999999924,49.380365109631484,-57.64939382355972,84.26738475387556,-26.601945419150542,98.2373916005145,88.03877550578017
252,-337.696141,-535.7914030000001,177.77777799999998,-23.964939999999956,-22.447931999999923,-1.3697059999999794,48.86824655149773,-61.69755458859969,90.82050250339528,-29.10692239985734,97.72527309967653,88.03863083393689
253,-319.92266,-507.591856,177.77777799999998,-23.963070999999957,-22.422951000000012,-1.1346399999999903,48.28903767223047,-65.66904357388974,96.9995625791242,-31.31451457514308,97.14606416311348,88.0384674836695
254,-302.149179,-479.392308,177.77777799999998,-23.89038899999997,-22.382157999999947,-1.0503330000000801,47.62849330864826,-69.6155671837641,102.86995063816379,-33.238401025887626,96.48551985682707,88.03828161616077
255,-284.375697,-451.19276,177.77777799999998,-23.931308,-22.305432999999994,-1.0706269999999733,46.86797858142228,-73.5854487932557,108.47864354743258,-34.87723507208929,95.72500518689685,88.03806818938209
256,-266.602216,-422.99321299999997,177.77777799999998,-23.878154999999992,-22.190495999999996,-1.0158389999999713,45.982613027482074,-77.62826288803885,113.85971310165473,-36.21551333524854,94.83963969025243,88.03782044243147
257,-248.828735,-394.79366500000003,177.77777799999998,-23.87609100000003,-22.144581999999957,-0.8819309999999803,44.938370115769324,-81.799255892185,119.0374618786685,-37.222290995103926,93.79539683583545,88.03752903609686
258,-231.055254,-366.59411800000004,177.77777799999998,-23.936188000000016,-22.103380999999956,-0.8380509999999788,43.68736237754166,-86.1645484530552,124.02810469866765,-37.8476605056148,92.54438926949514,88.03718084964477
259,-213.28177300000002,-338.39457,177.77777799999998,-23.898685999999998,-22.02269100000001,-0.7767459999999744,42.15966913745342,-90.80780283657042,128.839871126351,-38.01618584240377,91.01669620129424,88.03675668898903
260,-213.28177300000002,-338.39457,233.333333,-24.24115299999997,-21.940154999999947,-0.8055790000001082,42.15966873638296,-95.87294002481066,123.8352152483732,-27.946394724242246,91.01669453971662,88.03676362177835
261,-231.055254,-366.59411800000004,233.333333,-24.214206999999988,-22.022925999999984,-0.936600000000027,43.68732398936939,-90.96988056469922,119.29159404283935,-28.305817910029795,92.54435093861863,88.0371866365185
262,-248.828735,-394.79366500000003,233.333333,-24.147306999999955,-22.10490699999997,-1.1272180000000276,44.9383721211216,-86.33408740947955,114.52169094834457,-28.171688490189673,93.79539889848351,88.03753459378747
263,-266.602216,-422.99321299999997,233.333333,-24.177841,-22.169173999999998,-1.0701360000000193,45.982633482075364,-81.89207482581307,109.52121296401731,-27.613201030653773,94.8396602021415,88.0378256563474
264,-284.375697,-451.19276,233.333333,-24.183667000000014,-22.250395999999967,-1.1402209999999968,46.86794884491271,-77.58294009297904,104.27722585411139,-26.678325792565857,95.72497545038728,88.03807305952334
265,-302.149179,-479.392308,233.333333,-24.208305999999993,-22.351133999999945,-1.325710000000015,47.628472109209845,-73.35200149410888,98.76613578958111,-25.398151637777065,96.48549865738865,88.03828608523156
266,-319.92266,-507.591856,233.333333,-24.219716000000005,-22.39282000000003,-1.3343900000000986,48.28902363476448,-69.14902357941578,92.9534790152747,-23.788450776584412,97.1460501256475,88.03847166626142
267,-337.696141,-535.7914030000001,233.333333,-24.206122999999934,-22.42933999999991,-1.473717000000022,48.86828528344468,-64.92228109425405,86.78847244834473,-21.850165609969334,97.72531171703191,88.03863478734569
268,-355.46962199999996,-563.990951,233.333333,-24.283037000000036,-22.553461999999968,-1.660532000000103,49.380406992846304,-60.615321595689224,80.19882932693478,-19.56746199089715,98.23743342643354,88.03877940189318
269,-373.243103,-592.190498,233.333333,-24.29214399999995,-22.596677999999997,-1.7543799999999976,49.83652322368948,-56.15784751673803,73.07605957687483,-16.90214764136426,98.69354959998095,88.03890843198865
270,-373.243103,-592.190498,288.888889,-24.609233999999958,-22.687974999999938,-1.7107429999999795,49.836523166393704,-57.98720842176592,67.66905680692946,-9.665790326222533,98.69354902702314,88.03890316077693
271,-355.46962199999996,-563.990951,288.888889,-24.568350000000066,-22.569462000000044,-1.609860000000083,49.38036339075809,-62.71980485912102,74.9847696361335,-12.248919552326083,98.2373898816411,88.03877510470971
272,-337.696141,-535.7914030000001,288.888889,-24.498426999999992,-22.420631999999955,-1.449658999999997,48.86824935899092,-67.26579535972931,81.67017881418235,-14.388358111402116,97.72527584987394,88.038630547458
273,-319.92266,-507.591856,288.888889,-24.484588999999914,-22.384286999999972,-1.5092070000000035,48.289044834202905,-71.70817417801842,87.86064968817598,-16.136471194657716,97.1460713823817,88.03846736907794
274,-302.149179,-479.392308,288.888889,-24.470205999999962,-22.370619999999974,-1.372850000000028,47.62850585642398,-76.11009432644951,93.64342000986012,-17.51734342678589,96.48553246189856,88.03828161616077
275,-284.375697,-451.19276,288.888889,-24.509161000000006,-22.242068999999958,-1.1708110000000147,46.86799857764933,-80.52504983767763,99.07684753602113,-18.535838130847477,95.7250252404197,88.03806836126941
276,-266.602216,-422.99321299999997,288.888889,-24.52847300000002,-22.156233999999984,-1.1804940000000101,45.98264402449879,-85.00250564784668,104.19995000495807,-19.181507536039835,94.83967074456493,88.03782072891036
277,-248.828735,-394.79366500000003,288.888889,-24.524197000000015,-22.070574999999963,-1.1434340000000134,44.93841824422412,-89.5917694161858,109.0376430020542,-19.4299587090804,93.79544502158603,88.0375294944631
278,-231.055254,-366.59411800000004,288.888889,-24.542914999999994,-21.939281999999935,-1.0891060000000152,43.68732393207361,-94.34474510287701,113.60322642472057,-19.242585696437473,92.54435088132287,88.03718153719412
279,-213.28177300000002,-338.39457,288.888889,-24.56073999999998,-21.894068999999945,-1.0655249999999796,42.15966913745342,-99.3208541608533,117.90146229707983,-18.564725746145502,91.0166963158858,88.03675772031305
280,-213.28177300000002,-338.39457,344.44444400000003,-24.90570199999999,-21.913483999999983,-1.0885030000000597,42.15966879367875,-101.33878126313249,111.1360898686354,-9.781427934295268,91.0166946543082,88.03675972566533
281,-231.055254,-366.59411800000004,344.44444400000003,-24.853830000000016,-22.02099599999997,-1.0373480000000086,43.68732398936939,-96.40479319746522,107.03960343673135,-10.618914671155819,92.54435093861863,88.03718635003959
282,-248.828735,-394.79366500000003,344.44444400000003,-24.843568000000005,-22.125705999999923,-1.123172000000011,44.9383721211216,-91.63596663337172,102.63949131391858,-10.987609689167293,93.79539889848351,88.03753436460435
283,-266.602216,-422.99321299999997,344.44444400000003,-24.834751999999924,-22.20225300000004,-1.2245260000000258,45.982633482075364,-86.9864580144522,97.9283119243539,-10.925916859647039,94.8396602021415,88.03782548446006
284,-284.375697,-451.19276,344.44444400000003,-24.798291000000006,-22.269395999999915,-1.2433750000000146,46.86800780226983,-82.41219061425971,92.88818743784323,-10.460037026904374,95.7250344650402,88.03807294493178
285,-302.149179,-479.392308,344.44444400000003,-24.742467999999917,-22.39029199999993,-1.5142440000000192,47.62852694127084,-77.86819841855349,87.48820913046617,-9.604028226104848,96.48555348944963,88.03828608523156
286,-319.92266,-507.591856,344.44444400000003,-24.842218000000003,-22.46809399999995,-1.5855490000000145,48.2890739404589,-73.30551633957012,81.67997278284497,-8.358451955887688,97.1461004886377,88.03847166626142
287,-337.696141,-535.7914030000001,344.44444400000003,-24.822046,-22.52737599999989,-1.4971330000000762,48.86828528344468,-68.66663436887688,75.38964527732988,-6.706985508106314,97.72531171703191,88.03863478734569
288,-355.46962199999996,-563.990951,344.44444400000003,-24.852164999999957,-22.618822000000023,-1.7173970000000054,49.380406992846304,-63.87774282279789,68.5030628251846,-4.609274777700303,98.23743342643354,88.03877940189318
289,-373.243103,-592.190498,344.44444400000003,-24.92392899999993,-22.75845199999992,-1.919108000000108,49.83652322368948,-58.83354643982877,60.835165215202025,-1.9855553879247416,98.69354948538938,88.03890837469285
290,-373.243103,-592.190498,400.0,-25.22247699999997,-22.840741999999977,-1.8510899999999992,49.83652287991481,-58.4954176888635,52.1783447999506,6.333112727796022,98.6935466778962,88.03889588421293
291,-355.46962199999996,-563.990951,400.0,-25.15867000000003,-22.69328399999995,-1.6258829999999875,49.380406992846304,-63.96238003370306,60.50592235208987,3.47250181767978,98.23743348372932,88.0387734431321
292,-337.696141,-535.7914030000001,400.0,-25.121794999999906,-22.570032999999967,-1.525508000000002,48.86828528344468,-69.04278883901472,67.78232735446318,1.276486426531994,97.72531177432771,88.03862963072552
293,-319.92266,-507.591856,400.0,-25.101725999999985,-22.50374899999997,-1.4983030000000213,48.28904426124511,-73.89222168403731,74.30142642244635,-0.3932007093881159,97.1460708094239,88.03846673882438
294,-302.149179,-479.392308,400.0,-25.054099000000008,-22.41749199999998,-1.4267030000000318,47.62851044008634,-78.60639695532115,80.22956037664288,-1.6071812792885645,96.48553698826512,88.03828121509031
295,-284.375697,-451.19276,400.0,-25.09629000000001,-22.24719299999998,-1.320779000000016,46.868007974157166,-83.253462023836,85.67064456700334,-2.4012229756713066,95.72503457963175,88.03806807479052
296,-266.602216,-422.99321299999997,400.0,-25.119986999999924,-22.185023000000058,-1.283990000000017,45.98265840573944,-87.885656030074,90.690851550865,-2.789258757015216,94.83968512580559,88.03782055702303
297,-248.828735,-394.79366500000003,400.0,-25.09269699999993,-22.067713999999967,-1.0993990000000053,44.9383721211216,-92.5462603777667,95.33240522375694,-2.7702299692022287,93.79539889848351,88.03752937987154
298,-231.055254,-366.59411800000004,400.0,-25.12359200000003,-21.9404439999999,-1.1319429999999784,43.68732393207361,-97.27493446064788,99.62218601522923,-2.3313558718794796,92.54435082402708,88.03718153719412
299,-213.28177300000002,-338.39457,400.0,-25.198418999999888,-21.93384100000003,-1.2594280000000708,42.15966913745342,-102.10877414468442,103.57407296843228,-1.44941643366682,91.01669625859002,88.03675772031305
300,-158.431906,-367.286443,400.0,-25.194999999999908,-21.8447119999999,-0.8981580000000235,53.42142091153293,-101.27827772210759,102.92601816805144,-1.6314882689018562,102.2784472305286,88.03993540154063
301,-171.63456499999998,-397.893646,400.0,-25.06303700000001,-21.94071500000001,-0.8877929999999878,54.69844236605402,-96.47916839048492,98.9297495602629,-2.434245856559908,103.55546879964126,88.04030937109351
302,-184.837224,-428.50085,400.0,-25.011644999999987,-22.043204000000003,-0.9024870000000078,55.747413497379526,-91.77602335889826,94.5936763572541,-2.801242398483495,104.6044398163752,88.04061853911976
303,-198.039883,-459.10805300000004,400.0,-25.025199999999984,-22.12906499999997,-1.089125000000024,56.62513745591029,-87.13231284368234,89.90199048157007,-2.753199257108201,105.48216366031441,88.0408794068039
304,-211.24254200000001,-489.715257,400.0,-24.97823699999998,-22.181374000000062,-1.1620810000000006,57.37081068548166,-82.50915094412677,84.82631608381534,-2.3006257961996535,106.22783683259001,88.04110274575243
305,-224.445201,-520.322461,400.0,-25.031248000000005,-22.29884500000003,-1.2217550000000301,58.01241157466657,-77.86236656763575,79.32109637296665,-1.4421353433020772,106.86943772177491,88.04129617630407
306,-237.64785999999998,-550.929664,400.0,-25.069797999999935,-22.40975400000002,-1.3924000000000092,58.57047561839187,-73.13823558170371,73.31561174132875,-0.16073196485960886,107.42750165090865,88.04146542803674
307,-250.85051800000002,-581.536868,400.0,-24.981325999999967,-22.50834199999997,-1.3580200000000104,59.06043222630575,-68.26603093018412,66.69913786580952,1.5835822936227162,107.91745825882252,88.04161485542971
308,-264.05317699999995,-612.144071,400.0,-25.02209399999998,-22.62665699999991,-1.460971000000029,59.49410856510262,-63.14316537929547,59.29058564838412,3.869309410979804,108.35113442573207,88.04174755245506
309,-277.255836,-642.751275,400.0,-25.057005999999944,-22.72910300000001,-1.5939070000000015,59.880728223960084,-57.60063689136325,50.76710414310289,6.850297779824781,108.7377536262233,88.04186575364821
310,-277.255836,-642.751275,344.44444400000003,-24.784287999999947,-22.603488000000084,-1.4644760000001042,59.88072856773477,-58.02192886200994,59.562910368465964,-1.5242199126383764,108.73775689208273,88.04184827843545
311,-264.05317699999995,-612.144071,344.44444400000003,-24.770726000000025,-22.532209999999964,-1.3991570000000593,59.49410862239841,-63.11374646023402,67.3685461729613,-4.238070147250378,108.35113471221096,88.0417429687927
312,-250.85051800000002,-581.536868,344.44444400000003,-24.75460899999996,-22.40585199999998,-1.139850000000024,59.06039779154226,-67.92963268364747,74.3554012239873,-6.409079998641049,107.91742388135482,88.04161044365469
313,-237.64785999999998,-550.929664,344.44444400000003,-24.780299999999954,-22.35438799999997,-1.2647590000000264,58.57044989258687,-72.58099671179497,80.7227509302398,-8.125110825820315,107.42747603969521,88.04146113085328
314,-224.445201,-520.322461,344.44444400000003,-24.772514,-22.225639,-1.174645000000055,58.0123950161863,-77.14540087272741,86.59358910492324,-9.431594744195282,106.86942116329463,88.04129182182481
315,-211.24254200000001,-489.715257,344.44444400000003,-24.73322399999998,-22.16614899999996,-1.006866000000116,57.370806216410855,-81.6819004420509,92.04654893420759,-10.348110065400245,106.22783242081498,88.04109827668162
316,-198.039883,-459.10805300000004,344.44444400000003,-24.8096579999999,-22.12358899999998,-0.9088740000000257,56.625151722559394,-86.24001644847755,97.13318745232993,-10.876693597101113,105.48217792696352,88.0408748804373
317,-184.837224,-428.50085,344.44444400000003,-24.834382999999917,-22.036082999999962,-0.8588230000000294,55.74745939129892,-90.86456181192524,101.88665697134476,-11.00568541898386,104.6044857102946,88.0406140127532
318,-171.63456499999998,-397.893646,344.44444400000003,-24.83792200000002,-21.852964999999983,-0.7937440000000606,54.69844236605402,-95.59842207958484,106.32619305953334,-10.71143646887134,103.55546879964126,88.04030490202271
319,-158.431906,-367.286443,344.44444400000003,-24.909797999999995,-21.81257599999998,-0.8067610000001082,53.42142108342027,-100.48656452620426,110.46131174373188,-9.958496129105427,102.27844768889484,88.03993230756853
320,-158.431906,-367.286443,288.888889,-24.619166000000007,-21.78703299999995,-0.7860620000000154,53.421420968828706,-98.45670248386938,117.19000725294927,-18.71705035750248,102.27844711593704,88.03993219297698
321,-171.63456499999998,-397.893646,288.888889,-24.531892999999997,-21.90407099999993,-0.7752290000000244,54.69844236605402,-93.53736431877005,112.85954599965643,-19.305846424964106,103.55546885693704,88.04030931379774
322,-184.837224,-428.50085,288.888889,-24.50919300000001,-21.986838999999918,-0.942861999999991,55.747413497379526,-88.82680595815951,108.26057071128142,-19.417354095953755,104.6044398163752,88.04061853911976
323,-198.039883,-459.10805300000004,288.888889,-24.48872799999998,-22.045348999999987,-0.9020380000000046,56.62513745591029,-84.26890807676548,103.38772640967932,-19.102339894838547,105.48216366031441,88.0408794068039
324,-211.24254200000001,-489.715257,288.888889,-24.475520999999986,-22.14013600000004,-0.9703110000000379,57.37081068548166,-79.81288524261358,98.22581934274312,-18.396394642049074,106.22783683259001,88.04110274575243
325,-224.445201,-520.322461,288.888889,-24.502549999999985,-22.18301100000008,-1.103837999999996,58.01241157466657,-75.4102404171632,92.74811678944228,-17.321281795658702,106.86943772177491,88.04129617630407
326,-237.64785999999998,-550.929664,288.888889,-24.507753000000037,-22.24117799999999,-1.3396890000000212,58.57047561839187,-71.0116094475466,86.91316221662274,-15.884908230536022,107.42750170820443,88.04146542803674
327,-250.85051800000002,-581.536868,288.888889,-24.451928999999893,-22.307073999999943,-1.2939410000000748,59.06043228360153,-66.56276760803264,80.6590426643794,-14.079585254140826,107.91745831611831,88.04161485542971
328,-264.05317699999995,-612.144071,288.888889,-24.482335000000035,-22.439632999999958,-1.3657330000000911,59.49410862239841,-61.99860918869855,73.89287651750135,-11.877536388227195,108.35113459761942,88.0417477816382
329,-277.255836,-642.751275,288.888889,-24.56145700000002,-22.533754000000044,-1.602378999999985,59.88072828125587,-57.232530243711594,66.47032040942204,-9.221021925582376,108.73775414188532,88.04186667038068
330,-277.255836,-642.751275,233.333333,-24.28011700000002,-22.426316000000043,-1.5562520000000006,59.88072839584743,-55.4501556021101,71.91845960100129,-16.45153770681962,108.73775534509667,88.0418599094787
331,-264.05317699999995,-612.144071,233.333333,-24.23476400000004,-22.381861999999956,-1.369246000000004,59.49407040611348,-59.93461249816941,79.13038146939205,-19.179038718196395,108.35109655322181,88.04174394282096
332,-250.85051800000002,-581.536868,233.333333,-24.226473999999996,-22.282151,-1.2126960000000224,59.060399109345184,-64.25534108928369,85.78773456579096,-21.51570453373803,107.91742519915775,88.04161101661249
333,-237.64785999999998,-550.929664,233.333333,-24.247492000000022,-22.22419400000001,-1.1011560000000031,58.57044662672744,-68.48535779906148,92.00618715151273,-23.504185730643606,107.42747277383577,88.04146147462797
334,-224.445201,-520.322461,233.333333,-24.252896999999905,-22.18795,-1.013744000000031,58.01238728125606,-72.68284924179575,97.86283430752636,-25.163391463138492,106.86941342836441,88.04129199371216
335,-211.24254200000001,-489.715257,233.333333,-24.209170999999998,-22.092644000000064,-0.9342060000001027,57.370793324860465,-76.89938757780934,103.41083608938813,-26.494910027526565,106.2278195292646,88.04109839127318
336,-198.039883,-459.10805300000004,233.333333,-24.2219759999999,-22.010896999999943,-0.7975410000000238,56.62513218469858,-81.18501035726659,108.68693267086564,-27.485444792256228,105.48215844639849,88.0408748804373
337,-184.837224,-428.50085,233.333333,-24.22109900000001,-21.964387999999985,-0.852949000000109,55.74743102988806,-85.59222818806302,113.71561209623549,-28.106974225032573,104.60445734888374,88.04061384086584
338,-171.63456499999998,-397.893646,233.333333,-24.27604900000003,-21.906466999999964,-0.7109030000000303,54.6985050476368,-90.17989821699922,118.5113534673468,-28.315120796566216,103.55553142392827,88.04030461554382
339,-158.431906,-367.286443,233.333333,-24.333448000000004,-21.815593999999976,-0.5647760000000233,53.42142108342027,-95.01719094577966,123.07912323966362,-28.045681205461758,102.27844768889484,88.03993190649808
340,-158.431906,-367.286443,177.77777799999998,-24.009287999999998,-21.859475999999972,-0.5894799999999805,53.42142062505403,-89.99464056453591,128.03453946850254,-38.02363887740284,102.27844568354256,88.03993769337181
341,-171.63456499999998,-397.893646,177.77777799999998,-23.949748000000028,-21.983496000000002,-0.6287479999999732,54.69844236605402,-85.41862558577249,123.20711043734838,-37.772149309174694,103.55546879964126,88.0403100013471
342,-184.837224,-428.50085,177.77777799999998,-23.916487000000018,-22.005503999999974,-0.5923289999999781,55.74734159117624,-81.10202922357247,118.19913638889166,-37.08069627896792,104.60436785287614,88.04061905478179
343,-198.039883,-459.10805300000004,177.77777799999998,-23.8888179999999,-22.03536399999996,-0.77518299999997,56.62507185224275,-76.96478784533454,113.00037215020606,-36.019105637613094,105.48209805664686,88.04087980787435
344,-211.24254200000001,-489.715257,177.77777799999998,-23.918536999999986,-22.123316999999986,-0.9228289999999788,57.37075264485702,-72.94447890249056,107.59412236139505,-34.6331037716409,106.22777879196535,88.04110297493555
345,-224.445201,-520.322461,177.77777799999998,-23.960299999999904,-22.15987800000005,-0.9274920000000009,58.01236069601437,-68.98770398904149,101.95494414401652,-32.95064534917154,106.86938684312271,88.04129634819141
346,-237.64785999999998,-550.929664,177.77777799999998,-23.993892000000017,-22.194074,-0.9834559999999897,58.570430870388066,-65.04581681094109,96.04722605115923,-30.9847644724949,107.42745696020063,88.04146554262832
347,-250.85051800000002,-581.536868,177.77777799999998,-23.938029999999912,-22.245776999999975,-1.2930989999999838,59.06039269221788,-61.07062101789966,89.82178040095631,-28.734469351667602,107.91741878203044,88.04161497002129
348,-264.05317699999995,-612.144071,177.77777799999998,-23.952648000000067,-22.31054299999994,-1.401235999999983,59.49407327090245,-57.009659344392446,83.20985959185187,-26.18346896310913,108.35109936071501,88.04174789622975
349,-277.255836,-642.751275,177.77777799999998,-24.01843100000002,-22.41095100000007,-1.4212910000000818,59.88072828125587,-52.79929640479056,76.11166262652635,-23.295597294058357,108.73775425647686,88.0418668995638
350,-277.255836,-642.751275,122.222222,-23.755353000000014,-22.313558000000057,-1.525646000000009,59.88072833855164,-49.371991446047204,79.15196255499923,-29.76320372826065,108.73775482943468,88.0418632326339
351,-264.05317699999995,-612.144071,122.222222,-23.729122000000075,-22.269582999999898,-1.2375849999999957,59.4940705780008,-53.29963065347296,86.19207300175862,-32.87571192337205,108.35109672510916,88.04174422929985
352,-250.85051800000002,-581.536868,122.222222,-23.72602799999993,-22.28676299999995,-1.123535000000004,59.06039624455621,-57.073714593493584,92.7920920450637,-35.70168833691355,107.91742233436878,88.04161113120405
353,-237.64785999999998,-550.929664,122.222222,-23.733123000000035,-22.19548599999996,-1.0167750000000098,58.570440438783244,-60.749428498288,99.04274640585787,-38.27667422846646,107.4274665858916,88.04146147462797
354,-224.445201,-520.322461,122.222222,-23.700229000000007,-22.130718,-0.8271979999999957,58.01237679612842,-64.37250454126062,105.00871276326689,-40.61961450482257,106.86940294323675,88.0412918791206
355,-211.24254200000001,-489.715257,122.222222,-23.631718999999975,-22.088344999999947,-0.7377500000000055,57.370776422605516,-67.98495978017648,110.73803093551082,-42.73653261398631,106.22780262700964,88.04109810479429
356,-198.039883,-459.10805300000004,122.222222,-23.619377999999983,-22.039269999999874,-0.763149999999996,56.62510514109064,-71.62936480732643,116.26736827342151,-44.62152600204802,105.48213134549476,88.04087442207107
357,-184.837224,-428.50085,122.222222,-23.630301000000003,-22.05089799999996,-0.6343339999999955,55.74738702672939,-75.35303384717882,121.62520530578358,-46.25576177546487,104.60441328842928,88.04061309602072
358,-171.63456499999998,-397.893646,122.222222,-23.608937000000026,-21.95538899999997,-0.5610700000000008,54.69843125067279,-79.21318120464824,126.83379399448648,-47.60427839335265,103.55545756966848,88.040303526924
359,-158.431906,-367.286443,122.222222,-23.608944000000008,-21.884605999999962,-0.5097439999999978,53.421449444831126,-83.28445067536876,131.9103068586786,-48.609605266774984,102.27847587841836,88.03993030221625
360,-158.431906,-367.286443,66.666667,-23.270858000000004,-21.980811999999958,-0.44077900000000625,53.42142062505403,-74.95135559695817,134.5292694382474,-59.56165186666896,102.27844568354256,88.03993981331566
361,-171.63456499999998,-397.893646,66.666667,-23.258819000000017,-22.05221899999998,-0.49361100000001557,54.69828686530842,-71.65116722652988,129.25750957432126,-57.5900059459535,103.5553131843041,88.04031223588248
362,-184.837224,-428.50085,66.666667,-23.362662999999998,-22.13634499999995,-0.42989300000000696,55.747295296186394,-68.44083221747783,123.89493549879639,-55.437691764713726,104.6043215578863,88.04062048717627
363,-198.039883,-459.10805300000004,66.666667,-23.327780999999987,-22.123657999999978,-0.5693680000000114,56.625045267001056,-65.27330592197634,118.41613630427565,-53.12635131397044,105.48207147140518,88.04088072460682
364,-211.24254200000001,-489.715257,66.666667,-23.344298999999978,-22.11928299999994,-0.7104850000000056,57.370737060404984,-62.1115412327669,112.79326927859202,-50.66518807208263,106.22776320751333,88.04110354789334
365,-224.445201,-520.322461,66.666667,-23.411360000000002,-22.14135299999998,-0.9330929999999995,58.01235141409809,-58.92353702459696,106.99437483593307,-48.05424277634951,106.86937756120643,88.04129669196608
366,-237.64785999999998,-550.929664,66.666667,-23.47559000000001,-22.161245000000008,-0.9531060000000053,58.57042542728902,-55.67873000980088,100.9810057320764,-45.285630782664946,107.42745157439735,88.04146577181143
367,-250.85051800000002,-581.536868,66.666667,-23.421430999999984,-22.200647000000004,-1.1347590000000025,59.060389598245784,-52.34493015894105,94.70495421487213,-42.3433338526547,107.91741568805836,88.04161514190862
368,-264.05317699999995,-612.144071,66.666667,-23.44178499999998,-22.225663999999938,-1.3719360000000052,59.4940717239164,-48.88497445539703,88.10325050376201,-39.201544534831584,108.35109781372897,88.0417480108213
369,-277.255836,-642.751275,66.666667,-23.529710000000023,-22.266454000000067,-1.5253870000000092,59.88069590914044,-45.252118882298205,81.0898629804549,-35.82097488400036,108.73772194165723,88.04186701415536
370,-277.255836,-642.751275,11.111111,-23.284663000000023,-22.200153999999998,-1.4158720000000002,59.88072828125587,-40.52305140659488,81.94660304728833,-41.40678397352318,108.73775448565999,88.04186483691574
371,-264.05317699999995,-612.144071,11.111111,-23.215360000000032,-22.182486999999924,-1.2370590000000004,59.49407069259237,-43.85477216550352,88.95121509170947,-45.07971244399657,108.35109678240492,88.04174422929985
372,-250.85051800000002,-581.536868,11.111111,-23.251759999999933,-22.256689999999935,-1.041834999999999,59.06039532782374,-46.98245549159363,95.55609917694879,-48.556954627994365,107.9174214176363,88.04161107390827
373,-237.64785999999998,-550.929664,11.111111,-23.240290000000016,-22.197261000000026,-0.8967419999999997,58.57043837613519,-49.94470063479072,101.84587543976917,-51.88453118317082,107.42746452324353,88.04146130274061
374,-224.445201,-520.322461,11.111111,-23.208014999999904,-22.198509000000058,-0.665619000000099,58.01237312919852,-52.76877706298779,107.88300418665747,-55.09763346378178,106.86939927630686,88.04129159264171
375,-211.24254200000001,-489.715257,11.111111,-23.099702999999977,-22.13283400000006,-0.6159609999999986,57.37077023466132,-55.474313794584,113.71603247536977,-58.22518019673355,106.22779638176966,88.04109764642806
376,-198.039883,-459.10805300000004,11.111111,-23.100094999999982,-22.16023699999994,-0.5117689999999993,56.62509459866722,-58.075258856848244,119.38454040228105,-61.292804253273104,105.48212080307133,88.04087367722595
377,-184.837224,-428.50085,11.111111,-23.097656999999998,-22.19095599999997,-0.3888809999999996,55.747368634784166,-60.58083182825352,124.92253364278591,-64.3252924178714,104.60439483918829,88.04061195010512
378,-171.63456499999998,-397.893646,11.111111,-22.99405399999992,-22.09576400000003,-0.294416,54.69839750345866,-62.995669598940076,130.36113429028762,-67.34913075322817,103.55542382245433,88.04030163616328
379,-158.431906,-367.286443,11.111111,-23.019802999999996,-22.170097999999996,-0.12668999999999997,53.42138355468469,-65.31903706405672,135.73121382644976,-70.39592630422445,102.27840993097615,88.03992709365261
380,-158.431906,-367.286443,-44.444444,-22.744676999999996,-22.249289999999974,-0.06644200000000211,53.421420968828706,-54.94756447267268,135.4267853643743,-80.46297220970217,102.2784472305286,88.03993035951204
381,-171.63456499999998,-397.893646,-44.444444,-22.700151000000005,-22.156593999999927,-0.2538219999999072,54.69830216328155,-53.66207579055936,130.08241576228255,-76.40400259585705,103.55532853957301,88.04031567362927
382,-184.837224,-428.50085,-44.444444,-22.78808600000002,-22.229641999999956,-0.3119100000000046,55.74730314570819,-52.089933286865794,124.66333555767785,-72.55699018124945,104.60432940740809,88.04062237793698
383,-198.039883,-459.10805300000004,-44.444444,-22.80737099999999,-22.167472999999973,-0.543212000000004,56.6250496214803,-50.28309277445442,119.14052077130694,-68.84094852745318,105.48207582588442,88.04088181322663
384,-211.24254200000001,-489.715257,-44.444444,-22.806431999999973,-22.10839799999991,-0.7207050000000024,57.370739638715065,-48.2713719510121,113.4837140749667,-65.19580180643743,106.22776578582341,88.04110423544269
385,-224.445201,-520.322461,-44.444444,-22.929325000000006,-22.115075000000047,-0.8415040000000005,58.0123530756757,-46.06961615301068,107.65945129567477,-61.57323993579015,106.86937922278403,88.04129709303653
386,-237.64785999999998,-550.929664,-44.444444,-23.024898000000007,-22.193024000000037,-0.8871290000000016,58.570426515908835,-43.68121282152652,101.62845697871583,-57.93059910298719,107.42745266301716,88.04146605829033
387,-250.85051800000002,-581.536868,-44.444444,-22.98660799999999,-22.18136800000002,-1.031882000000003,59.0603904003867,-41.09932771597932,95.34228639659598,-54.22626836274872,107.91741649019927,88.04161525650018
388,-264.05317699999995,-612.144071,-44.444444,-23.007726000000048,-22.162132999999926,-1.216270999999999,59.49407235416997,-38.306302449010474,88.73836894845282,-50.41533487131738,108.35109838668676,88.04174806811709
389,-277.255836,-642.751275,-44.444444,-23.07108900000003,-22.133027000000084,-1.4582730000000055,59.88072828125587,-35.27074099609487,81.73147040135866,-46.44396013381168,108.73775431377265,88.04186707145114
390,-277.255836,-642.751275,-100.0,-22.905059999999935,-22.13734700000009,-1.2978219999999965,59.880728223960084,-29.576118397726663,80.44214009452479,-50.849254373402516,108.73775414188532,88.04186558176087
391,-264.05317699999995,-612.144071,-100.0,-22.85051800000008,-22.14734599999997,-1.0579129999999992,59.494072869831996,-32.33614255620312,87.46380622771797,-55.11093324660126,108.35109895964455,88.04174417200407
392,-250.85051800000002,-581.536868,-100.0,-22.837061999999946,-22.177727000000004,-0.956823,59.06039882286629,-34.81166555283141,94.06416285775596,-59.23580824756376,107.91742496997463,88.04161095931671
393,-237.64785999999998,-550.929664,-100.0,-22.773694000000035,-22.198261000000002,-0.7906370000000038,58.570443819234235,-37.029121196560325,100.33091601479039,-63.285151196422426,107.4274699090468,88.04146113085328
394,-224.445201,-520.322461,-100.0,-22.746344999999906,-22.19126200000005,-0.6235570000000052,58.01238149438233,-38.99887291880509,106.32752977006939,-67.31206324867217,106.86940764149067,88.0412913061628
395,-211.24254200000001,-489.715257,-100.0,-22.65385599999999,-22.184864000000005,-0.5045620000000071,57.37078352728218,-40.71771971895586,112.10207264699856,-71.36781455858204,106.22780967439051,88.04109718806181
396,-198.039883,-459.10805300000004,-100.0,-22.636867999999993,-22.215007999999955,-0.3244049999999987,56.62511648565499,-42.16879028177723,117.69228864140264,-75.50702123935305,105.4821427473549,88.04087298967659
397,-184.837224,-428.50085,-100.0,-22.56444899999991,-22.31417399999998,-0.2231879999998938,55.74740644999864,-43.319144518781975,123.12881661408045,-79.79326281322905,104.60443276899433,88.0406108614853
398,-171.63456499999998,-397.893646,-100.0,-22.544573000000014,-22.280955000000006,-0.09401099999999474,54.69846694594343,-44.11447542749954,128.43738179707555,-84.3065725460482,103.55549337953066,88.04029980269833
399,-158.431906,-367.286443,-100.0,-22.51153500000001,-22.32211699999999,0.022475999999997498,53.42142108342027,-44.469065026735805,133.63987427213408,-89.15455901641278,102.27844768889484,88.03992394238473
400,-99.776458,-387.355984,-100.0,-22.779751999999988,-21.885355999999945,0.0163960000000003,64.53305184182287,-44.43209801897708,132.44101508977116,-87.99161471940937,113.39007770245232,88.04334799546422
401,-108.09116200000001,-419.63565000000006,-100.0,-22.783394,-21.893042999999864,-0.08048699999999087,65.57387574248473,-43.967940898437035,127.23509609791465,-83.24970932216523,114.43090171770575,88.04370133853647
402,-116.405867,-451.91531499999996,-100.0,-22.808164999999974,-21.86660100000006,-0.2405469999999923,66.43250204367554,-43.08856235238549,121.91646479130421,-78.81033612587781,115.28952790430499,88.04398793202559
403,-124.720572,-484.19498,-100.0,-22.826029000000005,-21.82067799999993,-0.3207749999999976,67.15355046394467,-41.87025560735713,116.46220337379667,-74.57427568538964,116.01057626727832,88.04423229852522
404,-133.035277,-516.474646,-100.0,-22.859128999999996,-21.819406999999956,-0.4695119999999946,67.76789815723794,-40.36107732653121,110.84663938276131,-70.46779646846805,116.62492390327583,88.04444326158539
405,-141.349982,-548.754311,-100.0,-22.919365999999997,-21.80228199999999,-0.5907830000000018,68.29779009535977,-38.58970851662482,105.03823447095678,-66.43067717309805,117.15481584139765,88.04462718103761
406,-149.664686,-581.0339759999999,-100.0,-22.96443100000002,-21.821657000000073,-0.7345439999999996,68.75964627469035,-36.56971183349385,98.99769164045465,-62.4100565985093,117.61667196343245,88.04478904161475
407,-157.979391,-613.3136420000001,-100.0,-22.990755000000007,-21.802149999999983,-0.9194949999999977,69.16586257983155,-34.30132832048271,92.67446581507564,-58.355147307375155,118.02288821127789,88.04493256754242
408,-166.294096,-645.593307,-100.0,-23.011368000000004,-21.771642000000043,-1.0118889999999965,69.52597927373432,-31.771050955937426,86.00116483951973,-54.212063192021375,118.38300490518066,88.0450607382012
409,-174.608801,-677.872972,-100.0,-23.042750000000012,-21.798896000000013,-1.1930660000000017,69.84748628987975,-28.948318457544623,78.88336509726206,-49.91694105879975,118.7045118640303,88.04517590271801
410,-174.608801,-677.872972,-44.444444,-23.197327,-21.84151399999996,-1.3023390000000035,69.84748623258396,-34.58950059481163,80.17869008961905,-45.571086263016696,118.70451169214294,88.04517441302774
411,-166.294096,-645.593307,-44.444444,-23.215281000000004,-21.87355100000002,-0.961110000000005,69.52597325767748,-37.678763376512556,87.27691994272202,-49.58010776540927,118.38299894641958,88.04505667020085
412,-157.979391,-613.3136420000001,-44.444444,-23.18890899999991,-21.900659999999903,-0.8140059999999991,69.16586229335266,-40.51684380995509,93.95021278227723,-53.415380847752445,118.02288798209476,88.04492809847162
413,-149.664686,-581.0339759999999,-44.444444,-23.20164799999992,-21.895262000000116,-0.6855139999999977,68.7596514313105,-43.13850708338705,100.28959487156335,-57.13316687155598,117.61667712005261,88.04478399958614
414,-141.349982,-548.754311,-44.444444,-23.14069699999999,-21.86040600000001,-0.6270620000000022,68.297801210741,-45.563957407538126,106.36125418048233,-60.779450627316166,117.15482695677888,88.04462127957233
415,-133.035277,-516.474646,-44.444444,-23.069647000000003,-21.842660000000024,-0.5415750000000017,67.76791632000004,-47.80224923444477,112.21584940274428,-64.39583778910111,116.62494206603793,88.04443615690873
416,-124.720572,-484.19498,-44.444444,-23.070877999999993,-21.898451000000023,-0.3375730000000061,67.15357739296104,-49.85231577398823,117.89393013660927,-68.02394623497993,116.01060319629471,88.04422353227095
417,-116.405867,-451.91531499999996,-44.444444,-23.08613600000001,-21.938703000000032,-0.15468800000000016,66.43254025996048,-51.702190516138316,123.42950406282418,-71.70975221837777,115.28956612058991,88.04397653016547
418,-108.09116200000001,-419.63565000000006,-44.444444,-23.030661999999992,-21.86137199999996,-0.08841300000000274,65.57385523059568,-53.32617172012103,128.85267931138225,-75.50906841755506,114.4308811485209,88.043685868676
419,-99.776458,-387.355984,-44.444444,-22.97373599999989,-21.869905000000017,-0.039787000000004014,64.53305373258358,-54.67882910399422,134.19199193067837,-79.49586431411669,113.3900797078046,88.0433382551817
420,-99.776458,-387.355984,11.111111,-23.23652899999989,-21.807098999999994,-0.09000599999999892,64.53305195641443,-64.7883214418086,134.48949751560264,-69.68390259948221,113.39007678571984,88.0433295462232
421,-108.09116200000001,-419.63565000000006,11.111111,-23.243625999999992,-21.802264999999863,-0.2082309999999996,65.5737480301922,-62.45223683465436,129.12660401610697,-66.65692267923896,114.43077389082164,88.04369881752217
422,-116.405867,-451.91531499999996,11.111111,-23.281757999999996,-21.882002000000057,-0.3146350000000009,66.43247276553221,-60.024513071267975,123.6850153937037,-63.64293675423993,115.28949856886587,88.04398644233532
423,-124.720572,-484.19498,11.111111,-23.288087999999988,-21.830947000000037,-0.4623849999999994,67.15353402005594,-57.50477446322322,118.13513304976675,-60.61268696385988,116.01055976609382,88.04423143908852
424,-133.035277,-516.474646,11.111111,-23.269375999999994,-21.83215699999994,-0.6061359999999993,67.76788853154699,-54.887510187854936,112.44607135057497,-57.54079580414108,116.62491427758486,88.04444268862758
425,-141.349982,-548.754311,11.111111,-23.35024899999999,-21.89624500000002,-0.6273939999999989,68.29778436578182,-52.16265715822414,106.58334453939719,-54.402838771826474,117.15481005452392,88.04462683726294
426,-149.664686,-581.0339759999999,11.111111,-23.367345,-21.896919000000025,-0.7740729999999996,68.75964272235203,-49.31528214613322,100.50615114572658,-51.17294590573342,117.61666841109414,88.04478881243162
427,-157.979391,-613.3136420000001,11.111111,-23.39234899999991,-21.92636099999993,-0.9279750000000995,69.16586040259195,-46.324448242424054,94.16378314418691,-47.82134477184089,118.02288603403827,88.04493245295086
428,-166.294096,-645.593307,11.111111,-23.35544200000001,-21.873066999999992,-1.1703679999999999,69.52597795593141,-43.16099034833844,87.49022857751089,-44.31118759490732,118.38300353008196,88.04506068090541
429,-174.608801,-677.872972,11.111111,-23.406858,-21.987892999999985,-1.2224379999999986,69.84748628987975,-39.7832196536322,80.39473998368297,-40.59341480642885,118.7045118640303,88.04517584542224
430,-174.608801,-677.872972,66.666667,-23.615748999999994,-22.052200999999968,-1.1779999999999973,69.84748628987975,-44.45122564200973,79.53373138127579,-35.06440330961624,118.70451192132607,88.04517332440794
431,-166.294096,-645.593307,66.666667,-23.624325,-21.96821299999999,-1.2093180000000103,69.52597228364924,-48.12424223339201,86.64114202360902,-38.49885093212104,118.38299797239135,88.04505667020085
432,-157.979391,-613.3136420000001,66.666667,-23.59424100000001,-21.997238999999922,-0.848817000000011,69.16586114743707,-51.61227281160166,93.3140473145116,-41.683786321044465,118.02288683617917,88.04492821306319
433,-149.664686,-581.0339759999999,66.666667,-23.623648000000003,-21.93877400000008,-0.7637250000001075,68.7596500562118,-54.96489575842603,99.64497374995295,-44.662157017610824,117.61667574495391,88.04478417147348
434,-141.349982,-548.754311,66.666667,-23.580894,-21.885940000000005,-0.7107799999999997,68.29779926268449,-58.220662940180944,105.70066976715026,-47.46216062404547,117.15482500872238,88.04462162334701
435,-133.035277,-516.474646,66.666667,-23.530163999999985,-21.871132999999986,-0.6091830000000016,67.76791345521107,-61.41227970454496,111.53169362031208,-50.10165130738558,116.62493920124895,88.04443667257073
436,-124.720572,-484.19498,66.666667,-23.53701799999999,-21.82291600000002,-0.3980360000000047,67.15357286659444,-64.57008451054492,117.17791194200672,-52.59015890275024,116.01059861263235,88.04422427711609
437,-116.405867,-451.91531499999996,66.666667,-23.604674999999986,-21.888071000000025,-0.21087500000000148,66.43253258232603,-67.7250449821625,122.67201409439026,-54.92940732555343,115.28955832836391,88.04397773337683
438,-108.09116200000001,-419.63565000000006,66.666667,-23.57207099999998,-21.810840999999925,-0.2729709999999983,65.5738411931297,-70.91206777092515,128.04196666310506,-57.1124589163328,114.43086699646337,88.0436878167325
439,-99.776458,-387.355984,66.666667,-23.556935999999993,-21.76183100000003,-0.19872999999999763,64.53302611601787,-74.17458044209792,133.31295561231786,-59.12107551173688,113.39005197664731,88.04334146374534
440,-99.776458,-387.355984,122.222222,-23.852982999999995,-21.662547000000018,-0.3220900000000029,64.53305230018911,-82.31592310495853,130.74317882385517,-48.409962878611346,113.39007844729744,88.04334375557652
441,-108.09116200000001,-419.63565000000006,122.222222,-23.81216499999998,-21.705969999999922,-0.38207300000000544,65.57378298061771,-78.31651405819909,125.65684191071618,-47.32288466810636,114.43080884124716,88.04369601002897
442,-116.405867,-451.91531499999996,122.222222,-23.801319000000007,-21.758663000000013,-0.5181430000001086,66.43249138666054,-74.50486190580531,120.43227188212103,-45.90984532485239,115.28951718999423,88.0439848380535
443,-124.720572,-484.19498,122.222222,-23.79414,-21.792150999999933,-0.6243220000000065,67.15354433329625,-70.81312689784767,115.05227673835628,-44.22147873348699,116.01057007933416,88.04423046506028
444,-133.035277,-516.474646,122.222222,-23.776100999999983,-21.892480999999975,-0.49731200000010745,67.76789443301229,-67.18777924910466,109.49385503144073,-42.28831076753178,116.62492012175437,88.0444421156698
445,-141.349982,-548.754311,122.222222,-23.821296999999987,-21.956921999999963,-0.6889150000000086,68.29778768893703,-63.58357551917118,103.72734198612295,-40.1259181440841,117.15481337767913,88.04462643619249
446,-149.664686,-581.0339759999999,122.222222,-23.835463000000004,-22.01337000000001,-0.7901860000000056,68.75964461311274,-59.95886385358078,97.71427328403827,-37.73748650848487,117.61667024455909,88.0447885832485
447,-157.979391,-613.3136420000001,122.222222,-23.828304000000003,-22.004880999999955,-0.9640370000001042,69.16586137662019,-56.27155356949182,91.40387930684743,-35.11433583661675,118.02288700806652,88.04493228106352
448,-166.294096,-645.593307,122.222222,-23.81322499999999,-22.066536000000042,-1.0977970000000141,69.52597835700186,-52.474749217288405,84.72723053889459,-32.234430859228375,118.3830039311524,88.04506056631385
449,-174.608801,-677.872972,122.222222,-23.83957000000001,-22.126935000000003,-1.3360629999999958,69.84748628987975,-48.510386566462635,77.58634111315516,-29.057849252253735,118.70451180673452,88.04517573083068
450,-174.608801,-677.872972,177.77777799999998,-24.053039000000012,-22.201612999999952,-1.1873869999999727,69.84748628987975,-51.87715819037574,74.52643554296115,-22.631177042879433,118.70451203591762,88.04517103257675
451,-166.294096,-645.593307,177.77777799999998,-24.054877000000005,-22.124442000000045,-1.0671799999999791,69.52597216905768,-56.124048449924366,81.7365446301839,-25.5944474940509,118.38299791509556,88.0450564983135
452,-157.979391,-613.3136420000001,177.77777799999998,-24.060034,-22.07643799999994,-0.9897209999999745,69.16586292360623,-60.2056827271588,88.4340739855436,-28.21040319111088,118.02288861234834,88.0449281557674
453,-149.664686,-581.0339759999999,177.77777799999998,-24.09408400000001,-22.021695000000022,-0.7819920000000025,68.75965378043747,-64.18872620852858,94.72690818141237,-30.520261056263475,117.61667946917959,88.04478422876926
454,-141.349982,-548.754311,177.77777799999998,-24.096293000000003,-21.999713999999926,-0.6089849999999899,68.29780573710758,-68.12697138040421,100.68886526664996,-32.54404756873034,117.15483148314547,88.04462179523435
455,-133.035277,-516.474646,177.77777799999998,-24.054770999999903,-21.907712999999944,-0.6787459999999896,67.7679239976345,-72.06869841680087,106.37243820205174,-34.285977062277766,116.62494974367239,88.04443701634541
456,-124.720572,-484.19498,177.77777799999998,-24.108352999999994,-21.841638999999986,-0.6216099999999756,67.15359016991987,-76.06155620683501,111.81552482261041,-35.73629991517649,116.01061591595774,88.04422485007387
457,-116.405867,-451.91531499999996,177.77777799999998,-24.134635000000003,-21.81836000000004,-0.42383599999999433,66.43256157399045,-80.15676591688417,117.04524917953057,-36.87092118949318,115.28958737732411,88.04397865010931
458,-108.09116200000001,-419.63565000000006,177.77777799999998,-24.20548699999999,-21.807540999999958,-0.29407000000000494,65.57389172800723,-84.41362002708166,122.08007168649246,-37.64901122519746,114.43091764593244,88.04368924912698
459,-99.776458,-387.355984,177.77777799999998,-24.20525099999999,-21.680586000000005,-0.43176799999997684,64.53311904977224,-88.9052263478044,126.93074091714115,-38.00821428060012,113.39014508228902,88.04334369828075
460,-99.776458,-387.355984,233.333333,-24.509789999999995,-21.690431000000046,-0.3492660000000285,64.53305218559755,-93.86826257154388,122.03952518220443,-28.153963009473266,113.39007793163543,88.04334828194311
461,-108.09116200000001,-419.63565000000006,233.333333,-24.42139299999998,-21.74928899999992,-0.593505000000107,65.57387574248473,-89.11281308227642,117.43617593402136,-28.305920469475126,114.43090166040996,88.04369469222604
462,-116.405867,-451.91531499999996,233.333333,-24.372455000000002,-21.799284999999998,-0.5914260000000127,66.43256862137133,-84.58584054057879,112.60347345661661,-28.00006878023653,115.28959442470499,88.04398392132103
463,-124.720572,-484.19498,233.333333,-24.329476,-21.85039100000006,-0.6405870000000107,67.15356644946715,-80.22255207148439,107.53461467831387,-27.294391958174074,116.01059219550504,88.0442298348067
464,-133.035277,-516.474646,233.333333,-24.29513799999998,-21.981687999999963,-0.7760440000000131,67.76790789752046,-75.9661700212143,102.21276650016269,-26.22883186521458,116.62493358626257,88.04444165730355
465,-141.349982,-548.754311,233.333333,-24.308683000000002,-22.02668099999994,-0.8124180000000081,68.29779582493772,-71.76626230086639,96.61161910128108,-24.82750876402591,117.15482145638404,88.04462614971358
466,-149.664686,-581.0339759999999,233.333333,-24.288528000000014,-22.051322000000027,-0.7549800000000175,68.75964936866244,-67.57337617829783,90.691584879547,-23.100286008459673,117.61667500010877,88.04478835406539
467,-157.979391,-613.3136420000001,233.333333,-24.269912000000005,-22.135137999999984,-1.0632710000000145,69.16589374873561,-63.335102917509076,84.39500766499418,-21.041915133225142,118.02291938018193,88.04493210917619
468,-166.294096,-645.593307,233.333333,-24.279898000000003,-22.22947499999998,-1.24014600000001,69.52600643193382,-58.99188928527425,77.63908491487327,-18.629145453700122,118.38303200608436,88.04506039442651
469,-174.608801,-677.872972,233.333333,-24.262045999999998,-22.31527600000004,-1.3402389999999968,69.84748623258396,-54.46646796951115,70.2976713189235,-15.81309857063558,118.70451174943872,88.04517544435178
470,-174.608801,-677.872972,288.888889,-24.480156999999906,-22.391583999999966,-1.1855520000000297,69.84748623258396,-56.18167809194467,64.78682791272405,-8.58705581360914,118.7045115775514,88.04516564677348
471,-166.294096,-645.593307,288.888889,-24.53066100000001,-22.324295000000006,-1.2303509999999847,69.52596890319825,-61.000106299912005,72.36731341990385,-11.349159006741012,118.38299459194036,88.04505581076415
472,-157.979391,-613.3136420000001,288.888889,-24.49972600000001,-22.194836999999893,-1.0077570000000264,69.16586366845137,-65.59299706298165,79.25035390425542,-13.639369060478764,118.02288935719348,88.04492775469694
473,-149.664686,-581.0339759999999,288.888889,-24.55183699999992,-22.134872000000087,-0.9470820000000231,68.75965796302938,-70.05394790712947,85.5962037703161,-15.524335061157863,117.61668365177148,88.04478405688192
474,-141.349982,-548.754311,288.888889,-24.558076,-22.079930999999988,-0.9093270000000757,68.29781370122093,-74.45111766248112,91.50611703637388,-17.037153170968917,117.15483938996304,88.04462173793857
475,-133.035277,-516.474646,288.888889,-24.586489,-22.042816000000016,-0.6955460000000357,67.7679368891849,-78.84001362079219,97.04725209094833,-18.189475804478835,116.624962577927,88.04443713093697
476,-124.720572,-484.19498,288.888889,-24.601972999999987,-21.908595000000048,-0.6314260000000331,67.15361010885114,-83.27011819341935,102.26463614017275,-18.976849246154504,116.01063585488903,88.044225079257
477,-116.405867,-451.91531499999996,288.888889,-24.688900999999902,-21.873511000000008,-0.5808969999999931,66.43259216993671,-87.78910496396001,107.18763831307619,-19.38097116137139,115.28961803056617,88.04397905117978
478,-108.09116200000001,-419.63565000000006,288.888889,-24.701813,-21.69017299999996,-0.5702840000000151,65.57393916891266,-92.44598817995643,111.83357173264989,-19.37014294659277,114.43096508683789,88.04368987938057
479,-99.776458,-387.355984,288.888889,-24.735486999999992,-21.649833,-0.5141619999999989,64.53305224289332,-97.29347692188436,116.2092231985687,-18.898445701468805,113.39007833270588,88.04334461501323
480,-99.776458,-387.355984,344.44444400000003,-25.002818999999988,-21.722976000000017,-0.49161100000003444,64.53305218559755,-99.33626426182381,109.5289014273744,-10.17533882487045,113.39007787433965,88.04334432853433
481,-108.09116200000001,-419.63565000000006,344.44444400000003,-24.933289999999985,-21.79895199999993,-0.5670410000000174,65.57387574248473,-94.50561560893146,105.33952564532926,-10.81646776871951,114.43090166040996,88.04369440574715
482,-116.405867,-451.91531499999996,344.44444400000003,-24.896704,-21.91231399999998,-0.6112070000000358,66.43256862137133,-89.81466695804242,100.84363996013047,-11.01140909546988,115.28959442470499,88.0439836921379
483,-124.720572,-484.19498,344.44444400000003,-24.860034999999897,-22.014355999999964,-0.7207460000000196,67.15360810349885,-85.22086828605062,96.03035840285368,-10.791819640035,116.01063384953673,88.04422960562357
484,-133.035277,-516.474646,344.44444400000003,-24.765220999999997,-22.066816000000017,-0.8173890000001052,67.76794737431254,-80.68174399706761,90.87759345049659,-10.17808501158251,116.62497306305464,88.04444148541621
485,-141.349982,-548.754311,344.44444400000003,-24.781637999999987,-22.171142999999915,-0.9851670000000468,68.29783209316616,-76.15243378756584,85.34890000255605,-9.178618350488774,117.15485772461247,88.04462603512204
486,-149.664686,-581.0339759999999,344.44444400000003,-24.776768000000004,-22.245734000000084,-1.063574000000017,68.75968231373567,-71.58235814660254,79.38800426433818,-7.787723768720837,117.61670788788621,88.04478823947383
487,-157.979391,-613.3136420000001,344.44444400000003,-24.699101000000013,-22.244461999999885,-0.9403570000000059,69.16589374873561,-66.90989437469155,72.90892286059812,-5.981039272717075,118.02291932288615,88.04493193728884
488,-166.294096,-645.593307,344.44444400000003,-24.703142000000014,-22.41031099999998,-1.2485470000000305,69.52600643193382,-62.05272167199766,65.77689107589252,-3.706120030136878,118.3830318914928,88.04506005065184
489,-174.608801,-677.872972,344.44444400000003,-24.68622099999999,-22.493452000000048,-1.2513100000000463,69.84748623258396,-56.88778480424081,57.767555081536884,-0.8616673319842382,118.70451140566405,88.04517458491509
490,-174.608801,-677.872972,400.0,-24.892573,-22.635084000000006,-1.309287999999981,69.84748623258396,-56.341385550970806,48.75825979697525,7.601231277617471,118.70451180673452,88.04517504328132
491,-166.294096,-645.593307,400.0,-24.95791700000001,-22.53562999999997,-1.1170490000000086,69.52600643193382,-62.00074420133054,57.57650625815929,4.44228336352045,118.38303212067594,88.04505277408785
492,-157.979391,-613.3136420000001,400.0,-24.92080200000001,-22.35130199999992,-0.9475080000000276,69.16589374873561,-67.189070409496,65.17970753656377,2.0273495078116617,118.0229194947735,88.04492626500667
493,-149.664686,-581.0339759999999,400.0,-24.987216000000018,-22.306464000000005,-1.1118149999999787,68.75965555660663,-72.0981641465142,71.93892118437257,0.1771631339168116,117.61668124534874,88.04478314014945
494,-141.349982,-548.754311,400.0,-25.016868999999986,-22.207158999999933,-0.9928440000000478,68.29781570657322,-76.83953067695202,78.05551596888185,-1.1981394900764513,117.15484139531532,88.04462116498077
495,-133.035277,-516.474646,400.0,-24.99015,-22.08525899999995,-0.8608310000000756,67.76794261876285,-81.48915205396561,83.65236836153957,-2.1454538710797735,116.62496836480074,88.04443672986652
496,-124.720572,-484.19498,400.0,-25.08489,-22.05785800000001,-0.8204269999999951,67.15361950535898,-86.10310875628883,88.80691733258337,-2.6861399902871916,116.01064530869265,88.04422485007387
497,-116.405867,-451.91531499999996,400.0,-25.12588500000001,-21.95464000000004,-0.6671820000000253,66.432605347966,-90.72659162680124,93.56911162371935,-2.824957923764873,115.28963115129967,88.0439789365882
498,-108.09116200000001,-419.63565000000006,400.0,-25.16096899999998,-21.79988899999995,-0.5140170000000239,65.57395538361826,-95.39855990481098,97.97042185857751,-2.554421404961638,114.43098124424772,88.04368987938057
499,-99.776458,-387.355984,400.0,-25.23549399999989,-21.757862000000046,-0.5314359999999851,64.53305224289332,-100.1543269845843,102.02861522920179,-1.8569875548103916,113.3900782754101,88.04334467230899
500,-38.724348,-398.121118,400.0,-25.070073000000008,-21.795726999999943,-0.38231799999999794,75.41005523720382,-98.78746803961788,100.90559159468678,-2.0989224215511526,124.2670596692117,88.04728450199565
501,-41.951377,-431.297878,400.0,-24.931791999999895,-21.891543999999897,-0.5013169999999718,76.24135924379289,-94.07764266391466,96.76782269420688,-2.670769824475012,125.09838453146453,88.04764082444845
502,-45.178405999999995,-464.47463799999997,400.0,-24.908619,-21.98504700000001,-0.6279670000000124,76.93083396532462,-89.43853540621639,92.28306264617818,-2.8249499596515206,125.78785919570049,88.04792885033207
503,-48.405435,-497.65139800000003,400.0,-24.795196000000004,-22.001076999999952,-0.6866929999999911,77.51227256714743,-84.83492861350442,87.43007918169916,-2.5754280430834173,126.36929774022751,88.04817556595864
504,-51.632464000000006,-530.828158,400.0,-24.766349999999996,-22.08941900000002,-0.8122030000000109,78.00943348908149,-80.22734486344065,82.17322332512305,-1.9260283961658609,126.86645860486581,88.048389336512
505,-54.859493,-564.004918,400.0,-24.76106399999999,-22.23383799999999,-0.8903900000000817,78.43953497230721,-75.56885937097015,76.45649120217321,-0.867669122184013,127.29656003079575,88.04857640723212
506,-58.086522,-597.181677,400.0,-24.684630999999996,-22.298446000000013,-0.9726890000000026,78.81537454484085,-70.7997792730523,70.19293870197394,0.6269035477115552,127.6723995460336,88.0487414763729
507,-61.313551000000004,-630.3584370000001,400.0,-24.616722999999993,-22.36782299999993,-0.9799049999999738,79.14666980007094,-65.83758787558173,63.244180416887104,2.6135598167438614,128.00369468667213,88.0488880389769
508,-64.54058,-663.5351969999999,400.0,-24.610696999999902,-22.48725400000012,-1.0932149999999865,79.44093702753713,-60.55538115758537,55.375931727244094,5.199681143045143,128.2979616849552,88.04901838687529
509,-67.76760900000001,-696.711957,400.0,-24.565472999999983,-22.568896999999993,-1.1776679999999828,79.70408388047343,-54.726632691715366,46.143479809310875,8.603451631170383,128.56110739197592,88.0491326919554
510,-67.76760900000001,-696.711957,344.44444400000003,-24.408220999999998,-22.402398000000062,-1.1232520000000363,79.70408399506499,-55.44885899861972,55.460599705982865,0.008568297347283897,128.5611090535535,88.04913870801225
511,-64.54058,-663.5351969999999,344.44444400000003,-24.486064999999996,-22.34732000000008,-1.150598000000116,79.44093714212867,-60.71827512138913,63.748807838328425,-3.010302608517255,128.29796242980032,88.0490132875509
512,-61.313551000000004,-630.3584370000001,344.44444400000003,-24.507943999999995,-22.22263899999996,-0.9328510000000279,79.14663897494157,-65.63606847768125,71.07698605191489,-5.420767450719802,128.0036642626132,88.0488829969483
513,-58.086522,-597.181677,344.44444400000003,-24.549396,-22.189687999999933,-0.8588800000001129,78.81535162652904,-70.34083624033528,77.70379322126931,-7.3428965826109,127.67237685690492,88.04873649164007
514,-54.859493,-564.004918,344.44444400000003,-24.58657699999999,-22.132922000000008,-0.9030610000000365,78.43951892948894,-74.92320681073697,83.7828511914926,-8.839684364638222,127.29654415986482,88.04857136520351
515,-51.632464000000006,-530.828158,344.44444400000003,-24.596757999999987,-22.046509000000015,-0.6626840000000129,78.00942541037658,-79.44859747325802,89.41028652426837,-9.941841850282799,126.86645064075243,88.04838423718763
516,-48.405435,-497.65139800000003,344.44444400000003,-24.663187000000008,-21.98440499999998,-0.4949940000000197,77.5122757184153,-83.96933984377874,94.64879495444147,-10.659735393044592,126.36930094879118,88.0481703520427
517,-45.178405999999995,-464.47463799999997,344.44444400000003,-24.736331000000007,-21.934898000000032,-0.5127370000000724,76.93085505017149,-88.53074903972447,99.53924092058044,-10.988917522630459,125.78788028054737,88.04792363641613
518,-41.951377,-431.297878,344.44444400000003,-24.785818,-21.809173999999985,-0.3412050000001159,76.24141115376914,-93.17475021642984,104.10699997858646,-10.912842306536831,125.09843649873655,88.04763566782829
519,-38.724348,-398.121118,344.44444400000003,-24.880201999999997,-21.747494999999958,-0.30704600000007076,75.41005953438727,-97.94195525266734,108.36523543273225,-10.404066727954547,124.26708499394627,88.04729492982752
520,-38.724348,-398.121118,288.888889,-24.66179799999989,-21.680181999999945,-0.404248999999993,75.41005982086617,-95.88822854413704,114.98880808344582,-19.08136396725459,124.26708671281963,88.0472938985035
521,-41.951377,-431.297878,288.888889,-24.552305999999994,-21.762446999999952,-0.38537900000000036,76.24135924379289,-91.11938908849314,110.55439074290317,-19.415591448592814,125.09838458876031,88.04764082444845
522,-45.178405999999995,-464.47463799999997,288.888889,-24.499468000000007,-21.81541900000002,-0.5336320000000114,76.93083396532462,-86.5216854799444,105.84801560445067,-19.306752786900223,125.78785919570049,88.04792890762783
523,-48.405435,-497.65139800000003,288.888889,-24.451606999999996,-21.870496999999943,-0.5368200000000343,77.51227256714743,-82.04486811664647,100.86009920411963,-18.795508447770278,126.36929774022751,88.04817562325442
524,-51.632464000000006,-530.828158,288.888889,-24.406951,-21.975983999999926,-0.6565730000000372,78.00940627358622,-77.64195400103239,95.570871919668,-17.909067681231733,126.86643144666631,88.0483893938078
525,-54.859493,-564.004918,288.888889,-24.39763599999999,-22.03398100000004,-0.8374560000000884,78.43950907461488,-73.26519065321632,89.94685909298565,-16.66170538697559,127.29653419039917,88.04857652182368
526,-58.086522,-597.181677,288.888889,-24.337418,-22.024220000000014,-0.9245990000000006,78.81537454484085,-68.86453725717449,83.93804614951584,-15.053445400046133,127.67239960332938,88.04874176285179
527,-61.313551000000004,-630.3584370000001,288.888889,-24.29318599999999,-22.133963999999878,-0.9088669999999865,79.14666980007094,-64.38302553606951,77.4706882071093,-13.067509167074968,128.00369485855947,88.04888866923046
528,-64.54058,-663.5351969999999,288.888889,-24.265929999999997,-22.211407000000122,-1.0836380000000077,79.4409370848329,-59.74746826757407,70.43114739498985,-10.66344477910605,128.29796208602565,88.04902004845289
529,-67.76760900000001,-696.711957,288.888889,-24.24410299999998,-22.333866000000057,-1.1438360000000216,79.70408399506499,-54.85525982596151,62.63838996285567,-7.76282325212757,128.56110882437042,88.04913790587133
530,-67.76760900000001,-696.711957,233.333333,-24.060233999999994,-22.17023000000006,-1.176575000000014,79.70408439613544,-53.228022330941734,68.23806474561222,-14.989742577284781,128.56111312155386,88.04912616023654
531,-64.54058,-663.5351969999999,233.333333,-24.11463599999999,-22.142708000000084,-1.0505220000000008,79.44090448353435,-57.81245784123707,75.75441839923369,-17.92172850151808,128.2979297139102,88.04901546479053
532,-61.313551000000004,-630.3584370000001,233.333333,-24.138851999999986,-22.031879999999887,-0.8914530000000127,79.1466424699841,-62.18914853800471,82.64128309038885,-20.431983512137833,128.00366770035998,88.04888414286388
533,-58.086522,-597.181677,233.333333,-24.164357999999993,-21.968006999999943,-0.7363620000000992,78.81535088168391,-66.44185775692067,89.0404286311159,-22.578509902914313,127.67237611205978,88.04873712189365
534,-54.859493,-564.004918,233.333333,-24.199337,-21.99622599999998,-0.6984309999999994,78.4395148614886,-70.63371954554312,95.0441250041794,-24.390445098744213,127.2965400345687,88.04857176627397
535,-51.632464000000006,-530.828158,233.333333,-24.218646999999997,-21.924981000000002,-0.5989190000000235,78.0094177900379,-74.81788565154024,100.71524430083356,-25.877511219382654,126.86644296311799,88.04838440907497
536,-48.405435,-497.65139800000003,233.333333,-24.263165,-21.848340999999948,-0.4999800000000221,77.51226380089317,-79.04350124331052,106.097240442402,-27.034019481473344,126.36928903126902,88.0481703520427
537,-45.178405999999995,-464.47463799999997,233.333333,-24.3268929999999,-21.76689300000004,-0.3989779999999996,76.93083751766295,-83.35990835755081,111.21962488063006,-27.840142164853756,125.78786280533463,88.0479234645288
538,-41.951377,-431.297878,233.333333,-24.349956,-21.71301699999998,-0.4640070000000094,76.2413863446966,-87.82022281747557,116.10098471016651,-28.26135460895848,125.09841168966403,88.04763532405362
539,-38.724348,-398.121118,233.333333,-24.440252,-21.67808199999996,-0.2587880000000098,75.41013378971752,-92.48499371425446,120.7505018661572,-28.24629492897548,124.26715919198074,88.04729441416552
540,-38.724348,-398.121118,177.77777799999998,-24.166116999999893,-21.662623999999994,-0.32710099999997055,75.41005964897883,-87.59509927728908,125.56560840860303,-37.95128576703372,124.26708545231249,88.04730249287041
541,-41.951377,-431.297878,177.77777799999998,-24.078561999999998,-21.717053999999962,-0.2878599999999949,76.24131031319719,-83.19671565355267,120.6834600745489,-37.467333642221256,125.09833565816461,88.04764162658937
542,-45.178405999999995,-464.47463799999997,177.77777799999998,-24.039495000000002,-21.718790000000013,-0.3669079999999951,76.93078778492635,-79.00571966145445,115.6125898706106,-36.58729241318386,125.78781301530222,88.04792953788142
543,-48.405435,-497.65139800000003,177.77777799999998,-24.017508000000007,-21.81626799999998,-0.47174600000008127,77.51223142877774,-74.95581681823839,110.34110749014461,-35.36556763113287,126.36925660185783,88.04817608162067
544,-51.632464000000006,-530.828158,177.77777799999998,-23.984042999999993,-21.842957999999953,-0.6163379999999847,78.00939756462775,-70.99152108888309,104.84875102557126,-33.83737935550963,126.86642268041204,88.04838973758245
545,-54.859493,-564.004918,177.77777799999998,-23.970653,-21.857273000000077,-0.5280369999999834,78.43950380340317,-67.0637555442635,99.10611513692889,-32.022396253392756,127.29652891918747,88.04857680830258
546,-58.086522,-597.181677,177.77777799999998,-23.932807999999994,-21.92314799999997,-0.8166579999999897,78.81534750123292,-63.12567515504974,93.07218458315724,-29.926445534741827,127.67237261701725,88.04874204933068
547,-61.313551000000004,-630.3584370000001,177.77777799999998,-23.898372999999992,-21.93586199999993,-1.0294719999999984,79.14664636609712,-59.128486434338,86.68992410865269,-27.54128376927941,128.00367142458563,88.04888895570937
548,-64.54058,-663.5351969999999,177.77777799999998,-23.89627499999999,-22.039611000000036,-1.057957999999985,79.4409370848329,-55.01588711143195,79.87793898526428,-24.841816780677473,128.29796214332143,88.04902050681912
549,-67.76760900000001,-696.711957,177.77777799999998,-23.875974,-22.081688999999983,-1.2725169999999935,79.70408399506499,-50.71728047808345,72.51769673565937,-21.780107997710626,128.56110899625773,88.04913882260382
550,-67.76760900000001,-696.711957,122.222222,-23.699163,-21.97950800000001,-1.3072680000001071,79.70408422424812,-47.426238748600845,75.6061708409553,-28.15962767130639,128.56111123079313,88.04913309302587
551,-64.54058,-663.5351969999999,122.222222,-23.75560999999999,-21.889887000000044,-0.9934020000000032,79.44090614511197,-51.441462289942585,82.88180853824936,-31.420113676166224,128.29793137548782,88.04901603774832
552,-61.313551000000004,-630.3584370000001,122.222222,-23.776511999999983,-21.89507399999991,-0.819888000000006,79.14664143866008,-55.270902948410225,89.66093865738316,-34.36988438224772,128.00366666903597,88.048884372047
553,-58.086522,-597.181677,122.222222,-23.78983199999999,-21.928017999999952,-0.7224700000000013,78.81534750123292,-58.97651092616559,96.05118713758007,-37.054615182837786,127.67237273160879,88.04873717918943
554,-54.859493,-564.004918,122.222222,-23.780769000000006,-21.865672000000018,-0.549790999999999,78.43950867354442,-62.60706045873058,102.12744179719914,-39.50042097857647,127.2965338466245,88.04857165168241
555,-51.632464000000006,-530.828158,122.222222,-23.76236199999999,-21.775590999999963,-0.48280700000009347,78.00940770598072,-66.20509881901378,107.94427898617039,-41.7193328518375,126.8664328790608,88.04838412259608
556,-48.405435,-497.65139800000003,122.222222,-23.77542100000001,-21.69949200000002,-0.45405999999999835,77.51224781537069,-69.81153049533364,113.54268111507241,-43.71143107400796,126.36927304574652,88.04816989367647
557,-45.178405999999995,-464.47463799999997,122.222222,-23.823447,-21.703686999999945,-0.3985839999999996,76.93081202104108,-73.46954693704784,118.95400496082131,-45.46488395202684,125.78783725141696,88.04792277697943
558,-41.951377,-431.297878,122.222222,-23.843577000000003,-21.707592999999974,-0.24626899999999807,76.24134457607333,-77.22889096483092,124.20237943774765,-46.9540816475505,125.09836992104077,88.04763429272958
559,-38.724348,-398.121118,122.222222,-23.881932,-21.618286999999896,-0.1835930000000019,75.41006308672561,-81.15149593588555,129.30610498971527,-48.13539651845184,124.26708843169304,88.04729280988369
560,-38.724348,-398.121118,66.666667,-23.564357,-21.61471499999999,-0.2579640000000012,75.41005970627462,-73.23339539169957,131.81840775149482,-58.56578784959945,124.26708608256607,88.04730472740583
561,-41.951377,-431.297878,66.666667,-23.533415999999995,-21.68122299999999,-0.2245460000000037,76.24126877375704,-70.01053592631644,126.54319524389518,-56.513247106409274,125.09829406142867,88.04764368923742
562,-45.178405999999995,-464.47463799999997,66.666667,-23.559197999999995,-21.744051999999954,-0.19265100000001212,76.93076435095251,-66.84698727571607,121.1592494415415,-54.2926833385291,125.7877895813284,88.04793085568434
563,-48.405435,-497.65139800000003,66.666667,-23.516762999999898,-21.68917499999992,-0.4419640000000129,77.51221790697377,-63.70344986366001,115.64179685258362,-51.91862326060092,126.36924313734964,88.04817694105735
564,-51.632464000000006,-530.828158,66.666667,-23.54331899999999,-21.724894999999947,-0.5702040000000039,78.00938965781016,-60.54711761648932,109.96241338457985,-49.395444785841526,126.86641483089026,88.04839036783603
565,-54.859493,-564.004918,66.666667,-23.561348999999893,-21.718688000000043,-0.7037480000000045,78.4394992197408,-57.34794187722993,104.0872322471051,-46.719326629532084,127.29652439282088,88.04857720937304
566,-58.086522,-597.181677,66.666667,-23.541408000000004,-21.764418999999975,-0.7682900000000075,78.81534486562705,-54.075581436657565,97.97432851400782,-43.8786828975057,127.67237003870716,88.04874233580959
567,-61.313551000000004,-630.3584370000001,66.666667,-23.49922099999999,-21.79783999999995,-0.8920410000000061,79.14664493370263,-50.696416964818894,91.56983721975642,-40.85326606342335,128.00367004948694,88.04888918489247
568,-64.54058,-663.5351969999999,66.666667,-23.536840999999995,-21.81762700000013,-1.0858280000000065,79.4409161145776,-47.16983022310995,84.8017242768821,-37.6116586741384,128.29794117306614,88.04902073600223
569,-67.76760900000001,-696.711957,66.666667,-23.279478999999995,-21.904582000000005,-1.1992840000000058,79.70408405236078,-43.442202445963666,77.56839212160288,-34.1058809001119,128.56110911084932,88.0491391663785
570,-67.76760900000001,-696.711957,11.111111,-23.4092159999999,-21.793281999999977,-1.147855999999999,79.70408410965655,-38.848248788888284,78.4351640491755,-39.56660912036577,128.56111014217333,88.0491360724064
571,-64.54058,-663.5351969999999,11.111111,-23.38779199999989,-21.74394300000006,-0.9048499999999997,79.44090666077398,-42.287323389363436,85.65232269451798,-43.344766618422426,128.29793189114983,88.04901615233987
572,-61.313551000000004,-630.3584370000001,11.111111,-23.37629299999999,-21.753504999999905,-0.8670869999999997,79.14664115218119,-45.498383247322096,92.41806359212048,-46.89952901807317,128.00366638255707,88.048884372047
573,-58.086522,-597.181677,11.111111,-23.372239999999906,-21.73963600000002,-0.7181149999999992,78.81534641261311,-48.52718167831131,98.83128143466217,-50.28403878506996,127.67237164298898,88.0487370073021
574,-54.859493,-564.004918,11.111111,-23.372726999999898,-21.747776000000044,-0.5181740000000996,78.43950655360058,-51.405506151621815,104.96300350817428,-53.537537168547715,127.29653172668066,88.04857136520351
575,-51.632464000000006,-530.828158,11.111111,-23.323429999999995,-21.702823999999964,-0.4613549999999993,78.00940403905082,-54.15607616270393,110.86702573677408,-56.69110248793416,126.86642932672248,88.04838360693405
576,-48.405435,-497.65139800000003,11.111111,-23.328424,-21.66838899999999,-0.3582679999999989,77.51224179931383,-56.79514205513474,116.58598328509598,-59.77112208530092,126.3692670296897,88.04816914883133
577,-45.178405999999995,-464.47463799999997,11.111111,-23.347313999999997,-21.735478000000057,-0.25209100000009954,76.93080170780077,-59.333860004734774,122.1552605941728,-62.80182720524077,125.78782699547241,88.04792157376806
578,-41.951377,-431.297878,11.111111,-23.291841999999896,-21.71645499999994,-0.13079399999999985,76.24132635601545,-61.77881644783795,127.60580254156172,-65.80758035697734,125.09835170098287,88.04763240196887
579,-38.724348,-398.121118,11.111111,-23.3099229999999,-21.64030099999991,-0.05184300000009934,75.41002905303257,-64.131747847634,132.96648665850356,-68.81552787977348,124.267054398,88.04728988779893
580,-38.724348,-398.121118,-44.444444,-23.049594999999997,-21.649238999999966,-0.08329100000000267,75.41005999275352,-54.32439832865876,132.6760670718148,-78.33245981741226,124.26708762955211,88.04729126289763
581,-41.951377,-431.297878,-44.444444,-23.019135,-21.628153999999938,-0.1468540000000047,76.2412764513915,-52.894457704476686,127.33760552402754,-74.42373388950799,125.0983018536547,88.04764649673062
582,-45.178405999999995,-464.47463799999997,-44.444444,-23.0980389999999,-21.720777999999996,-0.2322720000000018,76.93076853354442,-51.20945328674889,121.90415507955473,-70.67512204877706,125.78779382121608,88.04793245996616
583,-48.405435,-497.65139800000003,-44.444444,-23.055299000000005,-21.608497999999997,-0.4015850000000043,77.5122203133965,-49.30777788870727,116.34816655250773,-67.02066430522419,126.36924554377238,88.0481779150856
584,-51.632464000000006,-530.828158,-44.444444,-23.10223299999999,-21.639804000000026,-0.5531930000000003,78.00939114750042,-47.21064097553309,110.63936210279444,-63.40886968664613,126.8664163778763,88.04839094079382
585,-54.859493,-564.004918,-44.444444,-23.157397000000003,-21.62430100000006,-0.6513920000000013,78.43950019376905,-44.92673580666874,104.74276191217697,-59.79606207868627,127.29652536684914,88.04857761044349
586,-58.086522,-597.181677,-44.444444,-23.192036,-21.709813999999938,-0.6517700000000062,78.81534555317641,-42.45436344766009,98.61592745513624,-56.14149965574424,127.67237072625652,88.04874256499271
587,-61.313551000000004,-630.3584370000001,-44.444444,-23.155616999999992,-21.68080499999985,-0.8283630000000031,79.14664544936464,-39.78168876769939,92.20506252107602,-52.403219447270885,128.00367056514895,88.04888935677982
588,-64.54058,-663.5351969999999,-44.444444,-23.17003299999989,-21.63476400000002,-1.0239850000000033,79.44091645835228,-36.88517173847789,85.43890645825518,-48.53349922555198,128.2979415741366,88.0490208505938
589,-67.76760900000001,-696.711957,-44.444444,-23.19591299999989,-21.637553000000025,-1.2660470000000004,79.70408405236078,-33.72520739725231,78.21771201279535,-44.47219572542418,128.56110911084932,88.04913928097005
590,-67.76760900000001,-696.711957,-100.0,-23.07428999999999,-21.677917999999977,-0.9608609999999942,79.70408405236078,-28.14783774686864,76.91335451268546,-48.745210396712245,128.5611091681451,88.04913727561778
591,-64.54058,-663.5351969999999,-100.0,-23.079826999999995,-21.62788300000011,-0.8917179999998979,79.44090786398534,-31.051988235498893,84.15974959003164,-53.08752878239219,128.297933151657,88.04901603774832
592,-61.313551000000004,-630.3584370000001,-100.0,-23.064877999999894,-21.60936499999991,-0.8130210000000062,79.14664327212502,-33.65248639068293,90.93074617219308,-57.2581085693765,128.0036685597967,88.04888420015965
593,-58.086522,-597.181677,-100.0,-23.033982999999992,-21.639179000000013,-0.662659000000005,78.81534973576832,-35.98522796098994,97.32969278197368,-61.3244039069986,127.67237496614419,88.04873677811896
594,-54.859493,-564.004918,-100.0,-23.006243999999896,-21.660949000000073,-0.4557889999999105,78.43951159562917,-38.06777794165789,103.42949824150801,-65.34176028373271,127.2965368833008,88.04857102142884
595,-51.632464000000006,-530.828158,-100.0,-22.943925999999998,-21.650410999999963,-0.40472300000000416,78.0094119458684,-39.90353225353853,109.28418920501753,-69.3608101518219,126.86643723354004,88.04838314856782
596,-48.405435,-497.65139800000003,-100.0,-22.914564999999996,-21.653309999999976,-0.26022799999989843,77.5122544616811,-41.48280928499285,114.9352837986192,-73.43275577003645,126.36927974935276,88.04816840398621
597,-45.178405999999995,-464.47463799999997,-100.0,-22.879559999999998,-21.662770000000023,-0.18319700000000694,76.93082296453497,-42.78173457224711,120.41568337885326,-77.61437593807092,125.7878483095024,88.04792048514825
598,-41.951377,-431.297878,-100.0,-22.860948,-21.681632999999977,-0.08639799999998843,76.24136388475102,-43.758783629352784,125.75218523909382,-81.97399667513555,125.09838928701424,88.04763068309548
599,-38.724348,-398.121118,-100.0,-22.848876000000004,-21.656870999999967,-0.013553999999999178,75.41009958413714,-44.3480347398953,130.9671967273844,-86.59995237419595,124.2671251009919,88.04728708030574
600,23.257932,-399.323263,-100.0,-23.151828000000002,-21.36354099999994,-0.007441000000000031,85.99257454059311,-44.2028132582119,129.26853225097554,-85.04331926505878,134.8495991407154,88.05227645408152
601,25.196092999999998,-432.60020199999997,-100.0,-23.128781999999998,-21.39721899999995,-0.1344349999999963,86.6483729801667,-43.48063588190325,124.03685651439672,-80.53355510966745,135.5053978094721,88.05265116847953
602,27.134253,-465.877141,-100.0,-23.187544000000003,-21.347079000000008,-0.1868690000000015,87.19550871338656,-42.39750248581774,118.67405050555638,-76.2536608195417,136.05253348539617,88.05296045109733
603,29.072414000000002,-499.15407899999997,-100.0,-23.21508,-21.278597000000048,-0.3049189999998987,87.6591154506686,-41.0093167912094,113.15760191054292,-72.12520466047228,136.51614016538244,88.05322785050032
604,31.010575,-532.431018,-100.0,-23.195653999999998,-21.366427000000044,-0.375347000000005,88.05710087330807,-39.35088724463958,107.45954930033416,-68.08541160025551,136.91412553072615,88.05346133080185
605,32.948736,-565.707956,-100.0,-23.224570999999997,-21.39325800000006,-0.46906799999999294,88.40256388512148,-37.44105344325731,101.54505443456338,-64.08059990526266,137.25958854253957,88.0536670226503
606,34.886897,-598.9848949999999,-100.0,-23.259282999999996,-21.398160000000075,-0.632877999999991,88.70531570080108,-35.28522685884605,95.36958783553396,-60.06082553204154,137.56234030092338,88.05384956700382
607,36.825058,-632.261834,-100.0,-23.288351999999996,-21.31010200000003,-0.783771999999999,88.97285524926532,-32.87577758433537,88.87446510322052,-55.97503158121445,137.82987979209184,88.05401263079231
608,38.763219,-665.538772,-100.0,-23.341630000000002,-21.34220300000004,-0.8521870000000007,89.21102927833462,-30.18998669723275,81.97891271031355,-51.76516138531639,138.06805382116113,88.05415913610052
609,40.70138,-698.815711,-100.0,-23.359675000000003,-21.35286300000007,-1.0198369999999954,89.42441434569336,-27.1851885515491,74.56814555264376,-47.359094111068366,138.2814388312241,88.05429131746388
610,40.70138,-698.815711,-44.444444,-23.475324,-21.45171000000005,-0.9887879999999996,89.42441434569336,-32.691830687419994,75.88545556585349,-43.16976450942151,138.2814388885199,88.05428959859049
611,38.763219,-665.538772,-44.444444,-23.517131,-21.425791000000004,-0.8596390000000014,89.21100183365624,-35.939999589374786,83.26351714666164,-47.29975757048058,138.06802666296164,88.054152776269
612,36.825058,-632.261834,-44.444444,-23.460707,-21.48579099999995,-0.6560210000000026,88.97284699867308,-38.90858462516655,90.14809739779184,-51.215861705095875,137.82987171338692,88.05400586989033
613,34.886897,-598.9848949999999,-44.444444,-23.441421999999996,-21.53505800000005,-0.47946300000000264,88.70531191927962,-41.6433081706214,96.6502582863649,-54.983420171491964,137.5623365766977,88.05384211855248
614,32.948736,-565.707956,-44.444444,-23.401148999999997,-21.488671000000068,-0.42664799999990066,88.40256434348771,-44.17193278111085,102.84812363907093,-58.65279595986087,137.25958900090578,88.0536586001707
615,31.010575,-532.431018,-44.444444,-23.400712,-21.413629000000014,-0.4069509999998999,88.05710591533668,-46.509636566994146,108.79975155576946,-62.266871752604466,136.91413063005052,88.05345153322354
616,29.072414000000002,-499.15407899999997,-44.444444,-23.368435,-21.38460200000003,-0.29839799999999883,87.65912593579625,-48.66125569313264,114.55022688214794,-65.8658992672252,136.5161506505101,88.05321604756975
617,27.134253,-465.877141,-44.444444,-23.3577790000001,-21.393081999999993,-0.20559800000000195,87.19552607400774,-50.621603745564826,120.13605149882702,-69.49157115278445,136.0525507887216,88.0529457833778
618,25.196092999999998,-432.60020199999997,-44.444444,-23.326406999999996,-21.45513900000003,-0.045531000000003985,86.64839904974636,-52.374050337808114,125.58811539400712,-73.19141311247274,135.505423821756,88.05263220357651
619,23.257932,-399.323263,-44.444444,-23.348298,-21.388169000000005,0.0026379999999974757,85.99256411276124,-53.88688586553614,130.93396133644956,-77.02468479594174,134.84958894206665,88.05226373441846
620,23.257932,-399.323263,11.111111,-23.582585,-21.398872999999924,-0.02488699999999966,85.99257471248045,-63.37023926781658,131.2162904152964,-67.82365147707075,134.84959925530697,88.05227645408152
621,25.196092999999998,-432.60020199999997,11.111111,-23.563328,-21.45365300000003,-0.12778899999999993,86.64834828568571,-60.996379094863116,125.85035920816254,-64.83131636664257,135.5053729431038,88.05264876205679
622,27.134253,-465.877141,11.111111,-23.5781500000001,-21.442268000000013,-0.2192469999999993,87.19549507699104,-58.52967483543437,120.38256848094277,-61.83000759122704,136.05251973440912,88.05295901870285
623,29.072414000000002,-499.15407899999997,11.111111,-23.562683,-21.423952000000043,-0.3130569999999988,87.6591076584426,-55.96695591297943,114.78455705196127,-58.794521367669944,136.51613225856488,88.05322699106364
624,31.010575,-532.431018,11.111111,-23.5418460000001,-21.50420699999995,-0.3289359999999988,88.05709628964571,-53.300380368747895,109.02486942367378,-55.70123900055727,136.91412083247224,88.05346081513983
625,32.948736,-565.707956,11.111111,-23.548462999999998,-21.503994000000034,-0.5651709999999994,88.40256113492406,-50.51744740956559,103.06667672844598,-52.52582851931588,137.25958567775058,88.05366667887562
626,34.886897,-598.9848949999999,11.111111,-23.561065999999997,-21.535456000000067,-0.7187169999999998,88.70531403922348,-47.60023262376967,96.8647680698755,-49.24100017334679,137.56233858205,88.05384939511649
627,36.825058,-632.261834,11.111111,-23.579251999999997,-21.50591499999996,-0.7877609999999997,88.97285421794129,-44.52370291233306,90.36116435898273,-45.81380556627477,137.82987876076783,88.05401251620076
628,38.763219,-665.538772,11.111111,-23.610661,-21.491129,-0.9159969999999991,89.21101472520662,-41.25260549992428,83.47808233519102,-42.201712264798104,138.06803926803315,88.05415913610052
629,40.70138,-698.815711,11.111111,-23.608126000000002,-21.638199999999983,-0.8931779999999989,89.42441434569336,-37.73539314988458,76.10493209130695,-38.345675994100304,138.2814388312241,88.05429137475964
630,40.70138,-698.815711,66.666667,-23.735525000000003,-21.71297000000004,-0.9335770000000139,89.42441440298914,-42.24497859973962,75.22986138573388,-32.96102482340501,138.2814399198439,88.05428690568884
631,38.763219,-665.538772,66.666667,-23.797165,-21.65231300000005,-0.9317020000000014,89.2110010888111,-46.043308165593665,82.62379298073468,-36.55672477103896,138.06802586082074,88.054152776269
632,36.825058,-632.261834,66.666667,-23.767097999999997,-21.64167999999995,-0.703526000000096,88.97284625382794,-49.62035873806656,89.51320933943046,-39.86919941924292,137.82987091124602,88.05400604177767
633,34.886897,-598.9848949999999,66.666667,-23.769934,-21.659667000000013,-0.49056699999999864,88.70531100254715,-53.0350366237377,96.01147325555993,-42.95290645838758,137.56233565996524,88.05384246232717
634,32.948736,-565.707956,66.666667,-23.745086000000097,-21.602852999999982,-0.4427480000001083,88.40256319757214,-56.3309060383063,102.19775746964878,-45.843456189468576,137.25958779769442,88.05365911583272
635,31.010575,-532.431018,66.666667,-23.770431,-21.53163200000006,-0.45355600000010554,88.05710425375906,-59.543047640582174,108.13039280946695,-48.56410141705193,136.91412891117713,88.0534522207729
636,29.072414000000002,-499.15407899999997,66.666667,-23.766676000000004,-21.476653999999996,-0.28387200000001656,87.65912341478194,-62.70217672393401,113.85413994118149,-51.12889055061224,136.51614807220002,88.05321707889378
637,27.134253,-465.877141,66.666667,-23.792838,-21.564348999999993,-0.10822500000000446,87.19552194871162,-65.83771003018364,119.4046049259003,-53.54401726391487,136.0525466061297,88.05294733036382
638,25.196092999999998,-432.60020199999997,66.666667,-23.792005999999997,-21.55987799999997,-0.008723000000003367,86.6483919450697,-68.98063317418756,124.81111598346588,-55.807829261270214,135.50541660248777,88.05263455270348
639,23.257932,-399.323263,66.666667,-23.844146000000002,-21.458163000000013,-0.058030000000002246,85.99255093473195,-72.16691220643635,130.09875376840228,-57.90944836597993,134.84957559215002,88.05226734405257
640,23.257932,-399.323263,122.222222,-24.119099,-21.509255999999993,-0.0548780000000022,85.99257551462136,-79.84221947851289,127.64697431469155,-47.78237080751738,134.849604698406,88.05226402089735
641,25.196092999999998,-432.60020199999997,122.222222,-24.058328999999997,-21.567398000000026,-0.16123200000001248,86.6483636982504,-75.9959741398014,122.5179048913888,-46.49926912487437,135.5053882983727,88.05264601185937
642,27.134253,-465.877141,122.222222,-24.031789,-21.517532000000017,-0.2741929999999968,87.19550344217484,-72.28741588776735,117.23645487875245,-44.9261541972109,136.05252798500135,88.05295729982947
643,29.072414000000002,-499.15407899999997,122.222222,-23.985314000000002,-21.510935000000075,-0.351900999999998,87.65911224210495,-68.66093836625237,111.78344439999901,-43.09942712187144,136.51613678493146,88.05322590244383
644,31.010575,-532.431018,122.222222,-23.926507,-21.62541299999998,-0.29269800000000146,88.05709881066001,-65.0702479605086,106.1331520046063,-41.03965461998268,136.91412335348653,88.05346012759047
645,32.948736,-565.707956,122.222222,-23.902319,-21.70652800000005,-0.5104970000000009,88.40256251002278,-61.47389111676252,100.25193361084426,-38.754642095587684,137.25958705284927,88.05366622050938
646,34.886897,-598.9848949999999,122.222222,-23.904658999999995,-21.730030000000056,-0.6282910000000044,88.70531472677283,-57.83131915348653,94.09545786982179,-36.24060373005511,137.56233921230356,88.05384905134181
647,36.825058,-632.261834,122.222222,-23.890175,-21.692282999999975,-0.8071220000000068,88.97285450442018,-54.098949921402436,87.60409236554568,-33.48148685024724,137.82987904724672,88.05401228701764
648,38.763219,-665.538772,122.222222,-23.911332,-21.730534000000034,-0.978547000000006,89.21101483979818,-50.22518295607229,80.69496774838767,-30.446020508325635,138.06803932532893,88.05415884962163
649,40.70138,-698.815711,122.222222,-23.874554,-21.79870200000005,-1.1144759999999962,89.42441434569336,-46.14211433629352,73.24658367693212,-27.080606851682766,138.28143877392833,88.05429097368919
650,40.70138,-698.815711,177.77777799999998,-24.016170000000002,-21.919625999999994,-0.9625710000000822,89.4244145175807,-49.34382822128956,70.11831765276435,-20.75063759953395,138.28144100846373,88.0542806031531
651,38.763219,-665.538772,177.77777799999998,-24.087758,-21.881811999999968,-0.7636219999999696,89.21099994289551,-53.71274061491784,77.67136426843113,-23.934864067777468,138.06802471490514,88.05415231790278
652,36.825058,-632.261834,177.77777799999998,-24.085592,-21.83012199999996,-0.6945019999999715,88.97284671219417,-57.86800289091134,84.62742570275782,-26.735771858908606,137.82987136961225,88.05400586989033
653,34.886897,-598.9848949999999,177.77777799999998,-24.109264999999997,-21.799086000000102,-0.5588009999999883,88.70531289330788,-61.88795465186585,91.12258550544063,-29.21110068014012,137.56233755072597,88.05384251962293
654,32.948736,-565.707956,177.77777799999998,-24.121877999999995,-21.793030000000044,-0.3917009999999834,88.40256674991045,-65.83183073836048,97.2471972873067,-31.39197113518499,137.25959135003274,88.05365934501584
655,31.010575,-532.431018,177.77777799999998,-24.14723,-21.718886999999995,-0.3085700000000031,88.05711021252014,-69.74960447199078,103.06431115759723,-33.29146253270313,136.91413481264243,88.0534527364349
656,29.072414000000002,-499.15407899999997,177.77777799999998,-24.182990000000004,-21.696044000000086,-0.3120569999999816,87.65913298317713,-73.68774393315321,108.61901757698605,-34.90820051883136,136.51615758329942,88.0532178810347
657,27.134253,-465.877141,177.77777799999998,-24.234519000000002,-21.602749000000017,-0.23499999999998522,87.19553759045942,-77.69349470597228,113.94366912303725,-36.22729598312228,136.05256219058174,88.05294847627943
658,25.196092999999998,-432.60020199999997,177.77777799999998,-24.286298999999996,-21.59261299999997,-0.07754900000000475,86.6484182438325,-81.81883128173455,119.06082555056788,-37.21933957490965,135.50544290125058,88.05263632887264
659,23.257932,-399.323263,177.77777799999998,-24.374485,-21.614896999999985,-0.04626800000008302,85.99259722972181,-86.12489874230812,123.98477894800278,-37.83748529083529,134.84962194443565,88.05226997965843
660,23.257932,-399.323263,233.333333,-24.602201,-21.590821000000005,-0.09793600000000424,85.99257534273403,-90.92794761713856,119.25051743799926,-28.300176911353613,134.84960355249044,88.0522714693487
661,25.196092999999998,-432.60020199999997,233.333333,-24.485176999999997,-21.589114000000052,-0.3167010000001085,86.64841818653673,-86.35496673637925,114.54420698648184,-28.166579998488285,135.50544278665902,88.05264435028177
662,27.134253,-465.877141,233.333333,-24.443405000000002,-21.635384999999985,-0.2674060000001077,87.1955208600918,-81.96200415282145,109.60298687563709,-27.61809896036545,136.05254540291833,88.05295615391388
663,29.072414000000002,-499.15407899999997,233.333333,-24.390291,-21.722405000000037,-0.38274800000002074,87.6591227272326,-77.69197671158986,104.41457982312673,-26.699524944506802,136.51614721276331,88.05322504300713
664,31.010575,-532.431018,233.333333,-24.3100000000001,-21.793804000000023,-0.47848100000001637,88.05710511319576,-73.49480177074163,98.95782048151975,-25.4397698023251,136.9141295987265,88.0534594973369
665,32.948736,-565.707956,233.333333,-24.266557999999996,-21.811462000000006,-0.46854700000002936,88.40256617695266,-69.32231684179273,93.199551496733,-23.85383471481246,137.2595906624834,88.05366576214314
666,34.886897,-598.9848949999999,233.333333,-24.237909,-21.837709000000018,-0.5901630000000182,88.70531678942089,-65.12517478872192,87.09131908853944,-21.942609771903612,137.56234121765584,88.05384865027136
667,36.825058,-632.261834,233.333333,-24.222682999999996,-21.928285999999957,-0.8309120000000121,88.97287197963294,-60.847958388739045,80.56231850771549,-19.690705040742454,137.8298964078679,88.05401188594719
668,38.763219,-665.538772,233.333333,-24.200960000000002,-21.974019999999996,-0.8386959999999988,89.21102927833462,-56.42367031176072,73.50903134947103,-17.0615974985657,138.0680536492738,88.05415827666384
669,40.70138,-698.815711,233.333333,-24.166895,-22.033330000000092,-1.0085490000000163,89.4244142883976,-51.75948635294717,65.76885889515415,-13.985511428349856,138.281438602041,88.05428988506938
670,40.70138,-698.815711,288.888889,-24.2945440000001,-22.15747299999998,-0.843923000000018,89.4244145175807,-53.27679301412529,60.04812683924495,-6.7474990100253365,138.28144158142152,88.05426444574327
671,38.763219,-665.538772,288.888889,-24.376693,-22.133995000000027,-0.8732469999999921,89.21102933563041,-58.27040896941915,68.11665676499317,-9.822490100598909,138.0680541649358,88.05415031255049
672,36.825058,-632.261834,288.888889,-24.400875999999997,-22.00570199999993,-0.7358580000000075,88.97284539439126,-62.9659098272863,75.35545493763792,-12.365895074146227,137.82987010910512,88.05400489586208
673,34.886897,-598.9848949999999,288.888889,-24.428286,-21.919718000000103,-0.5572950000000674,88.70531449758971,-67.47910473936332,81.97531505102215,-14.472680596590418,137.56233909771203,88.05384200396092
674,32.948736,-565.707956,288.888889,-24.451251999999997,-21.874711000000048,-0.5935500000000502,88.40257098979814,-71.8899782700758,88.10652249384266,-16.19314898189297,137.25959558992045,88.05365917312851
675,31.010575,-532.431018,288.888889,-24.5037470000001,-21.855219000000034,-0.4921199999999999,88.05711748908412,-76.25938655867577,93.8332265461463,-17.550595891862997,136.91414208920642,88.0534527937307
676,29.072414000000002,-499.15407899999997,288.888889,-24.555201000000004,-21.806276000000082,-0.3166610000000105,87.65914444233304,-80.63860514523552,99.21164164419939,-18.54996320207506,136.51616904245535,88.05321816751359
677,27.134253,-465.877141,288.888889,-24.622369000000003,-21.764366999999993,-0.27804600000001756,87.19555506567218,-85.07454741294991,104.27913827263998,-19.181712081972698,136.0525796084987,88.05294904923721
678,25.196092999999998,-432.60020199999997,288.888889,-24.7022050000001,-21.703368999999952,-0.23591099999998733,86.64844488636997,-89.61321144493608,109.05924998535372,-19.423383273536135,135.50546954378805,88.05263713101355
679,23.257932,-399.323263,288.888889,-24.808728,-21.58170999999993,-0.204291000000012,85.99263825349993,-94.30230875459752,113.56445700632993,-19.239752534732112,134.84966296821378,88.05227124016557
680,23.257932,-399.323263,344.44444400000003,-24.974922,-21.683009000000027,-0.10061700000005658,85.99257522814247,-96.36208498071194,107.00213211152136,-10.617658346598438,134.84960292223684,88.05226522410874
681,25.196092999999998,-432.60020199999997,344.44444400000003,-24.867846999999998,-21.786370000000034,-0.18726600000002236,86.64841818653673,-91.65764718445213,102.66048448753217,-10.980177395240416,135.50544278665902,88.05264389191554
682,27.134253,-465.877141,344.44444400000003,-24.818101000000002,-21.84415200000001,-0.2825470000000223,87.19554819017864,-87.05980268558157,98.00586038682616,-10.923174282569086,136.05257273300515,88.05295575284343
683,29.072414000000002,-499.15407899999997,344.44444400000003,-24.715878000000004,-21.89826499999998,-0.4308600000000524,87.65914896869961,-82.52866571474158,93.02148074037292,-10.469737145080158,136.51617339693456,88.05322469923246
684,31.010575,-532.431018,344.44444400000003,-24.631746,-21.91512899999998,-0.5105030000000284,88.05712906283159,-78.02240479519702,87.67780968842501,-9.632156385845425,136.91415349106654,88.053459210858
685,32.948736,-565.707956,344.44444400000003,-24.575651999999998,-22.040043000000082,-0.7041880000001015,88.4025876055742,-73.49462667483944,81.92825613654733,-8.410230037242103,137.25961203380913,88.05366541836847
686,34.886897,-598.9848949999999,344.44444400000003,-24.544119000000098,-22.069265000000087,-0.6389240000000314,88.70533563973234,-68.8902529208229,75.70158229401478,-6.787795475531564,137.56236001067154,88.05384819190512
687,36.825058,-632.261834,344.44444400000003,-24.504502,-22.105012999999985,-0.7552030000000514,88.97287197963294,-64.13828059782253,68.88772892714378,-4.725794225115525,137.82989629327636,88.05401108380627
688,38.763219,-665.538772,344.44444400000003,-24.467652,-22.241139999999973,-0.967501000000027,89.21102922103884,-59.13753641730365,61.30897816428029,-2.1476803277758725,138.06805342009068,88.05415661508624
689,40.70138,-698.815711,344.44444400000003,-24.434321,-22.279193000000078,-1.0351950000001011,89.4244142311018,-53.72415651250693,52.65301432093259,1.0949976331492834,138.28143791449165,88.05428558788591
690,40.70138,-698.815711,400.0,-24.5399820000001,-22.43923200000006,-0.9644359999999779,89.4244142883976,-52.76090977950284,42.901719268407284,9.883053974079639,138.281438602041,88.05429137475964
691,38.763219,-665.538772,400.0,-24.643065999999997,-22.378141000000028,-0.9428760000000125,89.21102933563041,-58.82928987907297,52.7014671271314,6.1515692169438765,138.06805439411895,88.05413891069037
692,36.825058,-632.261834,400.0,-24.66008,-22.245822999999973,-0.6835829999999987,88.97287203692872,-64.24113763742973,60.916832442080356,3.347951392737549,137.8298969235299,88.0540006559744
693,34.886897,-598.9848949999999,400.0,-24.700502999999998,-22.158598000000097,-0.6667640000000006,88.70533569702813,-69.27801288028422,68.10824144737718,1.1932992572147452,137.56236041174196,88.0538398267213
694,32.948736,-565.707956,400.0,-24.735934999999998,-22.112185000000068,-0.6437179999999785,88.40257047413613,-74.08860709361451,74.55649754985185,-0.44449636027902917,137.2595951315542,88.05365785532557
695,31.010575,-532.431018,400.0,-24.780836,-22.026372000000038,-0.5152199999999993,88.05712012468999,-78.7648335366619,80.42169048597142,-1.6336135412513348,136.91414472481227,88.05345199158978
696,29.072414000000002,-499.15407899999997,400.0,-24.836397,-21.949675000000013,-0.4561039999999821,87.65914982813631,-83.37194694567162,85.80409262543348,-2.4090727839434964,136.51617437096283,88.05321770914735
697,27.134253,-465.877141,400.0,-24.922773,-21.91483599999998,-0.397941000000003,87.19556308708133,-87.95951407138782,90.76761265473519,-2.7852199775173383,136.0525876872036,88.0529488200541
698,25.196092999999998,-432.60020199999997,400.0,-25.020944000000096,-21.790963000000033,-0.22775300000006382,86.64845548608919,-92.5681632937674,95.35325842378118,-2.7624398631322915,135.5054800862115,88.05263718830932
699,23.257932,-399.323263,400.0,-25.104025,-21.740636999999992,-0.18592499999999745,85.99265022831786,-97.23314819028275,99.58614897526779,-2.3306048960974017,134.84967494303172,88.0522714693487
700,84.68154899999999,-390.933543,400.0,-25.03238200000009,-21.719869000000017,0.06488400000000638,96.24555315740835,-95.54580243782094,98.10241792736325,-2.528898942681756,145.1025636054731,88.05920305545841
701,91.738345,-423.51133899999996,400.0,-24.88433099999999,-21.78060000000005,-0.05585200000001578,96.76288820978787,-90.92046610613707,93.75995773462901,-2.811367135681252,145.61991177858613,88.05969155927454
702,98.79514,-456.089134,400.0,-24.77766100000001,-21.827882999999986,-0.230920000000026,97.19706577206394,-86.33665643764135,89.05717177569257,-2.692075145495393,146.0540893408622,88.06007309187031
703,105.851936,-488.66692900000004,400.0,-24.683574000000007,-21.829531999999972,-0.2972129999999993,97.56678546779622,-81.75837970798166,83.96412976666028,-2.177034273423353,146.4238089792987,88.06040466254636
704,112.908732,-521.244724,400.0,-24.577800999999994,-21.941855000000032,-0.4318680000000654,97.88549667908451,-77.14303994283678,78.43306943006806,-1.261071054349779,146.7425201332912,88.06069543862739
705,119.965528,-553.8225199999999,400.0,-24.49739000000001,-21.993282000000022,-0.5538789999999949,98.16313082716648,-72.43721507305072,72.38983289578789,0.0765555839090664,147.02015433866896,88.06095235290272
706,127.02232299999999,-586.400315,400.0,-24.46968099999998,-21.95924500000001,-0.38614599999999655,98.40718621070702,-67.5688394411802,65.71783522732859,1.8803689311056495,147.26420966491375,88.06118056199253
707,134.079119,-618.97811,400.0,-24.346645999999993,-22.137170999999967,-0.6360300000000052,98.62343303036512,-62.43110156750757,58.22483837011297,4.235798025818007,147.48045642727604,88.06138350364355
708,141.135915,-651.555906,400.0,-24.29899800000001,-22.212766999999985,-0.7549759999999992,98.81638613627061,-56.84396052299841,49.56319078543757,7.310451988024924,147.6734090175195,88.06156100596849
709,148.192711,-684.1337010000001,400.0,-24.194010000000006,-22.297557999999867,-0.9526559999999904,98.9896297232067,-50.43700104115713,38.98638564743489,11.4804028965333,147.84664922400464,88.0616971407406
710,148.192711,-684.1337010000001,344.44444400000003,-24.138959,-22.126364999999964,-0.8090010000000234,98.98962995238982,-51.73115347538639,49.351710688156075,2.409282887566971,147.8466532347092,88.06174251899799
711,141.135915,-651.555906,344.44444400000003,-24.289743000000016,-22.08554199999992,-0.7049840000000245,98.81638630815793,-57.33924397682939,58.48465673933003,-1.1157367572765158,147.6734115385338,88.06155075002395
712,134.079119,-618.97811,344.44444400000003,-24.327665999999994,-22.008092000000033,-0.5697780000000421,98.62343314495668,-62.451796631180365,66.3777318048276,-3.8964078509709723,147.48045763048742,88.06137319040324
713,127.02232299999999,-586.400315,344.44444400000003,-24.391982999999982,-21.926050000000032,-0.32923700000003464,98.40716432371926,-67.2693019187313,73.42077906135749,-6.122120389485523,147.2641884654753,88.06117030604798
714,119.965528,-553.8225199999999,344.44444400000003,-24.423620000000014,-21.94905300000005,-0.4282610000000773,98.16311495623557,-71.90801647115678,79.82520979396995,-7.888028052167621,147.02013886880852,88.0609420969582
715,112.908732,-521.244724,344.44444400000003,-24.494878,-21.881174999999985,-0.34942600000005086,97.8854863658442,-76.44719473276409,85.72025893054021,-9.24411407278265,146.7425101065298,88.06068518268285
716,105.851936,-488.66692900000004,344.44444400000003,-24.598579,-21.814397000000042,-0.1881840000000352,97.56678180086634,-80.94587461853817,91.1881142301035,-10.213532191493869,146.42380548425615,88.06039440660183
717,98.79514,-456.089134,344.44444400000003,-24.654044999999996,-21.81239499999998,-0.12992200000002185,97.19707173082502,-85.45232100452101,96.2825425105211,-10.801789735923851,146.05409541421483,88.06006277863
718,91.738345,-423.51133899999996,344.44444400000003,-24.77100399999999,-21.743687999999963,0.014919999999960964,96.76290946652207,-90.00888991030925,101.0381783829593,-11.001172345023175,145.61993320720768,88.05968124603423
719,84.68154899999999,-390.933543,344.44444400000003,-24.90891599999999,-21.662637000000018,-0.01882400000005191,96.24560271825763,-94.65494806279494,105.47570522275193,-10.793006121037157,145.10262645894323,88.05923754751767
720,84.68154899999999,-390.933543,288.888889,-24.777117999999987,-21.57999799999999,-0.01796999999999116,96.24555613678889,-92.59433210973596,111.97443564111819,-19.35235690423742,145.10258904479923,88.05922975529167
721,91.738345,-423.51133899999996,288.888889,-24.63368899999999,-21.662703000000022,-0.08675300000004427,96.76288820978787,-87.98046392939209,107.38714261841119,-19.378554024321073,145.6199118358819,88.05969178845766
722,98.79514,-456.089134,288.888889,-24.526835000000105,-21.67477200000002,-0.05435100000005377,97.19704858333009,-83.49679828804787,102.52117283632242,-18.99593406923986,146.05407215212833,88.0600733783492
723,105.851936,-488.66692900000004,288.888889,-24.460951999999992,-21.715823999999998,-0.16485399999999117,97.56676810717504,-79.09681393482342,97.36004946105841,-18.234519397205062,146.4237916759733,88.06040500632103
724,112.908732,-521.244724,288.888889,-24.365706000000003,-21.736509999999953,-0.348811000000012,97.88548034978734,-74.7357172584785,91.87638287547648,-17.111706611158677,146.74250386128983,88.06069589699362
725,119.965528,-553.8225199999999,288.888889,-24.29074700000001,-21.765332000000058,-0.499258999999995,98.16313082716648,-70.36577291056543,86.02685282930662,-15.631905538066718,147.02015439596474,88.06095315504363
726,127.02232299999999,-586.400315,288.888889,-24.269627999999983,-21.821755000000053,-0.5301820000000248,98.40718621070702,-65.9342114781526,79.74784542283729,-13.784267279374152,147.2642097795053,88.06118216627435
727,134.079119,-618.97811,288.888889,-24.163884999999993,-21.903909999999996,-0.7081509999999867,98.62343303036512,-61.375114453389116,72.94214197953156,-11.537488515127128,147.48045665645915,88.06138711327766
728,141.135915,-651.555906,288.888889,-24.148365000000013,-21.966573999999923,-0.7549220000000219,98.81638619356637,-56.59943703293924,65.45807254960921,-8.828941921641537,147.67340976236466,88.06157086084256
729,148.192711,-684.1337010000001,288.888889,-24.04159,-22.03334899999993,-0.8426890000000071,98.98962995238982,-51.47076850820573,57.040515986449215,-5.539916831710452,147.84665334930074,88.06173449758886
730,148.192711,-684.1337010000001,233.333333,-23.962130000000002,-21.891794999999888,-0.9220010000000229,98.98962995238982,-50.087399784372614,62.92270812198408,-12.805468351866375,147.8466532347092,88.06174251899799
731,141.135915,-651.555906,233.333333,-24.063553000000013,-21.830912999999896,-0.7314350000000047,98.81638625086217,-54.85727526230166,70.94321410044314,-16.05625297804328,147.67341079368867,88.06156089137693
732,134.079119,-618.97811,233.333333,-24.117589999999993,-21.78341999999998,-0.6590800000000172,98.62340890884194,-59.346158543807256,78.20106099983217,-18.825371237235615,147.48043310789376,88.06137743029093
733,127.02232299999999,-586.400315,233.333333,-24.167613999999986,-21.758531000000062,-0.45950500000000716,98.40716598529687,-63.65905084845331,84.88683154236239,-21.19842187812034,147.2641899551656,88.0611724832876
734,119.965528,-553.8225199999999,233.333333,-24.215901000000002,-21.703292000000033,-0.2572900000000118,98.16311363843263,-67.87028141804436,91.12121298504238,-23.221765207732666,147.0201374937098,88.06094330016957
735,112.908732,-521.244724,233.333333,-24.247667000000007,-21.705421,-0.20958400000000665,97.88548241243542,-72.03788468928296,96.98410062547325,-24.91726529553479,146.7425062104168,88.06068575564065
736,105.851936,-488.66692900000004,233.333333,-24.334418999999997,-21.672057999999993,-0.19873600000002511,97.56677509726013,-76.21213295314216,102.5302745000812,-26.289433954980243,146.42379883794572,88.0603944638976
737,98.79514,-456.089134,233.333333,-24.393405,-21.617413,-0.055314000000009855,97.1970616467678,-80.44057345602556,107.79740228671264,-27.328397232498205,146.05408533015762,88.0600624921511
738,91.738345,-423.51133899999996,233.333333,-24.463628,-21.57573400000001,-0.029132000000032576,96.76289502798564,-84.77172002413714,112.81046534630573,-28.01062971020372,145.61991876867125,88.05968055848487
739,84.68154899999999,-390.933543,233.333333,-24.59024499999999,-21.55158599999993,-0.02474600000010696,96.2455826647348,-89.25827927423411,117.58415609289676,-28.2981266964753,145.1026064054204,88.05923640160209
740,84.68154899999999,-390.933543,177.77777799999998,-24.392332999999994,-21.550794999999994,0.06330300000001898,96.24555602219732,-84.5500947350646,122.23454695222924,-37.65668828669442,145.10258835724986,88.0592486628989
741,91.738345,-423.51133899999996,177.77777799999998,-24.30306499999999,-21.513873999999987,-0.024668999999988728,96.76285744195428,-80.33126548460297,117.2596637374556,-36.90027227035168,145.6198810680483,88.05969316355636
742,98.79514,-456.089134,177.77777799999998,-24.219090000000108,-21.50735199999997,-0.18220299999998701,97.19703838468133,-76.26637526867765,112.08564428543457,-35.79082750639817,146.05406201077537,88.0600745242648
743,105.851936,-488.66692900000004,177.77777799999998,-24.145269,-21.59201999999999,-0.17237199999999575,97.56676180463928,-72.29971494250184,106.69611609798712,-34.36768416701864,146.42378543073332,88.06040586575773
744,112.908732,-521.244724,177.77777799999998,-24.081862,-21.605155999999965,-0.18380400000000918,97.8854765682659,-68.38222167171227,101.06569118602792,-32.65450982092699,146.74250019435996,88.06069664183876
745,119.965528,-553.8225199999999,177.77777799999998,-24.046892,-21.61574100000007,-0.31191099999998073,98.16311386761576,-64.46793541758937,95.1583392132017,-30.66122872738849,147.0201374937098,88.06095384259298
746,127.02232299999999,-586.400315,177.77777799999998,-24.029832999999982,-21.59260000000006,-0.5644060000000763,98.4071720586495,-60.510135539940585,88.92381550510117,-28.384312440413364,147.2641957420393,88.06118291111947
747,134.079119,-618.97811,177.77777799999998,-23.954536999999988,-21.637793999999985,-0.6295529999999872,98.62342151391344,-56.456781141670874,82.29133937673019,-25.805017963536844,147.48044519730325,88.06138820189747
748,141.135915,-651.555906,177.77777799999998,-23.934915000000018,-21.716182000000003,-0.6798199999999781,98.81638619356637,-52.24342787804043,75.15734710233698,-22.884223280141164,147.673409934252,88.06157298078641
749,148.192711,-684.1337010000001,177.77777799999998,-23.845077000000003,-21.789224999999874,-0.9653290000000823,98.9896300096856,-47.78316561457079,67.36543002740093,-19.552428208606493,147.8466536930754,88.06173936773011
750,148.192711,-684.1337010000001,122.222222,-23.751419000000013,-21.64416499999993,-0.9138350000000912,98.9896305826434,-44.68293395695254,70.54741823601776,-25.834661195575087,147.8466629176959,88.0617240124612
751,141.135915,-651.555906,122.222222,-23.837002000000012,-21.61203899999998,-0.7730790000000098,98.81635909266267,-48.85284200821784,78.20945889953117,-29.326928911271292,147.67338346360185,88.06156312591233
752,134.079119,-618.97811,122.222222,-23.85590099999999,-21.598574999999983,-0.5157769999999999,98.6234095963913,-52.78457620230118,85.27834225543799,-32.46423380302348,147.48043368085158,88.06137846161496
753,127.02232299999999,-586.400315,122.222222,-23.891738999999987,-21.60469999999998,-0.4161370000000062,98.40716466749393,-56.55386832439378,91.89341845771176,-35.310190916458794,147.26418863736265,88.06117288435807
754,119.965528,-553.8225199999999,122.222222,-23.906182,-21.58187600000008,-0.31990000000000407,98.1631103725732,-60.21638454744782,98.14805344278763,-37.90250253607445,147.02013428514616,88.06094324287378
755,112.908732,-521.244724,122.222222,-23.936053,-21.55408699999998,-0.19384600000000773,97.8854768547448,-63.81752008838838,104.10843896208894,-40.26196851952396,146.74250071002197,88.06068529727442
756,105.851936,-488.66692900000004,122.222222,-24.007448000000096,-21.522493999999995,-0.03179000000000087,97.56676627371009,-67.39803407614129,109.82322652357789,-42.39648548573138,146.42379007169146,88.06039366175669
757,98.79514,-456.089134,122.222222,-24.03810200000001,-21.436149999999998,-0.13156000000009271,97.19704783848495,-70.9981487208825,115.32902520827857,-44.30244592053123,146.05407163646635,88.06006117434818
758,91.738345,-423.51133899999996,122.222222,-24.084496000000087,-21.459487000000024,-0.017386999999999375,96.76287308370209,-74.66128729069361,120.65366265956801,-45.96426124659981,145.61989688168347,88.05967866772414
759,84.68154899999999,-390.933543,122.222222,-24.18200400000009,-21.436485999999945,0.08061499999999455,96.24554668298526,-78.43833405276861,125.81810970570581,-47.35202759339789,145.10257048096665,88.05923370870045
760,84.68154899999999,-390.933543,66.666667,-23.949206999999987,-21.363263000000018,0.00762999999999181,96.24555619408466,-71.01281437778978,128.20839405763138,-57.16781403049799,145.10258984694013,88.05925198605411
761,91.738345,-423.51133899999996,66.666667,-23.866647,-21.439017000000035,0.08931899999990378,96.76283950837528,-67.85748423380277,122.89890165703639,-55.01328886242259,145.61986324906087,88.05969620023268
762,98.79514,-456.089134,66.666667,-23.824238000000108,-21.396165999999994,-0.04932200000000364,97.19702824332836,-64.72987447549356,117.45985983203246,-52.70154201271523,146.05405198401397,88.06007652961709
763,105.851936,-488.66692900000004,66.666667,-23.807923000000002,-21.32224699999989,-0.27679799999999943,97.56675601776556,-61.59705962479868,111.86561365249743,-50.23983572142919,146.42377975845116,88.06040724085643
764,112.908732,-521.244724,66.666667,-23.772994999999995,-21.350056999999993,-0.36800200000000416,97.88547330240647,-58.42941283627287,106.08539643074839,-47.627023041650176,146.7424969857963,88.06069755857123
765,119.965528,-553.8225199999999,66.666667,-23.742829000000015,-21.4349390000001,-0.3825170000000071,98.16311209144659,-55.19772701335152,100.08120949122069,-44.85430672209598,147.0201358321322,88.06095453014235
766,127.02232299999999,-586.400315,66.666667,-23.756086999999994,-21.423646000000076,-0.506717000000009,98.40717114191702,-51.87042278501508,93.80455951959941,-41.90476863687931,147.26419488260262,88.06118348407728
767,134.079119,-618.97811,66.666667,-23.688481999999993,-21.449014000000034,-0.7410050000000012,98.6234210555472,-48.41027548438437,87.1912975881839,-38.7514812020235,147.4804447962328,88.06138883215105
768,141.135915,-651.555906,66.666667,-23.69463300000001,-21.51774499999999,-0.7444690000000094,98.81637691165011,-44.76968818961493,80.15289094601991,-35.353505952812895,147.67340076692727,88.06157372563155
769,148.192711,-684.1337010000001,66.666667,-23.648942000000005,-21.500966999999946,-0.916592000000108,98.9896300096856,-40.882153564129815,72.55950374709668,-31.647512431757182,147.84665386496275,88.06174074282883
770,148.192711,-684.1337010000001,11.111111,-23.52212200000001,-21.46105199999988,-0.7559939999999994,98.9896302961645,-36.46433292015137,73.44606643905402,-36.95190132538358,147.84665850592089,88.06173472677197
771,141.135915,-651.555906,11.111111,-23.605805000000018,-21.419636999999966,-0.6882359999999998,98.81636012398671,-40.077571335077394,81.01204700398809,-40.90478723050243,147.67338449492587,88.06156352698278
772,134.079119,-618.97811,11.111111,-23.61477600000009,-21.357849999999985,-0.6252459999999989,98.62340976827863,-43.4219894689797,88.03969962940793,-44.588177910314904,147.48043396733047,88.06137840431919
773,127.02232299999999,-586.400315,11.111111,-23.621623999999983,-21.391495000000077,-0.4903549999999992,98.40716426642348,-46.556490534465645,94.65460044930063,-48.068750984454695,147.26418829358798,88.0611725405834
774,119.965528,-553.8225199999999,11.111111,-23.608382000000006,-21.42049700000007,-0.34787800000009916,98.16310934124917,-49.52082439530488,100.94344468167569,-51.39345444276747,147.0201333111179,88.0609426126202
775,112.908732,-521.244724,11.111111,-23.605181,-21.41495299999997,-0.1863469999999996,97.88547496398408,-52.342964111562836,106.96972097767062,-54.59780731407211,146.74249887655702,88.06068432324616
776,105.851936,-488.66692900000004,11.111111,-23.637215000000097,-21.356997999999976,-0.15294000000000096,97.56676306514643,-55.04291244200846,112.78210502406655,-57.71048682356425,146.42378697771937,88.06039217206641
777,98.79514,-456.089134,11.111111,-23.629795000000016,-21.348588000000007,-0.06691799999999937,97.19704250997746,-57.63478614998129,118.41952798523971,-60.75631298726695,146.0540664225504,88.06005905440433
778,91.738345,-423.51133899999996,11.111111,-23.640739999999994,-21.424053000000015,0.035669999999999646,96.76286397367313,-60.12786102111405,123.91451077375437,-63.758538151380016,145.61988794354187,88.05967551645628
779,84.68154899999999,-390.933543,11.111111,-23.710844999999992,-21.314124999999933,0.10536500000000082,96.24553058287123,-62.526830611072896,129.2956097207114,-66.74103488891645,145.10255449544417,88.05922901044653
780,84.68154899999999,-390.933543,-44.444444,-23.496364000000092,-21.269513000000018,0.09687100000009963,96.24555630867623,-53.37293114955633,129.0209300867958,-75.62025700834859,145.10259064908104,88.05922946881276
781,91.738345,-423.51133899999996,-44.444444,-23.461867999999996,-21.33748300000002,-0.0034860000000023206,96.76284306071362,-51.774781002921955,123.658369246596,-71.85545681807403,145.61986708787813,88.05969958068366
782,98.79514,-456.089134,-44.444444,-23.447119999999998,-21.221690000000024,-0.16493100000000283,97.19703030597641,-49.951008499044654,118.17773624335618,-68.19828273891024,146.05405427584512,88.06007853496936
783,105.851936,-488.66692900000004,-44.444444,-23.455342000000087,-21.20760299999995,-0.32700100000000276,97.5667572782727,-47.92695934272451,112.55138855636291,-64.5957098760448,146.42378119084563,88.06040850136358
784,112.908732,-521.244724,-44.444444,-23.440831000000003,-21.21682999999996,-0.3577800000000053,97.88547410454738,-45.71481169460123,106.74727223365493,-61.00349929867898,146.74249795982453,88.06069836071214
785,119.965528,-553.8225199999999,-44.444444,-23.440113000000096,-21.2728350000001,-0.4327520000000007,98.1631126071086,-43.31613551632928,100.72670987386348,-57.381398143394776,147.02013646238578,88.06095498850858
786,127.02232299999999,-586.400315,-44.444444,-23.466300999999987,-21.30417299999999,-0.4932760000000016,98.4071714856917,-40.72264222855695,94.44108881556495,-53.68907820282407,147.26419534096888,88.06118382785195
787,134.079119,-618.97811,-44.444444,-23.457172,-21.21213799999998,-0.6472169999999977,98.62342128473031,-37.91523640847967,87.82677327205997,-49.88199573262114,147.48044519730325,88.06138906133417
788,141.135915,-651.555906,-44.444444,-23.477399000000005,-21.21953099999996,-0.844922000000004,98.81637714083321,-34.8609316726204,80.79663051476672,-45.9060018093711,147.67340099611036,88.06157395481466
789,148.192711,-684.1337010000001,-44.444444,-23.42170800000011,-21.2987609999999,-0.866570999999901,98.9896300096856,-31.505734770197186,73.22377502924887,-41.6882022213631,147.84665392225853,88.06174102930773
790,148.192711,-684.1337010000001,-100.0,-23.328362999999996,-21.19180999999992,-0.8488129999999927,98.98963006698138,-26.073192463829653,71.88860998956524,-45.78558246742754,147.8466551827657,88.06173862288497
791,141.135915,-651.555906,-100.0,-23.411727000000013,-21.17131299999994,-0.7177700000000016,98.8163606396487,-29.19870387880577,79.50362571500109,-50.27523385615328,147.6733850678837,88.06156301132077
792,134.079119,-618.97811,-100.0,-23.39458599999999,-21.18354499999998,-0.5592280000000045,98.62341097149,-31.98427072497228,86.55136114139384,-54.537558624674475,147.4804352278376,88.06137788865716
793,127.02232299999999,-586.400315,-100.0,-23.37522300000009,-21.183767999999986,-0.508728000000005,98.40716621447999,-34.48198472078065,93.16445061251302,-58.65310747701408,147.26419035623604,88.06117191032982
794,119.965528,-553.8225199999999,-100.0,-23.324886000000006,-21.221445000000017,-0.3334090000000032,98.16311226333393,-36.72050194928391,99.43294871251251,-62.68328154987885,147.02013634779422,88.06094181047929
795,112.908732,-521.244724,-100.0,-23.306174,-21.213092999999958,-0.25193899999999303,97.8854793757591,-38.71229008669564,105.42161267838408,-66.68037389908945,146.74250346021938,88.06068329192213
796,105.851936,-488.66692900000004,-100.0,-23.311183,-21.23267999999996,-0.1481639999999942,97.56676999793575,-40.45651129683204,111.17891095807431,-70.69369504866401,146.42379402510025,88.06039073967193
797,98.79514,-456.089134,-100.0,-23.2847,-21.205957999999953,-0.04569100000000503,97.19705362535868,-41.93941499368041,116.74227900963524,-74.77443682954097,146.05407765252318,88.06005704905206
798,91.738345,-423.51133899999996,-100.0,-23.268782,-21.254781000000037,-0.014210000000005607,96.76288270939305,-43.13266652351082,122.14136098183761,-78.98058526348922,145.6199068511491,88.05967259437152
799,84.68154899999999,-390.933543,-100.0,-23.285159000000093,-21.26621399999999,0.0673230000000018,96.2455639290149,-43.989305348701876,127.40008880612197,-83.38304273174059,145.10258818536252,88.0592245986715
800,144.07109000000003,-373.153482,-100.0,-23.63290200000003,-21.10446300000001,0.028436999999996715,106.1555477216066,-43.70693226669637,125.41393525025909,-81.66940881620145,155.0125698007146,88.07055449529554
801,156.077014,-404.24960500000003,-100.0,-23.644639000000012,-21.04451499999999,-0.0368310000000065,106.57072027381817,-42.71812898042359,120.11855445638354,-77.36221881671567,155.4277436707291,88.07122909580353
802,168.08293799999998,-435.345729,-100.0,-23.680397999999997,-20.996217,-0.11237400000000264,106.92124823254053,-41.41424588936807,114.6726671035307,-73.21970078366348,155.7782715148599,88.07179334464017
803,180.08886199999998,-466.441852,-100.0,-23.676611999999977,-21.00229300000001,-0.2004129999999975,107.2212098583494,-39.83394784712282,109.05111805266321,-69.17799690919996,156.078233083373,88.07228929690764
804,192.094787,-497.537976,-100.0,-23.664862999999997,-21.060747999999933,-0.24236399999999492,107.4808673410176,-37.99951901580543,103.22200696180465,-65.18291271976551,156.33789056604118,88.07272858364917
805,204.100711,-528.634099,-100.0,-23.684589999999986,-21.033221000000026,-0.3939620000000019,107.70786955251855,-35.91968187570587,97.14456765464838,-61.18495142276281,156.5648928348379,88.07312031489369
806,216.10663499999998,-559.730223,-100.0,-23.703161999999992,-20.972267999999985,-0.5545749999999998,107.90803740027609,-33.590449500006706,90.7653464347681,-57.134640060638816,156.76506073989125,88.07347165261366
807,228.112559,-590.826346,-100.0,-23.749976000000032,-20.972858000000087,-0.6279920000000061,108.08588092157461,-30.99388464279045,84.01187158953111,-52.97743906735393,156.94290437578132,88.07378826909125
808,240.118483,-621.92247,-100.0,-23.73853200000002,-21.007555000000025,-0.6793059999999969,108.24495486116668,-28.09370830401879,76.7808156809804,-48.64629622346801,157.10197860185227,88.07407446150992
809,252.124407,-653.018593,-100.0,-23.749363999999986,-21.030005999999958,-0.7669959999999918,108.3880798902777,-24.82672117624072,68.91888419480338,-44.05111414487986,157.24510391744218,88.0743329227713
810,252.124407,-653.018593,-44.444444,-23.817643000000004,-21.161587999999938,-0.7166839999999013,108.3880798902777,-30.185199291079755,70.27789579521612,-40.05164539591817,157.24510414662532,88.0743360167434
811,240.118483,-621.92247,-44.444444,-23.872806999999995,-21.148758000000043,-0.7359989999999001,108.24492976561525,-33.667055389610184,78.08616531480834,-44.37832042950922,157.10195488139956,88.07405068376143
812,228.112559,-590.826346,-44.444444,-23.85829100000001,-21.14889900000003,-0.5524470000000008,108.08586659762975,-36.82108927388148,85.29095987470657,-48.429344321947234,156.94289096856892,88.07376466323011
813,216.10663499999998,-559.730223,-44.444444,-23.83376099999998,-21.196145,-0.42272599999999727,107.90802731621889,-39.71160439831165,92.03932324886165,-52.2874846655561,156.76505122879183,88.07344690083691
814,204.100711,-528.634099,-44.444444,-23.808172999999982,-21.220424999999977,-0.2597980000000035,107.70786302079968,-42.37803062974177,98.43006298307212,-56.0121226916316,156.56488658959793,88.07309332858155
815,192.094787,-497.537976,-44.444444,-23.83564899999999,-21.174289999999985,-0.23969200000000512,107.48086413245395,-44.844038115195865,104.53397013287024,-59.65038446530217,156.33788752936488,88.0726982741818
816,180.08886199999998,-466.441852,-44.444444,-23.808547999999973,-21.18004899999994,-0.17818699999990173,107.22121020212408,-47.121694663642295,110.40421019691134,-63.243374207973574,156.07823348444347,88.07225428918635
817,168.08293799999998,-435.345729,-44.444444,-23.836276999999995,-21.162677999999914,-0.07456900000000388,106.92125275890712,-49.21312165131755,116.08237378047352,-66.83056957116705,155.7782759839307,88.07175169060847
818,156.077014,-404.24960500000003,-44.444444,-23.806713000000087,-21.219749999999976,0.027477999999995006,106.57072995680491,-51.1103969053799,121.60228326975268,-70.45372617200569,155.42775318182848,88.07117810255977
819,144.07109000000003,-373.153482,-44.444444,-23.82072800000003,-21.18652099999997,0.111227000000099,106.15553419980263,-52.793738255811554,126.99259698233723,-74.16129882204056,155.0125574248262,88.07051685196839
820,144.07109000000003,-373.153482,11.111111,-24.018269000000117,-21.25738599999994,0.06462699999999977,106.15554783619815,-61.62491774953042,127.25957549052849,-65.59706368822836,155.01256985801038,88.07055443799976
821,156.077014,-404.24960500000003,11.111111,-23.967877000000016,-21.25591099999997,-0.03150299999999895,106.57070967409896,-59.1968313611555,121.85260933258624,-62.61757520829948,155.42773244075633,88.07122485591584
822,168.08293799999998,-435.345729,11.111111,-23.976811000000083,-21.203040999999985,-0.09417700000009965,106.92124227377947,-56.672907697487766,116.31969433161117,-59.608068495455434,155.77826504043682,88.0717907663301
823,180.08886199999998,-466.441852,11.111111,-23.92661099999998,-21.22072700000001,-0.15353199999999845,107.22120642060264,-54.04685052531651,110.63159033137396,-56.545567942111504,156.07822918726,88.07228774992159
824,192.094787,-497.537976,11.111111,-23.931135000000012,-21.234133999999983,-0.2444039999999994,107.48086533566531,-51.30777593836544,104.75410074694263,-53.406750327188604,156.33788815961844,88.07272772421247
825,204.100711,-528.634099,11.111111,-23.91557499999999,-21.24457300000006,-0.41679199999999916,107.70786834930716,-48.439667703612564,98.64546176789763,-50.16586010917582,156.56489128785185,88.07311985652746
826,216.10663499999998,-559.730223,11.111111,-23.906843999999978,-21.181524999999965,-0.5376999999999992,107.90803665543096,-45.42000216258196,92.25253058471235,-46.79227171989514,156.7650597085672,88.0734715380221
827,228.112559,-590.826346,11.111111,-23.922570000000007,-21.19872900000007,-0.5489809999999995,108.08588046320838,-42.21715250334863,85.50477563443992,-43.24707507981722,156.94290368823198,88.07378838368281
828,240.118483,-621.92247,11.111111,-23.889339000000092,-21.23037199999999,-0.7126039999999989,108.24495486116668,-38.78534827892745,78.30339739269094,-39.47723761649521,157.10197831537337,88.07407480528461
829,252.124407,-653.018593,11.111111,-23.875084999999984,-21.27529000000004,-0.8715630000000001,108.3880798902777,-35.05646028111078,70.50396127801781,-35.406451263787545,157.24510363096329,88.07433372491222
830,252.124407,-653.018593,66.666667,-23.97056999999998,-21.360666000000037,-0.8041170000001046,108.38808017675659,-39.37780852608049,69.60201908103622,-30.18317285394994,157.24511067834416,88.07432215116476
831,240.118483,-621.92247,66.666667,-23.999634999999984,-21.45209399999999,-0.6257769999999994,108.24492902077012,-43.37460110377269,77.43652903632139,-34.02113820767666,157.10195396466708,88.0740510275361
832,228.112559,-590.826346,66.666667,-24.046401000000003,-21.38728900000001,-0.5923800000000057,108.08586602467194,-47.09309289698827,84.6536255157431,-37.520005595031854,156.9428901091322,88.07376540807523
833,216.10663499999998,-559.730223,66.666667,-24.036837000000077,-21.387418000000025,-0.46538400000000024,107.90802668596531,-50.60955713603486,91.40414911267315,-40.75435664572881,156.76505031205937,88.07344810404828
834,204.100711,-528.634099,66.666667,-24.062803000000002,-21.378485999999953,-0.28003900000000215,107.70786227595454,-53.97698989594777,97.78875888602508,-43.771857781392534,156.56488555827391,88.07309504745494
835,192.094787,-497.537976,66.666667,-24.10209599999999,-21.36063699999994,-0.21771400000000085,107.4808631011299,-57.235597114901594,103.87904545393424,-46.60389860942081,156.33788621156194,88.07270062330876
836,180.08886199999998,-466.441852,66.666667,-24.09807699999999,-21.388071000000025,-0.11343800000000215,107.22120876972959,-60.41841433615221,109.72827836419154,-49.27071978065912,156.07823170827427,88.07225749775002
837,168.08293799999998,-435.345729,66.666667,-24.15427699999998,-21.36807699999997,-0.05592800000000864,106.9212505816675,-63.55494327116244,115.37758716293735,-51.78395726578565,155.77827340562064,88.07175621697505
838,156.077014,-404.24960500000003,66.666667,-24.165459000000084,-21.418785999999955,0.14884399999999687,106.57072640446658,-66.67399103466012,120.8597638863646,-54.147606815167876,155.42774917112393,88.07118446239129
839,144.07109000000003,-373.153482,66.666667,-24.206838000000133,-21.376819000000012,0.16204699999998695,106.1555278972669,-69.80645689676199,126.2017494110708,-56.35772413004832,155.01255066392423,88.07052619118046
840,144.07109000000003,-373.153482,122.222222,-24.40395200000013,-21.447287000000017,0.14153500000000463,106.15554783619815,-76.98377767201745,123.87053070528745,-46.84915892320451,155.01256985801038,88.07055443799976
841,156.077014,-404.24960500000003,122.222222,-24.338645999999983,-21.351245999999946,-0.053652999999997064,106.57071580474737,-73.26654197417615,118.66113678169926,-45.356397201012015,155.4277381130385,88.07121929822523
842,168.08293799999998,-435.345729,122.222222,-24.312080999999978,-21.318042999999932,-0.06637100000000373,106.9212455396389,-69.6406074447636,113.28290829600004,-43.60358592113212,155.7782679052258,88.07178727128755
843,180.08886199999998,-466.441852,122.222222,-24.22526499999998,-21.370115999999996,-0.10669900000009136,107.22120813947603,-66.05945208805484,107.71303104281597,-41.61440915346326,156.0782305623587,88.07228551538618
844,192.094787,-497.537976,122.222222,-24.195605999999998,-21.43759199999994,-0.18353199999999958,107.480866195102,-62.48178472651549,101.921017708685,-39.399659933175414,156.33788867528045,88.07272623452221
845,204.100711,-528.634099,122.222222,-24.131602000000015,-21.46446000000003,-0.32139800000000207,107.70786875037763,-58.86797432782259,95.86655131621183,-36.95864400730824,156.56489134514766,88.07311888249922
846,216.10663499999998,-559.730223,122.222222,-24.11796799999999,-21.426189000000022,-0.41983100000000206,107.90803682731828,-55.176350932043434,89.49556808350994,-34.27896119407639,156.76505959397562,88.0734707358812
847,228.112559,-590.826346,122.222222,-24.112938000000014,-21.40575600000011,-0.5764610000001085,108.08588052050416,-51.358755660328114,82.73357163698597,-31.334268784820484,156.94290345904886,88.07378763883769
848,240.118483,-621.92247,122.222222,-24.04487499999999,-21.457542999999987,-0.7723100000000045,108.24495486116668,-47.35348210405661,75.47288796625747,-28.078595453552403,157.10197808619026,88.07407377396056
849,252.124407,-653.018593,122.222222,-24.03053900000009,-21.511784000000034,-0.78529300000001,108.3880798902777,-43.07482706434594,67.55164314428339,-24.435768352170243,157.24510345907595,88.0743318341515
850,252.124407,-653.018593,177.77777799999998,-24.098457999999994,-21.60736499999996,-0.8724949999999865,108.38808057782704,-46.062544593311614,64.29892879625248,-18.195380592923893,157.24511961648577,88.07428760180971
851,240.118483,-621.92247,177.77777799999998,-24.174060999999995,-21.62879499999997,-0.7260990000000049,108.24492649975582,-50.63978249319295,72.38288710032487,-21.702317976231953,157.1019517301317,88.07404781897245
852,228.112559,-590.826346,177.77777799999998,-24.213355000000007,-21.591805000000022,-0.5210349999999835,108.08586539441836,-54.9272732296539,79.72855731432621,-24.760758206864914,156.94288953617442,88.07376431945542
853,216.10663499999998,-559.730223,177.77777799999998,-24.268634000000077,-21.545344,-0.537733999999972,107.90802731621889,-59.026500691649844,86.52394797568581,-27.457211953126478,156.76505082772138,88.07344810404828
854,204.100711,-528.634099,177.77777799999998,-24.28972399999998,-21.566325000000006,-0.2894009999999696,107.7078640521237,-63.00808404737451,92.88807588296052,-29.840079882056095,156.56488716255572,88.07309590689162
855,192.094787,-497.537976,177.77777799999998,-24.363619000000085,-21.53436700000003,-0.07332399999998529,107.48086636698935,-66.92725849092656,98.9015384362336,-31.934728726004924,156.3378891909425,88.07270228488638
856,180.08886199999998,-466.441852,177.77777799999998,-24.379464999999982,-21.537207000000024,-0.12812999999999874,107.22121398364554,-70.83179128450296,104.62099302544277,-33.75005514443264,156.0782366357113,88.0722600187643
857,168.08293799999998,-435.345729,177.77777799999998,-24.461718999999988,-21.55591099999998,-0.050391999999988,106.92125888955553,-74.76704275189903,110.08696197605714,-35.28122933230942,155.77828142702975,88.07175982660915
858,156.077014,-404.24960500000003,177.77777799999998,-24.52476999999999,-21.52104099999997,0.032413000000019565,106.57073998356633,-78.77990186830762,115.32822260899914,-36.51015012049258,155.42776246374478,88.07118950441988
859,144.07109000000003,-373.153482,177.77777799999998,-24.593914000000026,-21.49646100000001,0.12646599999999353,106.15555081557869,-82.92254681151141,120.3642432853022,-37.404121672402994,155.01257323846139,88.07053329585712
860,144.07109000000003,-373.153482,233.333333,-24.75836400000003,-21.540988999999968,0.06689099999996984,106.15554783619815,-87.5287660052903,115.7950150489179,-28.22865493356211,155.01256985801038,88.07055443799976
861,156.077014,-404.24960500000003,233.333333,-24.645577000000088,-21.523366999999894,0.026789999999891734,106.57072863900198,-83.11967053450344,110.9446179159261,-27.78675355643301,155.42775077540577,88.07121534481644
862,168.08293799999998,-435.345729,233.333333,-24.578446999999983,-21.52817399999992,-0.07376200000001631,106.9212531026818,-78.8425485579652,105.84931421329333,-26.968053532717,155.7782752390856,88.07178440649857
863,180.08886199999998,-466.441852,233.333333,-24.46448399999997,-21.586303999999984,-0.1468590000000063,107.22121255125104,-74.64792453981244,100.49131532035413,-25.80422304189188,156.07823474495058,88.07228339544234
864,192.094787,-497.537976,233.333333,-24.416450999999995,-21.617778999999985,-0.21579300000010448,107.4808687161163,-70.48861935902494,94.84152214308834,-24.31333133935113,156.33789096711163,88.07272463024039
865,204.100711,-528.634099,233.333333,-24.375450999999998,-21.573810999999978,-0.2809530000000109,107.70787012547633,-66.3169908873882,88.85681777394737,-22.499895280576887,156.56489249106323,88.0731175074005
866,216.10663499999998,-559.730223,233.333333,-24.316853999999978,-21.600865,-0.4925139999999999,107.9080468540797,-62.08059664168857,82.47413187827993,-20.353280711595737,156.76506944884972,88.07346936078248
867,228.112559,-590.826346,233.333333,-24.280381000000006,-21.661603000000014,-0.5560180000001083,108.08588808354706,-57.717609319211306,75.60200005198142,-17.84384554628503,156.9429108502044,88.07378574807696
868,240.118483,-621.92247,233.333333,-24.225105000000013,-21.66260699999998,-0.6328130000000272,108.2449548038709,-53.14487309143052,68.09903355724319,-14.913353552206758,157.10197791430292,88.07407045080537
869,252.124407,-653.018593,233.333333,-24.144423999999987,-21.775446999999986,-0.8430120000000159,108.38807983298192,-48.23859653059521,59.73395637577884,-11.454319966938222,157.24510328718864,88.07432444299594
870,252.124407,-653.018593,288.888889,-24.201626000000005,-21.84920299999999,-0.7219860000000153,108.38807977568614,-49.46066371222458,53.63907600415567,-4.137355167656046,157.24510128183633,88.07434071499732
871,240.118483,-621.92247,288.888889,-24.296002999999985,-21.883670000000052,-0.6139519999999834,108.24495503305401,-54.766065194162316,62.49299418741099,-7.686155941448453,157.10198169582438,88.07403395339381
872,228.112559,-590.826346,288.888889,-24.321854000000002,-21.831934000000047,-0.5951150000000212,108.08588819813862,-59.646985278590996,70.27477151365505,-10.58726608683462,156.94291291285248,88.07375841799013
873,216.10663499999998,-559.730223,288.888889,-24.43520699999999,-21.76260400000001,-0.3726970000000165,107.90802685785266,-64.2688312086827,77.30142856761009,-12.99236483551109,156.7650505412425,88.0734452965551
874,204.100711,-528.634099,288.888889,-24.49341799999999,-21.693636999999967,-0.3452570000000037,107.70786582829287,-68.7332805331276,83.75348223435088,-14.980290893608963,156.56488893872492,88.07309476097603
875,192.094787,-497.537976,288.888889,-24.564053,-21.725831000000028,-0.326088000000027,107.48087020580657,-73.11285739019665,89.74474433464025,-16.592335839733057,156.33789297246392,88.07270222759058
876,180.08886199999998,-466.441852,288.888889,-24.60139799999999,-21.71311400000002,-0.15728500000005852,107.22122040077284,-77.46420255405154,95.34955814774867,-17.84620830964059,156.0782429382471,88.072260878201
877,168.08293799999998,-435.345729,288.888889,-24.703356999999983,-21.691135999999915,-0.004094000000065989,106.9212687444296,-81.83596896504892,100.61763366386903,-18.74297331728116,155.77829111001648,88.07176154548254
878,156.077014,-404.24960500000003,288.888889,-24.796485999999987,-21.647753999999964,-0.04441100000008191,106.57075476587744,-86.27325837113122,105.58163113890141,-19.27019985574004,155.42777713146432,88.07119219732152
879,144.07109000000003,-373.153482,288.888889,-24.882155000000026,-21.641661999999997,0.0861009999999851,106.15557321822848,-90.82058025376807,110.26137262072614,-19.403214185119282,155.0125955265196,88.07053713467434
880,144.07109000000003,-373.153482,344.44444400000003,-24.987918000000022,-21.65724499999999,0.14511999999996306,106.15554783619815,-92.87366759869481,103.8234507861149,-10.912189077354602,155.01256985801038,88.07055443799976
881,156.077014,-404.24960500000003,344.44444400000003,-24.844835999999987,-21.736991999999987,-0.058738000000005286,106.57074657258097,-88.27808662688969,99.27883400911621,-10.962554932335577,155.42776859439317,88.07121385512617
882,168.08293799999998,-435.345729,344.44444400000003,-24.77375699999999,-21.709141999999986,-0.03123000000010734,106.92127029141565,-83.75515446897177,94.4093930768172,-10.615527688445683,155.77829237052364,88.07178308869564
883,180.08886199999998,-466.441852,344.44444400000003,-24.65339399999999,-21.731048000000044,-0.20510800000005247,107.2212280784073,-79.26534717842996,89.18984553895837,-9.88533176779418,156.07825015751527,88.07228224952676
884,192.094787,-497.537976,344.44444400000003,-24.597935000000007,-21.773181999999963,-0.3766050000000405,107.48088218062449,-74.7650488014762,83.57939130013156,-8.774772314450246,156.33790437432404,88.072723427029
885,204.100711,-528.634099,344.44444400000003,-24.52534700000001,-21.810542000000055,-0.34951100000006363,107.70788158463223,-70.20312486024733,77.51532620301235,-7.2722714556561145,156.56490383562758,88.07311590311868
886,216.10663499999998,-559.730223,344.44444400000003,-24.45452499999999,-21.802325999999994,-0.45183100000002696,107.9080468540797,-65.51495104396011,70.90135030888834,-5.346147490130026,156.76506939155396,88.07346678247241
887,228.112559,-590.826346,344.44444400000003,-24.397334,-21.88874700000008,-0.6248870000000579,108.08588808354706,-60.61097479408068,63.58447391699394,-2.9329592649356635,156.9429108502044,88.07378064875259
888,240.118483,-621.92247,344.44444400000003,-24.331092000000012,-21.92336499999999,-0.6290590000000407,108.2449548038709,-55.35177376395332,55.303787116216625,0.08878078438377278,157.10197779971136,88.07405841869166
889,252.124407,-653.018593,344.44444400000003,-24.250091999999995,-22.001682999999957,-0.7648600000000556,108.38807983298192,-49.48215535911993,45.55395012668837,3.9692052901102164,157.24510231316037,88.07428702885191
890,252.124407,-653.018593,400.0,-24.262860999999987,-22.186688000000004,-0.994589000000019,108.38807971839036,-47.721780348794965,34.297967808422705,13.464869664647294,157.24510122454055,88.07434065770155
891,240.118483,-621.92247,400.0,-24.372784999999993,-22.095304000000056,-0.6176229999999805,108.24495474657512,-54.616907492426364,45.96422354597689,8.69349813661938,157.10197631002112,88.07407709711579
892,228.112559,-590.826346,400.0,-24.461512,-22.060085000000072,-0.5341869999999744,108.08588837002596,-60.43872935691949,55.19678461237009,5.282434697903037,156.94291612141615,88.07372742097341
893,216.10663499999998,-559.730223,400.0,-24.53091599999999,-21.973545999999942,-0.4164680000000658,107.90804702596705,-65.70922579161162,63.05869300834796,2.6907532172704673,156.765071969864,88.0734326914836
894,204.100711,-528.634099,400.0,-24.60020399999999,-21.940949000000046,-0.39925700000003417,107.70786290620812,-70.65623254700407,69.99809494993607,0.6980422740338957,156.56488658959793,88.07308828655295
895,192.094787,-497.537976,400.0,-24.698834000000005,-21.925648999999964,-0.3321520000000078,107.48087049228546,-75.40570345086245,76.2490350447827,-0.8037838696606902,156.33789348812596,88.07269867525225
896,180.08886199999998,-466.441852,400.0,-24.756434999999982,-21.85314999999997,-0.272309000000007,107.22122297908291,-80.04010924607701,81.95120109089004,-1.871946394221447,156.07824563114872,88.07225898744028
897,168.08293799999998,-435.345729,400.0,-24.866646000000003,-21.83012500000001,-0.17147299999999177,106.92127338538775,-84.61813278568704,87.19166771891956,-2.534844239242931,155.77829580827043,88.0717608006374
898,156.077014,-404.24960500000003,400.0,-24.949287999999996,-21.835613999999964,-0.10345499999999674,106.57076141218786,-89.18526794994996,92.02649833346278,-2.803057356891131,155.42778377777475,88.07119236920886
899,144.07109000000003,-373.153482,400.0,-25.06353300000002,-21.731542999999988,0.06572399999998879,106.1555815261165,-93.77897936046955,96.49136786515463,-2.674809463409582,155.01260383440763,88.0705381087026
900,-342.46675999999997,-206.679748,400.0,-25.22035100000005,-22.091698000000008,-2.0542859999999905,8.54715864239034,-102.51047376623083,103.88295468767464,-1.3536355374210365,57.404190862851316,88.0263273101316
901,-371.00565600000004,-223.90306099999998,400.0,-25.102266999999927,-22.242636000000005,-1.9390950000000657,10.747318294566085,-97.65898285680814,99.9521148807095,-2.2747238639720564,59.604346905392944,88.02716789651284
902,-399.544553,-241.126373,400.0,-25.10987399999999,-22.348013999999978,-1.9508450000000153,12.551542796276456,-92.91725874341037,95.68422348343393,-2.7488813898683158,61.408571120624416,88.02782817307595
903,-428.08344999999997,-258.349686,400.0,-25.19192700000002,-22.485101999999983,-2.228465000000085,14.058975561179514,-88.24740336186173,91.06583936434039,-2.8006020035558774,62.91600365634435,88.02836239892412
904,-456.622346,-275.57299800000004,400.0,-25.174525000000017,-22.522560999999882,-2.2444860000000517,15.337912585497062,-83.6102441606669,86.07169256364934,-2.443811215062279,64.19494056607034,88.02880443586307
905,-485.161243,-292.79631,400.0,-25.252674000000013,-22.60328899999996,-2.308261000000016,16.437028467390405,-78.96235850199785,80.66057549836871,-1.6807386323514908,65.29405639066792,88.02917668654256
906,-513.7001399999999,-310.019623,400.0,-25.323904000000084,-22.738207999999986,-2.3682510000000434,17.39199842397337,-74.25212134152727,74.76832978699424,-0.49886065852910416,66.2490262899551,88.02949485000619
907,-542.239036,-327.242935,400.0,-25.436060999999995,-22.71069499999993,-2.4134579999999914,18.229592074758493,-69.41314577840676,68.29502889715349,1.1353553478438108,67.08661988344444,88.02977021352254
908,-570.777933,-344.466247,400.0,-25.57981200000006,-22.732047999999907,-2.469936000000075,18.970303260640915,-64.35166835808292,61.079389563996344,3.2894243269227306,67.82733106932686,88.03001102768383
909,-599.31683,-361.68956000000003,400.0,-25.725712000000044,-22.886383999999964,-2.659774000000084,19.63009601818747,-58.91839707751262,52.84076416791737,6.094697483494971,68.4871238841692,88.0302239388005
910,-599.31683,-361.68956000000003,344.44444400000003,-25.31110799999999,-22.895767999999975,-2.614377000000104,19.630095674412793,-59.218770144314185,61.43534016717917,-2.199496969189898,68.48712067560554,88.03020554685527
911,-570.777933,-344.466247,344.44444400000003,-25.176265000000058,-22.74743799999999,-2.4428080000000136,18.970303260640915,-64.24166664936197,69.04005514278259,-4.781238491513641,67.82733089743952,88.030002146838
912,-542.239036,-327.242935,344.44444400000003,-25.065110999999888,-22.73751500000003,-2.289216000000067,18.2295419982472,-69.01912270269528,75.88093498614569,-6.844569863451078,67.08656969234158,88.02976173374718
913,-513.7001399999999,-310.019623,344.44444400000003,-24.964716000000067,-22.745632999999998,-2.3805620000000545,17.391960264984217,-73.65271329355893,82.13527655953466,-8.46521169751643,66.24898801637438,88.0294864848224
914,-485.161243,-292.79631,344.44444400000003,-24.89793599999996,-22.62585200000001,-2.241467000000114,16.43700377290944,-78.21523013151418,87.91423241469771,-9.681519908459599,65.29403163889117,88.02916809217562
915,-456.622346,-275.57299800000004,344.44444400000003,-24.821949000000018,-22.628033999999957,-2.0899930000000495,15.33790697051067,-82.76349155034347,93.28939735236214,-10.508264374210802,64.19493489378817,88.02879544042568
916,-428.08344999999997,-258.349686,344.44444400000003,-24.839091999999994,-22.52677399999999,-2.034475000000043,14.058975561179514,-87.34590096728367,98.30736601930136,-10.943626469432518,62.91600359904858,88.0283529451205
917,-399.544553,-241.126373,344.44444400000003,-24.807130999999913,-22.394939999999963,-1.953296000000023,12.551542796276456,-92.0081728513433,102.99863466711899,-10.972373480887617,61.40857100603286,88.02781826090609
918,-371.00565600000004,-223.90306099999998,344.44444400000003,-24.778529999999932,-22.285264999999924,-1.9013520000000312,10.747318294566085,-96.7945353044188,107.37996758253433,-10.56701873238295,59.60434673350561,88.02715786975142
919,-342.46675999999997,-206.679748,344.44444400000003,-24.85220700000002,-22.15902700000001,-2.042316000000085,8.547157897545206,-101.75167900101005,111.4581366683196,-9.687605923455257,57.40418673755519,88.02631900224357
920,-342.46675999999997,-206.679748,288.888889,-24.45570600000002,-22.28066000000001,-1.8252910000000497,8.547157267291631,-99.74027525241155,118.24151985316665,-18.48238810135109,57.404183528991524,88.02631716877863
921,-371.00565600000004,-223.90306099999998,288.888889,-24.40308799999991,-22.427625000000006,-1.8943060000000855,10.747318294566085,-94.73553778524375,113.95851995990392,-19.204574129322445,59.60434696268873,88.0271680111044
922,-399.544553,-241.126373,288.888889,-24.46643899999998,-22.531503999999984,-1.9210190000000011,12.551542796276456,-89.96063374322573,109.4081840327858,-19.42946699670062,61.408571120624416,88.02782823037171
923,-428.08344999999997,-258.349686,288.888889,-24.46245300000004,-22.626753000000008,-2.054846999999995,14.058975561179514,-85.35556768430533,104.58709758712797,-19.213695903899826,62.91600365634435,88.02836239892412
924,-456.622346,-275.57299800000004,288.888889,-24.517897000000005,-22.671605999999883,-2.031425000000013,15.337912585497062,-80.86716792188307,99.48224153213478,-18.59743619314842,64.19494056607034,88.02880432127151
925,-485.161243,-292.79631,288.888889,-24.589808000000062,-22.745446000000015,-2.1259850000000142,16.437028467390405,-76.44568527545282,94.06954614001589,-17.60638215676903,65.29405633337214,88.02917645735944
926,-513.7001399999999,-310.019623,288.888889,-24.605683000000113,-22.807919999999967,-2.3593950000000063,17.39199842397337,-72.0415513326929,88.31110830456691,-16.252208726569922,66.24902623265932,88.02949450623153
927,-542.239036,-327.242935,288.888889,-24.683357,-22.79453899999993,-2.3029430000000275,18.229592074758493,-67.60154822660552,82.150164122996,-14.531376742250579,67.08661982614866,88.02976964056474
928,-570.777933,-344.466247,288.888889,-24.889411999999993,-22.81586799999991,-2.458035999999993,18.970303260640915,-63.063327377473875,75.50194231227388,-12.42146814145669,67.82733101203108,88.03001016824714
929,-599.31683,-361.68956000000003,288.888889,-24.957206000000042,-22.964962999999898,-2.6301750000000084,19.630095960891687,-58.346136400131144,68.2361353675329,-9.872931528713062,68.48712371228186,88.03022244911023
930,-599.31683,-361.68956000000003,233.333333,-24.565462000000025,-23.00180499999999,-2.475344000000007,19.63009584630013,-56.49477414495334,73.62467216610742,-17.112827545789074,68.48712222259158,88.03021465688423
931,-570.777933,-344.466247,233.333333,-24.49816300000009,-22.870391999999924,-2.4319080000000213,18.970247168072774,-60.94056693226475,80.70672764983695,-19.74901077296101,67.82727480487138,88.03000306357048
932,-542.239036,-327.242935,233.333333,-24.360623999999916,-22.866004999999973,-2.2158620000000155,18.22954182635986,-65.2415699042956,87.26483700766784,-22.006024740668693,67.08656952045425,88.02976236400073
933,-513.7001399999999,-310.019623,233.333333,-24.261756000000105,-22.88879099999997,-2.0450530000001095,17.391953446786452,-69.46690835638039,93.40450761008023,-23.92024768524056,66.24898119817661,88.02948682859706
934,-485.161243,-292.79631,233.333333,-24.226830000000007,-22.824972000000002,-2.064549999999997,16.43699002192235,-73.67313350937738,99.19672279724244,-25.50610685584535,65.2940178306083,88.02916826406297
935,-456.622346,-275.57299800000004,233.333333,-24.140862000000027,-22.78309699999994,-1.9449990000001094,15.33788462515666,-77.91162478060718,104.69063404008864,-26.761367774377824,64.19491254843416,88.02879544042568
936,-428.08344999999997,-258.349686,233.333333,-24.10188900000003,-22.72806099999997,-1.8258030000000076,14.05896668033369,-82.23340245744436,109.92014857986423,-27.668907367947384,62.915994660906975,88.02835271593739
937,-399.544553,-241.126373,233.333333,-24.08182299999993,-22.62904900000001,-1.866088000000019,12.551542796276456,-86.69277291210587,114.90719391245933,-28.19633243628228,61.40857094873707,88.02781774524408
938,-371.00565600000004,-223.90306099999998,233.333333,-24.104745999999977,-22.539744000000013,-1.7332499999999982,10.747318294566085,-91.35291087215332,119.66506873207356,-28.293743913117225,59.604346676209836,88.0271570676105
939,-342.46675999999997,-206.679748,233.333333,-24.10421299999996,-22.41955200000001,-1.6501480000000015,8.547157897545206,-96.28899281208288,124.19721508266123,-27.889369896470484,57.40418673755519,88.0263177990322
940,-342.46675999999997,-206.679748,177.77777799999998,-23.76700500000004,-22.61680599999991,-1.55555099999998,8.547157267291631,-91.20363880804145,129.22614786996806,-38.00364935395897,57.404183414399974,88.0263203200465
941,-371.00565600000004,-223.90306099999998,177.77777799999998,-23.807884999999942,-22.74419000000003,-1.5655689999999822,10.747318294566085,-86.52577639860164,124.42095813833613,-37.87677455383346,59.604346905392944,88.02716995916089
942,-399.544553,-241.126373,177.77777799999998,-23.78894699999995,-22.826908000000003,-1.6140390000000764,12.551542796276456,-82.13617845239997,119.43852752241459,-37.28426629281718,61.408571063328644,88.02782954817465
943,-428.08344999999997,-258.349686,177.77777799999998,-23.792813999999964,-22.884338999999954,-1.7280420000000731,14.058975561179514,-77.94807240212462,114.27050023490237,-36.30459400574229,62.91600359904858,88.02836325836081
944,-456.622346,-275.57299800000004,177.77777799999998,-23.85887200000002,-22.93495799999988,-1.8162429999999858,15.337801832755263,-73.89407222312401,108.90138653369544,-34.98967700805969,64.19482975603277,88.02880477963774
945,-485.161243,-292.79631,177.77777799999998,-23.914975000000027,-22.96981599999998,-1.862212999999997,16.436931866706146,-69.91722952019627,103.30680397063888,-33.372095685352804,65.2939596753921,88.02917668654256
946,-513.7001399999999,-310.019623,177.77777799999998,-24.000940000000128,-23.003761999999995,-1.9394709999999975,17.391913397036575,-65.96788787470231,97.45374284287341,-31.468506608275444,66.24894114842674,88.0294945635273
947,-542.239036,-327.242935,177.77777799999998,-24.095085999999924,-22.972155999999984,-2.1508899999999755,18.22951621514642,-61.99760593959927,91.29623898638336,-29.28139354886951,67.08654396653658,88.02976958326897
948,-570.777933,-344.466247,177.77777799999998,-24.203340000000026,-22.934811999999965,-2.3694869999999923,18.970303260640915,-57.95466762756615,84.77002538686648,-26.79821050759078,67.8273309547353,88.0300099963598
949,-599.31683,-361.68956000000003,177.77777799999998,-24.287688000000003,-23.041652999999997,-2.416191000000083,19.630095960891687,-53.77923964360677,77.78453712666078,-23.98822929952017,68.48712365498608,88.03022210533555
950,-599.31683,-361.68956000000003,122.222222,-23.94946600000003,-23.106516999999997,-2.4717219999999998,19.63009590359591,-50.28717830730837,80.80686245236794,-30.50261475831436,68.48712279554938,88.03021763626477
951,-570.777933,-344.466247,122.222222,-23.85342300000002,-23.01669499999997,-2.186564000000004,18.9702459648614,-54.17964289084592,87.74626777440704,-33.549474881654156,67.82727360166001,88.0300032927536
952,-542.239036,-327.242935,122.222222,-23.815778999999907,-23.072377000000017,-1.9692790000000002,18.22953615407769,-57.93266352721883,94.26928999900504,-36.31938399449111,67.08656384817208,88.02976242129652
953,-513.7001399999999,-310.019623,122.222222,-23.67223700000011,-23.11739199999994,-1.8466039999999992,17.391942503292565,-61.59897639780651,100.45998753510243,-38.84365945424506,66.24897019738695,88.0294867140055
954,-485.161243,-292.79631,122.222222,-23.57042800000005,-23.059953000000007,-1.6755920000000941,16.43697168727291,-65.22338703137135,106.37892906902545,-41.138059433747046,65.29399943866308,88.0291679202883
955,-456.622346,-275.57299800000004,122.222222,-23.493041000000005,-23.06518099999994,-1.6121590000000054,15.33785506053443,-68.84813055341515,112.07151680778423,-43.20574431089923,64.19488292651616,88.02879475287632
956,-428.08344999999997,-258.349686,122.222222,-23.440686000000028,-23.035370999999998,-1.5892259999999965,14.058919010245134,-72.51711392299016,117.57270163524807,-45.03774838482761,62.91594693352264,88.02835162731756
957,-399.544553,-241.126373,122.222222,-23.467675999999983,-22.968204000000014,-1.469477000000012,12.551492547877821,-76.28036873149969,122.90987442906672,-46.61141610217183,61.40852064304267,88.02781602637069
958,-371.00565600000004,-223.90306099999998,122.222222,-23.419047999999975,-22.889288000000022,-1.367122000000009,10.747288500760739,-80.19985394735983,128.10466595028822,-47.88639645184354,59.604316825108704,88.02715426011731
959,-342.46675999999997,-206.679748,122.222222,-23.41845600000005,-22.84126900000001,-1.2849750000000029,8.547157840249426,-84.35782161547037,133.17339529742503,-48.796718672240935,57.404186508372064,88.0263133299614
960,-342.46675999999997,-206.679748,66.666667,-23.170923999999957,-23.109227000000004,-1.0248650000000055,8.547157038108512,-75.80688763957636,135.8501076682638,-60.02435877373375,57.40418209659705,88.02632158055364
961,-371.00565600000004,-223.90306099999998,66.666667,-23.113621999999964,-23.15592700000002,-1.1654240000000016,10.747318237270306,-72.45887264852357,130.57221354629561,-58.09493623288532,59.60434661891405,88.0271758033304
962,-399.544553,-241.126373,66.666667,-23.24870599999997,-23.21155699999997,-1.1299960000000056,12.551306451185964,-69.21909872418301,125.21392909119135,-55.976748850318025,61.40833454635081,88.02783292862564
963,-428.08344999999997,-258.349686,66.666667,-23.234884000000022,-23.23517099999998,-1.2827759999999984,14.058795595136063,-66.03449926041488,119.74795584339353,-53.69562344349253,62.91582351841357,88.0283652637131
964,-456.622346,-275.57299800000004,66.666667,-23.221600000000024,-23.217258999999956,-1.5010320000000092,15.337770663851208,-62.86559460034563,114.14677034281854,-51.263538783735854,64.19479852983294,88.02880604014489
965,-485.161243,-292.79631,66.666667,-23.31658099999993,-23.220218999999986,-1.6660220000000123,16.436913130986248,-59.67894503629073,108.37896607981367,-48.682542450320454,65.29394093967218,88.0291774313877
966,-513.7001399999999,-310.019623,66.666667,-23.405710000000113,-23.21457799999996,-1.7428770000000071,17.391902109768008,-56.4435026155856,102.40738101178671,-45.94653009360123,66.24892986115817,88.02949502189354
967,-542.239036,-327.242935,66.666667,-23.49069499999996,-23.178043000000002,-1.8783640000000048,18.229509626131776,-53.12740761896155,96.18603160874852,-43.0413844918724,67.08653732022617,88.02976981245209
968,-570.777933,-344.466247,66.666667,-23.627861000000053,-23.117081999999982,-2.1361540000000048,18.97023106795873,-49.694724821057314,89.6555624225041,-39.943690235145674,67.82725870475733,88.03001005365559
969,-599.31683,-361.68956000000003,66.666667,-23.661669000000074,-23.172087999999974,-2.393020000000007,19.630095960891687,-46.10094680305136,82.73541753511455,-36.61740237664202,68.4871235976903,88.03022204803978
970,-599.31683,-361.68956000000003,11.111111,-23.380555000000072,-23.240927999999997,-2.232892999999999,19.63009590359591,-41.30557625022503,83.58932633100335,-42.266681553469816,68.48712313932405,88.03021924054659
971,-570.777933,-344.466247,11.111111,-23.321248000000082,-23.184078999999997,-1.975187,18.970245678382504,-44.59107547247644,90.50325663166802,-45.89503109998883,67.82727331518112,88.03000323545781
972,-542.239036,-327.242935,11.111111,-23.266727999999944,-23.26374100000004,-1.8462800000000001,18.229534377908525,-47.68263518468227,97.03944640042639,-49.33956868115322,67.08656207200292,88.02976224940919
973,-513.7001399999999,-310.019623,11.111111,-23.12039100000004,-23.351323999999977,-1.628233999999999,17.391938836362677,-50.615991509369955,103.27689442781747,-52.643551063509314,66.24896653045707,88.02948637023083
974,-485.161243,-292.79631,11.111111,-23.10789600000004,-23.316284999999993,-1.3539849999999998,16.436965212849827,-53.41655747388052,109.2746650994764,-55.84062467791415,65.29399296423999,88.02916729003472
975,-456.622346,-275.57299800000004,11.111111,-22.99092999999999,-23.353310999999962,-1.2333570000000993,15.337844059744766,-56.10266440450293,115.07927846307165,-58.958971714028394,64.19487186843071,88.02879372155229
976,-428.08344999999997,-258.349686,11.111111,-22.94987900000001,-23.36663799999991,-1.1328800000000996,14.058900159933675,-58.68726412678768,120.72925120531046,-62.024146891655775,62.915928083211185,88.02834996573996
977,-399.544553,-241.126373,11.111111,-22.941773000000012,-23.341857000000005,-0.9580050000000995,12.551459144438365,-61.17869546848511,126.25833157165005,-65.06154507537524,61.40848718230743,88.02781321887748
978,-371.00565600000004,-223.90306099999998,11.111111,-22.92464499999994,-23.338622000000015,-0.7628949999999985,10.747226277544188,-63.58063378196364,131.69822555678266,-68.09917358812832,59.604254487300594,88.02714944727184
979,-342.46675999999997,-206.679748,11.111111,-22.943001000000038,-23.357878,-0.5869140000000996,8.547062213593419,-65.89099195386295,137.08149463868455,-71.17164257578351,57.404090652532936,88.02630456370713
980,-342.46675999999997,-206.679748,-44.444444,-22.80884500000002,-23.58716899999999,-0.3240200000000044,8.547156866221174,-55.2176006847292,136.76921476405505,-81.53276371057025,57.40418117986457,88.0263186584689
981,-371.00565600000004,-223.90306099999998,-44.444444,-22.66592099999997,-23.56347900000003,-0.5690549999999988,10.747318237270306,-54.010320798947035,131.41334624278971,-77.38462519073096,59.604346561618264,88.02718548631714
982,-399.544553,-241.126373,-44.444444,-22.74940099999992,-23.543215999999973,-0.7226130000000026,12.551321290792858,-52.496968749766694,125.99485440854482,-73.47980631932745,61.4083493859577,88.02783797065423
983,-428.08344999999997,-258.349686,-44.444444,-22.766215999999986,-23.542868,-0.9174460000000053,14.058803616545196,-50.73790311989094,120.48194738025465,-69.72621232408896,62.915831539822705,88.02836801391052
984,-456.622346,-275.57299800000004,-44.444444,-22.771716000000026,-23.505305999999962,-1.1528000000000063,15.337775362105129,-48.7679538417984,114.84447439986596,-66.0588841722883,64.19480317079108,88.02880764442672
985,-485.161243,-292.79631,-44.444444,-22.853659999999934,-23.431962,-1.3718039999999974,16.436915995775223,-46.60534910937496,109.04930338073447,-62.4264760219317,65.29394380446116,88.02917840541595
986,-513.7001399999999,-310.019623,-44.444444,-22.925886000000105,-23.451178999999968,-1.4719870000000057,17.39190405782451,-44.2560895669048,103.0582784849723,-58.78484078735497,66.24893180921468,88.02949553755556
987,-542.239036,-327.242935,-44.444444,-23.094784999999888,-23.388282000000004,-1.5595890000000026,18.22951100123048,-41.7157267700665,96.82503132683932,-55.092065173449804,67.08653869532488,88.02977015622676
988,-570.777933,-344.466247,-44.444444,-23.15880500000003,-23.26904099999996,-1.8790400000000034,18.97023209928276,-38.96921983189277,90.29044131354075,-51.30407411534687,67.82725973608137,88.0300102828387
989,-599.31683,-361.68956000000003,-44.444444,-23.133080000000064,-23.292524999999955,-2.159353000000003,19.630095960891687,-35.98860371372729,83.37498746080306,-47.36931533435882,68.4871235976903,88.03022216263133
990,-599.31683,-361.68956000000003,-100.0,-22.94313199999999,-23.363473999999997,-1.9697340000000025,19.630095960891687,-30.234522190986254,82.09091215097877,-51.83932240671226,68.48712342580295,88.03022038646218
991,-570.777933,-344.466247,-100.0,-22.908439000000044,-23.335730000000012,-1.7474369999999908,18.970249517199733,-32.929846809320956,89.01656161579349,-56.069564689974,67.82727709670256,88.03000312086627
992,-542.239036,-327.242935,-100.0,-22.825486999999953,-23.430371999999977,-1.547690000000003,18.229540393965376,-35.347998166824084,95.54375640553452,-60.178515589528004,67.08656808805976,88.02976202022607
993,-513.7001399999999,-310.019623,-100.0,-22.764858000000117,-23.538561999999956,-1.269358999999909,17.39194806098318,-37.511365849847515,101.75403087816751,-64.22531294419868,66.24897581237335,88.02948596916038
994,-485.161243,-292.79631,-100.0,-22.68990199999996,-23.54554999999999,-1.1078540000000032,16.436979708682042,-39.42700354180712,107.70706884399983,-68.26258212532788,65.29400746007221,88.02916671707692
995,-456.622346,-275.57299800000004,-100.0,-22.559731,-23.605238999999983,-0.9358429999999913,15.337867379127026,-41.08844816418226,113.44857090646144,-72.34247988207684,64.19489524510875,88.02879280481983
996,-428.08344999999997,-258.349686,-100.0,-22.571159000000023,-23.66539899999998,-0.7164449999999078,14.058939178359523,-42.475026425696356,119.01484012981804,-76.52197271511376,62.91596710163703,88.02834841875392
997,-399.544553,-241.126373,-100.0,-22.62072999999998,-23.680887999999925,-0.5229910000000046,12.551527727486443,-43.54873031157272,124.43576096133957,-80.86893818958268,61.40855576535551,88.02781058327163
998,-371.00565600000004,-223.90306099999998,-100.0,-22.60659499999997,-23.70860600000003,-0.2718880000000041,10.747318237270306,-44.247667030020594,129.7363381386423,-85.4702501717336,59.604346561618264,88.02714469172213
999,-342.46675999999997,-206.679748,-100.0,-22.683595000000025,-23.753319000000005,-0.0438829999999939,8.547157840249426,-44.47437886651096,134.94031623596783,-90.44707164543236,57.40418656566785,88.02629556826975
1000,-370.289588,-151.279943,-100.0,-22.918597000000034,-23.952611999999903,-0.0797029999998955,-2.247956822769591,-44.476553699709726,134.3235500878213,-89.82517958766748,46.609074996620926,88.0214915463407
1001,-401.14705299999997,-163.886605,-100.0,-22.844263000000012,-23.999724999999984,-0.30812199999999734,0.09932389536353409,-44.18791108432678,129.12082052282716,-84.91185364059977,48.95635256348618,88.02265316097454
1002,-432.00451899999996,-176.493267,-100.0,-22.871024000000034,-23.944283999999982,-0.5572700000000026,2.0316276690763444,-43.442550575119995,123.81692437290458,-80.35392252765362,50.88865633719899,88.02359286905433
1003,-462.861985,-189.099929,-100.0,-22.82318700000002,-23.90595300000001,-0.7555940000000021,3.6509582319317606,-42.33215097700089,118.38924538959787,-76.03708959117999,52.50798667087128,88.02431364996062
1004,-493.71945,-201.706591,-100.0,-22.87957,-23.798182999999995,-0.9876259999999917,5.028042468188983,-40.91479456864796,112.81250387284501,-71.878058169627,53.88507084983273,88.02490425485584
1005,-524.576916,-214.313253,-100.0,-22.947414999999978,-23.747691000000003,-1.1908849999999944,6.214000818245173,-39.22612264807353,107.0558624892669,-67.81037518552088,55.071029085297354,88.02539751422167
1006,-555.4343819999999,-226.919915,-100.0,-22.974587000000042,-23.768554000000023,-1.3927169999999904,7.246137189042591,-37.28492307433774,101.08275014494124,-63.778698817317284,56.10316539879899,88.02581594529944
1007,-586.2918470000001,-239.526577,-100.0,-23.001305999999886,-23.724981999999926,-1.662910999999994,8.152685508330798,-35.0961082156887,94.84638649747322,-59.73134815730385,57.00971366079142,88.02617547631588
1008,-617.149313,-252.133239,-100.0,-23.01462300000003,-23.680593999999985,-1.9212250000000068,8.955340823022418,-32.65107138660686,88.28536215956382,-55.61552892618072,57.81236891818726,88.02648796749736
1009,-648.0067779999999,-264.739901,-100.0,-23.10728400000005,-23.730511000000035,-2.072811999999999,9.6711245632952,-29.925454260460473,81.31509274701659,-51.37102136891893,58.52815265846005,88.02676224239389
1010,-648.0067779999999,-264.739901,-44.444444,-23.232863000000066,-23.64191500000004,-2.2499319999999017,9.6711245632952,-35.65117603392014,82.60150412036317,-46.93171171365099,58.528152601164265,88.02676029433738
1011,-617.149313,-252.133239,-44.444444,-23.215727000000015,-23.606844000000024,-1.9679479999999998,8.955355605333533,-38.65734836157963,89.55916290372691,-50.883047137680435,57.812383643202594,88.02647782614439
1012,-586.2918470000001,-239.526577,-44.444444,-23.216286999999966,-23.63158699999994,-1.6830190000000016,8.15270985903709,-41.4256185859394,96.12586651389321,-54.68131132905006,57.00973795420193,88.02616384527265
1013,-555.4343819999999,-226.919915,-44.444444,-23.11211600000013,-23.638633,-1.5469020000000029,7.246172139468095,-43.9854614894459,102.38357180790582,-58.37897421565191,56.103200291928715,88.02580202242503
1014,-524.576916,-214.313253,-44.444444,-23.026760999999965,-23.634816,-1.4223029999999994,6.214048774812626,-46.35314580762143,108.3929802264121,-62.02045990824411,55.07107698456903,88.02538038278358
1015,-493.71945,-201.706591,-44.444444,-22.941752000000008,-23.65598,-1.2427819999999983,5.0281071551240535,-48.53425295153147,114.20140450419012,-65.64748741194666,53.88513547947201,88.02488213868494
1016,-462.861985,-189.099929,-44.444444,-22.95263399999999,-23.714439,-0.9963639999999998,3.6508880446018575,-50.52403940359014,119.8474955146627,-69.30343324148501,52.50791648354138,88.02428368426793
1017,-432.00451899999996,-176.493267,-44.444444,-22.99683200000004,-23.757502999999986,-0.7118099999999998,2.0315567941970873,-52.30592393709368,125.36450262893484,-73.03810072187696,50.88858534772817,88.0235501836986
1018,-401.14705299999997,-163.886605,-44.444444,-22.885643000000016,-23.786102,-0.5754970000000057,0.0992604116398336,-53.84754010889937,130.78287488688787,-76.9142621924245,48.95628919435403,88.02262760705688
1019,-370.289588,-151.279943,-44.444444,-22.997979999999984,-23.760247999999905,-0.37501900000000177,-2.2479573384316067,-55.0924614883567,136.1321502109173,-81.01780861028014,46.60907184535305,88.02142760425076
1020,-370.289588,-151.279943,11.111111,-23.15891399999998,-23.528282999999902,-0.657271999999999,-2.2479585416429764,-65.62007911637987,136.44032266570508,-70.79842611862753,46.60906451149327,88.02148169146662
1021,-401.14705299999997,-163.886605,11.111111,-23.07214700000003,-23.603678000000002,-0.8997320000000002,0.0993239526593136,-63.303772382059954,131.06428820729076,-67.73947801820496,48.95635279266929,88.02268054835714
1022,-432.00451899999996,-176.493267,11.111111,-23.12659100000002,-23.57089799999997,-1.0942270000000995,2.0313582643210744,-60.89605475789351,125.6260910366684,-64.70958116982672,50.88838687514794,88.02358628003968
1023,-462.861985,-189.099929,11.111111,-23.15171600000002,-23.561408999999998,-1.259891999999999,3.6507559205343,-58.39810252623391,120.09334167779191,-61.675232210197166,52.507784359473824,88.02430998303072
1024,-493.71945,-201.706591,11.111111,-23.188022999999987,-23.510835999999983,-1.390877999999999,5.028016169426187,-55.80595683519573,114.43511759845809,-58.60950848277672,53.88504455106993,88.02490219220776
1025,-524.576916,-214.313253,11.111111,-23.290549000000055,-23.513760999999988,-1.5144509999999993,6.213984947314248,-53.11086500961319,108.61757962480762,-55.487349271972576,55.07101321436643,88.0253963110103
1026,-555.4343819999999,-226.919915,11.111111,-23.346614000000045,-23.53039799999999,-1.7918889999999994,7.2461273341685155,-50.2994129615867,102.60174124474126,-52.283199628797874,56.10315554392491,88.02581514315854
1027,-586.2918470000001,-239.526577,11.111111,-23.40425599999992,-23.527164,-2.0347510000000995,8.15267932038661,-47.35267131148072,96.34016516245629,-48.968563440016,57.00970747284723,88.02617501794965
1028,-617.149313,-252.133239,11.111111,-23.448732999999947,-23.51244700000001,-2.194818000000099,8.95533692690941,-44.244375444783344,89.77224092300324,-45.50910351685211,57.81236507937003,88.02648768101845
1029,-648.0067779999999,-264.739901,11.111111,-23.503290000000106,-23.551991000000044,-2.4023719999999997,9.6711245632952,-40.93737007980437,82.8161933542552,-41.860206099517875,58.52815265846005,88.02676207050654
1030,-648.0067779999999,-264.739901,66.666667,-23.7618480000001,-23.468345,-2.497427000000002,9.67112450599942,-45.70112207129795,81.96082139604496,-36.24108278006762,58.528152200093814,88.02675960678802
1031,-617.149313,-252.133239,66.666667,-23.734463000000005,-23.377912999999978,-2.209507000000002,8.955353771868587,-49.312937029877745,88.9242229353893,-39.59251867293204,57.81238180973765,88.02647799803172
1032,-586.2918470000001,-239.526577,66.666667,-23.634751999999935,-23.383567,-2.002077000000014,8.152707624501689,-52.75814245064814,95.48770314229596,-42.71062432192719,57.00973571966654,88.02616413175154
1033,-555.4343819999999,-226.919915,66.666667,-23.56146600000011,-23.36875200000003,-1.8447639999999978,7.24616916008756,-56.082270143672595,101.73435281458107,-45.63294696917092,56.10319736984396,88.02580259538281
1034,-524.576916,-214.313253,66.666667,-23.48497199999997,-23.33871499999998,-1.7791040000000038,6.214044477629162,-59.32180382680962,107.7251857121861,-48.3840079477877,55.071072744681345,88.02538129951606
1035,-493.71945,-201.706591,66.666667,-23.384900999999957,-23.337128000000007,-1.595310000000012,5.0281005661094085,-62.50872972840912,113.5072005317216,-50.97880757933293,53.88512894775315,88.0248836283752
1036,-462.861985,-189.099929,66.666667,-23.381311999999923,-23.335950999999994,-1.3830470000000048,3.6508773302910886,-65.67383132381741,119.1181352529554,-53.42428254924071,52.50790576923061,88.02428620528222
1037,-432.00451899999996,-176.493267,66.666667,-23.392772000000036,-23.3408959999999,-1.2254920000000027,2.0315381157729657,-68.84981705468512,124.58962350601024,-55.719331288854114,50.88856672659983,88.02355448088205
1038,-401.14705299999997,-163.886605,66.666667,-23.24683200000004,-23.3497109999999,-1.2370850000000075,0.09922551851011013,-72.07513548303761,129.94953561961896,-57.85333282222904,48.956254301224305,88.02263534198711
1039,-370.289588,-151.279943,66.666667,-23.31467200000003,-23.263259000000005,-1.1008539999999982,-2.2479573384316067,-75.39938172102987,135.22348160401242,-59.80223037042131,46.60907184535305,88.02144238656187
1040,-370.289588,-151.279943,122.222222,-23.565769999999986,-22.991495999999984,-1.3862980000000107,-2.2479587135303154,-83.84546304531625,132.5744821704001,-48.70718284407474,46.6090635947608,88.02147888397342
1041,-401.14705299999997,-163.886605,122.222222,-23.533929,-23.12910099999999,-1.5337280000000106,0.0993239526593136,-79.72990021280644,127.50253446203226,-47.751588478086646,48.95635307914819,88.02266759951098
1042,-432.00451899999996,-176.493267,122.222222,-23.65103300000004,-23.163654999999977,-1.5878580000000113,2.031627726372124,-75.83959378939582,122.30185728915608,-46.4418043801075,50.88865645179054,88.02357957643349
1043,-462.861985,-189.099929,122.222222,-23.629467999999918,-23.152907999999996,-1.7466890000000035,3.6507854278607494,-72.09619426031875,116.9557703033692,-44.83956698174578,52.507813981391834,88.0243061442135
1044,-493.71945,-201.706591,122.222222,-23.678675000000055,-23.17931199999998,-1.7683820000000026,5.028033243568482,-68.43937306586098,111.4417200523904,-42.98269344553662,53.885061682508,88.02489995767237
1045,-524.576916,-214.313253,122.222222,-23.797061999999983,-23.185756999999995,-1.8528140000000093,6.213994974075663,-64.82090028040598,105.73223802278858,-40.891971768907176,55.071023298423626,88.02539499320736
1046,-555.4343819999999,-226.919915,122.222222,-23.871696000000043,-23.24969299999998,-2.072745999999995,7.246133235633805,-61.19754457673355,99.79158935254347,-38.57491577767857,56.103161445390214,88.0258143983134
1047,-586.2918470000001,-239.526577,122.222222,-23.9450599999999,-23.281373000000002,-2.1679820000001087,8.152682643541821,-57.52721326664971,93.57316575848613,-36.02702190898952,57.00971085329822,88.0261746168792
1048,-617.149313,-252.133239,122.222222,-23.975983000000042,-23.294573000000014,-2.380639000000002,8.955338588487017,-53.764706798316396,87.01452137266615,-33.231052670277734,57.81236674094764,88.02648750913112
1049,-648.0067779999999,-264.739901,122.222222,-24.093315000000075,-23.362954000000002,-2.597110999999998,9.6711245632952,-49.85603845267054,80.02830092969404,-30.153645416682096,58.52815271575582,88.02676201321077
1050,-648.0067779999999,-264.739901,177.77777799999998,-24.398741000000086,-23.269041999999956,-2.490725999999995,9.67112450599942,-53.317528021527906,76.99786658960817,-23.66172259635867,58.52815179902335,88.0267588619429
1051,-617.149313,-252.133239,177.77777799999998,-24.271495999999956,-23.15786700000001,-2.5200129999999774,8.955355032375737,-57.50887821613507,84.03560447543369,-26.50795902671911,57.812383127540585,88.02647794073593
1052,-586.2918470000001,-239.526577,177.77777799999998,-24.200183999999922,-23.14108200000001,-2.3106169999999793,8.15271220816405,-61.55967435784951,90.60139284281803,-29.022782229839446,57.009740360624676,88.02616430363888
1053,-555.4343819999999,-226.919915,177.77777799999998,-24.135780000000068,-23.101707000000005,-2.0933829999999887,7.246177926341826,-65.53180465479964,96.79043922914143,-31.239499159083103,56.10320619339401,88.02580299645328
1054,-524.576916,-214.313253,177.77777799999998,-24.090272000000027,-23.027637,-1.9778579999999977,6.214059317236056,-69.47712413657177,102.66884829624237,-33.17235068044806,55.071087641584015,88.02538204436118
1055,-493.71945,-201.706591,177.77777799999998,-24.008623,-23.002831999999984,-1.9798439999999857,5.028124974111482,-73.4439125188148,108.28407046065715,-34.82049552000372,53.88515335575523,88.02488488888235
1056,-462.861985,-189.099929,177.77777799999998,-23.909598999999957,-22.955509000000006,-1.9043519999999887,3.650917781111424,-77.48152117743763,113.67050759809564,-36.16896647315523,52.507946334642504,88.02428832522605
1057,-432.00451899999996,-176.493267,177.77777799999998,-23.913616000000047,-22.916657999999984,-1.7514679999999885,2.0316072144830586,-81.64476378148905,118.85270688207885,-37.187470287245766,50.88863593990148,88.02355791862884
1058,-401.14705299999997,-163.886605,177.77777799999998,-23.909313000000054,-22.881846999999993,-1.7127479999999764,0.0993239526593136,-85.99856263710159,123.84656754764703,-37.82694166419351,48.95635296455663,88.02264118615662
1059,-370.289588,-151.279943,177.77777799999998,-23.867973999999947,-22.735533000000004,-1.6800739999999905,-2.2479572811358275,-90.62662464360844,128.66181137078058,-38.01332460576645,46.609072131831944,88.0214526425064
1060,-370.289588,-151.279943,233.333333,-24.24366200000003,-22.510858999999982,-1.7469460000000083,-2.2479583124598586,-95.68239586265902,123.66820561413546,-27.9639662511991,46.609065943887764,88.0214767067338
1061,-401.14705299999997,-163.886605,233.333333,-24.192514000000017,-22.698113000000006,-1.9285010000000113,0.0993240099550931,-90.79435454309044,119.11939558821734,-28.303991836240936,48.95635325103553,88.02266192722881
1062,-432.00451899999996,-176.493267,233.333333,-24.206406999999956,-22.76686699999999,-2.072743000000031,2.031627726372124,-86.16962457264115,114.34401415776442,-28.15392857470978,50.88865662367788,88.02357608139094
1063,-462.861985,-189.099929,233.333333,-24.261458000000005,-22.821741000000003,-2.008322000000021,3.6509582892275403,-81.73562377241556,109.3375228667857,-27.581889001741434,52.5079869000544,88.02430408156543
1064,-493.71945,-201.706591,233.333333,-24.342198999999994,-22.8618459999999,-2.0896920000000136,5.028174305777642,-77.43166491111963,104.08643022078348,-26.635111253009033,53.88520285930873,88.02489869716521
1065,-524.576916,-214.313253,233.333333,-24.44395099999997,-22.88761500000001,-2.286872000000102,6.214112774198342,-73.20415769918873,98.56741832718616,-25.34389436804312,55.071141155842085,88.02539424836223
1066,-555.4343819999999,-226.919915,233.333333,-24.472078000000124,-22.995745999999997,-2.228586000000007,7.246233732431071,-69.00260049064444,92.74527085077808,-23.723541304706515,56.10326205677903,88.02581405453873
1067,-586.2918470000001,-239.526577,233.333333,-24.528873999999973,-23.010669999999976,-2.399794000000014,8.152770306084477,-64.77556768776789,86.56898073950971,-21.774482640782253,57.009798573136656,88.02617450228765
1068,-617.149313,-252.133239,233.333333,-24.661311999999953,-23.07357300000001,-2.654075000000006,8.955416682634494,-60.46577806417403,79.96472874130998,-19.480189002247045,57.812444835095114,88.0264875664269
1069,-648.0067779999999,-264.739901,233.333333,-24.738754000000085,-23.164195999999947,-2.692231000000021,9.6711245632952,-56.002674961364576,72.82284815588075,-16.80155664983679,58.52815277305161,88.02676229968966
1070,-648.0067779999999,-264.739901,288.888889,-25.11142200000006,-23.09414400000003,-2.6933579999999893,9.671124448703642,-57.82182403960986,67.40709970085474,-9.56666278349539,58.528151512544454,88.02675869005554
1071,-617.149313,-252.133239,288.888889,-24.989764000000037,-22.958411000000012,-2.5852090000000203,8.955352855136116,-62.56156904219167,74.74591533427404,-12.165579002207076,57.81238095030096,88.02647731048236
1072,-586.2918470000001,-239.526577,288.888889,-24.804416999999944,-22.90356399999999,-2.403017000000034,8.152716333460175,-67.111299181033,81.44868799830432,-14.318452562142236,57.009744485920805,88.0261639598642
1073,-555.4343819999999,-226.919915,288.888889,-24.75311700000009,-22.853158000000008,-2.5067090000000007,7.246188411469476,-71.55488504950912,87.6528790915475,-16.078858684075488,56.10321662122588,88.02580293915749
1074,-524.576916,-214.313253,288.888889,-24.74053600000002,-22.766042,-2.3658920000000307,6.214077651885501,-75.95587746467834,93.44691393537126,-17.471663220653493,55.07110597623346,88.02538221624853
1075,-493.71945,-201.706591,288.888889,-24.65755500000006,-22.695347999999996,-2.1688310000000115,5.028154252254813,-80.36791134951753,98.88990624707684,-18.502332934086937,53.88518269119434,88.02488546184016
1076,-462.861985,-189.099929,288.888889,-24.595551,-22.681488,-2.14044100000001,3.6509582319317606,-84.84007165456084,104.02105791359867,-19.160966999084398,52.50798684275862,88.0242893565501
1077,-432.00451899999996,-176.493267,288.888889,-24.58175700000004,-22.562520000000006,-2.137668000000019,2.031627726372124,-89.42205708273264,108.86627247144617,-19.423743778580835,50.888656509086324,88.02355963750222
1078,-401.14705299999997,-163.886605,288.888889,-24.485813000000007,-22.487426,-2.10552100000001,0.0993239526593136,-94.1655532399992,113.4392943759836,-19.25267978039319,48.95635302185241,88.02264393635404
1079,-370.289588,-151.279943,288.888889,-24.53233399999999,-22.335327999999976,-2.0588970000000018,-2.2479572811358275,-99.12860745461344,117.74444653647946,-18.59397993984085,46.60907224642351,88.02145688239409
1080,-370.289588,-151.279943,344.44444400000003,-24.96900099999999,-22.18041500000001,-2.1599780000000237,-2.2479581978682996,-101.14936519758369,110.98728665588729,-9.816071025236939,46.609066746028674,88.02146725293018
1081,-401.14705299999997,-163.886605,344.44444400000003,-24.90414400000003,-22.38540499999999,-2.0672590000000355,0.0993240099550931,-96.22596166774476,106.88246047950045,-10.635448399658353,48.95635330833131,88.02266015105965
1082,-432.00451899999996,-176.493267,344.44444400000003,-24.965238,-22.46445399999999,-2.152327000000014,2.031627726372124,-91.4651341101333,102.47376224035295,-10.988166374961043,50.88865668097366,88.02357493547535
1083,-462.861985,-189.099929,344.44444400000003,-25.012151999999958,-22.558430999999985,-2.2398020000000542,3.6509582892275403,-86.82142903801645,97.75344778359006,-10.912008366466019,52.507986957350184,88.02430339401607
1084,-493.71945,-201.706591,344.44444400000003,-25.03849299999996,-22.60486499999999,-2.2896060000001057,5.028174363073422,-82.25097450006321,92.70326920557777,-10.432640591563958,53.88520285930873,88.02489841068632
1085,-524.576916,-214.313253,344.44444400000003,-25.116784000000052,-22.67778199999998,-2.4479610000000207,6.214112774198342,-77.70885954327696,87.2918348362702,-9.563609204926241,55.071141213137864,88.02539419106644
1086,-555.4343819999999,-226.919915,344.44444400000003,-25.214008000000035,-22.764582999999902,-2.6038600000000542,7.246233732431071,-73.14601468698399,81.470061845077,-8.304918446440553,56.10326211407481,88.02581422642606
1087,-586.2918470000001,-239.526577,344.44444400000003,-25.25748299999998,-22.835944000000012,-2.573024000000032,8.152770306084477,-68.50460763399184,75.16308286823248,-6.639545338943101,57.009798573136656,88.0261749033581
1088,-617.149313,-252.133239,344.44444400000003,-25.34891700000003,-22.91910999999999,-2.6882530000000315,8.955416682634494,-63.710139031326605,68.25500865460029,-4.5261088078214735,57.81244494968668,88.02648825397625
1089,-648.0067779999999,-264.739901,344.44444400000003,-25.50763500000005,-23.049998000000016,-2.8497750000000224,9.67112462059098,-58.65587916034803,60.55756097551696,-1.8830669893629206,58.52815288764317,88.02676344560524
1090,-648.0067779999999,-264.739901,400.0,-25.896029000000112,-22.999747000000013,-2.8595660000000294,9.6711245632952,-58.299972445732315,51.87124108333809,6.447323900142,58.52815242927693,88.02676487799974
1091,-617.149313,-252.133239,400.0,-25.74523899999997,-22.816963999999984,-2.6048580000000356,8.955416682634494,-63.782892581898736,60.240634413168934,3.5610259169713343,57.81244477779934,88.02647496135539
1092,-586.2918470000001,-239.526577,400.0,-25.581747999999948,-22.766340999999983,-2.5412789999999745,8.152770306084477,-68.87225121715346,67.54542643761465,1.3457616649214512,57.0097984585451,88.02616235558239
1093,-555.4343819999999,-226.919915,400.0,-25.5349480000001,-22.68239699999998,-2.5873940000000175,7.246233732431071,-73.72614270514619,74.08515811687094,-0.3398795380998561,56.10326199948326,88.02580173594613
1094,-524.576916,-214.313253,400.0,-25.429193000000055,-22.55722,-2.437770999999998,6.214084240900145,-78.44263513234512,80.03048504480907,-1.568476261354092,55.071112622543886,88.02538141410761
1095,-493.71945,-201.706591,400.0,-25.350224999999966,-22.498760000000004,-2.417925000000025,5.028174305777642,-83.08908409934286,85.4850782621758,-2.3763319128816587,53.88520280201294,88.02488488888235
1096,-462.861985,-189.099929,400.0,-25.322737000000018,-22.420062,-2.361301000000026,3.6509582319317606,-87.7190316526577,90.51729535815589,-2.77824433095318,52.50798684275862,88.02428901277541
1097,-432.00451899999996,-176.493267,400.0,-25.22575400000005,-22.32375300000001,-2.1850049999999896,2.031627726372124,-92.37587367298867,95.16995472928662,-2.773609388869469,50.888656509086324,88.02355963750222
1098,-401.14705299999997,-163.886605,400.0,-25.18074899999999,-22.233872999999903,-2.163784000000078,0.0993239526593136,-97.09858933857518,99.4697640010471,-2.3501134787680313,48.95635302185241,88.02264416553714
1099,-370.289588,-151.279943,400.0,-25.27691500000003,-22.062040999999994,-2.264530000000036,-2.2479572811358275,-101.92434676536205,103.43126169100987,-1.4850560701015634,46.60907218912772,88.0214573980561
1100,-389.217948,-92.24634800000001,400.0,-25.303819000000033,-22.211209999999994,-2.338064999999972,-12.70768233252075,-101.01297906887588,102.71630982815984,-1.6764154938998903,36.14934868472884,88.0147447391199
1101,-421.65277699999996,-99.933544,400.0,-25.308069000000046,-22.267279000000002,-2.2865980000000263,-10.265538023571848,-96.22472436538618,98.70583690908065,-2.4556647378152836,38.591492076945286,88.01659344474167
1102,-454.087606,-107.62074000000001,400.0,-25.41092100000003,-22.297807999999975,-2.404467000000011,-8.244912060894485,-91.52949875644381,94.35486714717312,-2.8009819318698286,40.612117638552185,88.0179712936474
1103,-486.522435,-115.307935,400.0,-25.466669999999965,-22.341685999999996,-2.544271999999978,-6.544728272300287,-86.89103968589917,89.6470749695017,-2.7324535439663244,42.312301140667486,88.01904541762593
1104,-518.957264,-122.995131,400.0,-25.513154999999983,-22.3834429999999,-2.566739000000041,-5.094006927255056,-82.27049328138258,84.55338763810478,-2.25994287066061,43.76302231382538,88.01990789099494
1105,-551.392093,-130.682327,400.0,-25.656951999999933,-22.42517600000002,-2.66427299999998,-3.841382187537978,-77.62349066526741,79.027257775227,-1.3813221185889073,45.0156469389509,88.0206166970833
1106,-583.826922,-138.369522,400.0,-25.763495000000034,-22.537880999999913,-2.8131930000000125,-2.7487368326166037,-72.89579937689221,72.99645178949532,-0.07862310211279598,46.10829212198494,88.02121033865485
1107,-616.261751,-146.056718,400.0,-25.828719999999976,-22.582684999999998,-2.7292229999999904,-1.7871744809386454,-68.0156551919097,66.3477184993495,1.689618733330885,47.069854416367114,88.0217152863597
1108,-648.6965799999999,-153.74391400000002,400.0,-25.998829000000114,-22.677801999999986,-2.7951550000000225,-0.934381749538968,-62.87834967218927,58.89525273385721,4.004484020429807,47.922647205062574,88.02215084887555
1109,-681.1314090000001,-161.43111,400.0,-26.166226999999935,-22.810532000000023,-2.9794219999999996,-0.17284979304350773,-57.31004765187135,50.30589758332043,7.025281324993135,48.684179562628486,88.02253192310509
1110,-681.1314090000001,-161.43111,344.44444400000003,-25.715135999999916,-22.91546699999992,-2.8991390000001047,-0.17285076707175945,-57.75933502793748,59.149031612251584,-1.3685388572217434,48.684168619134596,88.02249485273575
1111,-648.6965799999999,-153.74391400000002,344.44444400000003,-25.56060600000012,-22.76598599999997,-2.8308890000000133,-0.9343818068347475,-62.86732842792947,67.000550392643,-4.111820157600451,47.92264674669634,88.02213068076117
1112,-616.261751,-146.056718,344.44444400000003,-25.437071999999944,-22.668937999999912,-2.5848270000000184,-1.7871745382344248,-67.69199545873643,74.01992647082486,-6.306235163034877,47.06985412988822,88.02169614956934
1113,-583.826922,-138.369522,344.44444400000003,-25.36188100000004,-22.67271100000002,-2.6549660000000586,-2.748786278874324,-72.34816585793995,80.41314694040089,-8.042937791800448,46.108242561135654,88.02119091538559
1114,-551.392093,-130.682327,344.44444400000003,-25.262866999999915,-22.575275000000005,-2.61938200000003,-3.841417825512835,-76.91346652593441,86.3044808467402,-9.368554604419776,45.0156111290887,88.02059635708159
1115,-518.957264,-122.995131,344.44444400000003,-25.16585299999997,-22.48870000000001,-2.435856000000058,-5.094024345172028,-81.44786958538975,91.77470864994154,-10.303871478376177,43.763004724021066,88.01988600400718
1116,-486.522435,-115.307935,344.44444400000003,-25.168115,-22.435333999999997,-2.417613000000074,-6.544728329596067,-86.00074560630104,96.8760779129767,-10.85173263346046,42.31230096878015,88.01902141069432
1117,-454.087606,-107.62074000000001,344.44444400000003,-25.050892000000033,-22.414266999999995,-2.3125140000000783,-8.244912060894485,-90.61752074531428,101.64315048137196,-11.001222994492263,40.61211746666485,88.01794482299726
1118,-421.65277699999996,-99.933544,344.44444400000003,-24.92045900000005,-22.373066999999992,-2.272109000000057,-10.265538023571848,-95.340918746339,106.09575722655774,-10.729367756027756,38.591491847762164,88.01656439578147
1119,-389.217948,-92.24634800000001,344.44444400000003,-24.90756300000004,-22.379778999999985,-2.277977000000078,-12.70768250440809,-100.21473037258662,110.24321220774745,-10.001548407014674,36.14934793988371,88.01472445641396
1120,-389.217948,-92.24634800000001,288.888889,-24.560540000000003,-22.567283999999987,-2.18734900000004,-12.7076838795068,-98.18148575931663,116.96035362195558,-18.75192647037943,36.14933768393918,88.01471895601912
1121,-421.65277699999996,-99.933544,288.888889,-24.625492000000065,-22.59014899999991,-2.1498940000000175,-10.265538023571848,-93.27986791831351,112.61963126750976,-19.31431668923264,38.59149213424106,88.0165947625446
1122,-454.087606,-107.62074000000001,288.888889,-24.738965000000007,-22.60785199999998,-2.3337470000000167,-8.244912060894485,-88.58261867973454,108.01004376944486,-19.40303920380865,40.612117638552185,88.01797209578832
1123,-486.522435,-115.307935,288.888889,-24.78147800000005,-22.635457999999986,-2.309318000000019,-6.544728272300287,-84.03441152000843,103.12583358946921,-19.067840444416117,42.31230108337171,88.01904564680906
1124,-518.957264,-122.995131,288.888889,-24.86068499999999,-22.6790119999999,-2.3802140000000236,-5.094006927255056,-79.58493707779286,97.95133101943532,-18.34344216910198,43.76302231382538,88.01990766181184
1125,-551.392093,-130.682327,288.888889,-24.950219999999945,-22.701363000000015,-2.551957000000016,-3.841382187537978,-75.18593494611659,92.45920895189597,-17.2508284414509,45.015646881655115,88.02061612412551
1126,-583.826922,-138.369522,288.888889,-24.979356000000053,-22.818178999999986,-2.6820450000000164,-2.7487368899123834,-70.78804939459148,86.60720544692452,-15.797125767814483,46.10829206468915,88.02120936462659
1127,-616.261751,-146.056718,288.888889,-25.092057999999952,-22.83433699999992,-2.646458999999993,-1.7871745382344248,-66.33679213690057,80.33222581916338,-13.973750094506087,47.069854359071336,88.02171385396521
1128,-648.6965799999999,-153.74391400000002,288.888889,-25.236616000000026,-22.907895999999965,-2.814217000000042,-0.934381749538968,-61.76638876407845,73.53950370873461,-11.751725112361,47.92264703317523,88.0221484424528
1129,-681.1314090000001,-161.43111,288.888889,-25.37644799999987,-23.009202000000016,-2.9684860000000413,-0.17284979304350773,-56.98883101073651,66.08138628755115,-9.071417832428239,48.68417898967069,88.02252716755538
1130,-681.1314090000001,-161.43111,233.333333,-24.954456999999934,-23.134416000000016,-2.9401040000001046,-0.17285025140974383,-55.22184395286416,71.54348645524546,-16.300494802050356,48.684174291416774,88.02251181228648
1131,-648.6965799999999,-153.74391400000002,233.333333,-24.848845000000097,-23.045222999999993,-2.7459320000000105,-0.9344491293756754,-59.715414315612826,78.78482781565546,-19.048012552366256,47.9225794241554,88.0221325142261
1132,-616.261751,-146.056718,233.333333,-24.746518000000037,-22.93853399999992,-2.597481000000016,-1.7872350998733701,-64.04095540843153,85.46450483744292,-21.401854210211425,47.06979356824927,88.0216973527807
1133,-583.826922,-138.369522,233.333333,-24.621878000000038,-22.94264299999992,-2.402388000000002,-2.7487920657480545,-68.2724468542782,91.70060733074791,-23.40611758687966,46.10823677426192,88.0211917175265
1134,-551.392093,-130.682327,233.333333,-24.59276699999998,-22.888464000000027,-2.403642000000019,-3.8414313473168,-72.4684859062976,97.57164437908206,-25.08069887099,45.01559754998896,88.02059670085625
1135,-518.957264,-122.995131,233.333333,-24.513540000000035,-22.80395399999999,-2.2726690000000076,-5.094047091596495,-76.6807292933831,103.1316941455725,-26.427997094126432,43.7629819775966,88.01988583211984
1136,-486.522435,-115.307935,233.333333,-24.40259500000002,-22.798116000000007,-2.150298000000106,-6.5447526230065804,-80.95904359509301,108.41813989181611,-27.435495993254328,42.31227667536964,88.01902066584918
1137,-454.087606,-107.62074000000001,233.333333,-24.350975000000005,-22.77436399999999,-2.1807050000000174,-8.244912118190266,-85.35511172449198,113.45554769894119,-28.076028029672425,40.61211740936906,88.017943333307
1138,-421.65277699999996,-99.933544,233.333333,-24.306493000000046,-22.752944,-2.0648680000001036,-10.265538023571848,-89.92771668764188,118.25947675153651,-28.30628721975979,38.59149179046638,88.01656170287983
1139,-389.217948,-92.24634800000001,233.333333,-24.23241200000001,-22.781560999999982,-1.9810420000000306,-12.70768250440809,-94.7450550725871,122.83542102730799,-28.063429088827952,36.14934793988371,88.01472010193473
1140,-389.217948,-92.24634800000001,177.77777799999998,-23.943783999999937,-23.02212899999998,-1.8617689999999811,-12.7076838795068,-89.73631641195277,127.77538143314437,-38.012125863467475,36.14933745475606,88.01472634717469
1141,-421.65277699999996,-99.933544,177.77777799999998,-24.064685000000054,-23.014933999999997,-1.849035999999984,-10.265538023571848,-85.18123192522015,122.94305630574347,-37.73638270529255,38.5914920196495,88.01660129426347
1142,-454.087606,-107.62074000000001,177.77777799999998,-24.071361000000024,-23.032555000000002,-1.8888700000000824,-8.244912060894485,-80.87910309112188,117.92901692606749,-37.025530871128694,40.61211752396063,88.0179761064929
1143,-486.522435,-115.307935,177.77777799999998,-24.153016999999977,-23.014997000000008,-2.0487159999999847,-6.544728329596067,-76.75238058774897,112.72347883655318,-35.94751828533716,42.31230102607593,88.0190480532318
1144,-518.957264,-122.995131,177.77777799999998,-24.250145999999972,-23.03024499999991,-2.152912999999984,-5.094006927255056,-72.73901818521315,107.30903930361015,-34.547070205293224,43.76302219923382,88.01990909420631
1145,-551.392093,-130.682327,177.77777799999998,-24.315849999999955,-23.032098999999988,-2.1507219999999734,-3.841496435322327,-68.7864875139273,101.66017546388804,-32.85124267211118,45.01553257657499,88.02061681167487
1146,-583.826922,-138.369522,177.77777799999998,-24.405323000000067,-23.093008999999995,-2.236167999999992,-2.748837444005429,-64.84579907812586,95.74020077246887,-30.872371295232877,46.10819139600455,88.02120953651394
1147,-616.261751,-146.056718,177.77777799999998,-24.44664499999999,-23.122899000000018,-2.584130999999985,-1.7872646071998193,-60.86911720445121,89.49950195443553,-28.60870076115714,47.06976417551438,88.02171362478208
1148,-648.6965799999999,-153.74391400000002,177.77777799999998,-24.517981000000077,-23.169847999999973,-2.706516999999991,-0.934381749538968,-56.80336663510072,82.86771635479921,-26.042959142558207,47.92264697587945,88.0221479267908
1149,-681.1314090000001,-161.43111,177.77777799999998,-24.676936999999953,-23.281743999999918,-2.7607890000000737,-0.17284985033928724,-52.5852119278513,75.74458002634192,-23.13822927900552,48.684178875079134,88.02252613623136
1150,-681.1314090000001,-161.43111,122.222222,-24.331788999999958,-23.419027999999997,-2.781812000000002,-0.1728500795224053,-49.171990901965835,78.78919151951895,-29.596056240377404,48.684176182177495,88.02251714079398
1151,-648.6965799999999,-153.74391400000002,122.222222,-24.236355000000117,-23.298970999999995,-2.4571210000000008,-0.9344491866714548,-53.10779435690175,85.85209508680533,-32.722899839522974,47.9225794241554,88.02213297259235
1152,-616.261751,-146.056718,122.222222,-24.15900399999998,-23.240026999999998,-2.345408000000006,-1.787240199197747,-56.88685598235912,92.46946334944276,-35.56091214828367,47.0697884689249,88.02169741007648
1153,-583.826922,-138.369522,122.222222,-24.080122000000074,-23.271152999999913,-2.1540779999999984,-2.7488028946503826,-60.56497287214633,98.7336155645662,-38.14659951635092,46.108225888063814,88.02119137375182
1154,-551.392093,-130.682327,122.222222,-23.963307999999984,-23.214916000000017,-1.9992100000001045,-3.8414498538535824,-64.18811944622354,104.71017894828347,-40.49959921271614,45.01557904345218,88.02059584141956
1155,-518.957264,-122.995131,122.222222,-23.894867999999974,-23.190242999999995,-1.83063700000001,-5.094076999993401,-67.7983023345239,110.44780288861296,-42.62653153551896,43.76295201190391,88.0198842851338
1156,-486.522435,-115.307935,122.222222,-23.803115000000048,-23.21904499999998,-1.8572989999999976,-6.544800464982473,-71.4378451845286,115.98355288475831,-44.522105334112894,42.3122286615064,88.01901803024333
1157,-454.087606,-107.62074000000001,122.222222,-23.791361999999936,-23.212845999999985,-1.7149750000000097,-8.244983795210437,-75.1535329222948,121.34616683814573,-46.16822247603159,40.61204556046156,88.0179388642362
1158,-421.65277699999996,-99.933544,122.222222,-23.69131200000004,-23.249223,-1.6106979999999993,-10.265538080867627,-79.00129562513514,126.55760753886547,-47.53083316813023,38.59149167587483,88.01655436902004
1159,-389.217948,-92.24634800000001,122.222222,-23.59318300000001,-23.336461999999983,-1.5532160000000061,-12.70768250440809,-83.05471442386103,131.63578232443814,-48.55412060685231,36.149347710700596,88.014707554159
1160,-389.217948,-92.24634800000001,66.666667,-23.398779999999988,-23.614709999999988,-1.2173060000000078,-12.707684337873035,-74.76770199713812,134.24313534668312,-59.44849699931408,36.14933413160085,88.01473075894971
1161,-421.65277699999996,-99.933544,66.666667,-23.489416000000062,-23.537666,-1.3527040000000028,-10.265538080867627,-71.47691162424023,128.9721388344274,-57.46979773895744,38.59149167587483,88.01661756626486
1162,-454.087606,-107.62074000000001,66.666667,-23.639179000000013,-23.482026999999988,-1.3228590000000935,-8.245184043959835,-68.27288682856909,123.60881217883862,-55.311548746284146,40.61184531171216,88.01798487274716
1163,-486.522435,-115.307935,66.666667,-23.648438,-23.448266000000004,-1.4986040000000003,-6.544935281951668,-65.10864369582525,118.12685065835925,-52.99463043681371,42.31209390183299,88.01905303796462
1164,-518.957264,-122.995131,66.666667,-23.676687000000015,-23.403359999999978,-1.7392790000000957,-5.0941705067055665,-61.948095224127535,112.49892183703452,-50.52787764785972,43.76285850519175,88.0199119589953
1165,-551.392093,-130.682327,66.666667,-23.75255399999992,-23.38994100000002,-1.948284000000001,-3.8415158012958024,-58.75950785951371,106.69291458171527,-47.91096247567601,45.01551309600996,88.02061853054825
1166,-583.826922,-138.369522,66.666667,-23.829218000000083,-23.425128999999913,-2.0085219999999993,-2.7488491323444495,-55.512391652915916,100.6700718498992,-45.135650428126745,46.10817965036975,88.02121056783795
1167,-616.261751,-146.056718,66.666667,-23.918510999999967,-23.403323999999913,-2.1648040000000037,-1.787271368101802,-52.174456307282384,94.38166570105432,-42.185525576832084,47.06975735731662,88.0217141404441
1168,-648.6965799999999,-153.74391400000002,66.666667,-23.966910000000098,-23.437358999999987,-2.484572000000014,-0.9344674067293401,-48.70823903447428,87.76388588283265,-39.03425621392229,47.9225612613933,88.02214804138235
1169,-681.1314090000001,-161.43111,66.666667,-24.081755999999928,-23.50964499999992,-2.668842000000012,-0.17284985033928724,-45.06611598363077,80.72879420258394,-35.64153911298916,48.68417876048757,88.0225260216398
1170,-681.1314090000001,-161.43111,11.111111,-23.815754999999967,-23.639024000000006,-2.5145800000000005,-0.17284996493084626,-40.3515814105136,81.58682560169606,-41.21410193395057,48.684177270797306,88.02252006287874
1171,-648.6965799999999,-153.74391400000002,11.111111,-23.69501400000013,-23.582615999999888,-2.276719,-0.9344490720798959,-43.69373418388553,88.61197887062198,-44.89684373906006,47.92257948145118,88.022132800705
1172,-616.261751,-146.056718,11.111111,-23.65990499999998,-23.55379400000001,-2.0658069999999995,-1.7872417461837937,-46.82953099342515,95.23237687678429,-48.381150320784485,47.06978686464307,88.02169700900602
1173,-583.826922,-138.369522,11.111111,-23.62492700000007,-23.58137500000001,-1.8385909999999992,-2.7488064469887123,-49.79825210669326,101.53398804122934,-51.71369218550932,46.108222335725486,88.02119057161092
1174,-551.392093,-130.682327,11.111111,-23.556025999999974,-23.58640300000002,-1.5783120000000004,-3.8414562709808884,-52.62759292840777,107.58006329490547,-54.93000910312565,45.01557256902909,88.02059446632086
1175,-518.957264,-122.995131,11.111111,-23.435651000000007,-23.571460999999985,-1.485752999999999,-5.094087886191508,-55.33747755023233,113.41962645375014,-58.059178166074325,43.76294106841003,88.01988193600683
1176,-486.522435,-115.307935,11.111111,-23.372929999999997,-23.647260000000003,-1.309137999999999,-6.544819028815036,-57.94207733838438,119.09251859641398,-61.12683596982801,42.31221004037806,88.01901413413033
1177,-454.087606,-107.62074000000001,11.111111,-23.381981999999994,-23.685047999999995,-1.1239809999999988,-8.245016224621642,-60.45080524459278,124.63283214410178,-64.15761030306952,40.61201307375457,88.01793221792578
1178,-421.65277699999996,-99.933544,11.111111,-23.276006000000052,-23.758317000000005,-0.9619859999999996,-10.265660292765329,-62.8685027049306,130.0716022725193,-67.17761131088918,38.591369234794,88.01654245149791
1179,-389.217948,-92.24634800000001,11.111111,-23.318636000000026,-23.86911599999999,-0.7180090000000003,-12.707682561703871,-65.1944695649722,135.43885787159658,-70.21746725436661,36.14934719503858,88.01474090030268
1180,-389.217948,-92.24634800000001,-44.444444,-23.21041600000001,-24.098981999999978,-0.4254420000000039,-12.707684681647711,-54.88600307967063,135.1361697688238,-80.22323887599342,36.149331438699214,88.01472921196365
1181,-421.65277699999996,-99.933544,-44.444444,-23.176477000000034,-24.001357999999996,-0.6323679999999001,-10.265538080867627,-53.58448286656222,129.79353038468182,-76.18358842497186,38.591491446691705,88.01657992293771
1182,-454.087606,-107.62074000000001,-44.444444,-23.25517400000001,-23.925504999999987,-0.8462500000000048,-8.244912118190266,-52.000047782557225,124.37418186394167,-72.3497668166111,40.61211706559439,88.01799742052286
1183,-486.522435,-115.307935,-44.444444,-23.270256000000074,-23.83509099999999,-1.104688000000003,-6.544927317838315,-50.18310470641477,118.84923160657249,-68.64255518728294,42.31210175135478,88.01905974157081
1184,-518.957264,-122.995131,-44.444444,-23.26940000000002,-23.7443939999999,-1.3986280000000022,-5.094165808451646,-48.162437204297255,113.1878578063515,-65.00247427261283,43.76286308885411,88.01991574051674
1185,-551.392093,-130.682327,-44.444444,-23.345099000000005,-23.71699000000001,-1.5652759999999972,-3.841512764619488,-45.95221119932308,107.35690711990013,-61.38225322103756,45.015516018094715,88.02062076508365
1186,-583.826922,-138.369522,-44.444444,-23.45363400000008,-23.718713000000008,-1.7018479999999983,-2.7488471269921666,-43.555263921197934,101.31682930194452,-57.73953641403095,46.10818165572203,88.02121188564088
1187,-616.261751,-146.056718,-44.444444,-23.501886000000013,-23.701512000000008,-1.8899980000000056,-1.7872698784115346,-40.96424420681874,95.01869094928732,-54.032763441190745,47.06975884700689,88.02171494258502
1188,-648.6965799999999,-153.74391400000002,-44.444444,-23.508431000000087,-23.685843999999975,-2.1601149999999976,-0.9344662035179704,-38.16091154370705,88.39911823153312,-50.21681628257311,47.922562407308895,88.0221484424528
1189,-681.1314090000001,-161.43111,-44.444444,-23.55283399999996,-23.76531700000001,-2.4482990000000058,-0.17284985033928724,-35.11306667780476,81.37149654583422,-46.23729081936122,48.68417876048757,88.02252619352714
1190,-681.1314090000001,-161.43111,-100.0,-23.408435999999938,-23.86500499999991,-2.237913000000006,-0.17284990763506675,-29.43106645425484,80.08086545291805,-50.628658804079386,48.68417830212133,88.02252229741413
1191,-648.6965799999999,-153.74391400000002,-100.0,-23.341724000000113,-23.794790999999975,-1.9196709999999086,-0.934445290558448,-32.205457758627325,87.12426782868934,-54.89740877861096,47.92258326297263,88.02213245693032
1192,-616.261751,-146.056718,-100.0,-23.25190299999997,-23.806545999999912,-1.8060430000000025,-1.787235615535386,-34.69359699942549,93.74112415353683,-59.02583119046624,47.06979299529147,88.02169643604823
1193,-583.826922,-138.369522,-100.0,-23.251824000000056,-23.864400000000018,-1.457289000000003,-2.748796935889313,-36.922845661564246,100.02061507908948,-63.07572498094914,46.10823178952911,88.02118971217422
1194,-551.392093,-130.682327,-100.0,-23.14933199999996,-23.895262000000002,-1.287002000000001,-3.841441488669774,-38.904294832858625,106.0270812447262,-67.1003241171715,45.01558729404442,88.02059309122215
1195,-518.957264,-122.995131,-100.0,-23.115312000000017,-23.885645999999994,-1.1045529999999957,-5.094064452217687,-40.6354412607017,111.80914144251908,-71.15072784009206,43.76296450238385,88.0198797587672
1196,-486.522435,-115.307935,-100.0,-23.09683100000001,-24.00492100000001,-0.7879700000000014,-6.5447804114596435,-42.100207405587405,117.40487937496948,-75.2810638736873,42.31224865773345,88.01901046720045
1197,-454.087606,-107.62074000000001,-100.0,-23.149721,-24.06250999999989,-0.6162429999999972,-8.244949646925848,-43.266690404525086,122.84512120277955,-79.55400921708215,40.61207959415459,88.01792585809426
1198,-421.65277699999996,-99.933544,-100.0,-23.124764000000027,-24.146253,-0.3440919999999892,-10.265538080867627,-44.081992100966616,128.1550793607662,-84.04762816665183,38.591491446691705,88.01657992293771
1199,-389.217948,-92.24634800000001,-100.0,-23.115827000000024,-24.30441899999998,-0.07841200000000015,-12.707682561703871,-44.463042552759624,133.3579812141693,-88.86801766644768,36.14934719503858,88.01474090030268
1200,-398.797176,-30.996968,-100.0,-23.44063,-24.380368999999998,-0.12391099999999255,-22.794568907007157,-44.415383866064865,132.08171824117744,-87.63024765971029,26.06246365722849,88.00405569578973
1201,-432.030275,-33.580049,-100.0,-23.432079999999985,-24.373841999999996,-0.41117500000000007,-20.30913362593155,-43.91992313909206,126.87478729126316,-82.921634032448,28.547897219430713,88.00728912581077
1202,-465.263373,-36.16313,-100.0,-23.423474,-24.375949,-0.6700829999999911,-18.24059223417143,-43.016441519106515,121.55256124744608,-78.50493804732562,30.616438267416154,88.00964426882766
1203,-498.496471,-38.746210000000005,-100.0,-23.337992000000042,-24.384458999999993,-0.8689529999999905,-16.491866487145494,-41.7783367904252,116.09283862541845,-74.28483608571365,32.36516378525897,88.01142181309126
1204,-531.729569,-41.329291,-100.0,-23.39655300000004,-24.293847,-1.1630719999999002,-14.993938920176321,-40.25208562781153,110.46944665580291,-70.18889333346142,33.863090607383015,88.01285237411415
1205,-564.962667,-43.912372,-100.0,-23.37813600000004,-24.305220999999896,-1.4099489999999975,-13.696490832709465,-38.46515133078061,104.65083106313136,-66.15812602009558,35.160538580258304,88.01396202147599
1206,-598.195765,-46.495452,-100.0,-23.464453999999932,-24.198696999999996,-1.6491350000000011,-12.561515470475385,-36.43015512823512,98.59666902583896,-62.139703483496284,36.29551388519661,88.0148778945115
1207,-631.428863,-49.078533,-100.0,-23.482549000000063,-24.108724000000002,-1.9482289999999978,-11.560352625124942,-34.14643880626005,92.25593704798752,-58.083303642658116,37.2966766159555,88.01564697575989
1208,-664.661961,-51.661614,-100.0,-23.580092000000036,-23.989409999999992,-2.1378289999999964,-10.670542293793233,-31.599411020574117,85.55956466630353,-53.934477229689975,38.1864869472872,88.01630238218175
1209,-697.8950590000001,-54.244694,-100.0,-23.670769999999948,-23.87021699999999,-2.3536100000000033,-9.874621123955123,-28.757592839659267,78.4122562797937,-49.62942900373815,38.98240805982953,88.0168677196382
1210,-697.8950590000001,-54.244694,-44.444444,-23.840904999999907,-23.768572,-2.4967200000000034,-9.874621123955123,-34.3831407921621,79.70958994758885,-45.3012110521006,38.98240771605485,88.01686107332777
1211,-664.661961,-51.661614,-44.444444,-23.721625000000017,-23.839522000000002,-2.2397300000000016,-10.670612653010476,-37.48896583566376,86.83633424857788,-49.32166896397132,38.186416473478396,88.01627321862999
1212,-631.428863,-49.078533,-44.444444,-23.665307999999982,-23.964753999999992,-1.9939859999999001,-11.56032586799591,-40.340802871175825,93.53115534703156,-53.164130661291104,37.296703373084526,88.01561299936265
1213,-598.195765,-46.495452,-44.444444,-23.61821199999997,-24.006184000000005,-1.7637060000000062,-12.561477311486229,-42.97452346844851,99.88704108453595,-56.88567374124465,36.29555210148155,88.01483641236713
1214,-564.962667,-43.912372,-44.444444,-23.482316999999966,-24.155906999999992,-1.6377680000000012,-13.696439037324785,-45.41111518610902,105.97133319610512,-60.532621039427376,35.16059049023455,88.01390908017571
1215,-531.729569,-41.329291,-44.444444,-23.41218600000002,-24.132069,-1.4616069999999013,-14.994016957028014,-47.66029848233487,111.83539700429783,-64.14657198466742,33.863012742418654,88.01278149923489
1216,-498.496471,-38.746210000000005,-44.444444,-23.430642999999975,-24.178969999999993,-1.158344999999997,-16.491950482758263,-49.72168397500848,117.52019343377532,-67.76880767044193,32.36507944587153,88.01137907043974
1217,-465.263373,-36.16313,-44.444444,-23.50710700000002,-24.155275999999994,-0.8531930000000045,-18.240682704207284,-51.58412511400027,123.05991637656791,-71.44455784346478,30.616347453605627,88.00958405096338
1218,-432.030275,-33.580049,-44.444444,-23.437725999999998,-24.157457,-0.684383999999902,-20.30913362593155,-53.22294741456714,128.48422441998272,-75.2280468283967,28.547897219430713,88.00728912581077
1219,-398.797176,-30.996968,-44.444444,-23.43335899999994,-24.204859000000003,-0.48880199999990026,-22.794569078894494,-54.59469792941371,133.82202156591072,-79.19117825021651,26.062462224834004,88.00400922891255
1220,-398.797176,-30.996968,11.111111,-23.54013100000003,-23.950526999999997,-0.8078489999999992,-22.794569078894494,-64.62868789433804,134.11791301413456,-69.453079733516,26.062462167538225,88.00400922891255
1221,-432.030275,-33.580049,11.111111,-23.568015999999943,-23.965286999999897,-1.0406649999999988,-20.30913362593155,-62.28889905774249,128.75678880831026,-66.43465957354888,28.547897219430713,88.00728912581077
1222,-465.263373,-36.16313,11.111111,-23.635612999999978,-23.989954999999895,-1.2123370000000993,-18.24087962980147,-59.85749810852275,123.31444279299757,-63.42582264836736,30.61615041341988,88.00971359672087
1223,-498.496471,-38.746210000000005,11.111111,-23.576872000000037,-24.023515999999994,-1.4253800000000005,-16.492084325699203,-57.33344925357678,117.76063293796658,-60.39755660976138,32.364945545634804,88.01146753512332
1224,-531.729569,-41.329291,11.111111,-23.63526300000001,-23.9510259999999,-1.650637999999999,-14.994110750219077,-54.71119296882686,112.06504427545998,-57.32537828359566,33.86291894922759,88.0128458423953
1225,-564.962667,-43.912372,11.111111,-23.722301000000016,-23.981997,-1.7778300000000993,-13.696505901499476,-51.98041200325608,106.19301778630944,-54.185049034121874,35.160523683355635,88.01395823995453
1226,-598.195765,-46.495452,11.111111,-23.82949599999995,-23.871663999999996,-1.9811579999999989,-12.561524866983225,-49.12586923185229,100.103352361946,-50.95067088252121,36.29550454598455,88.01487560268032
1227,-631.428863,-49.078533,11.111111,-23.841680999999994,-23.817738999999996,-2.273166,-11.560358583886012,-46.12621819522541,93.74464595321615,-47.59223195571003,37.29667077178598,88.01564560066119
1228,-664.661961,-51.661614,11.111111,-23.918439000000035,-23.716021999999995,-2.402588999999999,-10.670632649237524,-42.951693334847945,87.04974905244619,-44.07237855671367,38.18639659184291,88.0163014081535
1229,-697.8950590000001,-54.244694,11.111111,-24.104236999999898,-23.607095999999906,-2.628238999999999,-9.874621123955123,-39.55962224382882,79.92595250472156,-40.34109542342602,38.98240805982953,88.01686714668041
1230,-697.8950590000001,-54.244694,66.666667,-24.340189999999893,-23.477872999999896,-2.688857000000006,-9.87462123854668,-44.2096422275805,79.06366190924778,-34.82878106267911,38.98240628366037,88.0168599274122
1231,-664.661961,-51.661614,66.666667,-24.170818999999938,-23.555905999999993,-2.6394970000000058,-10.670614658362757,-47.89522957028373,86.20027815845533,-38.27934959759505,38.186414468126124,88.01627379158778
1232,-631.428863,-49.078533,66.666667,-24.088047000000074,-23.64325499999999,-2.3027370000000076,-11.56032815982709,-51.392089198933235,92.89526868052903,-41.476958526467875,37.296701138549125,88.0156139733909
1233,-598.195765,-46.495452,66.666667,-23.973925999999892,-23.651786,-2.1582420000000155,-12.561480233570983,-54.750694741871236,99.2431993001185,-44.465662001207406,36.295549179396794,88.01483801664897
1234,-564.962667,-43.912372,66.666667,-23.864708999999948,-23.796735000000005,-2.0281610000000114,-13.696443162620909,-58.01005545762145,105.31202212417693,-47.27437193052218,35.1605864222342,88.01391177307735
1235,-531.729569,-41.329291,66.666667,-23.81120800000008,-23.754108000000002,-1.8353840000000048,-14.994023087676425,-61.2030626186669,111.15304311683552,-49.921457685098765,33.863006669066024,88.01278591100991
1236,-498.496471,-38.746210000000005,66.666667,-23.759728000000052,-23.754929999999995,-1.6208110000000033,-16.49196028033656,-64.360017900144,116.80658275053213,-52.416869421894745,32.36506976288479,88.01138657618687
1237,-465.263373,-36.16313,66.666667,-23.78855199999998,-23.710697999999994,-1.34897500000001,-18.240699262687563,-67.51161717215224,122.30556959730228,-54.7627304652031,30.616331067012684,88.00959728628845
1238,-432.030275,-33.580049,66.666667,-23.6669,-23.688205999999994,-1.3911130000000043,-20.309258702618227,-70.69218226819753,127.6780228403139,-56.95255298472643,28.547772028152473,88.00722335025588
1239,-398.797176,-30.996968,66.666667,-23.623076000000026,-23.6932569999999,-1.2831910000000022,-22.794569078894494,-73.94372084953704,132.94843596694264,-58.968569731125086,26.062462224834004,88.00400922891255
1240,-398.797176,-30.996968,122.222222,-23.812722000000008,-23.403975,-1.6156420000001077,-22.794569078894494,-82.02950923810286,130.39311553390465,-48.32746096681707,26.062462224834004,88.00400922891255
1241,-432.030275,-33.580049,122.222222,-23.9184019999999,-23.440802999999995,-1.6942990000000009,-20.30913362593155,-78.05007189579986,125.30346589338578,-47.22016382056706,28.547897219430713,88.00728912581077
1242,-465.263373,-36.16313,122.222222,-23.934776,-23.524232999999995,-1.8416850000000125,-18.24059223417143,-74.25230600582465,120.07408829052324,-45.79064082532185,30.616438267416154,88.00969067840906
1243,-498.496471,-38.746210000000005,122.222222,-23.954332999999963,-23.57905499999999,-1.9999889999999994,-16.491866487145494,-70.56962098083265,114.68730571683005,-44.088047749199134,32.365163670667414,88.01145561760117
1244,-531.729569,-41.329291,122.222222,-24.063420000000065,-23.542344,-1.968789000000001,-14.994094936583934,-66.94980925030622,109.12019338607794,-42.141905497747864,33.86293499204585,88.01283902419752
1245,-564.962667,-43.912372,122.222222,-24.173333999999954,-23.589818,-2.1756580000000127,-13.696496504991636,-63.34763762978472,103.34217380124791,-39.966976328559596,35.160533194455034,88.01395428654574
1246,-598.195765,-46.495452,122.222222,-24.293864999999983,-23.50651599999999,-2.335160000000002,-12.56151936658839,-59.722018055272166,97.31453747533466,-37.56570539632084,36.29551016097094,88.01487331084914
1247,-631.428863,-49.078533,122.222222,-24.37065700000005,-23.463799,-2.428474000000108,-11.560355604505478,-56.03079504240024,90.98564922265793,-34.92865751854027,37.29667386575807,88.01564428285826
1248,-664.661961,-51.661614,122.222222,-24.452995999999985,-23.401619999999895,-2.695729,-10.670542236497452,-52.226386107860954,84.28478760205752,-32.03272404683311,38.18648706187876,88.01630089249149
1249,-697.8950590000001,-54.244694,122.222222,-24.635619999999903,-23.300875999999995,-2.953649999999996,-9.874621123955123,-48.25064915618203,77.11295839808527,-28.83707446173229,38.98240811712531,88.01686703208885
1250,-697.8950590000001,-54.244694,177.77777799999998,-24.91035899999997,-23.151228999999894,-2.8577639999999747,-9.874621353138242,-51.59923796446666,74.0466082559074,-22.4221321308188,38.98240473667432,88.01685901067972
1251,-664.661961,-51.661614,177.77777799999998,-24.723253,-23.215558,-2.761632000000077,-10.670614543771197,-55.857905142311076,81.29167235229549,-25.40806816211207,38.18641464001345,88.01627361970044
1252,-631.428863,-49.078533,177.77777799999998,-24.57602099999997,-23.296083000000003,-2.6969609999999875,-11.560324492897202,-59.9463116660924,88.01570931356801,-28.04317709341814,37.29670486277479,88.01561437446136
1253,-598.195765,-46.495452,177.77777799999998,-24.502836000000002,-23.295485,-2.4365809999999897,-12.561472384049189,-63.932206242746524,94.32933729373768,-30.370289467979543,36.29555714351014,88.01483916256454
1254,-564.962667,-43.912372,177.77777799999998,-24.398507999999993,-23.374935,-2.2349749999999915,-13.696429526225385,-67.86984184482394,100.30798607194191,-32.41055126725383,35.16060017322128,88.01391395031696
1255,-531.729569,-41.329291,177.77777799999998,-24.319867000000045,-23.311237000000006,-2.2611709999999903,-14.994000627730854,-71.80757026606415,106.0051892722194,-34.169099344353256,33.86302930089894,88.01278969253136
1256,-498.496471,-38.746210000000005,177.77777799999998,-24.243878000000052,-23.307272999999995,-2.171340999999984,-16.491923324558773,-75.79278858063269,111.45955714528529,-35.637078693849844,32.36510683325413,88.01139299331417
1257,-465.263373,-36.16313,177.77777799999998,-24.206862,-23.227238999999997,-2.016617999999994,-18.24063732594991,-79.87612202150436,116.6987295189514,-36.79139527778259,30.616393175637675,88.00960840166968
1258,-432.030275,-33.580049,177.77777799999998,-24.184034999999994,-23.127916,-1.89885799999999,-20.309133568635772,-84.11536134643148,121.7410577157337,-37.592426429012356,28.54789739131805,88.00724334648294
1259,-398.797176,-30.996968,177.77777799999998,-24.12934200000001,-23.082651000000002,-1.9549759999999878,-22.794569021598715,-88.58262286232643,126.5984079207525,-37.97958684543687,26.062462683200238,88.00394935482295
1260,-398.797176,-30.996968,233.333333,-24.410648000000037,-22.808654999999998,-2.0305700000000115,-22.794569078894494,-93.52812726508428,121.72636008778144,-28.16208749371244,26.062462224834004,88.00400922891255
1261,-432.030275,-33.580049,233.333333,-24.477159999999913,-22.902390999999895,-2.2667450000000144,-20.309133568635772,-88.79640888555022,117.11267313398817,-28.283072975253372,28.547897677796946,88.00733255601163
1262,-465.263373,-36.16313,233.333333,-24.495829999999955,-23.02278799999999,-2.2533230000001083,-18.24059217687565,-84.2868418276404,112.26890747181301,-27.95091301211887,30.616438496599272,88.00967744308399
1263,-498.496471,-38.746210000000005,233.333333,-24.578076000000067,-23.101601999999893,-2.293997000000104,-16.491866487145494,-79.93558885269475,107.18754532202604,-27.222313237293044,32.36516384255475,88.01144793996671
1264,-531.729569,-41.329291,233.333333,-24.66886599999998,-23.098859000000004,-2.475034000000022,-14.993938920176321,-75.68747074459117,101.85181288680856,-26.135860123742546,33.86309118034081,88.01283472701405
1265,-564.962667,-43.912372,233.333333,-24.752377000000024,-23.162847000000006,-2.533452000000011,-13.696365641431228,-71.49206194614642,96.23441611837816,-24.71479255315899,35.16066422990278,88.01395193741878
1266,-598.195765,-46.495452,233.333333,-24.805742999999893,-23.138248000000004,-2.4834020000000123,-12.561406894973207,-67.30004511514463,90.29487354315656,-22.968013659425125,36.29562274717769,88.01487210763777
1267,-631.428863,-49.078533,233.333333,-24.909891000000016,-23.126652999999997,-2.806667000000033,-11.560256654694259,-63.05913487339956,83.97463156738301,-20.889299860378696,37.29677287286508,88.01564393908359
1268,-664.661961,-51.661614,233.333333,-25.107379000000037,-23.043165000000002,-2.920132000000109,-10.670542236497452,-58.708531861776706,77.1882012783899,-18.45399237032019,38.18648717647032,88.01630106437882
1269,-697.8950590000001,-54.244694,233.333333,-25.22353099999998,-23.01972899999999,-3.0943180000000154,-9.874621123955123,-54.16984943784531,69.806299677143,-15.611216605042339,38.982408231716875,88.01686794882133
1270,-697.8950590000001,-54.244694,288.888889,-25.605017999999973,-22.853601999999988,-3.0225660000000403,-9.87462152502558,-55.86434919863291,64.27521178128083,-8.385629635941925,38.98240307509671,88.01686078684888
1271,-664.661961,-51.661614,288.888889,-25.423836999999935,-22.87730599999999,-2.9792810000000145,-10.670542293793233,-60.69915637920231,71.90440569113187,-11.17954929002897,38.18648683269564,88.01627195812283
1272,-631.428863,-49.078533,288.888889,-25.21715800000004,-22.952064,-2.7915370000000053,-11.56032248754492,-65.30189617217869,78.82442028791881,-13.496302931429083,37.296706810831296,88.01561340043311
1273,-598.195765,-46.495452,288.888889,-25.095626999999922,-22.916585999999995,-2.6885130000000004,-12.561463503203365,-69.76710770237845,85.19859145779282,-15.404642057811195,36.29556602435597,88.01483893338143
1274,-564.962667,-43.912372,288.888889,-25.03031999999996,-22.992941999999992,-2.647841000000028,-13.696412681266208,-74.16438362680954,91.13151258895921,-16.93953663253909,35.16061707547624,88.01391458057054
1275,-531.729569,-41.329291,288.888889,-24.943872000000056,-22.882563000000005,-2.472519000000034,-14.993973183052468,-78.54967648273015,96.69201143976947,-18.113816899519147,33.8630568028731,88.01279146870053
1276,-498.496471,-38.746210000000005,288.888889,-24.853208000000052,-22.867465999999993,-2.4053309999999897,-16.491866487145494,-82.97220752733392,101.92588807912672,-18.92399360307479,32.36516378525897,88.01139643106094
1277,-465.263373,-36.16313,288.888889,-24.817305999999917,-22.757247999999997,-2.3763400000000274,-18.24059217687565,-87.48002574616567,106.86393600913874,-19.352703314520358,30.61643838200771,88.00961447502232
1278,-432.030275,-33.580049,288.888889,-24.718267999999966,-22.661863999999994,-2.330906000000084,-20.309133568635772,-92.12134496472783,111.52379608465554,-19.369190461554144,28.547897505909607,88.00725383161058
1279,-398.797176,-30.996968,288.888889,-24.66382100000004,-22.589602000000003,-2.296437000000026,-22.794569021598715,-96.94846133281317,115.91319922520688,-18.928556295180535,26.062462797791795,88.00396780406395
1280,-398.797176,-30.996968,344.44444400000003,-25.07043200000004,-22.34101,-2.386839000000066,-22.794571542613014,-98.99440715989407,109.24699645188751,-10.216448775854204,26.06243781683193,88.00401106237749
1281,-432.030275,-33.580049,344.44444400000003,-25.09901599999995,-22.481305999999996,-2.4155280000001085,-20.309133568635772,-94.18050199535305,105.04157802346606,-10.82787621785726,28.547897792388508,88.00732281572913
1282,-465.263373,-36.16313,344.44444400000003,-25.214134,-22.580268999999895,-2.487198000000035,-18.24059217687565,-89.50202165093118,100.5289408285068,-10.995761904563754,30.61643861119083,88.00967194268917
1283,-498.496471,-38.746210000000005,344.44444400000003,-25.248366999999973,-22.693736999999892,-2.521273000000008,-16.491866487145494,-84.91694826672253,95.69762662783964,-10.75103260806458,32.36516395714631,88.01144490329041
1284,-531.729569,-41.329291,344.44444400000003,-25.304245000000037,-22.725232000000005,-2.6142240000000356,-14.99393886288054,-80.38303176302679,90.52479715186331,-10.113282281741844,33.86309123763659,88.01283329461958
1285,-564.962667,-43.912372,344.44444400000003,-25.407711999999947,-22.819923999999993,-2.804144000000008,-13.696365641431228,-75.85537092712987,84.97299007080518,-9.090057295419435,35.16066428719856,88.01395153634833
1286,-598.195765,-46.495452,344.44444400000003,-25.523762999999917,-22.789239999999992,-2.8272040000000516,-12.561406894973207,-71.28302723273455,78.98445272860634,-7.674611300242803,36.29562286176924,88.014872566004
1287,-631.428863,-49.078533,344.44444400000003,-25.604422,-22.786950999999995,-2.8399230000000557,-11.560256654694259,-66.6035385971848,72.47087078582405,-5.841136672837431,37.296772987456634,88.01564508499918
1288,-664.661961,-51.661614,344.44444400000003,-25.807267000000024,-22.71699799999999,-3.0188590000000772,-10.670542236497452,-61.732867925570105,65.29343719517873,-3.5348945724425667,38.18648729106188,88.01630324161844
1289,-697.8950590000001,-54.244694,344.44444400000003,-25.985002999999892,-22.703843999999997,-3.0990660000000503,-9.874621066659342,-56.54432823333018,57.21985985503007,-0.6503026284026824,38.98240857549155,88.01687201682167
1290,-697.8950590000001,-54.244694,400.0,-26.38781599999993,-22.551749999999892,-3.008082999999999,-9.874621123955123,-55.95779987552589,48.14106175324275,7.841982012483034,38.98240840360421,88.01685603129918
1291,-664.661961,-51.661614,400.0,-26.189269999999965,-22.590261999999996,-2.9694320000000403,-10.670542293793233,-61.65520000139757,57.05365081471947,4.627253161987478,38.18648648892097,88.01626525451663
1292,-631.428863,-49.078533,400.0,-25.934607000000028,-22.630106000000005,-2.788433999999995,-11.560256654694259,-66.86468651496546,64.71805412699689,2.1728568381390545,37.29677247179462,88.01560870217918
1293,-598.195765,-46.495452,400.0,-25.860199999999963,-22.595501999999996,-2.8825180000000046,-12.561406952268987,-71.78531085572332,71.52096233840328,0.2911926786417324,36.295622517994566,88.01483555293044
1294,-564.962667,-43.912372,400.0,-25.71515199999999,-22.636691000000006,-2.8003969999999754,-13.696365641431228,-76.53261821365152,77.67200907513377,-1.11179664111096,35.16066405801544,88.0139121741478
1295,-531.729569,-41.329291,400.0,-25.571145,-22.57615,-2.6904590000000326,-14.993938920176321,-81.18365456723598,83.29698321040479,-2.0848093824372698,33.863091065749245,88.01278992171449
1296,-498.496471,-38.746210000000005,400.0,-25.544895000000054,-22.499965999999993,-2.675747000000001,-16.491866487145494,-85.79530631764516,88.47553321159927,-2.6505395441656354,32.36516378525897,88.01139580080736
1297,-465.263373,-36.16313,400.0,-25.461097999999993,-22.395491999999997,-2.5394489999999905,-18.24059217687565,-90.41311472874614,93.25900933248602,-2.8146881136533892,30.61643843930349,88.00961499068433
1298,-432.030275,-33.580049,400.0,-25.352435999999955,-22.284845999999995,-2.424353999999994,-20.309133568635772,-95.07607714154047,97.67984138533987,-2.5705054761865505,28.547897505909607,88.00725595155443
1299,-398.797176,-30.996968,400.0,-25.35689000000002,-22.175959000000002,-2.4222250000000827,-22.794569021598715,-99.81964743954572,101.75685693519621,-1.9010320237334677,26.062462797791795,88.00397250231788
1300,-398.797176,30.996968,400.0,-25.43212900000003,-22.322114999999997,-2.4674320000000307,-32.49790733478423,-98.3950757736787,100.57675564620075,-2.1252441599552423,16.35912712021214,87.9823203699441
1301,-432.030275,33.580049,400.0,-25.53362599999997,-22.410501000000004,-2.5398250000000644,-30.015542992898972,-93.69886885992061,96.41691371855075,-2.668871844482862,18.84149020159025,87.98994099509824
1302,-465.263373,36.16313,400.0,-25.62767500000001,-22.424155000000003,-2.666936000000078,-27.936635763300902,-89.06909422526832,91.90840554394212,-2.794836959517051,20.920396743638964,87.994936614114
1303,-498.496471,38.746210000000005,400.0,-25.681286000000057,-22.386235000000006,-2.7559069999999792,-26.170198744911882,-84.47088452309913,87.02924827876174,-2.517249793974274,22.68683318907019,87.99855530095647
1304,-531.729569,41.329291,400.0,-25.78764000000001,-22.366412,-2.8360490000000027,-24.65070871346387,-79.86463513444447,81.74255043108825,-1.8392329678379957,24.206322762151963,88.00120620478721
1305,-564.962667,43.912372,400.0,-25.94897400000002,-22.382901999999998,-2.918495000000007,-23.329771533636272,-75.20292108209416,75.99051029967548,-0.7507791429626811,25.527259540909103,88.00327011335683
1306,-598.195765,46.495452,400.0,-26.068874999999935,-22.410505,-3.005008000000032,-22.17086464103205,-70.42492461496849,69.6832546415117,0.7769941966253172,26.68616608973865,88.00492481546915
1307,-631.428863,49.078533,400.0,-26.20823500000006,-22.495835000000003,-2.9638330000000224,-21.14590559794268,-65.4458792628837,62.67723959533763,2.8027555800204356,27.711124903644908,88.00628301192252
1308,-664.661961,51.661614,400.0,-26.431662999999958,-22.472127,-3.063603999999998,-20.232946625772094,-60.134108782095275,54.727857102523565,5.4393632543270085,28.624083761223932,88.007421077991
1309,-697.8950590000001,54.244694,400.0,-26.64210999999989,-22.470570000000002,-3.067389999999989,-19.41458602225392,-54.25117902069496,45.3652901935418,8.918142454906022,29.44244505229146,88.00839779914435
1310,-697.8950590000001,54.244694,344.44444400000003,-26.187238999999977,-22.673456,-3.1381380000000263,-19.41458602225392,-55.02880003314815,54.78104592056115,0.2800611400063717,29.442444651221003,88.00834457136517
1311,-664.661961,51.661614,344.44444400000003,-25.98693000000003,-22.66612,-3.1475130000001172,-20.23294674036365,-60.331103474991835,63.15495066277507,-2.790661816063932,28.624082328829445,88.00733891584316
1312,-631.428863,49.078533,344.44444400000003,-25.793091000000004,-22.6983950000001,-2.9398200000000543,-21.145905655238458,-65.2674483452536,70.54168756944664,-5.240052150360517,27.711124158799773,88.00620365726789
1313,-598.195765,46.495452,344.44444400000003,-25.67595599999993,-22.607796,-2.8609140000000934,-22.170864698327833,-69.98272123178558,77.21294669530803,-7.194826412065886,26.686165631372415,88.0048416792931
1314,-564.962667,43.912372,344.44444400000003,-25.548676,-22.620281,-2.8541140000000382,-23.329821094485553,-74.56976169469648,83.32745488211901,-8.720799632853142,25.52720969358093,88.00317792444758
1315,-531.729569,41.329291,344.44444400000003,-25.411738000000014,-22.576321999999998,-2.7569180000000983,-24.650742632565343,-79.09465755086565,88.98387781132804,-9.850440414239879,24.206288613867372,88.00109952004574
1316,-498.496471,38.746210000000005,344.44444400000003,-25.32726400000007,-22.557279000000005,-2.5836470000000418,-26.170198744911882,-83.61028249154339,94.24694269693845,-10.595427698738922,22.68683301718285,87.99842701570614
1317,-465.263373,36.16313,344.44444400000003,-25.274456999999984,-22.614861000000005,-2.5886860000001093,-27.936635820596685,-88.16272037162872,99.15950918844868,-10.952241806614781,20.920396629047406,87.99485834807918
1318,-432.030275,33.580049,344.44444400000003,-25.14068999999995,-22.615546000000002,-2.4453130000001124,-30.015542992898972,-92.79338687238491,103.74755192643062,-10.904992097194183,18.84149020159025,87.98994099509824
1319,-398.797176,30.996968,344.44444400000003,-25.093511000000035,-22.547947999999998,-2.4025140000000533,-32.49790739208001,-97.54261896743431,108.02517764746233,-10.426176309831952,16.35912683373324,87.98237944189279
1320,-398.797176,30.996968,288.888889,-24.763346000000013,-22.816032,-2.380808000000002,-32.49790739208001,-95.48668264716706,114.6329030304077,-19.08983807034035,16.35912683373324,87.98237944189279
1321,-432.030275,33.580049,288.888889,-24.887487999999962,-22.862944000000002,-2.405721000000085,-30.015542992898972,-90.74047886324806,110.18255093144155,-19.392899054046204,18.84149020159025,87.98994099509824
1322,-465.263373,36.16313,288.888889,-24.968073000000004,-22.865381000000003,-2.54778900000008,-27.936635763300902,-86.15940071374484,105.45918673492675,-19.25531166202512,20.920396743638964,87.994936614114
1323,-498.496471,38.746210000000005,288.888889,-25.037018000000046,-22.810986000000003,-2.5054150000000845,-26.170198744911882,-81.69422487881572,100.4527097678929,-18.71737402136095,22.686833074478628,87.99855879599902
1324,-531.729569,41.329291,288.888889,-25.13872200000003,-22.801496999999998,-2.633938999999998,-24.65070871346387,-77.29813778451374,95.14225136045535,-17.80543136172737,24.206322704856184,88.0012064912661
1325,-564.962667,43.912372,288.888889,-25.24419899999998,-22.795738999999998,-2.828881000000024,-23.329771533636272,-72.92425819057637,89.49392644483534,-16.532856231583832,25.527259483613328,88.00326816530031
1326,-598.195765,46.495452,288.888889,-25.30959299999995,-22.833974,-2.870887000000039,-22.17086464103205,-68.52233792755372,83.4563746832069,-14.898708750963216,26.68616608973865,88.00492097665193
1327,-631.428863,49.078533,288.888889,-25.487971000000016,-22.882413,-2.9070840000000544,-21.14590559794268,-64.03404823032388,76.95286940646334,-12.884699018425128,27.711124846349126,88.00627682397833
1328,-664.661961,51.661614,288.888889,-25.67523099999994,-22.831102,-3.159560000000056,-20.232946625772094,-59.38504421533454,69.86637521869494,-10.448208198632338,28.624083532040814,88.00741030638444
1329,-697.8950590000001,54.244694,288.888889,-25.87879799999996,-22.837606000000005,-3.1810239999999794,-19.4145860795497,-54.469617633102544,62.008899338811766,-7.5070019510809,29.44244396367165,88.00837379221272
1330,-697.8950590000001,54.244694,233.333333,-25.4673479999999,-23.061574000000103,-3.1057750000000226,-19.41458728276107,-52.86866921789253,67.63651973695536,-14.735520974402116,29.442423509078363,88.0083168402079
1331,-664.661961,51.661614,233.333333,-25.27952099999993,-23.055992,-2.986438000000021,-20.233026610680295,-57.47147954197349,75.20572605427601,-17.701067500414744,28.624002974174818,88.00734693725231
1332,-631.428863,49.078533,233.333333,-25.095317000000023,-23.089917,-2.894328999999999,-21.14597681659661,-61.85881436218017,82.13186201755457,-20.238865165204235,27.711053226624735,88.00620910036695
1333,-598.195765,46.495452,233.333333,-24.975935999999933,-23.038493000000003,-2.6891330000000266,-22.170929958220697,-66.11654108709966,88.56161347400725,-22.409676257535775,26.686100428775326,88.00484505974408
1334,-564.962667,43.912372,233.333333,-24.926697999999988,-23.04862,-2.5844590000000096,-23.329831636908985,-70.30877289186618,94.59000312482952,-24.244337938901097,25.527199151157497,88.00317947143363
1335,-531.729569,41.329291,233.333333,-24.813924000000043,-23.004025999999996,-2.4884830000000306,-24.650762227721938,-74.48903520722197,100.28162050226649,-25.753804532089536,24.206268961415002,88.00109871790484
1336,-498.496471,38.746210000000005,233.333333,-24.680858999999998,-23.048700000000103,-2.3904550000000313,-26.17024160215496,-78.70642352612462,105.68107059985222,-26.93341061366267,22.686790102643997,87.99842283311425
1337,-465.263373,36.16313,233.333333,-24.617581999999913,-23.114271000000002,-2.320124000000021,-27.936635763300902,-83.00949321421831,110.81831395365188,-27.764346380276812,20.920396743638964,87.994936614114
1338,-432.030275,33.580049,233.333333,-24.570367999999974,-23.075841000000004,-2.2942409999999995,-30.015542992898972,-87.45110478472397,115.71317226777113,-28.21289452619567,18.84149020159025,87.98994099509824
1339,-398.797176,30.996968,233.333333,-24.511798,-23.043991,-2.1967030000000136,-32.49790739208001,-92.09004089992882,120.37495679393024,-28.22853352380532,16.35912683373324,87.98237944189279
1340,-398.797176,30.996968,177.77777799999998,-24.319277,-23.297577999999998,-1.9729360000000042,-32.49790739208001,-87.22210140353197,125.16944476256894,-37.890960988840895,16.35912683373324,87.98237944189279
1341,-432.030275,33.580049,177.77777799999998,-24.33117199999998,-23.395511000000003,-2.0513149999999882,-30.015542992898972,-82.8492892299669,120.27865696980942,-37.38019472569521,18.84149020159025,87.98994099509824
1342,-465.263373,36.16313,177.77777799999998,-24.396067000000016,-23.3805380000001,-2.1467480000000023,-27.936635763300902,-78.67668552686708,115.19785969911266,-36.476699755793035,20.920396743638964,87.994936614114
1343,-498.496471,38.746210000000005,177.77777799999998,-24.49126700000005,-23.260866000000007,-2.2293809999999894,-26.170198744911882,-74.63925500082276,109.91448093865058,-35.23405210204991,22.686833303661746,87.99849107238764
1344,-531.729569,41.329291,177.77777799999998,-24.57226400000002,-23.256490999999997,-2.367387999999977,-24.65070871346387,-70.68263237955563,104.40783897466702,-33.68653125639071,24.206322418377287,88.00121422619632
1345,-564.962667,43.912372,177.77777799999998,-24.65891499999998,-23.245279999999998,-2.358260999999999,-23.329771533636272,-66.75832154125757,98.64785203322735,-31.852721907041424,25.52725925443021,88.00327217600488
1346,-598.195765,46.495452,177.77777799999998,-24.76667599999996,-23.233753,-2.589382999999998,-22.17086464103205,-62.819680512841266,92.59259673516607,-29.737589306254648,26.686165917851312,88.00492246634221
1347,-631.428863,49.078533,177.77777799999998,-24.855857000000015,-23.295341,-2.874114999999989,-21.14590559794268,-58.81770352653983,86.18363539608438,-27.33180908157665,27.71112467446179,88.00627648020367
1348,-664.661961,51.661614,177.77777799999998,-24.992369999999937,-23.262232,-2.9470000000000027,-20.232946683067873,-54.695707753089415,79.3378663892639,-24.60903365420678,28.624083417449256,88.00740830103216
1349,-697.8950590000001,54.244694,177.77777799999998,-25.16669999999999,-23.249379000000005,-3.136324999999971,-19.4145860795497,-50.38099773983831,71.93228094730169,-21.518998697285355,29.442443849080085,88.00836938043771
1350,-697.8950590000001,54.244694,122.222222,-24.87020599999994,-23.449147000000004,-3.0836160000000064,-19.414586767099056,-47.111844201341064,75.02986765985027,-27.885709154525834,29.442432389924186,88.00833494567422
1351,-664.661961,51.661614,122.222222,-24.660626999999977,-23.474198,-2.8007840000001067,-20.233023745891316,-51.14276025455053,82.34619177772593,-31.17025388638633,28.624005953555354,88.00734871342146
1352,-631.428863,49.078533,122.222222,-24.586681999999996,-23.4647290000001,-2.5774279999999976,-21.14597968138559,-54.9823128732571,89.15598052470249,-34.13948539045834,27.711050304539977,88.00620944414163
1353,-598.195765,46.495452,122.222222,-24.54084899999998,-23.426993,-2.4070329999999984,-22.170938609883404,-58.69376960418516,95.57000532100285,-36.84083838423451,26.68609177711262,88.00484379923692
1354,-564.962667,43.912372,122.222222,-24.402882999999974,-23.465790000000098,-2.2046860000000095,-23.32984739324835,-62.32652026871169,101.66499363787463,-39.301577923832824,25.527183280226573,88.00317597639108
1355,-531.729569,41.329291,122.222222,-24.255141999999978,-23.484610999999997,-2.0894830000000013,-24.650788068118498,-65.92329416843683,107.49667965836028,-41.534598424432716,24.206242949131102,88.00109184241128
1356,-498.496471,38.746210000000005,122.222222,-24.150404000000037,-23.536062000000005,-1.965602000000004,-26.17028285511621,-69.52482178439661,113.10679310189053,-43.540723226385765,22.68674862049963,87.99841028533852
1357,-465.263373,36.16313,122.222222,-24.098839999999996,-23.636483000000002,-1.9350139999999953,-27.936724972829605,-73.17374126060596,118.52716503984435,-45.308846917932094,20.920307018448245,87.99482654892154
1358,-432.030275,33.580049,122.222222,-24.09293299999996,-23.649005000000002,-1.7248310000000089,-30.015542992898972,-76.91842765289088,123.78179724721755,-46.8141965801794,18.84149020159025,87.98994099509824
1359,-398.797176,30.996968,122.222222,-24.005736000000013,-23.667822,-1.6710589999999996,-32.49790739208001,-80.81941836408198,128.8896209944064,-48.01382031742413,16.35912683373324,87.98237944189279
1360,-398.797176,30.996968,66.666667,-23.84502999999995,-23.959471999999998,-1.3868340000000074,-32.49790739208001,-72.96386481489726,131.38638233328885,-58.36613520549128,16.35912683373324,87.98237944189279
1361,-432.030275,33.580049,66.666667,-23.939017999999976,-23.947760000000002,-1.4367620000000016,-30.015542992898972,-69.75194912988,126.11040504162426,-56.309282897596965,18.84149020159025,87.98994099509824
1362,-465.263373,36.16313,66.666667,-24.021276,-23.881140000000002,-1.4952109999999976,-27.936635763300902,-66.59488607504163,120.7226376680728,-54.083277233874426,20.920396743638964,87.994936614114
1363,-498.496471,38.746210000000005,66.666667,-24.028931999999998,-23.781317000000005,-1.7423730000000148,-26.170410624704523,-63.45457728016113,115.19872349028459,-51.70307378787528,22.68662027795352,87.99860073650963
1364,-531.729569,41.329291,66.666667,-24.09955100000002,-23.710766999999997,-1.9448780000000028,-24.650878423562787,-60.298321007194076,109.50951534308037,-49.17253194601177,24.206152307207912,88.001228607437
1365,-564.962667,43.912372,66.666667,-24.169624,-23.684375999999997,-2.0989440000000172,-23.3299118510003,-57.09661394039579,103.62121370128024,-46.48779805144961,25.52711865058728,88.00327991093512
1366,-598.195765,46.495452,66.666667,-24.280889000000002,-23.6490490000001,-2.2535070000000132,-22.170984102732334,-53.819083644342186,97.49127381298989,-43.63686697680321,26.686046226967907,88.00492676352567
1367,-631.428863,49.078533,66.666667,-24.362182000000075,-23.664789000000003,-2.5349240000000037,-21.14600999085295,-50.43180694956116,91.06481732222544,-40.59888936086554,27.711020109664176,88.0062786001475
1368,-664.661961,51.661614,66.666667,-24.485540000000015,-23.623822,-2.7061370000000053,-20.232946683067873,-46.89325770852657,84.26773632077865,-37.34135408865063,28.6240833028577,88.0074090458773
1369,-697.8950590000001,54.244694,66.666667,-24.643895999999927,-23.592258,-2.8491690000000034,-19.4145860795497,-43.1492884875138,76.99690178597695,-33.81532804343999,29.442443677192752,88.00836886477569
1370,-697.8950590000001,54.244694,11.111111,-24.417695999999978,-23.773652000000002,-2.7094229999999992,-19.414586480620155,-38.57631385199447,77.865544592638,-39.25692462995664,29.44243748924856,88.00834428488628
1371,-664.661961,51.661614,11.111111,-24.20868699999994,-23.842625,-2.4162999999999997,-20.233022771863066,-42.033829099105915,85.11942181123923,-43.05241455968225,28.624006870287825,88.00734814046366
1372,-631.428863,49.078533,11.111111,-24.103647000000024,-23.870528,-2.332659999999999,-21.145980483526504,-45.25907745472007,91.912770966679,-46.61950964669006,27.71104944510329,88.00620778256402
1373,-598.195765,46.495452,11.111111,-24.056592999999907,-23.852941,-2.126213999999999,-22.170941302785042,-48.29913038108748,98.34714172346759,-50.012610973120616,26.686088912323648,88.00484053337749
1374,-564.962667,43.912372,11.111111,-23.97141899999997,-23.911633,-1.8390989999999992,-23.329852664460066,-51.18657823325719,104.49511179142979,-53.271632841630776,25.52717777983174,88.00317024681313
1375,-531.729569,41.329291,11.111111,-23.906934999999976,-23.928012,-1.6398339999999987,-24.650797235443218,-53.94467519089395,110.41142178749554,-56.42795042108191,24.206233552623264,88.00108187294566
1376,-498.496471,38.746210000000005,11.111111,-23.801984000000004,-24.031613000000007,-1.4827300000000996,-26.170298324976677,-56.59005416149462,116.13925834817702,-59.507940110051756,22.68673280686448,87.99839309660467
1377,-465.263373,36.16313,11.111111,-23.844831,-24.105422000000004,-1.2719050000000003,-27.93675144347974,-59.13416994648257,121.71425704190867,-62.53548009653975,20.920280146727656,87.99479434869346
1378,-432.030275,33.580049,11.111111,-23.777572999999904,-24.175936,-1.0868279999999988,-30.01568239353053,-61.58387248548173,127.16732590506142,-65.53406967155536,18.841349826930443,87.98971782803704
1379,-398.797176,30.996968,11.111111,-23.77605299999999,-24.207317,-0.8916259999999987,-32.49790739208001,-63.940970548955534,132.52648423539486,-68.52913137353902,16.35912683373324,87.98237944189279
1380,-398.797176,30.996968,-44.444444,-23.73610100000002,-24.440030999999998,-0.5526690000000016,-32.49790739208001,-54.21734339917396,132.23818728544973,-77.96446151607965,16.35912683373324,87.98237944189279
1381,-432.030275,33.580049,-44.444444,-23.76333699999998,-24.420398000000002,-0.7427869999999004,-30.015542992898972,-52.766605896718914,126.90024947838299,-74.08447051022101,18.84149020159025,87.98994099509824
1382,-465.263373,36.16313,-44.444444,-23.80116800000002,-24.333168,-0.9891840000000016,-27.936635763300902,-51.064843208328675,121.46403399688667,-70.35471637210544,20.920396743638964,87.994936614114
1383,-498.496471,38.746210000000005,-44.444444,-23.742695999999967,-24.214341000000005,-1.2401180000000025,-26.17040403568988,-49.148778548220136,115.90245603736504,-66.71263600661769,22.68662595023569,87.99863442642797
1384,-531.729569,41.329291,-44.444444,-23.784122000000025,-24.111634,-1.491067000000001,-24.650874355562443,-47.03834907149469,110.18450821256549,-63.10751279401455,24.20615580225046,88.00124625453708
1385,-564.962667,43.912372,-44.444444,-23.818870999999945,-24.059483999999998,-1.706477999999997,-23.329909158098666,-44.74140527397389,104.27539554043486,-59.497197380576175,25.527120885122685,88.0032897658092
1386,-598.195765,46.495452,-44.444444,-23.975532999999928,-23.998505,-1.8052340000000058,-22.170982211971612,-42.25547123313763,98.13210676684199,-55.841317383888466,26.686047831249738,88.00493243580785
1387,-631.428863,49.078533,-44.444444,-24.001946999999973,-23.996668000000003,-2.122297000000003,-21.146008558458462,-39.56790389039121,91.69988190888351,-52.09785992877831,27.711021312875545,88.00628192330271
1388,-664.661961,51.661614,-44.444444,-24.028331999999978,-23.9948860000001,-2.402230000000003,-20.232946683067873,-36.65399547214364,84.90545759814118,-48.21833926397368,28.62408307367458,88.00741099393379
1389,-697.8950590000001,54.244694,-44.444444,-24.15621699999997,-23.907639000000103,-2.634590000000003,-19.4145860795497,-33.47315203320147,77.64764387300849,-44.14220738692478,29.44244356260119,88.00836983880394
1390,-697.8950590000001,54.244694,-100.0,-24.041148999999905,-24.041979,-2.3741289999999964,-19.414586251437036,-27.91357971244172,76.34033873422577,-48.3944595001118,29.44244144265735,88.0083512176756
1391,-664.661961,51.661614,-100.0,-23.834390999999982,-24.129813,-2.207077999999896,-20.23301956329941,-30.841847713542414,83.62554345159981,-52.75051609591605,28.62400996425992,88.00734647888606
1392,-631.428863,49.078533,-100.0,-23.78916300000003,-24.165525,-1.9773270000000025,-21.145975097723227,-33.46287649351204,90.42577738249743,-56.92871490377267,27.711054716315,88.0062053188455
1393,-598.195765,46.495452,-100.0,-23.77112599999998,-24.158365000000003,-1.690205000000006,-22.17093288030545,-35.81423655655494,96.84729308630712,-60.99765283733747,26.686097162915896,88.00483680915184
1394,-564.962667,43.912372,-100.0,-23.72188600000004,-24.2331400000001,-1.3913179999999983,-23.329839715613897,-37.91469507795483,102.96470273139263,-65.01310160838847,25.52719061408635,88.00316434534784
1395,-531.729569,41.329291,-100.0,-23.652589000000035,-24.279069999999997,-1.1936110000000042,-24.65077695273727,-39.76869225144088,108.83309345955838,-69.02559620904778,24.206253606146092,88.0010722472547
1396,-498.496471,38.746210000000005,-100.0,-23.584310000000016,-24.393975000000005,-0.9405040000000042,-26.170265666382353,-41.367629011832186,114.4946448194001,-73.08573631837257,22.68676512168413,87.99837642353283
1397,-465.263373,36.16313,-100.0,-23.603038000000026,-24.521058000000004,-0.7187660000000022,-27.936696897897644,-42.688942338452286,119.98263775199729,-77.24905953758578,20.920334233943514,87.99476358085985
1398,-432.030275,33.580049,-100.0,-23.70755799999995,-24.541501000000004,-0.4450089999999989,-30.015542992898972,-43.69281911299093,125.32353660494921,-81.58154453510679,18.84149020159025,87.98994099509824
1399,-398.797176,30.996968,-100.0,-23.696630000000027,-24.619317,-0.16002000000000294,-32.49790739208001,-44.316169462935974,130.54034339919502,-86.16779162335875,16.35912683373324,87.98237944189279
1400,-389.217948,92.24634800000001,-100.0,-24.036906000000045,-24.650794000000005,-0.24451200000000028,-41.82811272806031,-44.15168605691275,128.77562857734662,-84.4941682673861,7.028931868289031,87.90768018394417
1401,-421.65277699999996,99.933544,-100.0,-24.081848999999977,-24.56949500000009,-0.503429999999895,-39.38743330030622,-43.39453522219776,123.54558015549755,-80.05452113997683,9.469606597789204,87.94127063682461
1402,-454.087606,107.62074000000001,-100.0,-24.018607999999972,-24.529955000000015,-0.7348259999999982,-37.33061794818969,-42.28320330715443,118.1784887661243,-75.81581139993975,11.526419600778777,87.95860782404326
1403,-486.522435,115.307935,-100.0,-23.99866000000003,-24.480698000000103,-1.0399199999998956,-35.57390981045777,-40.871069982061904,112.65346138863592,-71.71327464831067,13.283126306116207,87.96921143936618
1404,-518.957264,122.995131,-100.0,-24.077206000000047,-24.47678000000009,-1.2177939999999978,-34.0562294089099,-39.191158414287685,106.94293640395962,-67.68961355859051,14.800805733635828,87.97637730791833
1405,-551.392093,130.682327,-100.0,-24.09860900000001,-24.444638999999995,-1.482931999999991,-32.732122225489185,-37.26101486334986,101.01218546503384,-63.6942479322871,16.124905182126312,87.98181633897173
1406,-583.826922,138.369522,-100.0,-24.074028999999996,-24.42907299999999,-1.8388900000000064,-31.56661199429608,-35.084799002841066,94.8151694649633,-59.67711042543071,17.290416330051887,87.9856414625078
1407,-616.261751,146.056718,-100.0,-24.115908999999988,-24.433014999999983,-2.08128099999999,-30.532864007812517,-32.65359962017365,88.29185314112908,-55.587741962807144,18.324169415859824,87.98852882602057
1408,-648.6965799999999,153.74391400000002,-100.0,-24.220397000000048,-24.305966000000012,-2.2363849999999985,-29.609943018457987,-29.943541392137167,81.36040923954064,-51.36869304032686,19.247090061439675,87.99099701361044
1409,-681.1314090000001,161.43111,-100.0,-24.294892999999888,-24.221068000000088,-2.544337999999996,-28.78087738608715,-26.909580038456028,73.90120405798312,-46.94543812084472,20.076151167443932,87.99310842038128
1410,-681.1314090000001,161.43111,-44.444444,-24.463255999999888,-24.079914000000088,-2.595005999999998,-28.780877443382927,-32.39711328701417,75.22262681954209,-42.779273374742345,20.076150365303018,87.99304946302416
1411,-648.6965799999999,153.74391400000002,-44.444444,-24.28868100000011,-24.167899000000034,-2.4476280000000017,-29.610022086633716,-35.67098049199617,82.64690724410585,-46.927654599503676,19.24700686796782,87.99089359472842
1412,-616.261751,146.056718,-44.444444,-24.263815000000022,-24.264175999999992,-2.157588000000004,-30.532940153903485,-38.660258815291556,89.56597984098181,-50.855093386292694,18.324089488247406,87.98840644223553
1413,-583.826922,138.369522,-44.444444,-24.244507999999996,-24.227020999999993,-1.9008990000000026,-31.566575554180307,-41.41256311232377,96.09445880102908,-54.62831897824042,17.2904546036326,87.98530989183176
1414,-551.392093,130.682327,-44.444444,-24.161743,-24.29342799999999,-1.6838270000000009,-32.73207260734412,-43.956895532654066,102.31252143167549,-58.298252254543996,16.12495800883502,87.98134680005862
1415,-518.957264,122.995131,-44.444444,-24.045616999999993,-24.369743,-1.5212709999999987,-34.05631346181844,-46.30937292069325,108.27943654989747,-61.90762142818371,14.800717555431154,87.97608979769673
1416,-486.522435,115.307935,-44.444444,-23.97648499999997,-24.340316,-1.3219279999999998,-35.57400108263453,-48.47566457923257,114.04093140166235,-65.49572252305973,13.283030278389742,87.96877186614576
1417,-454.087606,107.62074000000001,-44.444444,-24.02956599999999,-24.348866000000015,-1.0655909999999977,-37.330718960648966,-50.451454474497105,119.63363999165837,-69.10198443198489,11.526312858741543,87.95786538533234
1418,-421.65277699999996,99.933544,-44.444444,-24.061505000000068,-24.378096,-0.7637660000000039,-39.38754657406232,-52.2211586701213,125.08784514471044,-72.76874478261058,9.469485703694431,87.93983211168837
1419,-389.217948,92.24634800000001,-44.444444,-23.989210000000014,-24.50614400000002,-0.5514960000000002,-41.82811272806031,-53.754399058398874,130.42884363502296,-76.54467083923832,7.028931868289031,87.9076806423104
1420,-389.217948,92.24634800000001,11.111111,-24.021905000000004,-24.276868000000007,-0.9682019999999998,-41.82811272806031,-63.148272324010804,130.70919136851847,-67.43114496334721,7.0289319255848115,87.90768035583149
1421,-421.65277699999996,99.933544,11.111111,-24.134217000000035,-24.186866999999992,-1.1581289999999989,-39.38743330030622,-60.771759757536344,125.34847218655956,-64.48018863570026,9.469606597789204,87.94127069412039
1422,-454.087606,107.62074000000001,11.111111,-24.111237000000017,-24.171332000000007,-1.389308999999999,-37.33061794818969,-58.3004652467319,119.87883716549304,-61.49889785973101,11.526419600778777,87.95860782404326
1423,-486.522435,115.307935,11.111111,-24.124520000000018,-24.133849999999995,-1.5384820000000001,-35.574121059996834,-55.732000417028495,114.27467050821423,-58.47418198221523,13.282904857928388,87.96985739198442
1424,-518.957264,122.995131,11.111111,-24.225022999999965,-24.157030000000006,-1.7201299999999993,-34.05639934819193,-53.05804076462065,108.50409387432606,-55.38424207899202,14.800628918860248,87.97674274040007
1425,-551.392093,130.682327,11.111111,-24.305657999999994,-24.08674599999999,-1.9669320000000994,-32.73213460137756,-50.26612715036591,102.53078133854677,-52.20769788616139,16.12489452511132,87.98178127395467
1426,-583.826922,138.369522,11.111111,-24.387006000000042,-24.060795999999996,-2.1929529999999993,-31.566619843817872,-47.33789942819823,96.30886699912259,-48.91768897040029,17.290409626445683,87.98562203923855
1427,-616.261751,146.056718,11.111111,-24.435073999999986,-24.08127300000008,-2.3672670000000995,-30.532970005004614,-44.24766410793584,89.77917010269023,-45.48110553312259,18.32405946525894,87.98864565211501
1428,-648.6965799999999,153.74391400000002,11.111111,-24.511055000000056,-23.99738500000001,-2.6216960000000995,-29.609943018457987,-40.95887587875726,82.86134621003296,-41.8542954669033,19.247090061439675,87.99099701361044
1429,-681.1314090000001,161.43111,11.111111,-24.68841699999996,-23.880853000000087,-2.777410000000099,-28.78087738608715,-37.41896666510016,75.44277382020742,-37.97761667276253,20.076151683105945,87.99310355024002
1430,-681.1314090000001,161.43111,66.666667,-24.891768999999954,-23.715762000000012,-2.789907999999997,-28.780877844453386,-41.905257312582776,74.56502321913918,-32.61352322775653,20.076140968795176,87.99304613986895
1431,-648.6965799999999,153.74391400000002,66.666667,-24.70576200000005,-23.80032300000002,-2.7840110000000067,-29.610024149281777,-45.724586411881944,82.00629316013149,-36.23343837716499,19.247005091798655,87.99089760543299
1432,-616.261751,146.056718,66.666667,-24.604824000000008,-23.895586000000094,-2.5160350000000022,-30.532942388438887,-49.31649188922185,88.93104233636272,-39.56392956864528,18.32408765478246,87.98841348961642
1433,-583.826922,138.369522,66.666667,-24.529641000000083,-23.869024000000095,-2.2398220000000038,-31.566578304377725,-52.74156534924052,95.456334104083,-42.661203560829286,17.29045242639298,87.98532192394545
1434,-551.392093,130.682327,66.666667,-24.451360999999906,-23.887291999999988,-2.0482400000001064,-32.73207621697823,-56.04426568123422,101.66347953960522,-45.56186015282482,16.124955144046044,87.98136759842657
1435,-518.957264,122.995131,66.666667,-24.315744999999993,-23.945274999999995,-2.019352000000012,-34.0563186184386,-59.26009449610487,107.61208149430031,-48.28958083622025,14.80071337283925,87.97612703995341
1436,-486.522435,115.307935,66.666667,-24.233781000000022,-23.866586999999996,-1.7857740000000035,-35.5740089894521,-62.419822836014646,113.34760050228203,-50.85830252290322,13.283023803966657,87.96884285561657
1437,-454.087606,107.62074000000001,66.666667,-24.201229000000012,-23.90113000000001,-1.6032660000001044,-37.33073162301624,-65.55253186140476,118.90584476416845,-53.27325752075465,11.526302259022334,87.9580139532886
1438,-421.65277699999996,99.933544,66.666667,-24.21176700000001,-23.898183000000003,-1.4131130000001093,-39.38756828916275,-68.6882513789378,124.31564717778816,-55.52980653321158,9.469467369044988,87.94018940816942
1439,-389.217948,92.24634800000001,66.666667,-24.122532999999976,-23.985141000000013,-1.379609000000002,-41.82811272806031,-71.86053299495578,129.5999042252544,-57.60959749291286,7.0289319255848115,87.9076806423104
1440,-389.217948,92.24634800000001,122.222222,-24.231362999999988,-23.724621000000013,-1.7111579999999975,-41.82811272806031,-79.46831318017159,127.1649169613076,-47.56682964267978,7.0289319255848115,87.90768029853572
1441,-421.65277699999996,99.933544,122.222222,-24.37441300000006,-23.668757999999997,-1.8167170000000112,-39.38743330030622,-75.64728021898127,122.03512561118298,-46.29132165617453,9.469606655084984,87.94127075141618
1442,-454.087606,107.62074000000001,122.222222,-24.360150000000033,-23.684387000000115,-1.9880509999999987,-37.33061794818969,-71.95448002518668,116.7474485786376,-44.713494551716565,11.526419600778777,87.95860782404326
1443,-486.522435,115.307935,122.222222,-24.459558000000072,-23.645320999999996,-2.041486000000006,-35.57390981045777,-68.33737924446791,111.2842666093303,-42.87777060659907,13.283126306116207,87.96921143936618
1444,-518.957264,122.995131,122.222222,-24.547372999999993,-23.708179,-2.1618720000000025,-34.05638674312044,-64.75150695541495,105.62047544287587,-40.80708916017836,14.800644044946042,87.97667203740814
1445,-551.392093,130.682327,122.222222,-24.664372999999955,-23.632122999999993,-2.334737000000004,-32.73212709563044,-61.15540943236697,99.72130089558911,-38.50890089832652,16.124903635140264,87.98174552138825
1446,-583.826922,138.369522,122.222222,-24.754636000000005,-23.61511999999999,-2.4933850000000035,-31.566615546634402,-57.509082876659484,93.54199181240242,-35.979612287048305,17.290415012248957,87.98560301703975
1447,-616.261751,146.056718,122.222222,-24.842624999999998,-23.66029499999999,-2.698695999999998,-30.532864007812517,-53.768336772427446,87.02101808380935,-33.202169753233626,18.324169415859824,87.98852882602057
1448,-648.6965799999999,153.74391400000002,122.222222,-24.98035100000004,-23.56757300000001,-2.8951580000000092,-29.609943133049548,-49.88120854590642,80.07381629586878,-30.144514990442005,19.247086738284462,87.99108330105439
1449,-681.1314090000001,161.43111,122.222222,-25.121717999999873,-23.504800999999986,-3.0965870000000137,-28.780877328791373,-45.77814679304967,72.57508556351839,-26.75074714220838,20.076152084176403,87.99310211784552
1450,-681.1314090000001,161.43111,177.77777799999998,-25.383216999999945,-23.31063499999999,-3.1356700000000046,-28.780878360115405,-48.954551585248744,69.4342654611015,-20.43347039491198,20.076128707498363,87.99304338967153
1451,-648.6965799999999,153.74391400000002,177.77777799999998,-25.22131000000013,-23.345608000000027,-2.8597669999999766,-29.610026383817182,-53.344702951384726,77.04420552531762,-23.65123299963697,19.247002742671693,87.99089617303851
1452,-616.261751,146.056718,177.77777799999998,-25.041909000000032,-23.45702899999999,-2.8379389999999773,-30.532940669565505,-57.51302585761401,84.04245521719851,-26.47881094480742,18.324089545543185,87.98841601063071
1453,-583.826922,138.369522,177.77777799999998,-24.94401000000005,-23.429851999999997,-2.6598649999999964,-31.566572574799768,-61.5400334219282,90.57016463763112,-28.976573584732602,17.290458499745608,87.98532971617146
1454,-551.392093,130.682327,177.77777799999998,-24.87402499999996,-23.424896999999987,-2.408659,-32.73206544537168,-65.48598332916231,96.72055568146087,-31.17723440309175,16.124966431314608,87.98138392772374
1455,-518.957264,122.995131,177.77777799999998,-24.74028599999997,-23.413916999999998,-2.309117999999984,-34.05630062756383,-69.40119943649093,102.5584207652881,-33.09484570547246,14.80073216585493,87.97615860992792
1456,-486.522435,115.307935,177.77777799999998,-24.676733999999954,-23.334558,-2.3109179999999867,-35.573979596717216,-73.33197965584539,108.12992241111716,-34.728527600588755,13.283054228025579,87.96890450587533
1457,-454.087606,107.62074000000001,177.77777799999998,-24.56693200000001,-23.36295600000001,-2.205054000000075,-37.33068337996989,-77.32483664373859,113.4679868418566,-36.063220293866074,11.52635193446317,87.95814200935581
1458,-421.65277699999996,99.933544,177.77777799999998,-24.508263000000056,-23.374527999999998,-2.06220399999998,-39.387433357602,-81.42988570070774,118.59488549996094,-37.06847623511337,9.469606655084984,87.94127086600774
1459,-389.217948,92.24634800000001,177.77777799999998,-24.502678000000003,-23.33700500000002,-1.985970999999978,-41.82811272806031,-85.70504277578337,123.52396526538045,-37.68914863761976,7.0289319255848115,87.90768058501462
1460,-389.217948,92.24634800000001,233.333333,-24.675936000000036,-23.088535000000007,-2.2187570000000107,-41.82811272806031,-90.48323106917886,118.81257961100953,-28.199574460670245,7.0289319255848115,87.90768035583149
1461,-421.65277699999996,99.933544,233.333333,-24.766013000000044,-23.118047000000004,-2.385717000000028,-39.38743330030622,-85.94133320610118,114.09644230305204,-28.058585418219476,9.469606655084984,87.94127080871195
1462,-454.087606,107.62074000000001,233.333333,-24.812900000000013,-23.138992000000016,-2.354715000000027,-37.33061794818969,-81.56867830945089,109.1409606997287,-27.492808331247687,11.526419600778777,87.95860782404326
1463,-486.522435,115.307935,233.333333,-24.955564000000038,-23.092268000000004,-2.463943999999998,-35.57390981045777,-77.3123730928211,103.93553531101269,-26.554045402632475,13.283126306116207,87.96921143936618
1464,-518.957264,122.995131,233.333333,-25.065556000000015,-23.14955000000009,-2.597370000000012,-34.0562294089099,-73.12328820144856,98.45847378289304,-25.273021207658825,14.800805733635828,87.97637730791833
1465,-551.392093,130.682327,233.333333,-25.121750999999904,-23.171798999999993,-2.6410000000000196,-32.731993481872614,-68.95383851641937,92.67581175023216,-23.66479456687304,16.125040915827977,87.98155002818855
1466,-583.826922,138.369522,233.333333,-25.19941700000004,-23.187972000000002,-2.8053790000000163,-31.566499121610438,-64.75468687117794,86.53771752660151,-21.72960010649224,17.29053470313236,87.98546310074617
1467,-616.261751,146.056718,233.333333,-25.39012200000002,-23.202541999999994,-2.988482000000033,-30.532864007812517,-60.4702106375645,79.97167711508308,-19.45095486207453,18.324169415859824,87.98852882602057
1468,-648.6965799999999,153.74391400000002,233.333333,-25.503483000000074,-23.15200900000002,-3.069302000000107,-29.609943018457987,-56.03139046014094,72.8697361570453,-16.790170832531953,19.247090061439675,87.99099701361044
1469,-681.1314090000001,161.43111,233.333333,-25.706796999999938,-23.080233000000078,-3.200111000000021,-28.780877328791373,-51.34280503097368,65.06302978090974,-13.674038793957909,20.07615219876796,87.9931075036488
1470,-681.1314090000001,161.43111,288.888889,-26.066954999999894,-22.850623999999982,-3.1554740000000265,-28.78087721419981,-52.827648419141696,59.30450027221356,-6.4305893499322755,20.076155579218952,87.99302763333218
1471,-648.6965799999999,153.74391400000002,288.888889,-25.842347000000018,-22.901190000000014,-3.1118720000000053,-29.609943018457987,-57.85243270553289,67.45561599077725,-9.555008478167753,19.247090061439675,87.99099701361044
1472,-616.261751,146.056718,288.888889,-25.667253999999957,-22.960561,-2.9717330000000857,-30.532864007812517,-62.5659189377723,74.75251683939798,-12.136086343477396,18.324169415859824,87.98852882602057
1473,-583.826922,138.369522,288.888889,-25.447573000000034,-22.99324999999999,-2.807315000000017,-31.566567418179613,-67.08928562688207,81.41709980373471,-14.27425402486805,17.290463599069984,87.98532702326983
1474,-551.392093,130.682327,288.888889,-25.3663039999999,-22.98272199999998,-2.881842000000006,-32.73205261111707,-71.50370095350092,87.58341718350839,-16.02238246339256,16.12497938016078,87.9813882249072
1475,-518.957264,122.995131,288.888889,-25.293942000000015,-22.921208000000007,-2.7366870000000745,-34.0562783395056,-75.87129869546827,93.33896307178222,-17.4053036498919,14.800754740392058,87.97617390790106
1476,-486.522435,115.307935,288.888889,-25.179597,-22.818168,-2.5619389999999953,-35.57390981045777,-80.24337456097082,98.74146732089488,-18.428975944364968,13.283126306116207,87.96921149666197
1477,-454.087606,107.62074000000001,288.888889,-25.104963999999995,-22.817664000000008,-2.51252599999998,-37.33061794818969,-84.66701135682341,103.8298588606872,-19.08337350212945,11.526419600778777,87.95860788133905
1478,-421.65277699999996,99.933544,288.888889,-25.025730000000067,-22.79333799999999,-2.5235950000000003,-39.387433357602,-89.1868935458063,108.62784966410221,-19.344432496860307,9.469606655084984,87.94127086600774
1479,-389.217948,92.24634800000001,288.888889,-24.920007999999996,-22.818432000000115,-2.4446720000000255,-41.82811272806031,-93.84778030439621,113.14704676744947,-19.169492611075942,7.0289319255848115,87.90768058501462
1480,-389.217948,92.24634800000001,344.44444400000003,-25.245867000000032,-22.52427400000002,-2.4363760000000525,-41.82811272806031,-95.90863861860251,106.60215187902236,-10.563739293850958,7.0289319255848115,87.90768047042306
1481,-421.65277699999996,99.933544,344.44444400000003,-25.38536499999998,-22.536108,-2.543277000000046,-39.38743330030622,-91.22783057584215,102.24263209712122,-10.918277899843458,9.469606655084984,87.94127080871195
1482,-454.087606,107.62074000000001,344.44444400000003,-25.471168000000034,-22.544770000000014,-2.6459260000000313,-37.33061794818969,-86.6452437138728,97.56619577963347,-10.841478006730547,11.526419600778777,87.95860788133905
1483,-486.522435,115.307935,344.44444400000003,-25.522850000000062,-22.595898000000005,-2.679947000000027,-35.57390981045777,-82.12349946935151,92.55671141442879,-10.364095186813937,13.283126306116207,87.96921149666197
1484,-518.957264,122.995131,344.44444400000003,-25.634631000000013,-22.714731999999998,-2.8504890000000387,-34.0562294089099,-77.62149241766112,87.18396699426566,-9.500310145523116,14.800805733635828,87.97637730791833
1485,-551.392093,130.682327,344.44444400000003,-25.784304999999904,-22.680637999999988,-2.96539800000005,-32.731993481872614,-73.09277493299841,81.39989926695023,-8.249945724307828,16.125040915827977,87.98155002818855
1486,-583.826922,138.369522,344.44444400000003,-25.876170000000002,-22.70447999999999,-2.9315860000000384,-31.566499121610438,-68.48154264499105,75.13079847264602,-6.595825278723628,17.29053470313236,87.98546310074617
1487,-616.261751,146.056718,344.44444400000003,-26.042010000000005,-22.73026499999999,-3.0922610000000645,-30.532864007812517,-63.7151093256078,68.2623754021554,-4.4967545183993165,18.324169415859824,87.98852882602057
1488,-648.6965799999999,153.74391400000002,344.44444400000003,-26.23488800000007,-22.648132000000032,-3.2523910000000456,-29.609943018457987,-58.68877026094375,60.60899465194071,-1.8720495839203497,19.247090061439675,87.99099701361044
1489,-681.1314090000001,161.43111,344.44444400000003,-26.397325999999907,-22.62769300000008,-3.2309660000000235,-28.78087721419981,-53.23063438823395,51.84118394658864,1.4357130020806763,20.076155579218952,87.99302763333218
1490,-681.1314090000001,161.43111,400.0,-26.81463199999996,-22.39229300000008,-3.156191999999976,-28.78087721419981,-52.19126402420255,41.95028457601184,10.28724200862608,20.076155579218952,87.99302763333218
1491,-648.6965799999999,153.74391400000002,400.0,-26.587571000000025,-22.452775000000116,-3.171153000000004,-29.609943018457987,-58.33616435618578,51.9281567053541,6.456182457908297,19.247090061439675,87.99099701361044
1492,-616.261751,146.056718,400.0,-26.378088000000048,-22.51221299999999,-3.0131700000000023,-30.532864007812517,-63.78821948511163,60.24852094803579,3.590210095224118,18.324169415859824,87.98852882602057
1493,-583.826922,138.369522,400.0,-26.18778700000007,-22.50549100000009,-2.9536229999999932,-31.566499121610438,-68.84797035441562,67.51166088883201,1.3897400145149692,17.29053470313236,87.98546310074617
1494,-551.392093,130.682327,400.0,-26.080453999999918,-22.46841599999999,-2.9715229999999906,-32.731993481872614,-73.6708102228139,74.01300388015251,-0.2850150476946319,16.125040915827977,87.98155002818855
1495,-518.957264,122.995131,400.0,-25.920029999999997,-22.467150000000004,-2.831142,-34.0562294089099,-78.3524731186046,79.9206809492317,-1.5060433995456461,14.800805733635828,87.97637730791833
1496,-486.522435,115.307935,400.0,-25.780179999999973,-22.367946000000003,-2.7805759999999964,-35.57390981045777,-82.95929792877293,85.33820861009892,-2.3097939230626596,13.283126306116207,87.96921149666197
1497,-454.087606,107.62074000000001,400.0,-25.736897,-22.284040000000104,-2.706709999999987,-37.33061794818969,-87.5414045375184,90.33171415642568,-2.710835559877141,11.526419600778777,87.95860788133905
1498,-421.65277699999996,99.933544,400.0,-25.610677000000067,-22.317422000000008,-2.589193000000023,-39.387433357602,-92.13908551423424,94.94330402739298,-2.7076949490189106,9.469606655084984,87.94127086600774
1499,-389.217948,92.24634800000001,400.0,-25.516674000000023,-22.30380200000002,-2.545374000000038,-41.82811272806031,-96.7854969524964,99.19774432369537,-2.282473461925878,7.0289319255848115,87.90768058501462
1500,-370.289588,151.279943,400.0,-25.590413000000012,-22.38733400000001,-2.414991999999984,-50.81005964844054,-95.20830399772609,97.7996639917398,-3.0574416797876123,-1.9530957818445334,88.5022902833361
1501,-401.14705299999997,163.886605,400.0,-25.706637999999998,-22.4726950000001,-2.5562659999999937,-48.44117796306475,-89.99948452162327,92.85518724608332,-0.6668731980914404,0.41607811200677647,85.84770720412288
1502,-432.00451899999996,176.493267,400.0,-25.807901999999956,-22.463356000000005,-2.698999000000015,-46.43284687252998,-85.82521964198803,88.5081141128447,-2.3074521299624013,2.424231757512391,87.66137278978985
1503,-462.861985,189.099929,400.0,-25.85360499999996,-22.5242530000001,-2.680812000000003,-44.70891249363734,-81.28243266300387,83.41218674565192,-1.9102135578088804,4.148144535896154,87.81751375842865
1504,-493.71945,201.706591,400.0,-26.015653999999984,-22.413488,-2.824655000000007,-43.2131858294466,-76.67587954942199,77.85129444472375,-1.013936939392883,5.643863235973543,87.87578390996813
1505,-524.576916,214.313253,400.0,-26.12565200000006,-22.436915999999997,-2.8981110000000285,-41.90331899636185,-71.96653551556247,71.76330578134774,0.3344001708176815,6.953725771874837,87.90627357255711
1506,-555.4343819999999,226.919915,400.0,-26.223414000000048,-22.393936999999994,-2.8102530000000456,-40.7468019680169,-67.08360876104791,65.0298462426554,2.166327697584641,8.11024027920549,87.9250397165168
1507,-586.2918470000001,239.526577,400.0,-26.485533999999916,-22.360284000000092,-2.9451139999999896,-39.71826892879305,-61.91693898243969,57.44990504538095,4.567020515408114,9.138771542260166,87.93776172869568
1508,-617.149313,252.133239,400.0,-26.666638000000034,-22.241792000000004,-3.1182959999999866,-38.79764280729537,-56.27641219429875,48.65390493110001,7.713424893679453,10.059396345954925,87.94695919099779
1509,-648.0067779999999,264.739901,400.0,-26.896241000000032,-22.075282999999985,-3.1927109999999743,-37.96882795855146,-49.759867486757834,37.82866454828347,12.015274124373716,10.888210277966362,87.95392143034954
1510,-648.0067779999999,264.739901,344.44444400000003,-26.478913000000034,-22.37528999999998,-3.1267970000000105,-37.96882795855146,-51.1614523723631,48.39692516668737,2.848598162391971,10.888210277966362,87.95392165953267
1511,-617.149313,252.133239,344.44444400000003,-26.24681499999997,-22.486635000000007,-3.0097620000000234,-38.79764280729537,-56.82953837315405,57.674818539239745,-0.7543625929007678,10.059396345954925,87.94695919099779
1512,-586.2918470000001,239.526577,344.44444400000003,-26.09114599999998,-22.579541000000006,-2.977550000000008,-39.71826892879305,-61.975096605068195,65.65973610369096,-3.5846529202733644,9.138771542260166,87.93776172869568
1513,-555.4343819999999,226.919915,344.44444400000003,-25.888045000000034,-22.574915000000004,-2.833532000000048,-40.7468019680169,-66.81025311800529,72.76664964784112,-5.843831350643711,8.11024027920549,87.9250397738126
1514,-524.576916,214.313253,344.44444400000003,-25.81616400000007,-22.601726000000014,-2.848832000000016,-41.90331899636185,-71.45658617564109,79.21867031221294,-7.630913814560458,6.953725771874837,87.90627362985289
1515,-493.71945,201.706591,344.44444400000003,-25.69626999999997,-22.60919100000001,-2.8006070000000136,-43.2131858294466,-75.99413018972933,85.1488345423565,-8.993226511309853,5.643863235973543,87.87578408185546
1516,-462.861985,189.099929,344.44444400000003,-25.57662899999997,-22.684821999999997,-2.6158700000000294,-44.70891249363734,-80.47966149624607,90.63920673949373,-9.940005692436745,4.148144593191933,87.8175146751611
1517,-432.00451899999996,176.493267,344.44444400000003,-25.49107200000003,-22.673482000000007,-2.5386640000000398,-46.43284687252998,-84.94645479103085,95.73030607782584,-10.408407685393575,2.42423187210395,87.6613715292827
1518,-401.14705299999997,163.886605,344.44444400000003,-25.441106000000048,-22.635440000000102,-2.497205000000008,-48.44117824954365,-89.08848157006949,100.11982787793654,-8.84436210666923,0.41614342919542135,85.84955258658944
1519,-370.289588,151.279943,344.44444400000003,-25.31387699999999,-22.62961200000001,-2.423289000000011,-50.810060049510994,-94.31357637070923,105.16378338944858,-11.314696512096367,-1.9530152812743178,88.5006978044403
1520,-370.289588,151.279943,288.888889,-25.024197000000015,-22.947001999999998,-2.3916659999999865,-50.81005970573632,-92.2542626934228,111.65136169999465,-19.86318069234574,-1.9530964120981082,88.50229011144874
1521,-401.14705299999997,163.886605,288.888889,-25.13931100000002,-22.996173999999996,-2.380529000000081,-48.441177905768974,-87.07058426159566,106.44071150914485,-17.181092659585715,0.4160743304853286,85.847502142528
1522,-432.00451899999996,176.493267,288.888889,-25.22896400000002,-23.01320100000001,-2.4748860000000263,-46.43284687252998,-83.00106735417889,101.95909889017213,-18.58258867943696,2.4242318148081705,87.66137227412784
1523,-462.861985,189.099929,288.888889,-25.31684899999999,-23.00341800000001,-2.5400110000000495,-44.70891249363734,-78.64331233958254,96.80691359921637,-17.94406056290733,4.148144478600375,87.81751352924552
1524,-493.71945,201.706591,288.888889,-25.38392200000004,-22.97226900000001,-2.630514000000005,-43.2131858294466,-74.2980680303302,91.3064674862378,-16.84692138540719,5.643863235973543,87.87578390996813
1525,-524.576916,214.313253,288.888889,-25.49400300000002,-22.96381199999999,-2.803222000000005,-41.90331899636185,-69.93317688369126,85.42906269956015,-15.364715379265943,6.953725771874837,87.90627357255711
1526,-555.4343819999999,226.919915,288.888889,-25.607028000000128,-22.904248999999993,-2.7805360000000405,-40.7468019680169,-65.49803280348125,79.11163050881393,-13.50103252614055,8.11024027920549,87.9250397738126
1527,-586.2918470000001,239.526577,288.888889,-25.818029999999908,-22.856484999999992,-3.1038920000000303,-39.71826892879305,-60.92676512382517,72.25466287000026,-11.227911167825695,9.138771542260166,87.93776172869568
1528,-617.149313,252.133239,288.888889,-25.938300000000027,-22.782590000000027,-3.014353000000085,-38.79764280729537,-56.12782830979462,64.70012845482685,-8.481382514551525,10.059396345954925,87.94695919099779
1529,-648.0067779999999,264.739901,288.888889,-26.14462400000002,-22.591117999999966,-3.2401610000000005,-37.96882795855146,-50.95855220347213,56.179121783445915,-5.1364983940744295,10.888210277966362,87.95392143034954
1530,-648.0067779999999,264.739901,233.333333,-25.820052000000032,-22.875308999999987,-3.1859870000000114,-37.96882795855146,-49.6149665749608,62.11201031331377,-12.412972609749387,10.888210277966362,87.95392148764532
1531,-617.149313,252.133239,233.333333,-25.622251000000006,-23.014309999999995,-2.985230999999999,-38.79764280729537,-54.416118100052664,70.21436560463845,-15.707329931400857,10.059396345954925,87.94695919099779
1532,-586.2918470000001,239.526577,233.333333,-25.49116499999991,-23.006587999999994,-2.8936900000000207,-39.71835028879996,-58.923158184902825,77.52976651561882,-18.505835539680128,9.13866755042035,87.9369648589942
1533,-555.4343819999999,226.919915,233.333333,-25.320916000000125,-23.07942700000001,-2.752884000000023,-40.746875764980906,-63.24529762729183,84.25828337659568,-20.89938133926292,8.110145970352411,87.92398959946989
1534,-524.576916,214.313253,233.333333,-25.199944000000073,-23.173570000000012,-2.510745000000014,-41.903387464818366,-67.4582122917301,90.52461334700263,-22.933709415723495,6.9536373071912685,87.90474062397624
1535,-493.71945,201.706591,233.333333,-25.158558000000028,-23.126919000000015,-2.516374000000013,-43.213249198578744,-71.61967311163025,96.4101755056969,-24.626501303915376,5.643779068473439,87.87324782687953
1536,-462.861985,189.099929,233.333333,-25.063792999999976,-23.215120000000013,-2.435184000000021,-44.7089691018675,-75.77671854687375,101.96764701940502,-25.96642722180608,4.148065926086662,87.8125388231893
1537,-432.00451899999996,176.493267,233.333333,-24.946120000000008,-23.25479500000003,-2.2795150000000035,-46.43284687252998,-79.96332086941578,107.22150470243078,-26.8827404607967,2.4242318148081705,87.66137175846582
1538,-401.14705299999997,163.886605,233.333333,-24.83281900000003,-23.27807200000001,-2.2356300000000147,-48.44117824954365,-83.88891140894927,111.83188717943641,-25.75595707723006,0.41614463240679117,85.84951803723439
1539,-370.289588,151.279943,233.333333,-24.80594599999995,-23.21787599999999,-2.2358270000000005,-50.810060049510994,-88.92583563969525,117.24524382214665,-28.78367651409948,-1.9530078901187606,88.5004765854356
1540,-370.289588,151.279943,177.77777799999998,-24.631772999999953,-23.504171999999997,-1.933447000000001,-50.81005970573632,-84.23733443532387,121.88051776301238,-38.109333882989375,-1.9530951515909587,88.5023590382715
1541,-401.14705299999997,163.886605,177.77777799999998,-24.67981400000002,-23.585465,-2.0257099999999753,-48.44117779117741,-79.50126381108223,116.24286292581954,-34.55211154634102,0.4160665382593148,85.84704916209517
1542,-432.00451899999996,176.493267,177.77777799999998,-24.775252000000023,-23.557661999999993,-2.199167999999986,-46.433006555867486,-75.81906115925794,111.49475394264017,-35.301658314382145,2.424072074174888,87.6627810627545
1543,-462.861985,189.099929,177.77777799999998,-24.853696000000014,-23.535843999999997,-2.2688879999999756,-44.70891249363734,-71.89180743783676,106.12399166996931,-34.01264273326513,4.148144421304595,87.81751278440038
1544,-493.71945,201.706591,177.77777799999998,-24.922518000000025,-23.46965800000001,-2.2580359999999757,-43.2131858294466,-67.98976231241527,100.4859001816408,-32.3346597987251,5.643863235973543,87.87578385267234
1545,-524.576916,214.313253,177.77777799999998,-25.018947000000026,-23.460824000000002,-2.4441929999999843,-41.90331899636185,-64.0807732249957,94.55983477697204,-30.34789105807761,6.953725771874837,87.90627351526133
1546,-555.4343819999999,226.919915,177.77777799999998,-25.087867000000074,-23.413141999999993,-2.7219189999999855,-40.7468019680169,-60.121144408769084,88.29791537837623,-28.064205733119252,8.11024027920549,87.9250397165168
1547,-586.2918470000001,239.526577,177.77777799999998,-25.257712999999967,-23.379961000000094,-2.7635849999999778,-39.71826892879305,-56.059233115012205,81.62836464077259,-25.469144947411,9.138771542260166,87.93776172869568
1548,-617.149313,252.133239,177.77777799999998,-25.386293000000023,-23.252560000000102,-2.93339499999999,-38.79764280729537,-51.829975115946716,74.44505806083983,-22.524165314412393,10.059396345954925,87.94695919099779
1549,-648.0067779999999,264.739901,177.77777799999998,-25.513776000000007,-23.11330399999997,-3.2145420000000797,-37.96882795855146,-47.34293733149924,66.58395799371931,-19.156949533616498,10.888210277966362,87.95392143034954
1550,-648.0067779999999,264.739901,122.222222,-25.24399500000004,-23.390736999999973,-3.102936999999997,-37.96882795855146,-44.27139773868354,69.78284135261586,-25.427372428032957,10.888210277966362,87.95392143034954
1551,-617.149313,252.133239,122.222222,-25.11078699999996,-23.458220000000097,-2.824292,-38.797729209330875,-48.466367307682546,77.50611149468061,-28.948219163958726,10.059285879692023,87.94634177167777
1552,-586.2918470000001,239.526577,122.222222,-24.98703899999998,-23.536777999999998,-2.5897939999999977,-39.71834954395483,-52.41424825457358,84.61951940084704,-32.10451680447859,9.138669097406396,87.93698365200989
1553,-555.4343819999999,226.919915,122.222222,-24.894197000000077,-23.553548000000006,-2.3812209999999965,-40.746880807009504,-56.19294845825379,91.2674566234323,-34.96088249840337,8.110139954295562,87.92396817084835
1554,-524.576916,214.313253,122.222222,-24.82104800000002,-23.632788000000005,-2.268387000000004,-41.90339880938271,-59.85897513642281,97.54585331418781,-37.554088791616124,6.953623269725288,87.90464213253125
1555,-493.71945,201.706591,122.222222,-24.71221799999995,-23.68230600000001,-2.100135000000094,-43.213268621848,-63.457272359037866,103.52136675274552,-39.89980963215201,5.643754603175586,87.87296283767225
1556,-462.861985,189.099929,122.222222,-24.63959299999999,-23.774823999999995,-1.8773479999999978,-44.709000156180004,-67.02566691432504,109.23958472714548,-41.98855649514897,4.1480263919987985,87.81167646441185
1557,-432.00451899999996,176.493267,122.222222,-24.517942000000005,-23.8604050000001,-1.8920530000000042,-46.43294100949572,-70.59056488007587,114.71903457253835,-43.73738938528259,2.424107253783509,87.64571826502394
1558,-401.14705299999997,163.886605,122.222222,-24.483788000000004,-23.8482590000001,-1.7389860000000112,-48.441259265775884,-73.96464652872237,119.67385326369275,-43.797483891737556,0.416019211945437,86.12481789796323
1559,-370.289588,151.279943,122.222222,-24.456184999999948,-23.831922000000006,-1.6166170000001046,-50.810060049510994,-78.15893536656498,125.44815498268596,-47.753522783603,-1.9530109840908543,88.50051153586111
1560,-370.289588,151.279943,66.666667,-24.33256,-24.141041,-1.3262640000001085,-50.81005970573632,-70.7818758889405,127.82740090161788,-57.51170730984008,-1.953094464041605,88.50239078013337
1561,-401.14705299999997,163.886605,66.666667,-24.430924000000005,-24.085255000000018,-1.3234230000000053,-48.44117767658585,-67.2233579801258,121.82157238071134,-52.40809222413536,0.41605261538489313,85.84641461133707
1562,-432.00451899999996,176.493267,66.666667,-24.41640799999999,-24.142457000000007,-1.6046230000000037,-46.43303898527869,-64.38406809007351,116.84901308275478,-52.112280760819736,2.4239630403064747,87.68417232744416
1563,-462.861985,189.099929,66.666667,-24.476022999999998,-24.098701000000005,-1.8283600000000035,-44.70891249363734,-61.270619728516095,111.27554951484362,-49.7853866258825,4.148144306713036,87.81751112282278
1564,-493.71945,201.706591,66.666667,-24.503197000000057,-24.04274700000002,-1.9944229999999976,-43.2131858294466,-58.10835570658819,105.49358225080513,-47.223748301829175,5.643863178677764,87.875783680785
1565,-524.576916,214.313253,66.666667,-24.635166000000027,-23.956052999999997,-2.111505000000008,-41.90345530302131,-54.8756226314089,99.47736044738227,-44.47345961302445,6.953513662899079,87.90918689105801
1566,-555.4343819999999,226.919915,66.666667,-24.707484000000136,-23.879468000000003,-2.2963390000000032,-40.74692045568893,-51.54112262612342,93.17864730346498,-41.52647164836235,8.110074121444901,87.92656664904084
1567,-586.2918470000001,239.526577,66.666667,-24.80016399999988,-23.876856000000004,-2.6552660000000117,-39.71826892879305,-48.06854798550788,86.53399988994781,-38.36546532609055,9.138771542260166,87.93776172869568
1568,-617.149313,252.133239,66.666667,-24.93050800000003,-23.726913000000025,-2.735730000000011,-38.79764280729537,-44.41021716185149,79.4539786928699,-34.952843957833466,10.059396345954925,87.94695919099779
1569,-648.0067779999999,264.739901,66.666667,-25.024027000000046,-23.59565800000007,-2.944927000000007,-37.96882795855146,-40.49739057500747,71.80405012796243,-31.2225883670556,10.888210277966362,87.95392143034954
1570,-648.0067779999999,264.739901,11.111111,-24.85024800000008,-23.80463199999997,-2.7522280000000006,-37.96882795855146,-36.10470518843096,72.69426645718777,-36.50549014015323,10.888210277966362,87.95392143034954
1571,-617.149313,252.133239,11.111111,-24.761058000000048,-23.892630999999994,-2.4743049999999993,-38.79772680290813,-39.74529477503158,80.31521516059219,-40.47838613790078,10.05928742667807,87.9463324324657
1572,-586.2918470000001,239.526577,11.111111,-24.589230999999927,-24.005010999999996,-2.3446979999999993,-39.71834920018015,-43.11000615730496,87.38290894152475,-44.172114179548785,9.138667378533011,87.93694898806329
1573,-555.4343819999999,226.919915,11.111111,-24.54873900000007,-24.004977000000025,-2.096755999999999,-40.74688229669977,-46.25980021118807,94.02705765257704,-47.653552477255005,8.110135084154303,87.9238880713486
1574,-524.576916,214.313253,11.111111,-24.49955,-24.10841099999999,-1.8338919999999987,-41.9034024763126,-49.235482761667015,100.33639847604465,-50.967951003143455,6.953614388879463,87.9044655469388
1575,-493.71945,201.706591,11.111111,-24.42208899999997,-24.151397000000003,-1.6367719999999988,-43.21327526815843,-52.065185062454475,106.37449580808561,-54.14460995942044,5.643739763568693,87.87254469307335
1576,-462.861985,189.099929,11.111111,-24.384209,-24.255409000000014,-1.463277999999999,-44.70901144344856,-54.76743782915211,112.18646096503753,-57.19249080707226,4.1480016402220485,87.8105022447065
1577,-432.00451899999996,176.493267,11.111111,-24.33256300000005,-24.320198000000005,-1.2760079999999991,-46.432959745215626,-57.347590310326844,117.79157483614327,-60.048216736323,2.4240674332167473,87.64102625634385
1578,-401.14705299999997,163.886605,11.111111,-24.334397000000024,-24.293572000000097,-1.0768519999999988,-48.441293929722484,-59.65389457664247,122.88051303496792,-61.250145196298654,0.4160054609583539,86.06006438519715
1579,-370.289588,151.279943,11.111111,-24.287879000000032,-24.397750000000002,-0.8810399999999987,-50.810059934919444,-62.35593219768805,128.90811137377932,-67.01582189512285,-1.952994311019016,88.49985091552333
1580,-370.289588,151.279943,-44.444444,-24.316525000000013,-24.572158000000016,-0.4842310000000012,-50.81005970573632,-53.26497845250235,128.63546871941696,-75.83660340807147,-1.9530954380698566,88.50232162412749
1581,-401.14705299999997,163.886605,-44.444444,-24.313267000000053,-24.539544000000006,-0.7617840000000058,-48.44117744740274,-51.42052200033348,122.56962166625912,-68.9582552761747,0.4160287803406157,85.84569234074053
1582,-432.00451899999996,176.493267,-44.444444,-24.28645300000005,-24.580953000000022,-1.0653659999999974,-46.43284687252998,-49.734105127049126,117.55634598202826,-67.44678768518254,2.424231069963037,87.66136196088753
1583,-462.861985,189.099929,-44.444444,-24.288846999999976,-24.514523000000025,-1.352045999999902,-44.70891249363734,-47.70620426195121,111.95842977863231,-64.03267983522177,4.148144077529918,87.8175085445127
1584,-493.71945,201.706591,-44.444444,-24.311086999999986,-24.445740999999998,-1.566865,-43.2131858294466,-45.48254119346984,106.15345081066799,-60.50943120292303,5.643863178677764,87.87578350889767
1585,-524.576916,214.313253,-44.444444,-24.431992000000037,-24.336506000000014,-1.7015719999999988,-41.90331899636185,-43.069637957482776,100.12042077466295,-56.91961226598565,6.953725771874837,87.90627351526133
1586,-555.4343819999999,226.919915,-44.444444,-24.450737000000117,-24.26977199999999,-1.9759659999999002,-40.7468019680169,-40.45959782047441,93.81384051914806,-53.24167746218574,8.11024027920549,87.9250397165168
1587,-586.2918470000001,239.526577,-44.444444,-24.529417999999964,-24.253060000000005,-2.1852210000000056,-39.71826892879305,-37.632667489499795,87.16983160979777,-49.43717754194859,9.138771542260166,87.93776172869568
1588,-617.149313,252.133239,-44.444444,-24.583001999999965,-24.139364,-2.500474000000004,-38.79764280729537,-34.55449373296583,80.09909444894481,-45.45368314279405,10.059396345954925,87.94695919099779
1589,-648.0067779999999,264.739901,-44.444444,-24.681939000000057,-23.954492000000073,-2.680092000000002,-37.96882795855146,-31.1690737652157,72.471077910067,-41.217932958951934,10.888210277966362,87.95392143034954
1590,-648.0067779999999,264.739901,-100.0,-24.57687700000008,-24.136349999999965,-2.4110550000000046,-37.96882795855146,-25.75623845680325,71.13023789530993,-45.28992830990311,10.888210277966362,87.95392143034954
1591,-617.149313,252.133239,-100.0,-24.488395999999966,-24.225156999999996,-2.202085999999994,-38.797724797555844,-28.91600054392715,78.80350457819912,-49.795929679566484,10.05928633805826,87.94629169516647
1592,-586.2918470000001,239.526577,-100.0,-24.42236899999989,-24.28174899999999,-1.923852999999994,-39.718345132179806,-31.72932238242227,85.893649423855,-54.063478161601665,9.138667951490806,87.93688791076232
1593,-555.4343819999999,226.919915,-100.0,-24.317033000000038,-24.36648199999999,-1.7423199999999923,-40.74687570768513,-34.25089846611602,92.53790699688837,-58.173201408263495,8.110137204098146,87.92378493894547
1594,-524.576916,214.313253,-100.0,-24.310609999999997,-24.463997000000006,-1.4606650000000059,-41.903392392255405,-36.511036085131195,98.82863528638114,-62.18443991354854,6.953618342288249,87.90426953807709
1595,-493.71945,201.706591,-100.0,-24.279477999999983,-24.519078000000007,-1.2166369999999915,-43.21325985559373,-38.523251772221165,104.83084076596595,-66.14246015076533,5.643745836921321,87.87211463095232
1596,-462.861985,189.099929,-100.0,-24.298596999999916,-24.602352999999994,-0.9616749999999996,-44.708987608404286,-40.287046080075925,110.58955883507251,-70.07481892614113,4.148010177293195,87.80933770798791
1597,-432.00451899999996,176.493267,-100.0,-24.248463000000015,-24.705163999999996,-0.7090539999998953,-46.43292296132518,-41.78598583428598,116.12252133424879,-73.93618215734762,2.4240793507388863,87.63643646333439
1598,-401.14705299999997,163.886605,-100.0,-24.29644300000001,-24.668114000000003,-0.4739189999999951,-48.44117830683943,-42.9082906359512,121.06936720309236,-75.97407511991372,0.4161500755058449,85.84953534055981
1599,-370.289588,151.279943,-100.0,-24.354010000000017,-24.723293000000012,-0.17294200000000615,-50.81005924737009,-43.94017238430446,127.02216544338322,-83.54458365571112,-1.9529748877497608,88.49879856394101
1600,-342.46675999999997,206.679748,-100.0,-24.658818000000053,-24.63168299999998,-0.2734339999999946,-59.47701935401771,-43.62901928847486,124.92295608456826,-81.3801028875791,-10.620004150403261,88.12116918584694
1601,-371.00565600000004,223.90306099999998,-100.0,-24.595812999999964,-24.67383099999998,-0.5163359999999955,-57.20202797605111,-42.61059259450355,119.6234705637526,-77.12229772473745,-8.345016210183429,88.14474032576393
1602,-399.544553,241.126373,-100.0,-24.564517999999907,-24.674452000000002,-0.8160620000000023,-55.26250126718977,-41.28297667484123,114.1742869274086,-73.03365416831629,-6.405494084984443,88.17793440644174
1603,-428.08344999999997,258.349686,-100.0,-24.596946000000003,-24.615304000000037,-1.064869999999999,-53.58973866571273,-39.68406071281788,108.55204688944018,-69.0604584563461,-4.7327384735925095,88.22829516209833
1604,-456.622346,275.57299800000004,-100.0,-24.689859000000013,-24.554490000000072,-1.2564430000000044,-52.132513218368736,-37.8370366648817,102.7303085048978,-65.17120690553209,-3.275524886474872,88.3139601446964
1605,-485.161243,292.79631,-100.0,-24.687880000000064,-24.58238399999999,-1.5511340000000047,-50.851984288113194,-35.7554200897578,96.68037226052762,-61.356815327328235,-1.9948735724342925,88.46805135682311
1606,-513.7001399999999,310.019623,-100.0,-24.74399100000005,-24.5613120000001,-1.836303000000001,-49.71775210943518,-33.47628021087555,90.46066564207963,-57.98059918171175,-0.860747390948376,89.03256673343424
1607,-542.239036,327.242935,-100.0,-24.699254999999994,-24.406758999999965,-1.8962509999999924,-48.7061778188063,-29.896590422910947,81.31291098102851,-45.587779273786275,0.15136513623325115,82.20795843308662
1608,-570.777933,344.466247,-100.0,-24.922696000000087,-24.392066,-2.2731299999999095,-47.79875402000713,-27.667490328728466,75.74233162536228,-47.215091883573,1.0583916460972727,87.1768764123678
1609,-599.31683,361.68956000000003,-100.0,-25.010982000000013,-24.28721200000001,-2.522199999999998,-46.97999692969473,-24.409626751696944,67.93316324958106,-43.03865623873933,1.8770958524051848,87.55185901192725
1610,-599.31683,361.68956000000003,-44.444444,-25.13087900000005,-24.132732000000033,-2.673576999999902,-46.97999692969473,-29.74537941232459,69.30116931334912,-39.07096688036347,1.8770969410249958,87.551916250411
1611,-570.777933,344.466247,-44.444444,-24.975889000000052,-24.144278000000043,-2.408393000000004,-47.79884300035271,-33.19964467093471,77.02389182235328,-42.8826904805943,1.0578042497657045,87.09505540361727
1612,-542.239036,327.242935,-44.444444,-24.784562999999935,-24.206694000000027,-2.2341530000000063,-48.706206638583396,-35.7047324043833,82.80164692986509,-41.84420327370831,0.15152642385258047,82.78378984074314
1613,-513.7001399999999,310.019623,-44.444444,-24.817056000000093,-24.354597000000012,-1.9608260000000044,-49.71767309855523,-39.58867865249329,91.75268833488862,-53.22114042027285,-0.86079282650153,89.09349053900186
1614,-485.161243,292.79631,-44.444444,-24.75272799999999,-24.34187800000001,-1.6641390000000058,-50.85187026951197,-42.18890396517529,97.97110522533976,-56.23836561946244,-1.9949053142961428,88.49236699809911
1615,-456.622346,275.57299800000004,-44.444444,-24.67927199999997,-24.384223000000077,-1.5109600000000043,-52.132513275664515,-44.64763368341985,104.03965635281173,-59.66994914054094,-3.275524313517077,88.31395155032948
1616,-428.08344999999997,258.349686,-44.444444,-24.63275900000002,-24.35213300000001,-1.296836000000006,-53.58973866571273,-46.93063489677082,109.90106364218732,-63.16290010840784,-4.732738301705171,88.22829424536586
1617,-399.544553,241.126373,-44.444444,-24.597697999999923,-24.385226000000017,-1.036159000000005,-55.26250126718977,-49.03265828050078,115.57832842685626,-66.6880140621044,-6.405494027688664,88.17793440644174
1618,-371.00565600000004,223.90306099999998,-44.444444,-24.585550999999953,-24.433854999999966,-0.8056880000000035,-57.20202797605111,-50.94419731887292,121.09970491727408,-70.26492741118537,-8.34501615288765,88.1447404403555
1619,-342.46675999999997,206.679748,-44.444444,-24.588989000000026,-24.481529999999992,-0.5552170000000061,-59.477019296721934,-52.64570951011513,126.49162846937561,-73.93208803012674,-10.62000426499482,88.12117222252326
1620,-342.46675999999997,206.679748,11.111111,-24.571484999999996,-24.298614999999984,-0.9778889999999993,-59.477019296721934,-61.40112238280882,126.75697238627313,-65.44201907433056,-10.62000426499482,88.12117222252326
1621,-371.00565600000004,223.90306099999998,11.111111,-24.64455499999991,-24.248051999999973,-1.1826720000000996,-57.20202797605111,-58.96845519686184,121.3487348349835,-62.48969939361009,-8.345016210183429,88.14474032576393
1622,-399.544553,241.126373,11.111111,-24.644457999999986,-24.265492999999992,-1.359119999999999,-55.2627416802806,-56.44072646318085,115.81430716813351,-59.51343918708209,-6.4057205179050785,88.17543419051111
1623,-428.08344999999997,258.349686,11.111111,-24.720692000000042,-24.199246000000045,-1.5361110000000995,-53.589928257447134,-53.81250752124857,110.12675309278805,-56.50224431139048,-4.732899761211839,88.2238070690975
1624,-456.622346,275.57299800000004,11.111111,-24.800681999999995,-24.21924800000005,-1.7903849999999988,-52.13266677105783,-51.075188362390215,104.25700055853484,-53.450721514809686,-3.2756204558351003,88.30492024578794
1625,-485.161243,292.79631,11.111111,-24.87233900000001,-24.199849000000086,-2.030189,-50.851995231607084,-48.22083598486174,98.18036900727813,-50.39466736691454,-1.9949239927202642,88.47132472200246
1626,-513.7001399999999,310.019623,11.111111,-24.94427200000007,-24.208072000000016,-2.2347909999999995,-49.71776523016869,-45.27624006169854,91.94964039972523,-47.676504880049045,-0.8607932275719865,89.03945861356874
1627,-542.239036,327.242935,11.111111,-24.920603999999912,-24.174563000000035,-1.8802109999999992,-48.70696443256323,-41.533494735831944,83.98187060264559,-39.89345977009169,0.14883461083527635,85.48159485066874
1628,-570.777933,344.466247,11.111111,-25.14552100000003,-23.944490000000087,-2.560516999999999,-47.79882884829518,-38.30404917788957,77.29352656288276,-38.18177895308462,1.058074112887211,87.22893472737981
1629,-599.31683,361.68956000000003,11.111111,-25.285888999999997,-23.942128000000025,-2.9259369999999993,-46.97999692969473,-34.589190624644466,69.52870340157129,-34.45464145592363,1.8770960242925236,87.55186789277309
1630,-599.31683,361.68956000000003,66.666667,-25.464208999999983,-23.715693000000044,-2.9407489999999967,-46.97999692969473,-38.8796741488525,68.62108319283995,-29.256581439664025,1.8770969410249958,87.55191172404442
1631,-570.777933,344.466247,66.666667,-25.272004000000038,-23.719771000000094,-2.676470000000002,-47.79884231280336,-42.83131427183739,76.3718076962782,-32.60272623917775,1.0578441276282455,87.09884540484049
1632,-542.239036,327.242935,66.666667,-25.092192999999952,-23.806921999999986,-2.592092000000008,-48.70621878528865,-45.78201282577232,82.18237523728045,-31.16814041696743,0.15150092723069714,82.80427932715904
1633,-513.7001399999999,310.019623,66.666667,-25.073413000000073,-23.937837000000002,-2.3503120000000024,-49.71766777004774,-50.457882659888014,91.11722628740809,-41.71227252211122,-0.8607442969762824,89.08928852382816
1634,-485.161243,292.79631,66.666667,-24.962130999999943,-23.922478000000012,-2.0128350000000097,-50.85192922686908,-53.74829029697875,97.34943599086141,-44.11954329649325,-1.9940188912912962,88.55463840040089
1635,-456.622346,275.57299800000004,66.666667,-24.858066000000008,-23.960157000000066,-1.93543600000001,-52.132513275664515,-56.96982766224963,103.38619460701405,-46.694296337998225,-3.2755244281086364,88.31395447241422
1636,-428.08344999999997,258.349686,66.666667,-24.780614000000014,-23.922078000000113,-1.7936540000000036,-53.58983291727003,-60.1463163354699,109.23141148419793,-49.29188959716095,-4.732536162195049,88.24266545926223
1637,-399.544553,241.126373,66.666667,-24.68756000000002,-23.99254099999999,-1.640537000000009,-55.262610301058174,-63.27518889275959,114.87862658056878,-51.752800966802035,-6.405487266786682,88.18499697070341
1638,-371.00565600000004,223.90306099999998,66.666667,-24.65856599999995,-23.97815099999997,-1.427667999999997,-57.202157178033914,-66.38744733556808,120.36240523669542,-54.08812692053975,-8.34509837233125,88.14852883729691
1639,-342.46675999999997,206.679748,66.666667,-24.60730700000005,-24.030689999999993,-1.2881500000000017,-59.477019296721934,-69.51105217618512,125.70589420265605,-56.28101109733715,-10.62000426499482,88.12117222252326
1640,-342.46675999999997,206.679748,122.222222,-24.706692000000032,-23.74077699999998,-1.6169220000000024,-59.477019296721934,-76.62970058352894,123.38850784396277,-46.84497633130005,-10.62000426499482,88.12117222252326
1641,-371.00565600000004,223.90306099999998,122.222222,-24.75810199999995,-23.813864999999993,-1.8608930000000043,-57.20202797605111,-72.92934324830392,118.17309923862442,-45.35317580310467,-8.345016210183429,88.14474038305973
1642,-399.544553,241.126373,122.222222,-24.820460999999966,-23.788073999999995,-1.9058830000000029,-55.26250126718977,-69.31697945345218,112.78987931650134,-43.61524377879808,-6.405494084984443,88.17793446373751
1643,-428.08344999999997,258.349686,122.222222,-24.928855999999996,-23.731342000000012,-1.9726690000000104,-53.58991393350227,-65.74781747849421,107.21719153344482,-41.65843460018753,-4.732897011014423,88.22487225493444
1644,-456.622346,275.57299800000004,122.222222,-25.077272999999934,-23.701978000000054,-2.167016000000004,-52.1326587496487,-62.18433798435679,101.43007716034954,-39.516466890812225,-3.2756328890192545,88.30674139213977
1645,-485.161243,292.79631,122.222222,-25.18165399999998,-23.677816000000007,-2.3972200000000043,-50.85199156467719,-58.597190577730764,95.40522059647517,-37.246782935493485,-1.9949527552015798,88.47494529960568
1646,-513.7001399999999,310.019623,122.222222,-25.25797900000009,-23.71298300000001,-2.56919400000001,-49.717766146901155,-55.00447333378671,89.19611948411084,-35.20449246455397,-0.8608218754617432,89.04920153169184
1647,-542.239036,327.242935,122.222222,-25.254744999999957,-23.712744999999984,-2.346261999999996,-48.7069256433205,-50.519580875211545,81.16357365702379,-28.018680053704202,0.14894100909783214,85.41119799009952
1648,-570.777933,344.466247,122.222222,-25.505078000000026,-23.54583500000001,-2.9524130000001065,-47.79882770237958,-46.79447766470217,74.44693633108382,-26.835432882638795,1.0581508319359791,87.21960588585527
1649,-599.31683,361.68956000000003,122.222222,-25.675031999999987,-23.480357000000026,-3.04499100000001,-46.97999692969473,-42.54287677534511,66.5564888500347,-23.52874573841923,1.8770961388840828,87.55187299209746
1650,-599.31683,361.68956000000003,177.77777799999998,-25.919652000000042,-23.21869700000002,-3.170406999999983,-46.97999692969473,-45.49311879650887,63.277545525466735,-17.299585316351585,1.877096826433437,87.55189791576154
1651,-570.777933,344.466247,177.77777799999998,-25.66015100000004,-23.25935400000003,-3.040793999999977,-47.7988497612547,-50.014342107802825,71.28873463721918,-20.332638016265424,1.0578122138790569,87.09485750399483
1652,-542.239036,327.242935,177.77777799999998,-25.51886599999989,-23.270575000000008,-2.7204839999999706,-48.70620732613275,-53.43023964873247,77.24715473939585,-18.61315420163802,0.1515104383300963,82.83274048997015
1653,-513.7001399999999,310.019623,177.77777799999998,-25.41418400000009,-23.429118000000017,-2.7183449999999993,-49.71766880137177,-58.848838225014575,86.23654323561924,-28.439763410417687,-0.8607436667227077,89.0884180863458
1654,-485.161243,292.79631,177.77777799999998,-25.277177999999992,-23.418361000000004,-2.4227059999999767,-50.85192544534764,-62.73201281356609,92.44958377659978,-30.231602340766493,-1.9941581200355127,88.55026936802989
1655,-456.622346,275.57299800000004,177.77777799999998,-25.18980799999997,-23.424234000000013,-2.253479999999996,-52.132513275664515,-66.60482414258973,98.41703300607837,-32.09013991830005,-3.2755245427001953,88.31395613399184
1656,-428.08344999999997,258.349686,177.77777799999998,-25.075676000000044,-23.38759300000001,-2.26305499999998,-53.589812577268304,-70.49382267524142,104.13678891379202,-33.847777909237685,-4.7325933433830025,88.24067603520598
1657,-399.544553,241.126373,177.77777799999998,-24.98161299999998,-23.411534000000017,-2.1577459999999746,-55.26257621006937,-74.41176124882936,109.6063672693326,-35.342720423390006,-6.4054908764207905,88.1837404169629
1658,-371.00565600000004,223.90306099999998,177.77777799999998,-24.889013999999975,-23.454871999999995,-2.0717890000000807,-57.20202797605111,-78.40561707404684,114.8542467680197,-36.55804950675708,-8.345016210183429,88.1447404403555
1659,-342.46675999999997,206.679748,177.77777799999998,-24.81709600000005,-23.476788,-1.9590179999999862,-59.477019296721934,-82.52662621417403,119.89999643957144,-37.45953929626363,-10.62000426499482,88.12117222252326
1660,-342.46675999999997,206.679748,233.333333,-24.992289000000028,-23.15014000000008,-2.1687270000000183,-59.477019296721934,-87.1080322674234,115.35008312612301,-28.328219929565837,-10.62000426499482,88.12117222252326
1661,-371.00565600000004,223.90306099999998,233.333333,-25.10654399999987,-23.18388299999998,-2.278634000000011,-57.20202797605111,-82.72067258084842,110.48558246511674,-27.87432963975674,-8.345016210183429,88.14474038305973
1662,-399.544553,241.126373,233.333333,-25.18401799999998,-23.185090000000088,-2.342150000000032,-55.26250126718977,-78.46212263016888,105.37809790894259,-27.058319251818418,-6.405494084984443,88.17793446373751
1663,-428.08344999999997,258.349686,233.333333,-25.309551000000056,-23.149066000000033,-2.409481999999997,-53.58973866571273,-74.28463400349932,100.01118144358422,-25.919019834400263,-4.7327384735925095,88.22829527668988
1664,-456.622346,275.57299800000004,233.333333,-25.39393999999993,-23.144111000000038,-2.4881230000000016,-52.132513218368736,-70.14515677205745,94.36085197782216,-24.493630271280693,-3.275524886474872,88.3139601446964
1665,-485.161243,292.79631,233.333333,-25.522294999999986,-23.207159999999988,-2.7398410000000126,-50.85187026951197,-66.00831915717774,88.40245983598588,-22.850341077151423,-1.9949066320990716,88.49240303714441
1666,-513.7001399999999,310.019623,233.333333,-25.668014000000085,-23.198819000000015,-2.9078960000001075,-49.71767309855523,-61.89267135502692,82.18671424666299,-21.351171738752864,-0.8607926546141914,89.0934887628327
1667,-542.239036,327.242935,233.333333,-25.782754999999952,-23.04839499999997,-2.8147760000001085,-48.70621047740062,-55.965972602811426,72.8192783423382,-10.907958872657371,0.15136244333161403,82.09115302243585
1668,-570.777933,344.466247,233.333333,-25.98364200000003,-23.079035000000033,-3.122815000000003,-47.79875402000713,-52.493881481279196,67.00888916309756,-13.65527259270243,1.0583915315057137,87.17689073631267
1669,-599.31683,361.68956000000003,233.333333,-26.212466000000063,-22.907050000000027,-3.3764790000000175,-46.97999692969473,-47.6253234196467,58.667221490156216,-10.557027723534576,1.8770960242925236,87.55186892409712
1670,-599.31683,361.68956000000003,288.888889,-26.471915999999965,-22.664112000000046,-3.2618980000000306,-46.97999692969473,-48.79034629293927,52.49284734975476,-3.2176057288806876,1.8770962534756417,87.55184400043302
1671,-570.777933,344.466247,288.888889,-26.278649000000087,-22.745479000000046,-3.077666000000022,-47.79875407730291,-54.06721126811584,61.351271674181454,-6.424371268164839,1.0583900991112258,87.17693663023206
1672,-542.239036,327.242935,288.888889,-26.04667299999994,-22.781890999999973,-3.019695000000013,-48.706179365792345,-57.96974180338136,67.69523238380002,-4.547037924753572,0.15155077455887353,82.85804843685153
1673,-513.7001399999999,310.019623,288.888889,-25.907040000000052,-22.849035000000015,-2.864937999999995,-49.71766931703378,-64.06938248025382,77.00726968646296,-13.989358954535719,-0.8607451564129751,89.08783143485935
1674,-485.161243,292.79631,288.888889,-25.73160800000005,-22.913657000000057,-2.830310000000054,-50.85187026951197,-68.40875019058461,83.29648038264378,-15.34391019310493,-1.9949057153665997,88.49238263984691
1675,-456.622346,275.57299800000004,288.888889,-25.62721199999993,-22.870907000000017,-2.7544670000000337,-52.132513275664515,-72.75298151045517,89.26569059790569,-16.79064060062818,-3.275524599995975,88.31395659235808
1676,-428.08344999999997,258.349686,288.888889,-25.516323,-22.811488000000026,-2.605852000000084,-53.58973866571273,-77.08487704899655,94.87525818454453,-17.982853243384458,-4.73273841629673,88.22829504750678
1677,-399.544553,241.126373,288.888889,-25.397962000000007,-22.830959000000007,-2.4549430000000143,-55.26250126718977,-81.44035936920274,100.15628552621538,-18.85827013005735,-6.405494084984443,88.17793446373751
1678,-371.00565600000004,223.90306099999998,288.888889,-25.309613999999954,-22.822310999999985,-2.479951000000028,-57.20202797605111,-85.86047132869969,105.13640225208131,-19.38535067887003,-8.345016210183429,88.14474038305973
1679,-342.46675999999997,206.679748,288.888889,-25.225967000000026,-22.81735599999999,-2.334182999999996,-59.477019296721934,-90.38780168254037,109.83387488690461,-19.53224221793468,-10.62000426499482,88.12117222252326
1680,-342.46675999999997,206.679748,344.44444400000003,-25.463032,-22.532307000000003,-2.424694000000045,-59.477019296721934,-92.43844633649914,103.41050062259909,-11.058223299670397,-10.62000426499482,88.12117222252326
1681,-371.00565600000004,223.90306099999998,344.44444400000003,-25.59045299999991,-22.541529999999966,-2.585836000000029,-57.20202797605111,-87.85911817198959,98.84430310376788,-11.094604687266717,-8.345016210183429,88.14474038305973
1682,-399.544553,241.126373,344.44444400000003,-25.688395000000014,-22.55338499999999,-2.6242010000000278,-55.26250126718977,-83.35041576468842,93.95459356028302,-10.746521768639294,-6.405494084984443,88.17793446373751
1683,-428.08344999999997,258.349686,344.44444400000003,-25.793421000000023,-22.571101000000112,-2.7355380000000764,-53.58973866571273,-78.87448287633883,88.71754777676932,-10.035537294745867,-4.7327384735925095,88.22829527668988
1684,-456.622346,275.57299800000004,344.44444400000003,-25.95649800000001,-22.59329500000004,-2.869249000000025,-52.132513218368736,-74.39166206126352,83.09731509643613,-8.983588215280163,-3.2755249437706517,88.31396020199217
1685,-485.161243,292.79631,344.44444400000003,-26.08298300000007,-22.589387999999985,-2.9013360000000716,-50.85187026951197,-69.8639732650262,77.05012246046793,-7.642349593785033,-1.9949066320990716,88.4924030944402
1686,-513.7001399999999,310.019623,344.44444400000003,-26.23350700000003,-22.592194000000006,-2.930671000000018,-49.71767309855523,-65.30610030729625,70.60028545284494,-6.35131433644018,-0.8607927119099709,89.09348910660738
1687,-542.239036,327.242935,344.44444400000003,-26.41178699999989,-22.452585999999997,-3.0236880000000497,-48.7062219938523,-58.6223878864619,60.557024687020714,4.04496343136002,0.15128681290265678,82.05689960009065
1688,-570.777933,344.466247,344.44444400000003,-26.64830500000005,-22.447587,-3.2178970000000504,-47.79875402000713,-54.58983294477525,54.0695264759744,1.380048261522993,1.0583915888014932,87.17688397541069
1689,-599.31683,361.68956000000003,344.44444400000003,-26.857389000000012,-22.29458100000005,-3.294140000000027,-46.97999692969473,-48.72347776376826,44.25613803913427,4.952254934204289,1.8770951648558307,87.55182406150176
1690,-599.31683,361.68956000000003,400.0,-27.276445999999964,-21.934977000000003,-3.251815000000022,-46.97999629944116,-46.77697431972294,32.638477946157224,14.623798845309746,1.877087372629817,87.55143668473647
1691,-570.777933,344.466247,400.0,-26.940318000000048,-22.117372999999986,-3.0020529999999894,-47.79875407730291,-53.752671705238114,44.546813107703876,10.065068112464704,1.058382077702094,87.17741631049815
1692,-542.239036,327.242935,400.0,-26.753484999999955,-22.16643399999998,-3.083731,-48.7062499541927,-58.26034255932493,51.88482499592817,12.387708207660433,0.15160153861952214,82.02430941692893
1693,-513.7001399999999,310.019623,400.0,-26.51394700000003,-22.263295000000028,-2.892247999999995,-49.71766713979416,-65.48554902715361,62.73650783935623,1.700053612583146,-0.8607401716801575,89.08534708985967
1694,-485.161243,292.79631,400.0,-26.38539400000002,-22.308507000000077,-2.9966190000000097,-50.85187026951197,-70.3004744576404,69.51391071992082,0.33039496664659895,-1.9949054288877022,88.49237140987412
1695,-456.622346,275.57299800000004,400.0,-26.219071999999926,-22.242717000000056,-2.869049000000075,-52.132513275664515,-75.01874626256787,75.7552109144559,-1.014395248333208,-3.2755245427001953,88.31395573292137
1696,-428.08344999999997,258.349686,400.0,-26.046749000000034,-22.238129000000015,-2.756576999999993,-53.58973866571273,-79.63920809851389,81.47371680014791,-2.026980809470495,-4.73273841629673,88.22829499021098
1697,-399.544553,241.126373,400.0,-25.904712000000018,-22.27517900000001,-2.721033000000034,-55.26250126718977,-84.20701494120004,86.73718292810223,-2.672511959946887,-6.405494084984443,88.17793446373751
1698,-371.00565600000004,223.90306099999998,400.0,-25.855231999999887,-22.181872999999996,-2.6618610000000444,-57.20202797605111,-88.76384735027825,91.59691789805595,-2.942490360561885,-8.345016210183429,88.14474038305973
1699,-342.46675999999997,206.679748,400.0,-25.71357900000004,-22.269580999999988,-2.4693560000000048,-59.477019296721934,-93.34573606317424,96.08732501811346,-2.8277579685096774,-10.62000426499482,88.12117222252326
1700,-306.417777,257.115044,400.0,-25.828923999999972,-22.167327,-2.429307999999992,-67.86597907796072,-91.54110968886637,94.36614564948293,-2.87375261388004,-19.008957800993638,88.08253234989009
1701,-331.952592,278.541298,400.0,-25.963255000000004,-22.198452999999972,-2.566894999999988,-65.70008184356756,-86.97501793804416,89.73593487935699,-2.815660766806403,-16.843061884403404,88.088868804738
1702,-357.48740699999996,299.967551,400.0,-26.028864000000056,-22.23528200000004,-2.5812369999999873,-63.844198550315724,-82.41691190108315,84.72097034472921,-2.365368078992933,-14.987179335996704,88.09569605523322
1703,-383.022222,321.393805,400.0,-26.176086999999995,-22.14426900000001,-2.690229000000045,-62.23662055504981,-77.82647041799613,79.27701724009695,-1.5191742171113365,-13.379603059604175,88.10324385745159
1704,-408.557036,342.82005799999996,400.0,-26.32985599999995,-22.086465999999973,-2.8451009999999997,-60.83091134734785,-73.15311397784032,73.33517584360973,-0.2586068499592571,-11.97389494052203,88.11135865870403
1705,-434.09185099999996,364.246312,400.0,-26.436775999999952,-22.06280499999997,-2.8543920000000185,-59.59147878897632,-68.32922639881787,66.78767714848264,1.4562884321658398,-10.734463585361869,88.12024798430393
1706,-459.626666,385.672566,400.0,-26.619181000000026,-21.960421000000053,-2.8999800000000278,-58.49059733763728,-63.25594707923837,59.458605636397806,3.702445651796704,-9.633583509121538,88.13003668175485
1707,-485.161481,407.098819,400.0,-26.816291000000092,-21.838164000000006,-3.0377809999999954,-57.506356915357586,-57.77036097045119,51.035847475894705,6.6289158832236135,-8.64934463382789,88.14087578273157
1708,-510.696295,428.52507299999996,400.0,-27.024540999999942,-21.709633999999937,-3.0475789999999847,-56.62121951321141,-51.55036569586603,40.87341091572547,10.559405670271707,-7.764208893259314,88.15295058178505
1709,-536.2311100000001,449.951327,400.0,-27.36679099999992,-21.514633000000003,-3.073605999999984,-55.82098362740129,-43.691599171253536,27.111108660977013,16.44951167076026,-6.963974898209916,88.16649169442783
1710,-536.2311100000001,449.951327,344.44444400000003,-26.954972999999995,-21.919474999999977,-3.1868840000000205,-55.82098374199284,-46.3622972614126,40.16007141340672,6.071250790011068,-6.963974955505695,88.16648791290639
1711,-510.696295,428.52507299999996,344.44444400000003,-26.668867000000034,-22.098145999999986,-3.078050000000019,-56.62121951321141,-52.67912326281157,50.9295678156025,1.6320063946359928,-7.764208893259314,88.15295058178505
1712,-485.161481,407.098819,344.44444400000003,-26.444620000000043,-22.16823499999998,-2.999917000000039,-57.50635697265337,-58.17552360620716,59.804505299346886,-1.734579304472596,-8.64934463382789,88.14087578273157
1713,-459.626666,385.672566,344.44444400000003,-26.25055900000001,-22.267847000000017,-2.8951050000001146,-58.49059733763728,-63.21877185861689,67.52510035876193,-4.401224233893123,-9.633583509121538,88.13003668175485
1714,-434.09185099999996,364.246312,344.44444400000003,-26.10749000000004,-22.324618999999984,-2.7084480000000326,-59.59147878897632,-67.98922092459465,74.43939551895055,-6.53543546982106,-10.734463585361869,88.12024804159971
1715,-408.557036,342.82005799999996,344.44444400000003,-25.99851599999994,-22.392934999999966,-2.7946890000000053,-60.83091134734785,-72.59502747416947,80.74142150483928,-8.22293901485966,-11.97389494052203,88.11135865870403
1716,-383.022222,321.393805,344.44444400000003,-25.872018999999966,-22.422975000000065,-2.673974000000044,-62.23662055504981,-77.11028864394306,86.54993224194857,-9.508270993016003,-13.379603059604175,88.10324385745159
1717,-357.48740699999996,299.967551,344.44444400000003,-25.761676999999963,-22.477175000000045,-2.500141000000042,-63.84419849301994,-81.59118391975629,91.94134047580917,-10.411565255802541,-14.98717996625028,88.09579901574901
1718,-331.952592,278.541298,344.44444400000003,-25.699779000000035,-22.45060699999999,-2.4600510000000213,-65.70008184356756,-86.08393231725205,96.9656058916211,-10.936480883586324,-16.84306234276964,88.08893532513802
1719,-306.417777,257.115044,344.44444400000003,-25.57945000000001,-22.49545900000001,-2.371208000000024,-67.86597902066494,-90.62914966861159,101.65464498877054,-11.074250991848269,-19.008958603134552,88.08257600927408
1720,-306.417777,257.115044,288.888889,-25.362391000000002,-22.800617000000017,-2.36948000000001,-67.86597902066494,-88.59412138042958,108.02187443118184,-19.476508665145804,-19.008958603134552,88.08257600927408
1721,-331.952592,278.541298,288.888889,-25.471296999999993,-22.85855699999999,-2.364990000000091,-65.70008184356756,-84.11599859009122,103.21708645755585,-19.155809404899966,-16.84306182710763,88.08884554265151
1722,-357.48740699999996,299.967551,288.888889,-25.57228200000003,-22.799126,-2.4543080000000828,-63.84419849301994,-79.72478112138585,98.11985343413954,-18.45648106979912,-14.98717996625028,88.09579901574901
1723,-383.022222,321.393805,288.888889,-25.699656000000004,-22.74119600000006,-2.6101960000000304,-62.23662055504981,-75.3765188715392,92.7047527651967,-17.396861345963764,-13.379603059604175,88.10324385745159
1724,-408.557036,342.82005799999996,288.888889,-25.797731999999996,-22.740595999999982,-2.7284870000000296,-60.83091134734785,-71.02533362020495,86.93192773032888,-15.983139151609564,-11.97389494052203,88.11135865870403
1725,-434.09185099999996,364.246312,288.888889,-25.870929000000046,-22.73057,-2.753577000000007,-59.59147878897632,-66.61984411659753,80.741467570646,-14.20688427221786,-10.734463585361869,88.12024798430393
1726,-459.626666,385.672566,288.888889,-26.032416000000012,-22.62799000000001,-2.8279540000000907,-58.49059733763728,-62.097625634909214,74.04330687309186,-12.040577029226505,-9.633583509121538,88.13003668175485
1727,-485.161481,407.098819,288.888889,-26.21979600000003,-22.47377700000004,-3.031833000000006,-57.50635697265337,-57.37518269723319,66.69759546342503,-9.428010377524723,-8.64934463382789,88.14087578273157
1728,-510.696295,428.52507299999996,288.888889,-26.411030999999923,-22.400859999999966,-3.11716899999999,-56.62121951321141,-52.32718141613817,58.47252871249737,-6.2628963489322835,-7.764208893259314,88.15295058178505
1729,-536.2311100000001,449.951327,288.888889,-26.615749999999935,-22.26795400000003,-3.2698350000000005,-55.82098368469707,-46.73482639839752,48.937817607996806,-2.333969476157748,-6.963974955505695,88.16649112147005
1730,-536.2311100000001,449.951327,233.333333,-26.3728329999999,-22.558807,-3.221058999999997,-55.82098368469707,-45.75724798558494,55.3874560857438,-9.761186252125768,-6.963974955505695,88.16649100687847
1731,-510.696295,428.52507299999996,233.333333,-26.113239999999962,-22.71640999999994,-3.0507390000001067,-56.62121951321141,-50.87912438213607,64.27491733826992,-13.5133420660027,-7.764208893259314,88.15295058178505
1732,-485.161481,407.098819,233.333333,-25.90067799999997,-22.795581999999968,-2.886365000000012,-57.50635697265337,-55.58384642275805,72.13771106863283,-16.659462257207654,-8.64934463382789,88.14087578273157
1733,-459.626666,385.672566,233.333333,-25.751353999999935,-22.894282000000032,-2.809318000000019,-58.49067932789777,-60.028324157338076,79.27784482033626,-19.345394435702552,-9.633629517632485,88.13102887276867
1734,-434.09185099999996,364.246312,233.333333,-25.628170999999952,-22.951715999999976,-2.6233640000000094,-59.591554247517934,-64.30968808420835,85.869546349921,-21.64583281740742,-10.734519735225792,88.12097449478816
1735,-408.557036,342.82005799999996,233.333333,-25.533207000000004,-23.003757999999948,-2.4778650000000084,-60.830982107635556,-68.49859444193193,92.02516683684267,-23.603650516328962,-11.97395498649896,88.11190371345454
1736,-383.022222,321.393805,233.333333,-25.459022000000004,-23.009271000000012,-2.3998430000000326,-62.23668661708359,-72.65077002239573,97.81932670005733,-25.23758840898812,-13.379663048285327,88.10365942374041
1737,-357.48740699999996,299.967551,233.333333,-25.341364000000056,-23.079329000000087,-2.3033350000000326,-63.844257851447516,-76.81501186484186,103.30324704864671,-26.54995322346809,-14.987235886931083,88.09611906997335
1738,-331.952592,278.541298,233.333333,-25.251893999999993,-23.130250999999987,-2.180180000000007,-65.70008184356756,-81.03739614653495,108.51152112622434,-27.528932231610877,-16.84306234276964,88.08893532513802
1739,-306.417777,257.115044,233.333333,-25.162840000000017,-23.142431000000016,-2.2059540000000197,-67.86597902066494,-85.3662685305661,113.46781902251841,-28.150306049050066,-19.008958603134552,88.08257600927408
1740,-306.417777,257.115044,177.77777799999998,-25.018575999999996,-23.467423000000025,-1.9359680000000026,-67.86597902066494,-80.88958031195519,117.94174988174025,-37.100925184178585,-19.008958603134552,88.08257600927408
1741,-331.952592,278.541298,177.77777799999998,-25.130464000000018,-23.472589999999997,-2.062654999999978,-65.70008184356756,-76.82617462967706,112.81985835910332,-36.048491038643526,-16.84306234276964,88.08893532513802
1742,-357.48740699999996,299.967551,177.77777799999998,-25.21456599999999,-23.40167200000002,-2.147504000000083,-63.84419849301994,-72.86489019460564,107.48390384544446,-34.68042240788425,-14.98717996625028,88.09579901574901
1743,-383.022222,321.393805,177.77777799999998,-25.313991999999985,-23.34734000000003,-2.194921000000079,-62.23662055504981,-68.95719690853552,101.91046388339447,-33.021894312573664,-13.379603059604175,88.10324385745159
1744,-408.557036,342.82005799999996,177.77777799999998,-25.414676000000043,-23.310115999999994,-2.327241999999984,-60.83091134734785,-65.05786101404833,96.06583801217626,-31.08452198231779,-11.97389494052203,88.11135865870403
1745,-434.09185099999996,364.246312,177.77777799999998,-25.50289799999996,-23.25901399999998,-2.5500029999999754,-59.59147878897632,-61.12127610197562,89.9028265415847,-28.866811315074255,-10.734463585361869,88.12024798430393
1746,-459.626666,385.672566,177.77777799999998,-25.591369999999927,-23.197787000000005,-2.70680999999999,-58.49059733763728,-57.09719749791014,83.35500762034593,-26.35270591347966,-9.633583509121538,88.13003668175485
1747,-485.161481,407.098819,177.77777799999998,-25.75683399999997,-23.07387399999999,-2.7468029999999715,-57.50635697265337,-52.92467097222531,76.32639592087283,-23.50732255998039,-8.64934463382789,88.14087578273157
1748,-510.696295,428.52507299999996,177.77777799999998,-25.921587999999986,-23.024849999999958,-3.0683230000000776,-56.62121951321141,-48.52165784950422,68.67154908625196,-20.267440346616574,-7.764208893259314,88.15295058178505
1749,-536.2311100000001,449.951327,177.77777799999998,-26.081921999999963,-22.89838100000003,-3.177595999999994,-55.82098368469707,-43.76400539481026,60.153089269566145,-16.52006219861012,-6.963974955505695,88.16649112147005
1750,-536.2311100000001,449.951327,122.222222,-25.88584999999989,-23.15002199999998,-3.0836550000000074,-55.82098368469707,-40.92917833032004,63.521706848903605,-22.723506842437803,-6.963974955505695,88.16649112147005
1751,-510.696295,428.52507299999996,122.222222,-25.70624200000003,-23.277958999999953,-2.913781,-56.62121951321141,-45.37337394048174,71.82693686979314,-26.571112039180257,-7.764208893259314,88.15295058178505
1752,-485.161481,407.098819,122.222222,-25.523532000000046,-23.343985999999973,-2.683304000000007,-57.50644377575932,-49.48955975000219,79.36488702158647,-29.982260275650276,-8.649365031125397,88.14222698909983
1753,-459.626666,385.672566,122.222222,-25.371054000000015,-23.437303000000043,-2.487092000000004,-58.49068001544712,-53.38165506224077,86.33727013273572,-33.051499442918534,-9.63362894467469,88.131039701671
1754,-434.09185099999996,364.246312,122.222222,-25.29714800000005,-23.480068000000017,-2.346423999999999,-59.591560951124144,-57.12108983796709,92.87380740039681,-35.83873170550815,-10.734524032409254,88.12101477372114
1755,-408.557036,342.82005799999996,122.222222,-25.213276000000008,-23.54499599999997,-2.1873950000000093,-60.8309956867353,-60.76090713475565,99.0619711452368,-38.378195302382764,-11.973966273767523,88.11195797255773
1756,-383.022222,321.393805,122.222222,-25.11591199999998,-23.61403000000007,-1.9777540000000045,-62.236709420803834,-64.34492922849657,104.96411309824033,-40.688274844906296,-13.379684018540628,88.10372032915403
1757,-357.48740699999996,299.967551,122.222222,-25.02576300000004,-23.697822000000087,-1.8232530000000082,-63.84429434885907,-67.91295525732991,110.62616396268783,-42.774988395279905,-14.987270951948146,88.09618289747173
1758,-331.952592,278.541298,122.222222,-24.95711399999999,-23.770723999999944,-1.7774940000000043,-65.70018721050607,-71.50463286935471,116.08262605379069,-44.6330996349181,-16.843164730327633,88.08924781631947
1759,-306.417777,257.115044,122.222222,-24.92434800000001,-23.731349000000023,-1.6497260000000011,-67.86597902066494,-75.16268798572007,121.35903833501334,-46.245105963686804,-19.008958603134552,88.08257600927408
1760,-306.417777,257.115044,66.666667,-24.87096600000001,-23.95395700000003,-1.2669710000000123,-67.86597902066494,-68.28051696482262,123.62196224778624,-55.390200840061375,-19.008958603134552,88.08257600927408
1761,-331.952592,278.541298,66.666667,-24.939339000000018,-24.006507,-1.4418290000000127,-65.70008184356756,-65.16578334433916,118.22740091258747,-53.1164248201698,-16.84306234276964,88.08893532513802
1762,-357.48740699999996,299.967551,66.666667,-24.968345,-23.934743000000083,-1.6466900000001061,-63.844418623404835,-62.048433140196884,112.67967317643911,-50.69241915180337,-14.987398148578665,88.09556135285558
1763,-383.022222,321.393805,66.666667,-25.059740999999974,-23.880558000000008,-1.847760000000008,-62.23679857303675,-58.8989155957457,106.94915906938942,-48.11859390085605,-13.379778098210588,88.10295926931475
1764,-408.557036,342.82005799999996,66.666667,-25.12862100000001,-23.849974999999972,-1.9540550000000962,-60.83106002989569,-55.68894922773906,101.00011857279793,-45.38737869057235,-11.974038982111724,88.1110155715763
1765,-434.09185099999996,364.246312,66.666667,-25.20703800000001,-23.766800999999987,-2.139581000000007,-59.591606558564635,-52.3879704047366,94.78656093740729,-42.48344208708701,-10.734584021090406,88.11983132939531
1766,-459.626666,385.672566,66.666667,-25.27927599999998,-23.732242000000042,-2.4380960000000016,-58.49071021032293,-48.9603056284979,88.24785829035105,-39.38194579702335,-9.633684636172378,88.12952674931718
1767,-485.161481,407.098819,66.666667,-25.40745499999997,-23.604822000000013,-2.637522000000004,-57.50635697265337,-45.36058844457917,81.30042405343299,-36.045433162890916,-8.64934463382789,88.14087578273157
1768,-510.696295,428.52507299999996,66.666667,-25.565538000000004,-23.51927999999998,-2.718393000000006,-56.62121951321141,-41.52728971750224,73.82471642686856,-32.414975819235174,-7.764208893259314,88.15295058178505
1769,-536.2311100000001,449.951327,66.666667,-25.709881999999993,-23.421332000000007,-2.922471999999999,-55.82098368469707,-37.367709688860415,65.63504672204519,-28.398315299743242,-6.963974955505695,88.16649112147005
1770,-536.2311100000001,449.951327,11.111111,-25.56382899999994,-23.657777000000067,-2.914311000000099,-55.82098368469707,-33.1682556364947,66.56240463926943,-33.5251272693332,-6.963974955505695,88.16649112147005
1771,-510.696295,428.52507299999996,11.111111,-25.39732399999997,-23.717194000000006,-2.5502589999999987,-56.62121951321141,-37.06657000452897,74.70555647366392,-37.7565355790038,-7.764208893259314,88.15295058178505
1772,-485.161481,407.098819,11.111111,-25.23008400000009,-23.834622000000024,-2.4014279999999992,-57.50644188499861,-40.62375779182228,82.15780846860285,-41.64103719510462,-8.649357067012044,88.14228119090724
1773,-459.626666,385.672566,11.111111,-25.133209000000022,-23.90050100000002,-2.147727999999999,-58.490680130038676,-43.92360101247479,89.09615479274922,-45.26850713681655,-9.633623386984079,88.13110965981778
1774,-434.09185099999996,364.246312,11.111111,-25.078056000000004,-23.920094000000063,-1.973825999999999,-59.59156295647643,-47.02121820637808,95.63812788290006,-48.702999106254694,-10.734521396803398,88.12109149276992
1775,-408.557036,342.82005799999996,11.111111,-25.014883999999995,-24.017939999999953,-1.7771880000000007,-60.83100009851032,-49.95382768057981,101.86529366699553,-51.988675085985896,-11.973966961316878,88.11203761369126
1776,-383.022222,321.393805,11.111111,-24.962084000000004,-24.048628000000065,-1.5244450000000995,-62.23671732762141,-52.74770035212766,107.83775839712534,-55.159227859152836,-13.379688945977668,88.10380140268204
1777,-357.48740699999996,299.967551,11.111111,-24.85193000000004,-24.176823000000013,-1.3346350000000005,-63.84430764147992,-55.421586092979936,113.6017902487113,-58.24206314301221,-14.98728201003359,88.09626500232378
1778,-331.952592,278.541298,11.111111,-24.878907000000027,-24.187877999999984,-1.127742000000099,-65.70020967045166,-57.98858323399534,119.19446228399997,-61.26106519891604,-16.84318541410404,88.08933112438288
1779,-306.417777,257.115044,11.111111,-24.85165599999999,-24.203588000000025,-0.9516739999999988,-67.866135438143,-60.45704223396746,124.64672075564731,-64.2387568831994,-19.009111812048967,88.08291732023264
1780,-306.417777,257.115044,-44.444444,-24.898515999999972,-24.354809000000103,-0.6195440000000048,-67.86597902066494,-52.0043013639325,124.38780725867612,-72.43226150913715,-19.008958603134552,88.08257600927408
1781,-331.952592,278.541298,-44.444444,-24.89840300000003,-24.438917000000004,-0.9243780000000044,-65.70008184356756,-50.21798024633392,118.95043325651801,-68.78726026210558,-16.84306234276964,88.08893532513802
1782,-357.48740699999996,299.967551,-44.444444,-24.880314000000055,-24.431849999999997,-1.1809820000000002,-63.84419849301994,-48.229341486034684,113.36926787533316,-65.20133520363969,-14.98717996625028,88.09579895845323
1783,-383.022222,321.393805,-44.444444,-24.91502300000002,-24.37080199999997,-1.3697719999999975,-62.23679479151531,-46.052007956754935,107.6140549328341,-61.6303283045814,-13.379772655111534,88.10288827984394
1784,-408.557036,342.82005799999996,-44.444444,-25.017379999999946,-24.23458500000004,-1.5477570000000043,-60.831057451585615,-43.68893354240747,101.64759789436933,-58.034805343610365,-11.974034341153585,88.11094572802108
1785,-434.09185099999996,364.246312,-44.444444,-25.06343700000002,-24.145659000000023,-1.7479270000000042,-59.59160466780392,-41.133385702420604,95.42396038437629,-54.375357825211275,-10.734579552019605,88.11976177231898
1786,-459.626666,385.672566,-44.444444,-25.088569000000007,-24.162788000000035,-2.025426000000003,-58.49059733763728,-38.36811600073816,88.88268647462284,-50.60946626492855,-9.633583509121538,88.13003668175485
1787,-485.161481,407.098819,-44.444444,-25.137480000000096,-24.097782999999993,-2.3037060000000054,-57.50635697265337,-35.3629321971626,81.94214503457177,-46.68481050603782,-8.64934463382789,88.14087578273157
1788,-510.696295,428.52507299999996,-44.444444,-25.30185,-23.960109000000045,-2.4493830000000045,-56.62121951321141,-32.06846068502257,74.48466319547045,-42.533751620316735,-7.764208893259314,88.15295058178505
1789,-536.2311100000001,449.951327,-44.444444,-25.416124999999965,-23.838915999999983,-2.704501999999998,-55.82098368469707,-28.403750491979416,66.3300914527823,-38.05731922736135,-6.963974955505695,88.16649112147005
1790,-536.2311100000001,449.951327,-100.0,-25.35364699999991,-23.94690700000001,-2.422810999999996,-55.82098368469707,-23.131832090631324,64.9317363302682,-41.9308825634911,-6.963974955505695,88.16649112147005
1791,-510.696295,428.52507299999996,-100.0,-25.154160999999988,-24.088866999999937,-2.2511910000000057,-56.62121951321141,-26.601678478113794,73.15837344392074,-46.674244018380016,-7.764208893259314,88.15295058178505
1792,-485.161481,407.098819,-100.0,-25.051909999999964,-24.154390999999976,-2.0125499999999903,-57.50635697265337,-29.66085490221772,80.65354673861694,-51.09828950502787,-8.64934463382789,88.14087578273157
1793,-459.626666,385.672566,-100.0,-24.971866999999975,-24.256672000000094,-1.7944349999999076,-58.49067531719321,-32.391943718011824,87.60888991305164,-55.312995178237955,-9.633610380842129,88.13120677616405
1794,-434.09185099999996,364.246312,-100.0,-24.941056000000003,-24.31094300000001,-1.5449330000000003,-59.591555336137745,-34.8415712568356,94.14603445867981,-59.39063949197866,-10.734507874999434,88.12117995745349
1795,-408.557036,342.82005799999996,-100.0,-24.925911000000042,-24.369299999999953,-1.2852869999999967,-60.8309884101713,-37.035758454250676,100.35025242364358,-63.39178448626579,-11.973950861202834,88.1121208644589
1796,-383.022222,321.393805,-100.0,-24.898914999999988,-24.41523699999999,-1.0698139999999938,-62.2366991648593,-38.98480531524436,106.28267382102106,-67.36711641407933,-13.37966746006035,88.1038817886607
1797,-357.48740699999996,299.967551,-100.0,-24.855777000000046,-24.527300000000082,-0.8067899999999923,-63.844279050885945,-40.6860995533413,111.98918695521586,-71.36502305090838,-14.987250726537978,88.0963444142742
1798,-331.952592,278.541298,-100.0,-24.876716999999985,-24.573075999999958,-0.5288180000000011,-65.70008184356756,-42.12414489471862,117.50473600649094,-75.4353984209896,-16.84306234276964,88.08893532513802
1799,-306.417777,257.115044,-100.0,-24.929604999999924,-24.514049,-0.29649600000000476,-67.86597902066494,-43.26912358439367,122.85811622934781,-79.63774825934767,-19.008958603134552,88.08257600927408
1800,-263.00854699999996,301.37435899999997,400.0,-25.901227000000063,-22.172342999999955,-2.2629459999999995,-76.01446406080808,-89.76472881605551,92.61171662326849,-2.881796597549,-27.15744066389715,88.0674519288349
1801,-284.925926,326.488888,400.0,-26.049931000000015,-22.198842000000013,-2.400395000000003,-73.96732304376656,-85.20734986253653,87.83756126520137,-2.6676128270238415,-25.110300620883873,88.07034146958732
1802,-306.843305,351.603418,400.0,-26.128304000000014,-22.135418999999956,-2.451847999999984,-72.20530267054129,-80.6428055561274,82.66353253126405,-2.060769505748068,-23.348280591433298,88.07323759935436
1803,-328.760684,376.71794800000004,400.0,-26.292740999999978,-22.026974000000052,-2.5963550000000737,-70.67307956882897,-76.02741726145727,77.03696643275926,-1.0522465591529357,-21.816057718904094,88.07611298804922
1804,-350.678063,401.832478,400.0,-26.41031499999997,-21.972305000000063,-2.6584189999999808,-69.3286972997993,-71.30513423630187,70.87609719406795,0.383673509874901,-20.4716755071702,88.0789715317849
1805,-372.595442,426.94700800000004,400.0,-26.53136999999998,-21.927402000000086,-2.6864150000000677,-68.13977807574521,-66.39849848822479,64.05137315624572,2.2990859721252397,-19.282756053932992,88.08181678289975
1806,-394.51282100000003,452.061538,400.0,-26.73252999999994,-21.742278999999996,-2.772693000000004,-67.08094863259667,-61.1894228426918,56.345654487614986,4.79304222423425,-18.22392569405199,88.084653611535
1807,-416.43019999999996,477.176068,400.0,-26.90865400000007,-21.642290000000003,-2.7916850000000295,-66.13205065354339,-55.471131071327825,47.35446633095709,8.063228175382534,-17.27502473561817,88.08749708648067
1808,-438.347579,502.290598,400.0,-27.13386700000001,-21.423407000000054,-3.000503999999978,-65.27687063619452,-48.78993450817191,36.15701806859135,12.576736953739728,-16.419851307283942,88.09036743314695
1809,-460.264958,527.405127,400.0,-27.461063000000024,-21.134149999999977,-2.963021000000083,-64.50222447790944,-39.46189781744618,19.26933394462426,20.13367532793415,-15.64520549277353,88.09318586983697
1810,-460.264958,527.405127,344.44444400000003,-27.047372999999993,-21.669189000000074,-3.05437900000004,-64.50222447790944,-43.5100066725099,35.102239379758615,8.348881039694705,-15.645205550069308,88.09318369259735
1811,-438.347579,502.290598,344.44444400000003,-26.776088000000016,-21.80857900000001,-2.9454350000000318,-65.27687063619452,-50.355256407680685,47.03737034498905,3.2617065195550254,-16.419851307283942,88.09036743314695
1812,-416.43019999999996,477.176068,344.44444400000003,-26.584505000000036,-22.024950999999987,-2.728919000000019,-66.13205042436027,-56.11001625515538,56.524629600558896,-0.46809041850783945,-17.27503069437924,88.08754383983675
1813,-394.51282100000003,452.061538,344.44444400000003,-26.376675999999975,-22.08408400000002,-2.787908000000016,-67.08094851800512,-61.30253049832434,64.64034197048257,-3.3885914037377374,-18.223928444249403,88.08471199593431
1814,-372.595442,426.94700800000004,344.44444400000003,-26.221847000000025,-22.246484000000123,-2.6062880000000064,-68.13977801844943,-66.16382700745291,71.83932874369046,-5.723590771532233,-19.282757486327483,88.08187046904516
1815,-350.678063,401.832478,344.44444400000003,-26.12593499999997,-22.272726999999975,-2.6054430000000366,-69.32869724250352,-70.82353072278742,78.36186773568403,-7.5837430014282505,-20.47167636660689,88.07901748300007
1816,-328.760684,376.71794800000004,344.44444400000003,-26.01711999999992,-22.31317400000006,-2.5608930000000214,-70.67307956882897,-75.36635631912698,84.35064669418507,-9.027022598742983,-21.81605829186189,88.07615091785526
1817,-306.843305,351.603418,344.44444400000003,-25.882402000000013,-22.408622999999977,-2.3998410000000376,-72.20530272783708,-79.85420793282665,89.89609474585816,-10.082021246073271,-23.3482803049544,88.07333798156007
1818,-284.925926,326.488888,344.44444400000003,-25.80351300000001,-22.439610999999957,-2.2894580000000246,-73.96732304376656,-84.33644341421846,95.05716403390633,-10.75819526805307,-25.110300506292315,88.07042242852376
1819,-263.00854699999996,301.37435899999997,344.44444400000003,-25.699275000000057,-22.424383999999975,-2.2695080000000303,-76.0144640035123,-88.85542107473017,99.87210344456332,-11.051517172453067,-27.157441122263386,88.06748338421787
1820,-263.00854699999996,301.37435899999997,288.888889,-25.49760100000003,-22.794835000000035,-2.182256999999993,-76.01446526401945,-86.84201724506045,106.18963733531818,-19.3824312870165,-27.157429491220142,88.06745823137065
1821,-284.925926,326.488888,288.888889,-25.647278999999912,-22.812359000000015,-2.1751150000000052,-73.96732304376656,-82.40407386495076,101.27494700385293,-18.908267286697157,-25.110300620883873,88.07033344817818
1822,-306.843305,351.603418,288.888889,-25.724559,-22.734043000000042,-2.3294720000000098,-72.20530267054129,-78.03559806516238,96.05909481458959,-18.0635326337282,-23.348280591433298,88.0732304946777
1823,-328.760684,376.71794800000004,288.888889,-25.843777999999986,-22.70555100000007,-2.4891150000000266,-70.67307956882897,-73.6923182563022,90.51152607422937,-16.861899304312818,-21.816057776199873,88.07610680010504
1824,-350.678063,401.832478,288.888889,-25.931119999999908,-22.687284999999974,-2.4542670000000726,-69.3286972997993,-69.32674460233771,84.58539775879471,-15.304011589491646,-20.471675621761758,88.07896643246053
1825,-372.595442,426.94700800000004,288.888889,-25.98855100000003,-22.584478000000047,-2.5672590000000355,-68.13977807574521,-64.88404561523268,78.21059490295157,-13.374583834727272,-19.28275634041189,88.08181219923739
1826,-394.51282100000003,452.061538,288.888889,-26.19837899999999,-22.440279000000032,-2.8264899999999784,-67.08094857530091,-60.29515782179872,71.28074399592094,-11.036304799217667,-18.223926496192902,88.08464673604146
1827,-416.43019999999996,477.176068,288.888889,-26.37014700000003,-22.330588999999975,-2.8745170000000826,-66.13205053895183,-55.463703647542204,63.62714053701129,-8.216848072426965,-17.275027371224027,88.08747359521108
1828,-438.347579,502.290598,288.888889,-26.522351000000015,-22.156870000000026,-3.0364099999999894,-65.27687086537765,-50.23710827043703,54.9596226559501,-4.778633596193858,-16.419845176635537,88.0903018294794
1829,-460.264958,527.405127,288.888889,-26.726349000000027,-22.011029000000008,-2.968387000000007,-64.50222493627567,-44.32773060532613,44.70328255304661,-0.4344362527205632,-15.645192085561124,88.09317355124438
1830,-460.264958,527.405127,233.333333,-26.49001800000002,-22.338169999999934,-3.073782000000108,-64.50222447790944,-43.59783978470053,51.54458787486837,-8.005634572407542,-15.645205550069308,88.09318386448469
1831,-438.347579,502.290598,233.333333,-26.263223999999923,-22.50375600000001,-2.8942949999999996,-65.27687063619452,-48.951060037740994,60.967910254417546,-12.07302975981317,-16.419851307283942,88.09036743314695
1832,-416.43019999999996,477.176068,233.333333,-26.06672599999996,-22.680090000000064,-2.756816000000015,-66.13205042436027,-53.79566072860678,69.18469650469842,-15.442512849195957,-17.27503069437924,88.08754383983675
1833,-394.51282100000003,452.061538,233.333333,-25.930345999999986,-22.73949799999997,-2.6613590000000045,-67.08103526381531,-58.328210498778,76.58108574486566,-18.30379102596041,-18.22401003343943,88.08485500619999
1834,-372.595442,426.94700800000004,233.333333,-25.813440000000014,-22.891350000000045,-2.5296100000000195,-68.13985657096313,-62.66374386095222,83.37012728901009,-20.754585106855064,-19.282832944869103,88.08198964426654
1835,-350.678063,401.832478,233.333333,-25.70504199999999,-22.959906999999987,-2.3151250000001085,-69.32877046650974,-66.8815516422567,89.68470580616187,-22.848655893684388,-20.47174758526083,88.07911964137496
1836,-328.760684,376.71794800000004,233.333333,-25.624072999999953,-22.948019000000045,-2.2839030000000093,-70.67314820917282,-71.04183073670437,95.6117347539547,-24.61271886144928,-21.816125614402818,88.07623984090506
1837,-306.843305,351.603418,233.333333,-25.51273900000001,-22.98208199999999,-2.193397000000033,-72.20536558130719,-75.19540937621687,101.21046805246229,-26.055200385851176,-23.34834304383297,88.07334594567342
1838,-284.925926,326.488888,233.333333,-25.435209999999984,-23.099376999999947,-2.065006000000011,-73.96732304376656,-79.38883327697195,106.52127160967565,-27.169860326247523,-25.110300964658553,88.0703644451949
1839,-263.00854699999996,301.37435899999997,233.333333,-25.32221800000002,-23.160288999999977,-1.976816000000099,-76.0144640035123,-83.66945482242708,111.57207482627621,-27.937466208329166,-27.157441064967607,88.06749627576825
1840,-263.00854699999996,301.37435899999997,177.77777799999998,-25.216954000000044,-23.431152000000054,-1.8385979999999904,-76.01446526401945,-79.29615265535563,115.97704385502252,-36.7156905361993,-27.157429491220142,88.06744448038357
1841,-284.925926,326.488888,177.77777799999998,-25.355170999999984,-23.41179699999998,-1.9245539999999721,-73.96732304376656,-75.27964299565114,110.77572686017649,-35.533465178065725,-25.110300563588094,88.07031935341642
1842,-306.843305,351.603418,177.77777799999998,-25.412950000000023,-23.330705999999964,-2.0097959999999944,-72.20530267054129,-71.34539810050956,105.35196175156834,-34.0465875032461,-23.348280476841737,88.07321754583153
1843,-328.760684,376.71794800000004,177.77777799999998,-25.51045099999999,-23.28471600000006,-1.9963880000000813,-70.67307956882897,-67.44666501491861,99.678601731569,-32.27461725954216,-21.816057661608315,88.07609505447024
1844,-350.678063,401.832478,177.77777799999998,-25.605458999999996,-23.233700999999996,-2.2747819999999876,-69.3286972997993,-63.53855329777071,93.71717852840492,-30.223973751499,-20.471675449874418,88.07895594733289
1845,-372.595442,426.94700800000004,177.77777799999998,-25.68557900000002,-23.199480000000108,-2.4896949999999833,-68.13977807574521,-59.57423350418802,87.41385026674365,-27.887642371422384,-19.282756168524553,88.08180291732111
1846,-394.51282100000003,452.061538,177.77777799999998,-25.799361999999974,-23.08410600000002,-2.601329000000078,-67.08094857530091,-55.50015757159539,80.69222253570386,-25.242775281315883,-18.223926438897124,88.08463831356188
1847,-416.43019999999996,477.176068,177.77777799999998,-25.974582000000055,-22.952212999999972,-2.6995729999999867,-66.13205053895183,-51.248725819379445,73.44011621505581,-22.24479218212641,-17.275027600407146,88.08746448518212
1848,-438.347579,502.290598,177.77777799999998,-26.107192999999995,-22.824866999999983,-2.899049000000076,-65.27687080808187,-46.72488758600429,65.48319571760167,-18.81440963788229,-16.419846322551127,88.09028492722445
1849,-460.264958,527.405127,177.77777799999998,-26.247175000000027,-22.647333000000003,-2.953181999999998,-64.50222476438833,-41.77699830372,56.525481588800254,-14.807301642638121,-15.645196841110824,88.09311035399958
1850,-460.264958,527.405127,122.222222,-26.080528999999956,-22.92612099999991,-2.9493329999999958,-64.50222447790944,-39.078539033288145,60.01719508242123,-20.997542531372794,-15.645205550069308,88.09318386448469
1851,-438.347579,502.290598,122.222222,-25.892601000000013,-23.102328999999997,-2.754113000000004,-65.27687063619452,-43.69374833594307,68.70720619789945,-25.069637405092983,-16.419851307283942,88.09036743314695
1852,-416.43019999999996,477.176068,122.222222,-25.764918999999963,-23.21574499999997,-2.6629780000000096,-66.13214198301593,-47.923328050810525,76.51543933467167,-28.645750045655245,-17.27511394514687,88.087713206161
1853,-394.51282100000003,452.061538,122.222222,-25.578547999999955,-23.35417799999999,-2.433687000000006,-67.08103354494192,-51.89321768171124,83.69006331217702,-31.84776135304274,-18.22400814267871,88.08485506349577
1854,-372.595442,426.94700800000004,122.222222,-25.532200999999986,-23.399299000000042,-2.1760689999999983,-68.13986098273817,-55.685362168166854,90.38436639948812,-34.747211410513295,-19.282836955573664,88.08199554573183
1855,-350.678063,401.832478,122.222222,-25.43912899999998,-23.436376999999993,-2.096315000000004,-69.32878129541206,-59.358451983555355,96.69943874896353,-37.38649754792055,-20.471758013092696,88.07912932436169
1856,-328.760684,376.71794800000004,122.222222,-25.361745999999982,-23.49996100000004,-1.8956520000000125,-70.67316717407586,-62.959183245475685,102.7061419472401,-39.789785234302386,-21.81614423553116,88.07625244597655
1857,-306.843305,351.603418,122.222222,-25.25068799999997,-23.599556000000007,-1.697092000000012,-72.2053963491408,-66.52841552235512,108.45607920895318,-41.9678191471909,-23.34837346789189,88.07336101446343
1858,-284.925926,326.488888,122.222222,-25.195623000000012,-23.724699999999984,-1.617964999999998,-73.96742531673299,-70.10540438727347,113.98776292362649,-43.91985856674856,-25.11040237818829,88.0704505607515
1859,-263.00854699999996,301.37435899999997,122.222222,-25.128248999999983,-23.715959000000055,-1.5503769999999975,-76.01457785022617,-73.73140234311393,119.3302356343459,-45.63369674174164,-27.15755473979416,88.06751575633328
1860,-263.00854699999996,301.37435899999997,66.666667,-25.099972000000037,-23.911504999999977,-1.1513210000000953,-76.01446520672367,-67.0693265847929,121.5436596032536,-54.50913309983823,-27.15743000688216,88.06744362094688
1861,-284.925926,326.488888,66.666667,-25.175688999999977,-23.999210000000005,-1.4070860000000067,-73.96732304376656,-63.957992322907955,116.09417877370126,-52.17354925779692,-25.110300391700758,88.07029912800625
1862,-306.843305,351.603418,66.666667,-25.22620299999994,-23.86715099999998,-1.5727620000000115,-72.20550601326279,-60.83223109833316,110.48054186891406,-49.68831766321748,-23.348483590380116,88.07319921118209
1863,-328.760684,376.71794800000004,66.666667,-25.27300799999989,-23.891984000000036,-1.7421520000000044,-70.6732461849558,-57.66305078826867,104.6706547725893,-47.0502691719435,-21.816223933960462,88.07607872517308
1864,-350.678063,401.832478,66.666667,-25.362657000000013,-23.795826999999974,-1.9174560000000014,-69.32883807552956,-54.42172197106372,98.62536149171197,-44.248974290525965,-20.471815881830008,88.07894139420489
1865,-372.595442,426.94700800000004,66.666667,-25.44917700000002,-23.710999000000015,-2.0994190000000117,-68.1399003449387,-51.076098047481544,92.29364128054124,-41.265556523333856,-19.282878093943356,88.08179002577072
1866,-394.51282100000003,452.061538,66.666667,-25.534149999999954,-23.621901999999977,-2.4208580000000097,-67.08094863259667,-47.587184140239145,85.60679695780715,-38.07031230587309,-18.223925980530886,88.0846270835891
1867,-416.43019999999996,477.176068,66.666667,-25.663767000000007,-23.52322700000002,-2.509573000000003,-66.13205053895183,-43.904778374876486,78.47004113608071,-34.61865457818861,-17.27502719933669,88.08745417194181
1868,-438.347579,502.290598,66.666667,-25.781086000000016,-23.412402999999983,-2.7122850000000014,-65.27687080808187,-39.95703894856085,70.74196181546675,-30.841013658880037,-16.419846093368008,88.09027415561789
1869,-460.264958,527.405127,66.666667,-25.904594999999972,-23.190743000000055,-2.8692179999999965,-64.50222476438833,-35.63248678089655,62.19724930179117,-26.62356340323973,-15.645197242181279,88.09309327985729
1870,-460.264958,527.405127,11.111111,-25.785469999999975,-23.431283000000008,-2.7483550000000996,-64.50222447790944,-31.532694439810378,63.15161071989991,-31.67780276232924,-15.645205550069308,88.09318386448469
1871,-438.347579,502.290598,11.111111,-25.631287999999927,-23.576363000000015,-2.5215010000000007,-65.27687063619452,-35.599130667754295,71.63766581986229,-36.094714695244605,-16.419851307283942,88.09036743314695
1872,-416.43019999999996,477.176068,11.111111,-25.51912500000003,-23.69971499999997,-2.2793300000000993,-66.13213906093118,-39.277421622119654,79.33444033083212,-40.110663486563425,-17.27511027821698,88.08771962328831
1873,-394.51282100000003,452.061538,11.111111,-25.352957999999944,-23.861905999999976,-2.100650999999999,-67.08103285739257,-42.66992672866859,86.45694394199626,-43.83794227511668,-18.22400665298844,88.08486491836985
1874,-372.595442,426.94700800000004,11.111111,-25.311485000000005,-23.923064000000124,-1.892529999999999,-68.13986218594954,-45.84124508804138,93.14234486945284,-47.349318591646735,-19.28283747123568,88.08200797891598
1875,-350.678063,401.832478,11.111111,-25.275405999999975,-23.916641999999968,-1.6677959999999992,-69.32878467586305,-48.83439821031368,99.48384266269326,-50.69496887128748,-20.471760763290114,88.07914399208126
1876,-328.760684,376.71794800000004,11.111111,-25.215243999999984,-23.999699000000078,-1.4818020000000995,-70.67317359120315,-51.679427189416664,105.54881337690347,-53.912228189885234,-21.816150079700666,88.07626929093573
1877,-306.843305,351.603418,11.111111,-25.139655999999945,-24.09020499999997,-1.2923919999999995,-72.20540729263469,-54.39773721291441,111.38826200148488,-57.03069783896763,-23.34838389572376,88.07338015125379
1878,-284.925926,326.488888,11.111111,-25.13325299999991,-24.129796,-1.0819709999999993,-73.9674437086782,-57.004477800572175,117.04240644943003,-60.07544833170575,-25.110420369063057,88.07047244773928
1879,-263.00854699999996,301.37435899999997,11.111111,-25.106090999999992,-24.080241,-0.901138000000099,-76.0146091337218,-59.50978354446181,122.54424479255499,-63.06934681477374,-27.157585679515098,88.06754067999738
1880,-263.00854699999996,301.37435899999997,-44.444444,-25.144059000000027,-24.242056000000048,-0.585010999999902,-76.01446497754056,-51.33602745591931,122.2916260391042,-70.9904096653521,-27.157431897642883,88.06745359041251
1881,-284.925926,326.488888,-44.444444,-25.179562999999916,-24.36425700000001,-0.8534119999999987,-73.96732304376656,-49.469307067043026,116.8032902485624,-67.37140517506323,-25.110300964658553,88.0703644451949
1882,-306.843305,351.603418,-44.444444,-25.160330999999985,-24.353854999999953,-1.1284400000000048,-72.20550114312152,-47.40689454752164,111.15979261695794,-63.79288657012765,-23.348478376464175,88.07317927225081
1883,-328.760684,376.71794800000004,-44.444444,-25.20147999999989,-24.312999000000104,-1.326510000000006,-70.67324297639215,-45.15794931525967,105.3279396365708,-60.21263935152416,-21.816220324326352,88.0760613072561
1884,-350.678063,401.832478,-44.444444,-25.26164799999998,-24.176034000000016,-1.5085580000000007,-69.32883578369838,-42.72165524917372,99.26806704352589,-56.59173212569344,-20.47181307433681,88.07892609623175
1885,-372.595442,426.94700800000004,-44.444444,-25.318536999999992,-24.11629000000005,-1.7385990000000007,-68.13989868336108,-40.08736501726112,92.92918279726796,-52.8898182360264,-19.282875802112176,88.08177644667097
1886,-394.51282100000003,452.061538,-44.444444,-25.345480999999893,-24.087807999999995,-1.9683839999999009,-67.08094851800512,-37.23308626480932,86.24330797641902,-49.061001585893436,-18.223928444249403,88.08471199593431
1887,-416.43019999999996,477.176068,-44.444444,-25.44518400000004,-23.981840000000034,-2.2248130000000046,-66.13205042436027,-34.12222366178132,79.11728640439279,-45.048539815715785,-17.27503069437924,88.08754383983675
1888,-438.347579,502.290598,-44.444444,-25.539359999999988,-23.84624100000002,-2.437445000000004,-65.27687063619452,-30.695018283102755,71.41314044761393,-40.77430170764777,-16.419851307283942,88.09036743314695
1889,-460.264958,527.405127,-44.444444,-25.64876300000003,-23.611601000000064,-2.6367389999999986,-64.50222447790944,-26.85174012092491,62.91267471425886,-36.11982107557367,-15.645205550069308,88.09318386448469
1890,-460.264958,527.405127,-100.0,-25.58950500000003,-23.741505000000075,-2.4194860000000062,-64.50222487897989,-21.643256398090053,61.47262201524631,-39.888270663228525,-15.645194033617628,88.0932011678101
1891,-438.347579,502.290598,-100.0,-25.427426999999966,-23.963476000000014,-2.1759500000000003,-65.27687063619452,-25.308970298598716,70.06384609681503,-44.81105534135292,-16.419851307283942,88.09036743314695
1892,-416.43019999999996,477.176068,-100.0,-25.339045,-24.037468999999987,-1.959614000000002,-66.13213722746623,-28.5162430774189,77.8177202065489,-49.355137262249855,-17.275106725878654,88.08773572340235
1893,-394.51282100000003,452.061538,-100.0,-25.248925999999983,-24.146588000000065,-1.7586780000000033,-67.081028846688,-31.367889375280964,84.96608587207808,-53.6491359398268,-18.224001439072506,88.0848801590472
1894,-372.595442,426.94700800000004,-100.0,-25.18693899999994,-24.252752000000044,-1.5658320000000003,-68.13985565423067,-33.922879841924725,91.65435571380645,-57.779709120653436,-19.282829965488563,88.08202321959334
1895,-350.678063,401.832478,-100.0,-25.180994999999996,-24.315157000000056,-1.2570670000000064,-69.32877464910165,-36.21428239272148,97.97972669317043,-61.810983616259534,-20.471749877092005,88.07915992030794
1896,-328.760684,376.71794800000004,-100.0,-25.180981999999972,-24.31386100000003,-1.0040889999998939,-70.6731581213427,-38.257975063273015,104.01126188228798,-65.7961447496401,-21.816133922290845,88.07628642237381
1897,-306.843305,351.603418,-100.0,-25.157734999999946,-24.337936999999954,-0.7694509999999894,-72.20538311381573,-40.056282171466826,109.80010211885374,-69.78401030110949,-23.34835914394701,88.07339905886103
1898,-284.925926,326.488888,-100.0,-25.168717999999956,-24.463333999999975,-0.5013379999999898,-73.96740491943547,-41.59893596983951,115.38532117643915,-73.82392408353368,-25.110381006862532,88.0704936471777
1899,-263.00854699999996,301.37435899999997,-100.0,-25.167186000000015,-24.414936999999952,-0.2733779999999939,-76.0144640035123,-42.86194098593097,120.79699601613335,-77.96984731935389,-27.15744152333384,88.06743577142508
1900,-213.28177300000002,338.39457,-100.0,-25.364390999999983,-24.303035999999963,-0.2841679999998945,-83.95863091881307,-42.422031381985086,118.78088897158617,-76.38647438450951,-35.10160729271903,88.05907339510937
1901,-231.055254,366.59411800000004,-100.0,-25.420347999999933,-24.38580400000012,-0.5657089999999982,-82.03565736172351,-41.049307812915046,113.30409753577115,-72.2837716470072,-33.17863339185479,88.06072305519311
1902,-248.828735,394.79366500000003,-100.0,-25.441466999999932,-24.28333800000007,-0.8287210000000016,-80.37401587104996,-39.407602503314635,107.64370114425286,-68.26644265765569,-31.516992015772804,88.06233581679484
1903,-266.602216,422.99321299999997,-100.0,-25.465874999999983,-24.22875399999998,-1.0200619999999958,-78.92412113221577,-37.515481978647735,101.76617116629697,-64.28235266887312,-30.067097391530165,88.06387231771406
1904,-284.375697,451.19276,-100.0,-25.496898999999985,-24.209836999999993,-1.3180270000000007,-77.64824926021483,-35.37851573245769,95.62864611894001,-60.28307144899777,-28.79122557682501,88.06533943344427
1905,-302.149179,479.392308,-100.0,-25.548074999999983,-24.156649000000016,-1.5257139999999083,-76.51665234361974,-32.98934400727449,89.17303214975604,-56.21786604898935,-27.659628602934138,88.06674346652123
1906,-319.92266,507.591856,-100.0,-25.54804999999999,-24.099311,-1.7682760000000002,-75.50656510765234,-30.32633546909232,82.32203856998485,-52.03107820271326,-26.64954125237518,88.06808911519887
1907,-337.696141,535.7914030000001,-100.0,-25.65819599999992,-23.98716000000013,-1.9570619999999082,-74.59939627507201,-27.348001556416403,74.96306146848737,-47.65159427939859,-25.74237207602017,88.06938096313955
1908,-355.46962199999996,563.990951,-100.0,-25.73838900000004,-23.844157999999993,-2.1820670000000035,-73.78023152528836,-23.981893646813173,66.92454719734422,-42.980311545390705,-24.923206581391398,88.07062376589298
1909,-373.243103,592.190498,-100.0,-25.88240399999995,-23.623207000000093,-2.4143459999999095,-73.03689670836626,-20.09815629911528,57.919595448531695,-37.860190748819626,-24.179870217483245,88.07182457084001
1910,-373.243103,592.190498,-44.444444,-25.95907999999997,-23.433715000000007,-2.4833650000000063,-73.03689653647893,-25.252694727735644,59.410891086318024,-34.19697425674838,-24.179873311455342,88.07185447923692
1911,-355.46962199999996,563.990951,-44.444444,-25.807260000000042,-23.619933999999944,-2.2882080000000045,-73.78023135340104,-29.29526176311753,68.30214543403946,-39.044568422910615,-24.923209331588815,88.07065441913501
1912,-337.696141,535.7914030000001,-44.444444,-25.684207999999956,-23.750218000000018,-2.0679930000000013,-74.59948708888253,-32.86636978922667,76.27850690514441,-43.448752900548065,-25.74246162932355,88.06947189154164
1913,-319.92266,507.591856,-44.444444,-25.538148999999976,-23.903091000000074,-1.887079,-75.50664887408199,-36.089107615669896,83.60575280180664,-47.55209717889358,-26.649624216663916,88.0681754599386
1914,-302.149179,479.392308,-44.444444,-25.512348999999972,-23.928954000000033,-1.6314899999999994,-76.51673381821821,-39.03589389918812,90.44701297455414,-51.445371638274544,-27.65970961916637,88.06682797779601
1915,-284.375697,451.19276,-44.444444,-25.479098000000022,-23.9146310000001,-1.3452240000000018,-77.64820749159158,-41.750910045617424,96.90993828627444,-55.19204321472804,-28.791183464427068,88.06542394471903
1916,-266.602216,422.99321299999997,-44.444444,-25.416994999999986,-24.054138999999964,-1.2105420000000038,-78.92420741965971,-44.26106553346817,103.07064554979708,-58.84131769558725,-30.067183449790996,88.06395803220019
1917,-248.828735,394.79366500000003,-44.444444,-25.364958,-24.160781000000043,-1.0302970000000045,-80.37410857562121,-46.58098430832015,108.98565378575228,-62.435088952691224,-31.517084605752494,88.06242439606997
1918,-231.055254,366.59411800000004,-44.444444,-25.357286999999985,-24.22483600000004,-0.828158000000002,-82.03575969198572,-48.7151652920765,114.69869686264241,-66.01259135968135,-33.17873560752544,88.06081604624326
1919,-213.28177300000002,338.39457,-44.444444,-25.313701999999978,-24.172183000000018,-0.5923929999999018,-83.95874671358347,-50.658303812286796,120.2449223607477,-69.61427739847149,-35.10172245723585,88.05912490401515
1920,-213.28177300000002,338.39457,11.111111,-25.260185999999976,-24.07032499999997,-0.8612989999999989,-83.95863143447508,-58.57917867541257,120.49140169953631,-61.93986119035793,-35.1016031674229,88.05909184435038
1921,-231.055254,366.59411800000004,11.111111,-25.374961999999982,-24.057866000000047,-1.0334309999999984,-82.03589531109583,-56.03547100826208,114.93334565428559,-58.92686396133017,-33.178871455818665,88.06073182144738
1922,-248.828735,394.79366500000003,11.111111,-25.418526999999983,-23.96459600000003,-1.2228019999999997,-80.37420569196749,-53.386967526917225,109.21104501182066,-55.85442763226931,-31.517182008577663,88.06234303606306
1923,-266.602216,422.99321299999997,11.111111,-25.47997199999992,-23.93084399999998,-1.5002429999999993,-78.92427777887696,-50.6218529822057,103.28940639366863,-52.69922204930696,-30.067254267374476,88.06387827647512
1924,-284.375697,451.19276,11.111111,-25.55036999999993,-23.82039100000003,-1.6916329999999995,-77.64825819835643,-47.722786691866325,97.12456902117557,-49.43472791819129,-28.791234744149733,88.06534464736019
1925,-302.149179,479.392308,11.111111,-25.615927999999997,-23.814772000000005,-1.8678529999999984,-76.51676888323527,-44.66543536752301,90.66008761337949,-46.028833933885736,-27.659745429028565,88.06674782100046
1926,-319.92266,507.591856,11.111111,-25.668992000000003,-23.72405500000002,-2.037203999999999,-75.50656510765234,-41.41526495210248,83.8197097383407,-42.439823325805726,-26.649541538854077,88.0680929540161
1927,-337.696141,535.7914030000001,11.111111,-25.804665,-23.542800000000057,-2.2019690000000995,-74.59939621777623,-37.92276822517557,76.49712897863799,-38.610897928283244,-25.742372419794847,88.06938422899898
1928,-355.46962199999996,563.990951,11.111111,-25.900972000000024,-23.419009999999957,-2.533873999999999,-73.78023146799259,-34.111666341448235,68.53114749742853,-34.45714127078378,-24.923207039757635,88.07062628690727
1929,-373.243103,592.190498,11.111111,-26.056176999999934,-23.249668000000042,-2.5776079999999997,-73.03689670836626,-29.856015270733167,59.657945159070934,-29.840681774219878,-24.17987096232838,88.07182537298092
1930,-373.243103,592.190498,66.666667,-26.16426899999999,-23.021333000000027,-2.735744000000004,-73.03689682295783,-33.8584413986502,58.67054223894523,-24.8508861296166,-24.17986849860986,88.07186187039247
1931,-355.46962199999996,563.990951,66.666667,-25.986528999999962,-23.168092,-2.477210999999997,-73.78023158258415,-38.37104392966284,67.61723884771251,-29.283940059789966,-24.923204805222234,88.07072065305613
1932,-337.696141,535.7914030000001,66.666667,-25.885989999999936,-23.3213760000001,-2.2840440000000086,-74.59948949530528,-42.446554548574476,75.62407405317975,-33.21413173689725,-25.742464436816746,88.06946799542862
1933,-319.92266,507.591856,66.666667,-25.682736999999975,-23.45754900000003,-2.243161999999998,-75.50665110861739,-46.22032135645549,82.96649445056711,-36.78162130534702,-26.649626852269773,88.06817116275514
1934,-302.149179,479.392308,66.666667,-25.639962999999966,-23.518297000000018,-2.007190000000108,-76.51673628193673,-49.77650589464953,89.81212949985513,-40.06987187093064,-27.659712369363785,88.06682310765476
1935,-284.375697,451.19276,66.666667,-25.540402999999912,-23.620543000000055,-1.7528100000001103,-77.64821052826788,-53.172263739897204,96.2708285029912,-43.13157486702376,-28.791186787582276,88.06541838702843
1936,-266.602216,422.99321299999997,66.666667,-25.480628000000024,-23.656976999999983,-1.5925180000000125,-78.92421148766006,-56.45010520932935,102.41971662122853,-46.00134347617114,-30.067187746974458,88.0639516150729
1937,-248.828735,394.79366500000003,66.666667,-25.39185900000001,-23.757225000000005,-1.4829519999999974,-80.37411441979071,-59.64425284286601,108.31557013324739,-48.70173034851315,-31.51709067910512,88.06241683302707
1938,-231.055254,366.59411800000004,66.666667,-25.347822000000008,-23.834367000000043,-1.2882290000000012,-82.03576857283154,-62.78459355149571,114.0018020511848,-51.24626089764901,-33.17874471755438,88.06080710810166
1939,-213.28177300000002,338.39457,66.666667,-25.265252999999973,-23.838545000000067,-1.1260830000000084,-83.95876109482413,-65.89960184794616,119.51268682493709,-53.640735118043025,-35.10173706765963,88.05911413240861
1940,-213.28177300000002,338.39457,122.222222,-25.281563999999975,-23.642265000000066,-1.4234890000000036,-83.95863154906665,-72.35930696497047,117.34195594669686,-45.01028084542482,-35.10160213609887,88.05908685961755
1941,-231.055254,366.59411800000004,122.222222,-25.41335700000002,-23.646484000000044,-1.5514140000001078,-82.03565736172351,-68.755100370248,111.92854561784121,-43.2024428707879,-33.1786336210379,88.06074161902566
1942,-248.828735,394.79366500000003,122.222222,-25.496779000000004,-23.523348000000112,-1.6723000000000923,-80.37419148261417,-65.18440567589228,106.31634958731722,-41.162300876988574,-31.517167913815907,88.06235094288064
1943,-266.602216,422.99321299999997,122.222222,-25.591049999999996,-23.43220599999995,-1.8549900000000008,-78.9242692418058,-61.6064738370347,100.47238892009914,-38.897589565077986,-30.06724590219066,88.06388492278555
1944,-284.375697,451.19276,122.222222,-25.677959999999985,-23.357466000000045,-2.046751999999998,-77.6482532709194,-57.98213104167281,94.35402363870713,-36.40484317064917,-28.791229988600033,88.0653502050508
1945,-302.149179,479.392308,122.222222,-25.773982999999987,-23.34464600000001,-2.2610870000000034,-76.51665228632396,-54.268556143071926,87.90284888922405,-33.668478903252186,-27.659629004004593,88.06675269114173
1946,-319.92266,507.591856,122.222222,-25.837695999999994,-23.22197,-2.4324370000000073,-75.50656505035656,-50.415797592032725,81.0387633384257,-30.658348067481906,-26.649541710741417,88.06809702201645
1947,-337.696141,535.7914030000001,122.222222,-26.007929999999988,-23.07522800000004,-2.567971,-74.59939621777623,-46.357877694164074,73.6441036859546,-27.32276660435812,-25.742372591682187,88.06938789592887
1948,-355.46962199999996,563.990951,122.222222,-26.159066000000053,-22.962411999999972,-2.6603879999999975,-73.78023146799259,-41.99979592173715,65.53708239823372,-23.57495020093417,-24.92320721164497,88.07063001113293
1949,-373.243103,592.190498,122.222222,-26.307367999999997,-22.74742900000001,-2.7956330000000094,-73.03689670836626,-37.18653206885623,56.408357499023836,-19.26058287374033,-24.17987079044104,88.07183075878419
1950,-373.243103,592.190498,177.77777799999998,-26.455490999999995,-22.474642000000017,-2.837964999999997,-73.03689728132406,-39.73888584102258,52.764303866889634,-13.064229499359861,-24.179859503172477,88.07188816915527
1951,-355.46962199999996,563.990951,177.77777799999998,-26.233831000000066,-22.63781300000005,-2.7584919999999897,-73.78023135340104,-44.91143829190498,62.22959122234025,-17.355837739719735,-24.923209331588815,88.07065441913501
1952,-337.696141,535.7914030000001,177.77777799999998,-26.084416999999974,-22.759827000000087,-2.5894759999999906,-74.59939633236779,-49.574605078744824,70.52301814076276,-20.985026554817058,-25.74237121658348,88.06946914134423
1953,-319.92266,507.591856,177.77777799999998,-25.90470999999991,-22.86301900000001,-2.442290999999983,-75.50665294208234,-53.91727984417334,78.01915520776616,-24.13732225702527,-26.649628743030497,88.0681696157691
1954,-302.149179,479.392308,177.77777799999998,-25.844840999999974,-23.020577000000003,-2.331006999999971,-76.51673393280976,-58.05057337131549,84.92758666058361,-26.91125886209154,-27.659710192124166,88.06681995638688
1955,-284.375697,451.19276,177.77777799999998,-25.70851399999998,-23.089762000000007,-2.108996999999988,-77.64820388195746,-62.05081114422979,91.38051317122952,-29.362708406703824,-28.791180313159195,88.06541403254919
1956,-266.602216,422.99321299999997,177.77777799999998,-25.613809000000003,-23.148320000000012,-1.9557699999999727,-78.92419928365902,-65.97581950134766,97.46585179021149,-31.521759712177644,-30.067175714860756,88.06394611467806
1957,-248.828735,394.79366500000003,177.77777799999998,-25.514323999999988,-23.216806000000076,-1.8527609999999868,-80.37409419438056,-69.8743800693465,103.24493650358268,-33.40096382008579,-31.517070568286513,88.06241012942087
1958,-231.055254,366.59411800000004,177.77777799999998,-25.452481000000034,-23.281788000000063,-1.8344849999999724,-82.0357356850541,-73.79173044446198,108.76149527838014,-34.99881047097609,-33.178711944368494,88.06079902939675
1959,-213.28177300000002,338.39457,177.77777799999998,-25.33450399999998,-23.315426000000002,-1.699639999999988,-83.95863091881307,-77.77327770384554,114.04628678087767,-36.30065148315399,-35.10160694894435,88.05910456401342
1960,-213.28177300000002,338.39457,233.333333,-25.43154099999998,-23.022603000000004,-1.8212540000000104,-83.95863166365821,-82.0468245956295,109.70240381934656,-27.683209082063204,-35.101601448549516,88.05908588558931
1961,-231.055254,366.59411800000004,233.333333,-25.592055000000016,-23.010605000000055,-2.008782000000025,-82.03565736172351,-77.80236298958289,104.55354477757464,-26.7801860002011,-33.17863367833368,88.0607493539559
1962,-248.828735,394.79366500000003,233.333333,-25.682702000000006,-22.93317000000002,-2.1295120000000054,-80.37401587104996,-73.62734398289768,99.13552706590524,-25.53854595003649,-31.516992359547476,88.0623577610784
1963,-266.602216,422.99321299999997,233.333333,-25.791922,-22.88874899999996,-2.145286999999996,-78.92412113221577,-69.475235152017,93.41636726348166,-23.972811807394113,-30.067097792600624,88.06389070965928
1964,-284.375697,451.19276,233.333333,-25.898224999999968,-22.833802000000105,-2.2822690000000136,-77.64812492837329,-65.29806600661402,87.3490284574084,-22.083917493480037,-28.7911017033497,88.06535518978363
1965,-302.149179,479.392308,233.333333,-26.01499899999999,-22.73513600000001,-2.526042000000018,-76.51665228632396,-61.04215784973628,80.8651077375391,-19.857139883720116,-27.65962906130037,88.06675687373364
1966,-319.92266,507.591856,233.333333,-26.112760999999978,-22.584519999999998,-2.57216600000001,-75.50656505035656,-56.64158031330651,73.86320824720747,-17.257013750032453,-26.649541710741417,88.06810074624212
1967,-337.696141,535.7914030000001,233.333333,-26.28389599999997,-22.492696000000024,-2.7323800000000062,-74.59939621777623,-52.00639844675846,66.18603634128245,-14.21618246050036,-25.742372477090626,88.06939173474609
1968,-355.46962199999996,563.990951,233.333333,-26.462941000000058,-22.28515500000003,-2.8777270000001067,-73.78023146799259,-46.997836199829244,57.56995087613787,-10.609784932465088,-24.92320669598296,88.07063608448557
1969,-373.243103,592.190498,233.333333,-26.6232159999999,-22.091697000000067,-2.8956290000000138,-73.03689676566204,-41.36392208948925,47.51204032433728,-6.186895560056242,-24.17986872779298,88.07184886425051
1970,-373.243103,592.190498,288.888889,-26.857287999999983,-21.77541000000008,-2.843097,-73.03689647918314,-41.78985519016384,40.156215865811724,1.5948688746374393,-24.17987462925827,88.07184800481383
1971,-355.46962199999996,563.990951,288.888889,-26.626922000000036,-21.949671999999964,-2.959382000000005,-73.78023135340104,-48.10221710549361,51.30876045174481,-3.244228155535662,-24.923209331588815,88.07065441913501
1972,-337.696141,535.7914030000001,288.888889,-26.446230000000014,-22.12378000000001,-2.625807000000009,-74.59939616048045,-53.54265534323584,60.48693315566053,-6.980841400599859,-25.742373966780892,88.06941396550856
1973,-319.92266,507.591856,288.888889,-26.26309699999996,-22.222065999999984,-2.6485270000000014,-75.50656516494813,-58.502474695434564,68.48251879318661,-10.01549505918485,-26.649540679417385,88.06817397024832
1974,-302.149179,479.392308,288.888889,-26.176181999999983,-22.399610000000052,-2.5019300000000158,-76.51665234361974,-63.171038744704546,75.66369551710754,-12.526902918184192,-27.65962854563836,88.06682047204889
1975,-284.375697,451.19276,288.888889,-25.972996999999964,-22.552626000000032,-2.3789449999999874,-77.6481973502386,-67.66152756854365,82.23564575909963,-14.607123080569803,-28.791173838736107,88.06541225638001
1976,-266.602216,422.99321299999997,288.888889,-25.890244999999993,-22.539089999999987,-2.375637999999981,-78.92418455864369,-72.05076942147564,88.32347829147645,-16.30443348582142,-30.067161047141205,88.06394279152285
1977,-248.828735,394.79366500000003,288.888889,-25.779799000000025,-22.591192000000035,-2.2066639999999893,-80.37406915612492,-76.39834566895418,94.00951826855251,-17.64157608933494,-31.517045587326646,88.06240554575851
1978,-231.055254,366.59411800000004,288.888889,-25.69376900000003,-22.68912800000004,-2.082439000000022,-82.03565736172351,-80.75367288948522,99.34802296006173,-18.623390952084726,-33.17863367833368,88.06079329981878
1979,-213.28177300000002,338.39457,288.888889,-25.573008999999985,-22.685985000000016,-2.0707859999999982,-83.95863091881307,-85.16258151873507,104.37580690969354,-19.240862067502384,-35.10160700624013,88.05909745933675
1980,-213.28177300000002,338.39457,344.44444400000003,-25.732936999999964,-22.351769999999988,-2.0863580000000184,-83.95863172095397,-87.14961284594007,98.1006754481167,-10.978695783677987,-35.101601104774836,88.05909046925167
1981,-231.055254,366.59411800000004,344.44444400000003,-25.90418999999997,-22.36698400000006,-2.239383000000032,-82.03565736172351,-82.64684633869223,93.15646381003201,-10.538626038028358,-33.17863367833368,88.06075445328028
1982,-248.828735,394.79366500000003,344.44444400000003,-25.99563599999999,-22.324964000000023,-2.3289500000000203,-80.37401587104996,-78.16576788827192,87.85368303704921,-9.718281911919224,-31.516992359547476,88.06236217285343
1983,-266.602216,422.99321299999997,344.44444400000003,-26.12902200000002,-22.230283999999983,-2.4670730000000844,-78.92412113221577,-73.66171967443637,82.14709702262287,-8.517060424566983,-30.067097792600624,88.0638945484765
1984,-284.375697,451.19276,344.44444400000003,-26.25024099999996,-22.139440000000093,-2.442484000000036,-77.64812492837329,-69.08132168313176,75.96742508526452,-6.919061481494745,-28.79110164605392,88.06535845564305
1985,-302.149179,479.392308,344.44444400000003,-26.382814999999994,-22.09340800000001,-2.476722000000052,-76.51665228632396,-64.35559306168378,69.20770849510316,-4.886308408717204,-27.659628946708814,88.06675985311416
1986,-319.92266,507.591856,344.44444400000003,-26.510043999999994,-21.866657000000032,-2.678459000000032,-75.50656510765234,-59.38639507792811,61.69575951182753,-2.3447540315523776,-26.64954142426252,88.06810424128467
1987,-337.696141,535.7914030000001,344.44444400000003,-26.70191499999993,-21.787218000000053,-2.7102200000000494,-74.59939627507201,-54.01568482982505,53.1308138530536,0.8483184466817212,-25.742371503062373,88.06939878212698
1988,-355.46962199999996,563.990951,344.44444400000003,-26.928620000000024,-21.535690000000045,-2.8648050000000467,-73.78023169717571,-47.9391289089973,42.90435470237755,4.997074042066383,-24.92320291446151,88.07066278431881
1989,-373.243103,592.190498,344.44444400000003,-27.141818,-21.355586000000017,-2.795596000000046,-73.03689647918314,-40.34466821634911,29.34838893089636,10.95750883573808,-24.17987457196249,88.0718480621096
1990,-373.243103,592.190498,400.0,-27.63727499999999,-20.65770100000009,-2.7734550000000127,-73.03689911478901,-31.818303300963887,4.270617874239477,27.508909018248662,-24.179876233540096,88.07185344791287
1991,-355.46962199999996,563.990951,400.0,-27.15990400000004,-21.126810999999975,-2.7046940000000745,-73.78023261390818,-45.77815796572668,30.866251189248402,14.87422219637693,-24.923210534800184,88.0706541899519
1992,-337.696141,535.7914030000001,400.0,-26.932827999999915,-21.41054100000008,-2.561595000000011,-74.59939610318467,-53.095809168447424,43.458559760761084,9.600685819511172,-25.742373909485117,88.06941396550856
1993,-319.92266,507.591856,400.0,-26.735527999999988,-21.51111400000002,-2.6709319999999934,-75.50656499306078,-59.10212928714216,53.12756621367924,5.939157604879058,-26.64954262747389,88.06812332077925
1994,-302.149179,479.392308,400.0,-26.558163999999977,-21.692992000000004,-2.4746579999999767,-76.51665234361974,-64.47342973907,61.2582169111249,3.180956598106704,-27.65962791538478,88.06683141554278
1995,-284.375697,451.19276,400.0,-26.40400699999998,-21.82423600000004,-2.4286880000000792,-77.64812498566907,-69.47888099705898,68.38577223387291,1.060099919763455,-28.791101244983462,88.06541655356348
1996,-266.602216,422.99321299999997,400.0,-26.29130600000002,-21.85133099999996,-2.3844870000000356,-78.92412113221577,-74.26177258640314,74.78081637081509,-0.5507692596692484,-30.067097563417505,88.06394370825532
1997,-248.828735,394.79366500000003,400.0,-26.16121800000002,-21.928645000000017,-2.345259999999996,-80.37401587104996,-78.91185020970902,80.59955984766653,-1.7181122109616385,-31.516992302251698,88.06240434254714
1998,-231.055254,366.59411800000004,400.0,-26.064795000000004,-22.061451000000034,-2.2334979999999973,-82.03565736172351,-83.49192413608469,85.93895875440658,-2.4760732652947253,-33.17863367833368,88.06079054962137
1999,-213.28177300000002,338.39457,400.0,-25.923170999999996,-21.999843999999996,-2.2296969999999874,-83.95863091881307,-88.04972553138603,90.86123183851572,-2.839139775109951,-35.10160700624013,88.05909350592798
