step_order,x_t,y_t,z_t,x_dif,y_dif,z_dif,joint_1,joint_2,joint_3,joint_4,joint_5,joint_6
0,-325.4870486100309,-278.9410737441813,-100.99363266299879,-3.553472389969045,-1.5277052558186597,1.0405926629987903,19.61120405269596,-44.47110246465529,135.18250767320924,-90.69433330079445,68.46823163219878,88.03021345367286
1,-351.0218636100309,-300.3673277441813,-100.99363266299879,-3.528907389969106,-1.3772822558187272,0.7874366629988003,21.617304905013178,-44.26938556820282,129.9776951774467,-85.69146545220794,70.47433282829068,88.03086513586902
2,-376.5566786100309,-321.79358074418127,-100.99363266299879,-3.576055389969156,-1.3750562558187198,0.5709616629988972,23.258666669119627,-43.588966158144224,124.6776162442426,-81.07196652913241,72.11569430591823,88.03136601557354
3,-402.09149361003097,-343.2198347441813,-100.99363266299879,-3.5183923899689944,-1.3766782558187174,0.40940766299878817,24.627628712968853,-42.529911256103304,119.25925412764255,-76.71278112540051,73.48465617788013,88.03177831600291
4,-427.6263076100309,-364.6460877441813,-100.99363266299879,-3.5295933899690226,-1.287123255818699,0.19696666299880405,25.78736834243252,-41.15546967308457,113.69733479986658,-72.5253982051584,74.644395750048,88.03212386684915
5,-453.1611226100309,-386.0723417441813,-100.99363266299879,-3.5695483899691,-1.3306232558186935,0.010734662998785893,26.783034402583812,-39.50478267708769,107.96153114645224,-68.44035694898677,75.64006175290352,88.03241785149383
6,-478.69593761003097,-407.4985957441813,-100.99363266299879,-3.607215389969042,-1.3627782558187391,-0.14366233700111763,27.647320896536932,-37.599190654150114,102.01612446278904,-64.40060325097055,76.50434818956086,88.03267121343085
7,-504.230752610031,-428.9248487441813,-100.99363266299879,-3.6667393899689955,-1.294926255818723,-0.3985423370012029,28.404789722828223,-35.44577616476057,95.8158200860449,-60.35376338283147,77.26181701585215,88.03289191677352
8,-529.7655666100311,-450.3511027441813,-100.99363266299879,-3.669293389968857,-1.2832312558187482,-0.6309053370012094,29.074204160628405,-33.03809675687905,89.30158921126383,-56.24725368455519,77.93123139635657,88.03308597757874
9,-555.3003816100311,-471.7773567441813,-100.99363266299879,-3.7487333899689474,-1.2406222558186641,-0.7950463370012102,29.670208209040112,-30.35441378150472,82.39277198596291,-52.02215461423722,78.52723544476827,88.03325803680461
10,-555.3003816100311,-471.7773567441813,-45.4380766629988,-3.906458389968975,-1.1936042558186273,-0.9713863370011921,29.670208209040112,-36.11971559404358,83.67600493323678,-47.54008729595829,78.52723533017671,88.03325689088902
11,-529.7655666100311,-450.3511027441813,-45.4380766629988,-3.9619873899689537,-1.2142782558187264,-0.6094063370011966,29.074213729023587,-39.09043231931213,90.57517824752163,-51.46850589787276,77.93124096475174,88.03308053447968
12,-504.230752610031,-428.9248487441813,-45.4380766629988,-3.943391389969065,-1.2785422558187065,-0.2996183370011991,28.40480754181565,-41.82857327153604,97.09757875561613,-55.25272357052852,77.26183483483958,88.03288572882934
13,-478.69593761003097,-407.4985957441813,-45.4380766629988,-3.8319623899690214,-1.2378682558187393,-0.2455863370011997,27.647347825553304,-44.36141490869343,103.32155545662388,-58.9438082713887,76.50437511857723,88.03266393686685
14,-453.1611226100309,-386.0723417441813,-45.4380766629988,-3.822943389969055,-1.206412255818691,-0.09367433700119676,26.78307238968563,-46.70352806317649,109.30564148971234,-62.58571967162268,75.64009974000534,88.0324090279438
15,-427.6263076100309,-364.6460877441813,-45.4380766629988,-3.798497389969043,-1.1871362558186433,0.08326966299880922,25.787420367000315,-48.85892017369171,115.0958555071835,-66.22046554707919,74.64444771732003,88.03211269417216
16,-402.09149361003097,-343.2198347441813,-45.4380766629988,-3.771866389969034,-1.2463252558187037,0.28698366299880007,24.627574339274094,-50.821093383180276,120.73017240685347,-69.89251326682992,73.48460180418536,88.03176364828336
17,-376.5566786100309,-321.79358074418127,-45.4380766629988,-3.752235389969144,-1.2038402558186476,0.47730166299880494,23.258616134242097,-52.571159507672135,126.24168445479985,-73.6538353741049,72.11564371374492,88.03134573286759
18,-351.0218636100309,-300.3673277441813,-45.4380766629988,-3.6937303899691187,-1.2129352558187065,0.6124126629987998,21.617270183770792,-54.07328479263156,131.6612256612465,-77.5710872577754,70.47429793516096,88.03083528476792
19,-325.4870486100309,-278.9410737441813,-45.4380766629988,-3.7094223899690633,-1.3284892558186812,0.8270316629989054,19.61120405269596,-55.26523421857676,137.0195305136483,-81.73721774100163,68.46823209056502,88.03019557738965
20,-325.4870486100309,-278.9410737441813,10.1174783370011,-3.901735389969076,-1.140414255818655,0.550715662998801,19.6112039381044,-65.99679279332575,137.33281678864498,-71.31895214485549,68.46823157490302,88.03021345367286
21,-351.0218636100309,-300.3673277441813,10.1174783370011,-3.911737389969119,-1.062590255818634,0.3480226629989005,21.617000549832404,-63.68895649516172,131.946906772378,-68.24110474508161,70.47402830122257,88.03085917710796
22,-376.5566786100309,-321.79358074418127,10.1174783370011,-3.9604433899691003,-1.0916722558187075,0.19761466299889996,23.25844716898831,-61.289282568185335,126.50616710153975,-65.20020028883908,72.11547469119536,88.03136280700988
23,-402.09149361003097,-343.2198347441813,10.1174783370011,-3.9588883899690472,-1.1517482558186884,0.025213662998901043,24.627463185461842,-58.800331904557694,120.97823436966381,-62.1613403751927,73.4844906503731,88.03177648253796
24,-427.6263076100309,-364.6460877441813,10.1174783370011,-3.9991083899690807,-1.1064022558186934,-0.061086337001098556,25.787344908458696,-56.21861043575679,115.33124467488956,-59.09616714562182,74.64437231607418,88.03212277822934
25,-453.1611226100309,-386.0723417441813,10.1174783370011,-4.036643389969129,-1.16674225581869,-0.20554733700119954,26.78302042241361,-53.53594004869379,109.53146237683129,-55.97913069316816,75.64004777273333,88.03241722124027
26,-478.69593761003097,-407.4985957441813,10.1174783370011,-4.033011389969033,-1.2131162558187043,-0.4561703370010992,27.64731224487423,-50.739546993100944,103.54053809245794,-52.78466048439284,76.50433959519394,88.03267086965617
27,-504.230752610031,-428.9248487441813,10.1174783370011,-4.112579389968914,-1.2013402558187067,-0.6852013370011001,28.40478433702495,-47.8113297560609,97.31229503311609,-49.48468473860232,77.26181163004888,88.03289168759042
28,-529.7655666100311,-450.3511027441813,10.1174783370011,-4.159318389968917,-1.1601902558186907,-0.8259263370010999,29.074200780177414,-44.72620155240119,90.78825483440347,-46.04581445487691,77.93122801590557,88.03308586298718
29,-555.3003816100311,-471.7773567441813,10.1174783370011,-4.194657389968938,-1.1665702558186695,-0.9766593370010987,29.67015125703528,-41.4490255734481,83.89061710430536,-42.4253879406363,78.52717849276343,88.03325797950883
30,-555.3003816100311,-471.7773567441813,65.6730343370011,-4.502408389968878,-1.159112255818627,-1.050832337001097,29.670208209040112,-46.25665473018858,83.0368354477513,-36.763978788919346,78.52723521558515,88.03325631793123
31,-529.7655666100311,-450.3511027441813,65.6730343370011,-4.467085389968929,-1.1040202558187389,-0.8315913370011003,29.07421212474176,-49.8434757800545,89.9402866941177,-40.08057088372646,77.9312393604699,88.03308059177546
32,-504.230752610031,-428.9248487441813,65.6730343370011,-4.383758389968989,-1.116726255818719,-0.5779343370010963,28.404805593759146,-53.27146238668672,96.4582208816076,-43.17047663866508,77.26183282948729,88.03288590071668
33,-478.69593761003097,-407.4985957441813,65.6730343370011,-4.340528389969052,-1.087321255818722,-0.4824853370010942,27.647345189947448,-56.58458550852321,102.66997272591533,-46.06905494085034,76.50437248297138,88.03266422334575
34,-453.1611226100309,-386.0723417441813,65.6730343370011,-4.291531389969123,-1.0181602558187137,-0.35288233700120486,26.7830685508684,-59.81858401828883,108.63428105805679,-48.79930339944633,75.64009590118812,88.03240948631003
35,-427.6263076100309,-364.6460877441813,65.6730343370011,-4.286257389969023,-0.9486212558187503,-0.18947933700110298,25.787414408239247,-63.0052820545732,114.39675257367927,-51.37500096187657,74.64444181585473,88.03211349631307
36,-402.09149361003097,-343.2198347441813,65.6730343370011,-4.273552389969041,-0.9671022558187019,0.007977662998897017,24.627564541695797,-66.17584370858596,119.99433737828652,-53.80192831392772,73.48459200660707,88.0317649087905
37,-376.5566786100309,-321.79358074418127,65.6730343370011,-4.298754389969133,-0.9170402558187334,0.14369166299890423,23.258598830916682,-69.36400908978368,125.45836067882017,-56.07766281815461,72.11562635312373,88.03134791010721
38,-351.0218636100309,-300.3673277441813,65.6730343370011,-4.207955389969129,-0.868447255818694,0.10925066299890318,21.617237238697573,-72.61021773123397,130.8168469296599,-58.18977707727663,70.47426493279197,88.03083906628936
39,-325.4870486100309,-278.9410737441813,65.6730343370011,-4.168388389969095,-0.9069052558186854,0.21193266299890468,19.611150366550554,-75.96802531585071,136.09665805381903,-60.11155710598315,68.46817828982806,88.03020256747475
40,-325.4870486100309,-278.9410737441813,121.22858933700111,-4.449125389969026,-0.6739092558186712,-0.04526233700111959,19.611203365146604,-84.56059710874513,133.40840121366193,-48.83074268228497,68.46822871011403,88.03021798003942
41,-351.0218636100309,-300.3673277441813,121.22858933700111,-4.470726389969116,-0.6826672558187283,-0.13737833700110968,21.617304905013178,-80.38483503309543,128.3400942510117,-47.9384121387956,70.47433282829068,88.03085321834689
42,-376.5566786100309,-321.79358074418127,121.22858933700111,-4.52832838996909,-0.7829892558187339,-0.22194933700110653,23.258666669119627,-76.45356109600891,123.1475499275585,-46.67730384218913,72.11569430591823,88.03135954115045
43,-402.09149361003097,-343.2198347441813,121.22858933700111,-4.472665389968995,-0.845045255818718,-0.36634933700111105,24.627489713407755,-72.68269236595144,117.81413648172104,-45.11488162478573,73.4845172356148,88.03177459177725
44,-427.6263076100309,-364.6460877441813,121.22858933700111,-4.5105243899691345,-0.8658662558186734,-0.38595133700120243,25.78736003454449,-69.00862600129692,112.31776381218694,-43.29267054549172,74.64438744215998,88.03212168960953
45,-453.1611226100309,-386.0723417441813,121.22858933700111,-4.571484389969044,-0.9572742558186178,-0.4575833370011111,26.783029245963657,-65.38117571203736,106.63157520985882,-41.23400774826057,75.64005659628336,88.0324165336909
46,-478.69593761003097,-407.4985957441813,121.22858933700111,-4.595184389968949,-1.0431002558187288,-0.6381073370011165,27.64731740149438,-61.75614009610961,100.72091177015987,-38.948441059086115,76.5043447518141,88.0326704685857
47,-504.230752610031,-428.9248487441813,121.22858933700111,-4.681690389969049,-1.0662582558186955,-0.7646233370011117,28.404787259109703,-58.09120696518837,94.54082821992151,-36.433340773576056,77.26181455213363,88.03289145840729
48,-529.7655666100311,-450.3511027441813,121.22858933700111,-4.6957143899688845,-1.064499255818646,-0.9654883370011191,29.074202269867683,-54.34170640962141,88.03147040848381,-33.6735252290328,77.93122950559584,88.03308574839562
49,-555.3003816100311,-471.7773567441813,121.22858933700111,-4.777998389968957,-1.1006982558187133,-1.1960373370011155,29.670208209040112,-50.455176351038496,81.10972318732438,-30.638343360656474,78.52723544476827,88.03325792221307
50,-555.3003816100311,-471.7773567441813,176.7841453370011,-5.110876389968894,-1.0859112558187007,-1.1123913370011849,29.670208209040112,-53.959184602210506,78.09038818564579,-24.115002342341274,78.52723504369781,88.03325545849454
51,-529.7655666100311,-450.3511027441813,176.7841453370011,-5.0259233899688525,-0.9917362558186937,-1.0316963370010797,29.074213557136247,-58.128911885291444,85.05623516615552,-26.911083365118895,77.93124085016017,88.03308053447968
52,-504.230752610031,-428.9248487441813,176.7841453370011,-4.981220389968996,-0.9808082558187152,-0.8119623370010913,28.40480994823839,-62.16860857400706,91.56681360687998,-29.381923233912897,77.26183724126233,88.03288595801246
53,-478.69593761003097,-407.4985957441813,176.7841453370011,-4.938556389969051,-0.9422272558187501,-0.5768363370010832,27.647353268652356,-66.13839593194135,97.71229520454635,-31.557567167950584,76.50438056167629,88.03266445252886
54,-453.1611226100309,-386.0723417441813,176.7841453370011,-4.903669389969139,-0.8368552558187048,-0.5855543370010992,26.783082072672368,-70.08952956023535,103.55568789870212,-33.44976492732827,75.64010942299208,88.03240988738048
55,-427.6263076100309,-364.6460877441813,176.7841453370011,-4.926400389969103,-0.7407002558187514,-0.4927823370011879,25.787436639001697,-74.07053394210803,109.1423973914,-35.0553941212456,74.64446404661719,88.03211412656664
56,-402.09149361003097,-343.2198347441813,176.7841453370011,-4.817327389969023,-0.6811242558187018,-0.46289933700111874,24.627601554769363,-78.13180627333178,114.50539872155268,-36.35702749351855,73.48462907697642,88.03176599741032
57,-376.5566786100309,-321.79358074418127,176.7841453370011,-4.880072389969143,-0.5912642558187144,-0.3068423370010862,23.25866260111928,-82.33015680898406,119.66818310146479,-37.32133815185241,72.11569023791789,88.0313496289806
58,-351.0218636100309,-300.3673277441813,176.7841453370011,-4.903516389969127,-0.5285072558186812,-0.286871337001088,21.617304905013178,-86.7338803993711,124.6458597146728,-37.89512828277222,70.47433271369913,88.03084187378255
59,-325.4870486100309,-278.9410737441813,176.7841453370011,-4.832421389969113,-0.47908925581867834,-0.22600533700108372,19.611204109991736,-91.43202339481472,129.44731072480414,-37.998213875243906,68.46823231974814,88.03020726572866
60,-325.4870486100309,-278.9410737441813,232.3397003370011,-5.177259389969095,-0.31860125581863485,-0.3414483370011112,19.611203594329723,-96.52888365188953,124.40428065472281,-27.858329449553036,68.46822968414229,88.03021849570145
61,-351.0218636100309,-300.3673277441813,232.3397003370011,-5.200367389969131,-0.3923892558186708,-0.47803233700111036,21.617304962308957,-91.5732836754857,119.8785176269307,-28.288386413958076,70.47433300017802,88.03085075462837
62,-376.5566786100309,-321.79358074418127,232.3397003370011,-5.168587389969048,-0.49503025581873317,-0.5736383370010856,23.258666669119627,-86.89876819900613,115.12734859075908,-28.21189511591362,72.11569442050978,88.03135793686862
63,-402.09149361003097,-343.2198347441813,232.3397003370011,-5.145011389969056,-0.6129322558186914,-0.5775423370010913,24.627628712968853,-82.42865696292553,110.14733969555023,-27.70212012704929,73.48465629247168,88.031773617749
64,-427.6263076100309,-364.6460877441813,232.3397003370011,-5.186132389969032,-0.658882255818753,-0.6574823370010847,25.787474339624616,-78.09966907060289,104.92617630211757,-26.810039966116392,74.64450180453589,88.03212105935596
65,-453.1611226100309,-386.0723417441813,232.3397003370011,-5.210984389969099,-0.7997672558187219,-0.7613843370010898,26.783124872619663,-73.85665664670748,99.4419331491064,-25.568884810133802,75.64015228023516,88.03241618991623
66,-478.69593761003097,-407.4985957441813,232.3397003370011,-5.1953223899690215,-0.8824692558187053,-0.8119753370010869,27.647329891974316,-69.6486974942393,93.66152473134113,-23.99649673672923,76.50435724229402,88.03267023940259
67,-504.230752610031,-428.9248487441813,232.3397003370011,-5.257319389968984,-0.925085255818658,-0.9767753370011008,28.404858019397402,-65.4234485954579,87.53552730834329,-22.09579840361565,77.26188531242133,88.03289140111151
68,-529.7655666100311,-450.3511027441813,232.3397003370011,-5.342965389968867,-0.992294255818706,-1.1445623370011049,29.074264836858912,-61.12555615400103,80.99495349571971,-19.853158858367987,77.93129212988285,88.03308574839562
69,-555.3003816100311,-471.7773567441813,232.3397003370011,-5.432078389968865,-1.0494582558187062,-1.2748633370011078,29.670208209040112,-56.68652478433418,73.9361684636563,-17.233440490171606,78.52723544476827,88.03325797950883
70,-555.3003816100311,-471.7773567441813,287.89525633700106,-5.781771389968867,-1.052069255818708,-1.2702903370010858,29.670208151744333,-58.550307847777944,68.55783140245492,-9.991325121076157,78.52723481451469,88.03325431257895
71,-529.7655666100311,-450.3511027441813,287.89525633700106,-5.712070389968858,-0.9449572558187356,-1.0542963370010625,29.074212411220657,-63.259537232782655,75.79642709181488,-12.520650000582812,77.93123964694881,88.03308013340923
72,-504.230752610031,-428.9248487441813,287.89525633700106,-5.576792389969,-0.8521822558186614,-0.9805723370010924,28.404814130830296,-67.79346399242291,82.4235686966343,-14.613822962547165,77.26184136655844,88.03288572882934
73,-478.69593761003097,-407.4985957441813,287.89525633700106,-5.5462363899689535,-0.8327622558186931,-0.9759783370010382,27.647362951639092,-72.23230514010179,88.56785733887547,-16.31922015141504,76.5043903019588,88.0326643379373
74,-453.1611226100309,-386.0723417441813,287.89525633700106,-5.564365389969055,-0.6962192558186189,-0.7917213370010359,26.783098745744205,-76.63793650805927,94.31261506212056,-17.65828525751434,75.64012609606391,88.03240994467627
75,-427.6263076100309,-364.6460877441813,287.89525633700106,-5.5668073899690285,-0.5647272558187524,-0.6083093370010602,25.787463052356053,-81.06342802559048,99.71369195877399,-18.633794719728712,74.64449051726733,88.03211441304553
76,-402.09149361003097,-343.2198347441813,287.89525633700106,-5.544841389968951,-0.5007642558186944,-0.7222603370010461,24.627642635843273,-85.55842906395358,104.80836231386003,-19.233368524387203,73.4846702153461,88.03176645577656
77,-376.5566786100309,-321.79358074418127,287.89525633700106,-5.559665389969098,-0.37093325581872705,-0.5758323370010885,23.258666669119627,-90.17257237863066,109.61983876760326,-19.430578592118948,72.11569436321402,88.03135037382573
78,-351.0218636100309,-300.3673277441813,287.89525633700106,-5.505434389969082,-0.24592225581869798,-0.5663393370010681,21.617304905013178,-94.96022748178775,114.16142127471049,-19.184343333351055,70.47433282829068,88.03084307699392
79,-325.4870486100309,-278.9410737441813,287.89525633700106,-5.5096933899690725,-0.20242125581859227,-0.5539823370010595,19.611204167287518,-99.9818905232942,118.43586541840163,-18.43690212791125,68.4682324343397,88.03020904189782
80,-325.4870486100309,-278.9410737441813,343.45081133700114,-5.90417738996905,-0.13418025581864867,-0.6899593370011416,19.6112036516255,-101.98931691347046,111.64204695323187,-9.635660423833105,68.4682299133254,88.03021339637706
81,-351.0218636100309,-300.3673277441813,343.45081133700114,-5.87754138996911,-0.20340425581872523,-0.5268653370011407,21.617304962308957,-97.01845523216507,107.57421012995776,-10.53890707382687,70.47433300017802,88.03085023896635
82,-376.5566786100309,-321.79358074418127,343.45081133700114,-5.879638389969045,-0.3502632558187315,-0.6478413370011822,23.258666669119627,-92.22170087167194,103.20346587566688,-10.96507967085982,72.11569447780558,88.03135753579816
83,-402.09149361003097,-343.2198347441813,343.45081133700114,-5.8516963899690495,-0.4801752558187218,-0.7231123370011687,24.627628712968853,-87.55183586443233,98.52341786142175,-10.955019448709796,73.48465634976746,88.0317733312701
84,-427.6263076100309,-364.6460877441813,343.45081133700114,-5.875407389969098,-0.54845425581874,-0.7977173370011315,25.787474339624616,-82.96404757700724,93.51744309189536,-10.536928364081385,74.64450186183167,88.03212088746862
85,-453.1611226100309,-386.0723417441813,343.45081133700114,-5.849000389969092,-0.6779282558186992,-0.8774413370011303,26.783124872619663,-78.413146999982,88.1562533396993,-9.726714762043738,75.64015228023516,88.03241613262044
86,-478.69593761003097,-407.4985957441813,343.45081133700114,-5.895268389969033,-0.8375912558187224,-1.0881223370011526,27.64739887609285,-73.85048268269027,82.39370539150697,-8.526892437627207,76.50442628370834,88.03267029669837
87,-504.230752610031,-428.9248487441813,343.45081133700114,-5.970560389969023,-0.8650672558187011,-0.9650353370012112,28.404858019397402,-69.21958000873093,76.15938754714222,-6.92352757291623,77.26188531242133,88.03289157299885
88,-529.7655666100311,-450.3511027441813,343.45081133700114,-6.032222389968865,-0.9243142558187287,-1.153747337001164,29.074264836858912,-64.44886566329403,69.34479947649054,-4.879695902803599,77.93129212988285,88.03308603487453
89,-555.3003816100311,-471.7773567441813,343.45081133700114,-6.158803389968966,-1.065260255818714,-1.3435733370011462,29.670208209040112,-59.43768328036769,61.77534546951505,-2.321460145912437,78.52723550206404,88.0332583805793
90,-555.3003816100311,-471.7773567441813,399.00636733700117,-6.5257083899689405,-1.0973212558187129,-1.376136337001185,29.670208094448558,-59.15830917405345,53.215150604891,5.959341361015469,78.52723435614845,88.03325333855071
91,-529.7655666100311,-450.3511027441813,399.00636733700117,-6.379461389968924,-0.9184802558186789,-1.0404763370011665,29.074264836858912,-64.57304549913438,61.40433432691255,3.184950572305002,77.93129212988285,88.03307858642319
92,-504.230752610031,-428.9248487441813,399.00636733700117,-6.2830523899689865,-0.8415522558186126,-1.0824843370011763,28.404857962101623,-69.62413697080166,68.58602390535589,1.0543947498142197,77.26188531242133,88.03288469750531
93,-478.69593761003097,-407.4985957441813,399.00636733700117,-6.234195389969045,-0.7891232558187085,-1.0086183370011668,27.647363180822214,-74.45799103607885,75.03436371696444,-0.5600406335269373,76.50439053114192,88.03266365038796
94,-453.1611226100309,-386.0723417441813,399.00636733700117,-6.222974389969124,-0.6147162558186778,-0.9987773370012292,26.78310516287151,-79.16616503282494,80.90628558402159,-1.7237271973539205,75.640132570487,88.03240948631003
95,-427.6263076100309,-364.6460877441813,399.00636733700117,-6.194301389969041,-0.4636502558187203,-0.897061337001162,25.78747554283599,-83.814755429582,86.30048692983767,-2.469262286800887,74.64450300774725,88.03211406927086
96,-402.09149361003097,-343.2198347441813,399.00636733700117,-6.225017389969025,-0.41940725581872584,-0.8254043370011459,24.627628712968853,-88.45470080994299,91.27960705291473,-2.8083415174525044,73.48465623517589,88.03176622659343
97,-376.5566786100309,-321.79358074418127,399.00636733700117,-6.187927389969104,-0.24849725581873372,-0.6150523370011456,23.258666669119627,-93.12994715138602,95.88474152299587,-2.7381066320519825,72.11569436321402,88.03135031652995
98,-351.0218636100309,-300.3673277441813,399.00636733700117,-6.202272389969039,-0.13483525581870026,-0.6551733370011448,21.617304905013178,-97.87946039682548,100.1402727309402,-2.243961817247262,70.4743327709949,88.03084307699392
99,-325.4870486100309,-278.9410737441813,399.00636733700117,-6.232164389969114,-0.09893825581866622,-0.7318433370012372,19.611204109991736,-102.74146095649269,104.05921971024759,-1.3006859865586986,68.46823237704392,88.03020909919361
100,-282.0778186100309,-323.2003887441813,399.00636733700117,-6.181638389969123,-0.1240112558187434,-0.4577033370011918,30.851815001938068,-102.60511602345035,103.95529416164823,-1.3340379744048227,79.70884218037044,88.03359568083329
101,-303.9951976100309,-348.3149177441813,399.00636733700117,-6.060088389969053,-0.21052925581869886,-0.35381433700115394,32.62839663916033,-97.74929464171628,100.02929791070001,-2.2639467570287635,81.48542416136738,88.03410366521445
102,-325.91257661003095,-373.4294477441813,399.00636733700117,-6.030218389969036,-0.336723255818697,-0.41028533700114167,34.08130175554593,-93.00436465756742,95.76644831283848,-2.74608260563066,82.93832904856986,88.03451413217888
103,-347.829955610031,-398.5439777441814,399.00636733700117,-6.059922389969017,-0.4743312558185835,-0.5983943370011389,35.29269404590265,-88.33229124180225,91.15347497797904,-2.805220845525545,84.14972122433502,88.03485418263028
104,-369.7473346100309,-423.6585077441813,399.00636733700117,-5.992187389969047,-0.5273992558186933,-0.6324593370011939,36.318805249822255,-83.69385881379509,86.16533288957253,-2.4555378849594414,85.17583231366307,88.03514106259833
105,-391.6647136100309,-448.7730377441813,399.00636733700117,-6.060607389969107,-0.6067192558186889,-0.7496943370011877,37.19950921914128,-79.04568278011548,80.761127299583,-1.6995271216652004,86.0565362256863,88.03538651771774
106,-413.582092610031,-473.8875677441813,399.00636733700117,-6.0236263899689675,-0.7867112558186591,-0.7380503370011979,37.96391358495106,-74.33627617926473,74.87716781843326,-0.5249875339870697,86.82094053420032,88.03559914235552
107,-435.49947161003087,-499.0020977441813,399.00636733700117,-6.0525273899691,-0.8746032558186698,-0.8262423370011902,38.633788623522754,-69.49954884523652,68.41428989032262,1.101153606291728,87.49081551547623,88.03578518175159
108,-457.4168506100309,-524.1166277441813,399.00636733700117,-6.160018389969082,-0.9674552558186633,-0.9159733370011622,39.22575658533822,-64.44234282527536,61.21258706798269,3.2456434185854146,88.08278341999592,88.03594939145567
109,-479.3342296100309,-549.2311567441814,399.00636733700117,-6.220187389969112,-1.1140492558185997,-1.0705453370011924,39.752736694649414,-59.016699503719,52.99428213577005,6.0382990704806225,88.60976341471556,88.03609555298922
110,-479.3342296100309,-549.2311567441814,343.45081133700114,-5.887010389969134,-1.069759255818667,-1.0135743370011596,39.752736694649414,-59.308435289054735,61.57469719664629,-2.2503780851160347,88.60976335741977,88.036081057157
111,-457.4168506100309,-524.1166277441813,343.45081133700114,-5.823006389969066,-0.9143262558186507,-0.9151013370011469,39.22575658533822,-64.32651287527081,69.16493244014694,-4.822530643076248,88.0827834772917,88.03594389106085
112,-435.49947161003087,-499.0020977441813,343.45081133700114,-5.754569389969106,-0.8558252558186723,-0.6710453370011464,38.63374782892774,-69.10132117604125,75.99519291184775,-6.877976167696181,87.49077472088122,88.03577991053989
113,-413.582092610031,-473.8875677441813,343.45081133700114,-5.750660389969028,-0.7637642558186712,-0.8127473370012126,37.96388310359636,-73.73378389948518,82.24128395028261,-8.491595143475054,86.82091005284562,88.03559387114382
114,-391.6647136100309,-448.7730377441813,343.45081133700114,-5.763708389969111,-0.6162752558187208,-0.6382113370012235,37.19949059801293,-78.29635436629007,88.01350715028242,-9.701234641344916,86.05651754726219,88.03538124650603
115,-369.7473346100309,-423.6585077441813,343.45081133700114,-5.752045389969055,-0.5358822558187057,-0.4688813370011644,36.31880330176575,-82.84570211309894,93.38295557343326,-10.52131652467122,85.17583030831078,88.03513561949926
116,-347.829955610031,-398.5439777441814,343.45081133700114,-5.775990389969024,-0.4685982558186197,-0.4011803370012217,35.29271874038362,-87.43053479773785,98.39623687265052,-10.949738382120517,84.14974586152022,88.03484862493967
117,-325.91257661003095,-373.4294477441813,343.45081133700114,-5.7947203899689725,-0.3426632558187066,-0.35382133700113627,34.08130175554593,-92.09561004969751,103.08261670078542,-10.97100468471505,82.93832899127408,88.03450840260093
118,-303.9951976100309,-348.3149177441813,343.45081133700114,-5.788056389969086,-0.20399325581871608,-0.3014953370011426,32.62839663916033,-96.8862422415581,107.45963547318655,-10.55733568834946,81.48542404677582,88.03409810752383
119,-282.0778186100309,-323.2003887441813,343.45081133700114,-5.846307389969127,-0.1307852558186937,-0.46404333700115785,30.85181568948742,-101.84902550443104,111.5336011686994,-9.668435500475313,79.70884338358181,88.03359218579074
120,-282.0778186100309,-323.2003887441813,287.89525633700106,-5.488340389969096,-0.1754312558186939,-0.29341033700109165,30.85181534571274,-99.83923159534952,118.32125329019061,-18.465877749526605,79.70884172200421,88.03359161283295
121,-303.9951976100309,-348.3149177441813,287.89525633700106,-5.410229389969004,-0.2576472558187106,-0.33040633700107946,32.62839663916033,-94.82754483767611,114.04172626601154,-19.198125030972015,81.48542416136738,88.03410360791868
122,-325.91257661003095,-373.4294477441813,287.89525633700106,-5.4090393899690525,-0.39736825581871926,-0.30034433700109275,34.08130175554593,-90.04740837318563,109.49495121429437,-19.431541734172566,82.93832904856986,88.0345140748831
123,-347.829955610031,-398.5439777441814,287.89525633700106,-5.379098389968931,-0.47390825581857143,-0.4520403370010513,35.29269404590265,-85.43848819906474,104.67765396771884,-19.223202878002876,84.14972116703925,88.03485418263028
124,-369.7473346100309,-423.6585077441813,287.89525633700106,-5.38673938996908,-0.571907255818644,-0.39431133700105647,36.318805249822255,-80.94740372830181,99.57697448857326,-18.61363434027034,85.17583231366307,88.03514094800676
125,-391.6647136100309,-448.7730377441813,287.89525633700106,-5.445525389969077,-0.6703932558186239,-0.5807073370010585,37.19950921914128,-76.52429073046552,94.16903647961891,-17.628828064872177,86.0565362256863,88.0353864031262
126,-413.582092610031,-473.8875677441813,287.89525633700106,-5.383513389968982,-0.778310255818667,-0.783043337001061,37.96391358495106,-72.1195482492314,88.41619311867315,-16.28074042048561,86.82094053420032,88.03559891317241
127,-435.49947161003087,-499.0020977441813,287.89525633700106,-5.373740389969157,-0.8111482558186935,-0.7333103370010576,38.633788623522754,-67.68001685929674,82.26204914398951,-14.566137174948693,87.49081551547623,88.03578495256848
128,-457.4168506100309,-524.1166277441813,287.89525633700106,-5.51235238996901,-0.9182252558186974,-0.9580683370010661,39.22575658533822,-63.1435327598337,75.62240829298197,-12.462986897827271,88.0827834772917,88.03594916227257
129,-479.3342296100309,-549.2311567441814,287.89525633700106,-5.5813283899690305,-1.0393722558186482,-1.094693337001047,39.752736694649414,-58.429744750723586,68.36794688661281,-9.922318084230598,88.60976352930712,88.03609520921455
130,-479.3342296100309,-549.2311567441814,232.3397003370011,-5.238194389969124,-1.0119282558185887,-1.0093283370010795,39.752736694649414,-56.57328867156396,73.7522820710841,-17.163109061382606,88.60976341471556,88.0360891931577
131,-457.4168506100309,-524.1166277441813,232.3397003370011,-5.205103389969111,-0.9094342558187236,-0.8733833370010871,39.22571040493993,-61.016389130196046,80.82490569547753,-19.792627357002686,88.08273723959762,88.03594463590598
132,-435.49947161003087,-499.0020977441813,232.3397003370011,-5.0935863899691185,-0.8444652558187045,-0.6896623370010957,38.63374771433618,-65.31609561332807,87.37579406621637,-22.04380277018642,87.49077460628966,88.03578036890613
133,-413.582092610031,-473.8875677441813,232.3397003370011,-5.105379389969016,-0.7811632558186261,-0.4677503370010925,37.96387748860997,-69.54125925598956,93.50972311585954,-23.95255883795605,86.82090443785923,88.03559421491848
134,-391.6647136100309,-448.7730377441813,232.3397003370011,-5.141871389969083,-0.656778255818665,-0.5726663370011806,37.19947919615281,-73.74832648505806,99.29724073665102,-25.532996051649736,86.05650614540207,88.03538136109759
135,-369.7473346100309,-423.6585077441813,232.3397003370011,-5.106572389969074,-0.59078925581872,-0.39335933700110104,36.318784795228964,-77.98867780647399,104.78721071741609,-26.7825959179832,85.175811801774,88.03513567679505
136,-347.829955610031,-398.5439777441814,232.3397003370011,-5.099502389968961,-0.51293025581856,-0.2913393370010908,35.29269100922634,-82.3134246079013,110.01333489403054,-27.683946478745536,84.14971807306715,88.03484851034811
137,-325.91257661003095,-373.4294477441813,232.3397003370011,-5.114342389969011,-0.4227522558186365,-0.29785633700109315,34.08133223690062,-86.77745240729631,114.99777298217889,-28.20431855121393,82.93835947262878,88.03450817341782
138,-303.9951976100309,-348.3149177441813,232.3397003370011,-5.117425389969071,-0.32544125581870276,-0.19668433700118726,32.62839663916033,-91.44313757282887,119.75258660288532,-28.29339137218588,81.48542398948004,88.03409770645338
139,-282.0778186100309,-323.2003887441813,232.3397003370011,-5.1637633899691195,-0.26225925581871934,-0.09089533700108632,30.85181568948742,-96.3872232747902,124.28215080457767,-27.878787308698637,79.70884338358181,88.03359167012871
140,-282.0778186100309,-323.2003887441813,176.7841453370011,-4.789098389969126,-0.37866725581869787,-0.044603337001092314,30.851815116529625,-91.29714466077012,129.31684720352885,-38.00355395648609,79.70884086256751,88.03359539435439
141,-303.9951976100309,-348.3149177441813,176.7841453370011,-4.798110389969054,-0.49363425581873344,-0.041435337001104244,32.62839663916033,-86.61097281631486,124.51315587112273,-37.88612671474026,81.48542410407161,88.03410452465114
142,-325.91257661003095,-373.4294477441813,176.7841453370011,-4.7423683899690445,-0.5483132558186412,-0.1272673370011148,34.08130175554593,-82.21546389372394,119.53251557642362,-37.301050575763526,82.93832899127408,88.03451481972823
143,-347.829955610031,-398.5439777441814,176.7841453370011,-4.718340389969001,-0.6056912558185559,-0.25950233700109493,35.29259864842977,-78.02358606228324,114.36695802348731,-36.32740884136972,84.14962571227058,88.03485464099653
144,-369.7473346100309,-423.6585077441813,176.7841453370011,-4.753731389969062,-0.6931882558187112,-0.34494233700110044,36.318720967730584,-73.96634557776805,109.00012807475599,-35.017846019691056,85.1757480315714,88.03514123448565
145,-391.6647136100309,-448.7730377441813,176.7841453370011,-4.82687338996908,-0.7296102558187272,-0.3664343370010954,37.1994353075857,-69.98779620545594,103.40876702419835,-33.40505301986964,86.05646225683495,88.03538657501353
146,-413.582092610031,-473.8875677441813,176.7841453370011,-4.783199389969013,-0.817747255818631,-0.49279333700118855,37.96384838235397,-66.03772226260405,97.55966898820603,-31.5060421047585,86.82087533160322,88.03559902776396
147,-435.49947161003087,-499.0020977441813,176.7841453370011,-4.781027389969097,-0.8862672558187228,-0.584253337001087,38.63373064019388,-62.067649056025765,91.40710076205056,-29.32355636709759,87.49075753214737,88.03578495256848
148,-457.4168506100309,-524.1166277441813,176.7841453370011,-4.869502389969057,-0.9247132558186877,-0.8624043370010952,39.2257043315873,-58.02623366581209,84.88756103222715,-26.845438387319387,88.08273122354079,88.03594910497678
149,-479.3342296100309,-549.2311567441814,176.7841453370011,-4.932825389969139,-1.0214822558186825,-0.920511337001102,39.752736694649414,-53.852917489694015,77.9098169268762,-24.041014812565763,88.60976352930712,88.03609515191876
150,-479.3342296100309,-549.2311567441814,121.22858933700111,-4.603080389969136,-0.9979112558186216,-0.9957273370011137,39.752736694649414,-50.35596704723399,80.93090729935174,-30.559056028571785,88.60976341471556,88.03609177146777
151,-457.4168506100309,-524.1166277441813,121.22858933700111,-4.601495389969102,-0.9411992558186739,-0.69162833700112,39.225709430911685,-54.24594505123644,87.8630008204883,-33.60116633178995,88.08273632286514,88.0359448650891
152,-435.49947161003087,-499.0020977441813,121.22858933700111,-4.575442389969112,-0.9555742558187035,-0.4691293370011067,38.633743073378035,-57.99752590196596,94.38044214968282,-36.367020450423425,87.49076990803573,88.0357804262019
153,-413.582092610031,-473.8875677441813,121.22858933700111,-4.515772389969015,-0.897692255818697,-0.37373533700110784,37.963868378581026,-61.663271830815376,100.56680422873602,-38.887627318710926,86.8208952705345,88.03559415762271
154,-391.6647136100309,-448.7730377441813,121.22858933700111,-4.495112389969108,-0.7518512558186785,-0.22986333700110606,37.19946395547545,-65.28793238857044,106.4823637646817,-41.178513004280695,86.05649090472471,88.03538118921026
155,-369.7473346100309,-423.6585077441813,121.22858933700111,-4.445407389969091,-0.7207362558186787,-0.15348133700111077,36.31876032993111,-68.91377283831301,112.17233589380994,-43.24262589065069,85.17578733647615,88.03513527572458
156,-347.829955610031,-398.5439777441814,121.22858933700111,-4.417456389969004,-0.6906022558185896,-0.12129933700110485,35.292651532434256,-72.5848174808518,117.67155060589522,-45.070769145772374,84.14967859627507,88.03484788009455
157,-325.91257661003095,-373.4294477441813,121.22858933700111,-4.471498389969042,-0.6558522558187292,0.037451662998890356,34.081267378078216,-76.35132697611657,123.00732343463726,-46.63999414837314,82.93829455651058,88.03450719938957
158,-303.9951976100309,-348.3149177441813,121.22858933700111,-4.429756389969043,-0.5675072558187253,0.11398266299887894,32.62838495082131,-80.27565649283875,128.20124428919328,-47.9095297374135,81.48541224384525,88.03409621676312
159,-282.0778186100309,-323.2003887441813,121.22858933700111,-4.386469389969136,-0.5133202558187122,0.1108126629988817,30.851815632191645,-84.44084319998483,133.26975167248025,-48.812767621153,79.70884315439869,88.03358932100176
160,-282.0778186100309,-323.2003887441813,65.6730343370011,-4.0764793899691085,-0.7246182558187115,0.31662766299879763,30.851815001938068,-75.87278723982003,135.9510053068032,-60.06206713158359,79.70884028960971,88.03359694134043
161,-303.9951976100309,-348.3149177441813,65.6730343370011,-4.038225389969057,-0.7193092558187004,0.20587966299889615,32.62815691361885,-72.5210940889056,130.6726870241793,-58.1355365379103,81.48518420664278,88.03410767591902
162,-325.91257661003095,-373.4294477441813,65.6730343370011,-4.128643389969056,-0.8153902558187269,0.22506566299890096,34.08112322189696,-69.27845130758907,125.31404481422776,-56.019592285110946,82.93815034303356,88.03451671048896
163,-347.829955610031,-398.5439777441814,65.6730343370011,-4.137155389968996,-0.8239222558186157,0.10093266299890047,35.29255665062338,-66.09238822313326,119.848866201596,-53.740514858628366,84.1495837144642,88.03485578691212
164,-369.7473346100309,-423.6585077441813,65.6730343370011,-4.114584389969082,-0.8176512558187028,-0.09559033700109865,36.318696273249614,-62.92280311838651,114.24915308796294,-51.31041337768798,85.17572327979465,88.03514197933079
165,-391.6647136100309,-448.7730377441813,65.6730343370011,-4.190816389969086,-0.857868255818687,-0.23532133700111046,37.19942052527458,-59.736133500808776,108.4835329400731,-48.7314815258,86.05644747452384,88.03538703337976
166,-413.582092610031,-473.8875677441813,65.6730343370011,-4.188256389969013,-0.9462502558187111,-0.34566933700109814,37.963839616099705,-56.50128437790052,102.51493212272209,-45.99774300938654,86.82086650805319,88.03559931424286
167,-435.49947161003087,-499.0020977441813,65.6730343370011,-4.229307389969051,-0.9816622558187191,-0.4542453370010975,38.633725540869506,-53.1864114429577,96.29752323691991,-43.09521634044347,87.49075243282299,88.03578512445583
168,-457.4168506100309,-524.1166277441813,65.6730343370011,-4.321189389969106,-0.9671932558186427,-0.6783603370010951,39.22570163868566,-49.75566151817534,89.77220683201443,-40.00065622015188,88.08272853063914,88.03594916227257
169,-479.3342296100309,-549.2311567441814,65.6730343370011,-4.333786389969077,-1.0065002558186507,-0.8985503370011116,39.75268787864527,-46.16494790764085,82.85928699971727,-36.67845435286842,88.60971471330298,88.03609515191876
170,-479.3342296100309,-549.2311567441814,10.1174783370011,-4.054394389969104,-1.0115872558186538,-0.7184843370010991,39.752736694649414,-41.36425022241853,83.71255482772067,-42.33242061093929,88.60976341471556,88.03609308927071
171,-457.4168506100309,-524.1166277441813,10.1174783370011,-4.068656389969021,-0.9862222558186886,-0.5456083370010987,39.22570920172856,-44.64638555215894,90.61990969284108,-45.95763476051601,88.08273609368204,88.03594480779333
172,-435.49947161003087,-499.0020977441813,10.1174783370011,-4.01237238996913,-1.0490332558186992,-0.4160113370011995,38.63374158368777,-47.7353193414939,97.1511373606147,-49.39992216453158,87.49076847564125,88.03578036890613
173,-413.582092610031,-473.8875677441813,10.1174783370011,-3.9415853899690205,-0.9787442558186967,-0.21960433700109938,37.963865341904715,-50.66657772391894,103.38482586813726,-52.7023430650086,86.82089223385817,88.03559392843958
174,-391.6647136100309,-448.7730377441813,10.1174783370011,-4.011517389969072,-0.9535832558186712,0.05469166299890027,37.19945862696796,-53.46544074327081,109.37980044846016,-55.89844127606301,86.05648557621723,88.03538084543558
175,-369.7473346100309,-423.6585077441813,10.1174783370011,-3.9364173899690513,-0.9150562558186266,0.1422996629989015,36.318751219902175,-56.1501457607601,115.18244037352166,-59.01635733332375,85.1757782264472,88.0351347027668
176,-347.829955610031,-398.5439777441814,10.1174783370011,-3.879498389969001,-0.9365602558186197,0.20484366299890056,35.29263594798222,-58.73357183629731,120.83119265836105,-62.08165667090534,84.14966295452726,88.0348469060663
177,-325.91257661003095,-373.4294477441813,10.1174783370011,-3.8558173899690473,-0.8976272558186338,0.3442916629988009,34.08123970421671,-61.2239914491201,126.3597970686602,-65.11980302291367,82.93826676805753,88.03450559510773
178,-303.9951976100309,-348.3149177441813,10.1174783370011,-3.8536353899690994,-0.9018012558187252,0.5390486629989013,32.62833321273241,-63.62500455035105,131.80001695218672,-68.15895382723265,81.48536039116479,88.03409346656571
179,-282.0778186100309,-323.2003887441813,10.1174783370011,-3.817046389969107,-0.9214062558186811,0.6670726629989012,30.851760857426427,-65.9344125863387,137.1845599484503,-71.23400530755782,79.70878820774614,88.03358462274784
180,-282.0778186100309,-323.2003887441813,-45.4380766629988,-3.605242389969135,-1.1128742558187241,0.8578096629988039,30.851815173825408,-55.23723285439624,136.87182606206392,-81.61845430438177,79.70884097715907,88.0335908679878
181,-303.9951976100309,-348.3149177441813,-45.4380766629988,-3.493042389969105,-1.016305255818736,0.5846066629988016,32.62839658186455,-54.03615179899959,131.5147803990085,-77.46257266101172,81.48542393218428,88.03411300442652
182,-325.91257661003095,-373.4294477441813,-45.4380766629988,-3.5515433899689697,-1.0293532558187053,0.46989766299880387,34.08113554048956,-52.52736473375619,126.0959563065382,-73.55259058043741,82.93816266162615,88.03451951798216
183,-347.829955610031,-398.5439777441814,-45.4380766629988,-3.6047643899689774,-1.0259792558185836,0.29326666299880344,35.29256323963802,-50.77198482678493,120.58361346978889,-69.79566558046537,84.14959030347883,88.03485739119394
184,-369.7473346100309,-423.6585077441813,-45.4380766629988,-3.5911943899690755,-0.9849702558187232,0.09895366299880237,36.31870011206685,-48.80521993352619,114.94742907148148,-66.12627254606684,85.17572711861189,88.03514295335904
185,-391.6647136100309,-448.7730377441813,-45.4380766629988,-3.6838513899691065,-0.983985255818709,-0.04114633700119441,37.19942293169733,-46.645569486086,109.15428741156454,-62.49280001201421,86.0564498236508,88.03538754904177
186,-413.582092610031,-473.8875677441813,-45.4380766629988,-3.667953389969,-1.0510032558186708,-0.191575337001197,37.96384116308575,-44.29923856008987,103.16610770962143,-58.85096435680075,86.82086805503924,88.03559965801753
187,-435.49947161003087,-499.0020977441813,-45.4380766629988,-3.778866389969096,-1.104665255818702,-0.20068133700119972,38.63372662948932,-41.761960568020555,96.93666642364262,-55.15881034480753,87.4907535214428,88.03578529634316
188,-457.4168506100309,-524.1166277441813,-45.4380766629988,-3.807641389969092,-0.9945582558186743,-0.5485223370010957,39.22570249812236,-39.01888874101175,90.40708669707935,-51.37230880508459,88.08272933278006,88.03594927686413
189,-479.3342296100309,-549.2311567441814,-45.4380766629988,-3.7961523899691088,-1.0065272558185825,-0.7954933370011972,39.75268856619462,-36.042473835879065,83.49868268894026,-47.440323999261665,88.60971540085232,88.03609520921455
190,-479.3342296100309,-549.2311567441814,-100.99363266299879,-3.635756389969117,-1.0454382558186808,-0.6004133370011999,39.752736694649414,-30.28364999876351,82.21454246299781,-51.91500910012501,88.60976335741977,88.03609389141162
191,-457.4168506100309,-524.1166277441813,-100.99363266299879,-3.5877943899690763,-1.0540562558187503,-0.4014673370012076,39.22571235299644,-32.97418709635366,89.13322453184061,-56.14314799802505,88.0827392449499,88.03594475049755
192,-435.49947161003087,-499.0020977441813,-100.99363266299879,-3.597232389969122,-1.0904452558186222,-0.18452433700120707,38.63374656842059,-35.388065105437576,95.6551238737517,-60.25116291372492,87.49077340307828,88.03578019701878
193,-413.582092610031,-473.8875677441813,-100.99363266299879,-3.520458389969008,-1.0925642558187292,0.014237662998795031,37.963873019539164,-37.54737240845426,101.86132513212333,-64.29804758716357,86.82089991149265,88.03559369925647
194,-391.6647136100309,-448.7730377441813,-100.99363266299879,-3.5534933899691055,-1.0528512558186662,0.1724406629988806,37.19947060178588,-39.45891402513647,107.811244431381,-68.33641197711817,86.05649755103514,88.03538044436513
195,-369.7473346100309,-423.6585077441813,-100.99363266299879,-3.4418783899690766,-1.0422532558187072,0.3174916629987905,36.31877052857987,-41.11597517660419,113.55041570153199,-72.41850313089844,85.1757975351249,88.035134129809
196,-347.829955610031,-398.5439777441814,-100.99363266299879,-3.4219523899690216,-1.1066432558185966,0.5027486629988829,35.29266826280187,-42.49758199792149,119.11504259866462,-76.60149633499317,84.14969532664269,88.03484598933383
197,-325.91257661003095,-373.4294477441813,-100.99363266299879,-3.4559333899690614,-1.145849255818689,0.6647446629987854,34.08129654162999,-43.56531795540377,124.53496149888981,-80.95364060308493,82.93832372006237,88.03450410541747
198,-303.9951976100309,-348.3149177441813,-100.99363266299879,-3.4156633899690405,-1.1609452558187172,0.8695586629987986,32.62839658186455,-44.25668641703999,129.8352586144223,-85.56251293522993,81.48542393218428,88.03409088825562
199,-282.0778186100309,-323.2003887441813,-100.99363266299879,-3.452919389969111,-1.2627912558187404,1.0650946629987885,30.85181568948742,-44.47320579272122,135.03960025346882,-90.55025091650356,79.70884332628603,88.03357980990236
200,-232.351044610031,-360.2205997441813,-100.99363266299879,-3.3991053899689803,-0.8410422558187065,1.0243066629987965,42.15966822072095,-44.476806488688936,134.5179711115979,-90.02528165987015,91.01669494078709,88.03676098617248
201,-250.1245256100309,-388.42014774418135,-100.99363266299879,-3.3714673899690695,-0.7774972558186164,0.8389606629987867,43.68732393207361,-44.20741279150387,129.31483165259715,-85.09152186058846,92.54435093861863,88.03719534547697
202,-267.898006610031,-416.6196947441813,-100.99363266299879,-3.4411703899689883,-0.7859582558186844,0.6786936629988958,44.9383721211216,-43.47649677749545,124.01185114652695,-80.51943828903211,93.79539889848351,88.03753969311185
203,-285.6714876100309,-444.8192427441813,-100.99363266299879,-3.4435443899690767,-0.7127922558187265,0.543154662998802,45.98254427254666,-42.37747451690582,118.586621672386,-76.19320936038035,94.83957093531703,88.03782869302371
204,-303.4449686100309,-473.0187897441814,-100.99363266299879,-3.491065389969094,-0.685841255818616,0.366951662998801,46.86793142699574,-40.969796339740896,113.01294759978093,-72.02719077581153,95.72495803247033,88.03807489298828
205,-321.2184506100309,-501.2183377441813,-100.99363266299879,-3.5368943899690635,-0.7094852558186062,0.20008566299878794,47.628461509490634,-39.2896676782581,107.26111310292083,-67.9554623658971,96.48548805766943,88.03828728844294
206,-338.991931610031,-529.4178857441814,-100.99363266299879,-3.5822463899690433,-0.6982092558185968,0.08244866299878595,48.289017504116075,-37.35650544188085,101.29437267953061,-63.92186223460058,97.14604405229488,88.03847235381076
207,-356.765412610031,-557.6174327441814,-100.99363266299879,-3.6449473899689906,-0.6591912558185413,-0.14657233700120287,48.8682360090743,-35.17570947134934,95.06629285586457,-59.8745572966192,97.72526249995731,88.03863524571193
208,-374.5388936100309,-585.8169807441814,-100.99363266299879,-3.6684093899690424,-0.6234242558186907,-0.3295073370011039,49.38036344805388,-32.739164678932255,88.51601818022009,-55.76080741716474,98.2373899389369,88.0387796310763
209,-392.312374610031,-614.0165277441814,-100.99363266299879,-3.742807389969016,-0.618521255818564,-0.4535553370012053,49.83652322368948,-30.023125115289275,81.55990374729735,-51.52071369757353,98.69354965727672,88.03890860387598
210,-392.312374610031,-614.0165277441814,-45.4380766629988,-3.894752389969028,-0.5811972558185516,-0.6575453370010962,49.83652322368948,-35.757721947699736,82.84555222733972,-47.071767293261935,98.69354948538938,88.03890745796038
211,-374.5388936100309,-585.8169807441814,-45.4380766629988,-3.9023233899690695,-0.6821222558186264,-0.2665863370011934,49.380365567997714,-38.75577678120516,89.78974146048928,-51.01791905352727,98.23739205888073,88.03877556307594
212,-356.765412610031,-557.6174327441814,-45.4380766629988,-3.9225453899690024,-0.7044632558186095,-0.029098337001194352,48.86824488992012,-41.5171772416013,96.34626355334032,-54.81306073950499,97.72527143809891,88.03863071934533
213,-338.991931610031,-529.4178857441814,-45.4380766629988,-3.8226453899690114,-0.6809022558186371,0.04726266299880422,48.28903360423012,-44.070882621206366,102.5962145511452,-58.509327499847444,97.14606015240892,88.03846713989483
214,-321.2184506100309,-501.2183377441813,-45.4380766629988,-3.733610389969101,-0.6907532558187199,0.1417576629989057,47.62848603208427,-46.432773935002665,108.59979083225485,-62.151034526035914,96.48551258026306,88.03828104320297
215,-303.4449686100309,-473.0187897441814,-45.4380766629988,-3.7008803899690292,-0.6039722558185758,0.25134066299880686,46.86796632012546,-48.60807707374381,114.4040020367737,-65.7799652809423,95.72499292560005,88.03806727264961
216,-285.6714876100309,-444.8192427441813,-45.4380766629988,-3.7226673899691036,-0.6769782558186535,0.44933166299880867,45.98259263018457,-50.59165667400782,120.04733706295592,-69.43974351058075,94.83961923565914,88.03781889544541
217,-267.898006610031,-416.6196947441813,-45.4380766629988,-3.6767203899689775,-0.6999092558187385,0.6658516629988043,44.938335509118495,-52.366421347470165,125.56299984635334,-73.18066350750361,93.79536222918463,88.03752651508256
218,-250.1245256100309,-388.42014774418135,-45.4380766629988,-3.60991338996908,-0.6602982558185886,0.743326662998804,43.687301701311156,-53.899244106810876,130.98151265085355,-77.06637268945344,92.54432847867307,88.03717672434863
219,-232.351044610031,-360.2205997441813,-45.4380766629988,-3.622953389968984,-0.7922582558186946,0.9239846629988051,42.15968815965222,-55.13265516523448,136.3333096767309,-81.18477160575337,91.01671516619726,88.03674964160814
220,-232.351044610031,-360.2205997441813,10.1174783370011,-3.857827389968975,-0.6409252558186154,0.7505996629989014,42.15966839260829,-65.70551084785954,136.64220531884766,-70.92083849426146,91.0166929354348,88.03675181884778
221,-250.1245256100309,-388.42014774418135,10.1174783370011,-3.8541233899690894,-0.5594452558186731,0.5674296629989009,43.68711371385857,-63.39113131437933,131.26416768539002,-67.85714000075946,92.54414049122049,88.03719185043443
222,-267.898006610031,-416.6196947441813,10.1174783370011,-3.868662389968904,-0.5906972558187249,0.4134506629989012,44.93821725062958,-60.98512265142842,125.82518647932079,-64.82414814896346,93.79524397069572,88.03753768775957
223,-285.6714876100309,-444.8192427441813,10.1174783370011,-3.885635389969025,-0.5557232558186911,0.2298556629989008,45.982515280882225,-58.489234156451104,120.29364709271609,-61.78847537034828,94.8395418863568,88.03782754710812
224,-303.4449686100309,-473.0187897441814,10.1174783370011,-3.9101113899690745,-0.560745255818631,0.15684866299890032,46.86791469662812,-55.89947661079881,114.63806818763503,-58.72263120719929,95.72494124480691,88.03807426273471
225,-321.2184506100309,-501.2183377441813,10.1174783370011,-3.99500038996905,-0.6271462558186158,0.10583366299890073,47.628451540025,-53.207229577964874,108.82464725951725,-55.6014347373783,96.48547808820379,88.0382868300767
226,-338.991931610031,-529.4178857441814,10.1174783370011,-4.031087389969002,-0.6607892558185995,-0.13847333700109843,48.28901137346767,-50.399226506681956,102.8145527240513,-52.39932127161594,97.14603792164647,88.03847212462765
227,-356.765412610031,-557.6174327441814,10.1174783370011,-4.092085389969043,-0.6617992558185506,-0.3166383370011001,48.86823222755285,-47.45672944251387,96.56064361920609,-49.08788814609196,97.72525871843587,88.03863507382458
228,-374.5388936100309,-585.8169807441814,10.1174783370011,-4.108942389969002,-0.6169742558186044,-0.4812303370010991,49.38036109892691,-44.35374649885918,90.00280687469413,-45.63301434900764,98.23738758980993,88.03877951648472
229,-392.312374610031,-614.0165277441814,10.1174783370011,-4.138529389968994,-0.639553255818555,-0.6387903370010992,49.836482772869154,-41.053755512391305,83.06053716474982,-41.99071666062817,98.69350920645638,88.03890854658019
230,-392.312374610031,-614.0165277441814,65.6730343370011,-4.383361389969025,-0.6851762558185328,-0.7416833370011062,49.83652322368948,-45.82723145710495,82.20523378958765,-36.361939575287764,98.69354948538938,88.03890677041103
231,-374.5388936100309,-585.8169807441814,65.6730343370011,-4.39258238996905,-0.6466052558185993,-0.42100033700110373,49.38036425019479,-49.433264641278306,89.15482991085831,-39.70551964382314,98.2373907410778,88.03877562037174
232,-356.765412610031,-557.6174327441814,65.6730343370011,-4.373795389969018,-0.6448742558185359,-0.15847433700109548,48.86824340022986,-52.874484567625764,95.70784550200314,-42.817335419439125,97.72526989111287,88.03863083393689
233,-338.991931610031,-529.4178857441814,65.6730343370011,-4.3091603899690085,-0.6282212558186302,-0.0721123370012009,48.28903159887784,-56.19604609727738,101.94647617157916,-45.73442570150617,97.14605814705664,88.03846736907794
234,-321.2184506100309,-501.2183377441813,65.6730343370011,-4.23942738996908,-0.590507255818693,-0.03877133700109425,47.628483109999515,-59.4342553311752,107.93120598004623,-48.48096827765476,96.4855096581783,88.03828138697764
235,-303.4449686100309,-473.0187897441814,65.6730343370011,-4.2449353899691005,-0.48737825581861216,0.11727566299890668,46.86796185105466,-62.62105397884839,113.70870847046616,-51.07169475223441,95.72498845652925,88.03806778831162
236,-285.6714876100309,-444.8192427441813,65.6730343370011,-4.24670738996906,-0.5247582558187105,0.3178766629988985,45.982585296324785,-65.78730252117097,119.31653478106982,-53.513295266939956,94.83961190179937,88.03781975488211
237,-267.898006610031,-416.6196947441813,65.6730343370011,-4.214317389968983,-0.5151212558187126,0.4347026629989017,44.93832267486388,-68.96592964477001,124.7862395311,-55.80439489495042,93.79534933763424,88.03752789018128
238,-250.1245256100309,-388.42014774418135,65.6730343370011,-4.161284389969097,-0.4431612558186657,0.407605662998904,43.6872775224922,-72.19581214032696,130.14571539464347,-57.93400745702308,92.54430429985412,88.0371790734756
239,-232.351044610031,-360.2205997441813,65.6730343370011,-4.137686389968991,-0.46680625581871027,0.4815786629988992,42.15963877069028,-75.52765069935829,135.42125374334123,-59.87772036742299,91.01666560534798,88.03675382420005
240,-232.351044610031,-360.2205997441813,121.22858933700111,-4.456101389968978,-0.2885252558186835,0.3286346629988941,42.15966873638296,-84.00634776072404,132.76333616435187,-48.7411139203644,91.01669436782929,88.03676104346827
241,-250.1245256100309,-388.42014774418135,121.22858933700111,-4.429710389969102,-0.3330512558186456,0.2114496629988878,43.68732393207361,-79.87747569159114,127.69224032963386,-47.79886866886194,92.54435082402708,88.03718818350454
242,-267.898006610031,-416.6196947441813,121.22858933700111,-4.496456389968955,-0.44883425581872416,0.13130366299888863,44.93825122702683,-75.97845818975068,122.49371174848937,-46.49933822358446,93.79527794709297,88.0375356251115
243,-285.6714876100309,-444.8192427441813,121.22858933700111,-4.453202389969022,-0.40168325581873887,-0.021352337001118826,45.982533959306345,-72.22857988310939,117.1501759718769,-44.905658752033936,94.8395606220767,88.03782634389675
244,-303.4449686100309,-473.0187897441814,121.22858933700111,-4.48705938996909,-0.45553825581862384,-0.03318233700110795,46.86792529634733,-68.56799452782495,111.64020953487866,-43.05625486659989,95.7249519018219,88.03807351788957
245,-321.2184506100309,-501.2183377441813,121.22858933700111,-4.518724389969066,-0.5280922558186489,-0.08096133700111352,47.628457670673406,-64.94760170350268,105.93608660871783,-40.97250207563262,96.4854842188522,88.03828637171047
246,-338.991931610031,-529.4178857441814,121.22858933700111,-4.5776363899690296,-0.6307662558185712,-0.23887033700111715,48.289014925806,-61.32396479214441,100.00232449009974,-38.662354866793486,97.14604147398481,88.03847183814874
247,-356.765412610031,-557.6174327441814,121.22858933700111,-4.616494389969034,-0.6438992558186101,-0.3695373370011197,48.86823417560935,-57.65495271738386,93.79270192884606,-36.1217232954535,97.72526066649237,88.03863490193724
248,-374.5388936100309,-585.8169807441814,121.22858933700111,-4.628271389969029,-0.649319255818682,-0.5596113370011153,49.38036207295517,-53.8954973066054,87.24537580860687,-33.333832532469934,98.2373885065424,88.03877945918896
249,-392.312374610031,-614.0165277441814,121.22858933700111,-4.696546389968944,-0.7374912558185542,-0.7329053370012133,49.83652322368948,-49.991987586468,80.2740040825576,-30.265951733542376,98.69354965727672,88.03890848928442
250,-392.312374610031,-614.0165277441814,176.7841453370011,-4.965759389969037,-0.7582822558185853,-0.5786563370010924,49.83652322368948,-53.463104221382274,77.24619589452571,-23.767030004568312,98.6935494280936,88.03890556719966
251,-374.5388936100309,-585.8169807441814,176.7841453370011,-4.923672389969056,-0.6802592558186689,-0.5473803370011012,49.380365109631484,-57.64939382355972,84.26738475387556,-26.601945419150542,98.2373916005145,88.03877550578017
252,-356.765412610031,-557.6174327441814,176.7841453370011,-4.895668389968989,-0.6219022558185543,-0.37607333700108825,48.86824655149773,-61.69755458859969,90.82050250339528,-29.10692239985734,97.72527309967653,88.03863083393689
253,-338.991931610031,-529.4178857441814,176.7841453370011,-4.89379938996899,-0.5969212558186427,-0.14100733700109913,48.28903767223047,-65.66904357388974,96.9995625791242,-31.31451457514308,97.14606416311348,88.0384674836695
254,-321.2184506100309,-501.2183377441813,176.7841453370011,-4.821117389969061,-0.5561282558186349,-0.05670033700118893,47.62849330864826,-69.6155671837641,102.86995063816379,-33.238401025887626,96.48551985682707,88.03828161616077
255,-303.4449686100309,-473.0187897441814,176.7841453370011,-4.8620363899690915,-0.47940325581862453,-0.07699433700108216,46.86797858142228,-73.5854487932557,108.47864354743258,-34.87723507208929,95.72500518689685,88.03806818938209
256,-285.6714876100309,-444.8192427441813,176.7841453370011,-4.808883389969083,-0.36446625581868375,-0.0222063370010801,45.982613027482074,-77.62826288803885,113.85971310165473,-36.21551333524854,94.83963969025243,88.03782044243147
257,-267.898006610031,-416.6196947441813,176.7841453370011,-4.806819389969007,-0.3185522558187017,0.11170166299891093,44.938370115769324,-81.799255892185,119.0374618786685,-37.222290995103926,93.79539683583545,88.03752903609686
258,-250.1245256100309,-388.42014774418135,176.7841453370011,-4.866916389969106,-0.27735125581864395,0.1555816629989124,43.68736237754166,-86.1645484530552,124.02810469866765,-37.8476605056148,92.54438926949514,88.03718084964477
259,-232.351044610031,-360.2205997441813,176.7841453370011,-4.829414389969003,-0.19666125581869665,0.2168866629989168,42.15966913745342,-90.80780283657042,128.839871126351,-38.01618584240377,91.01669620129424,88.03675668898903
260,-232.351044610031,-360.2205997441813,232.3397003370011,-5.1718813899689735,-0.1141252558186352,0.18805366299881143,42.15966873638296,-95.87294002481066,123.8352152483732,-27.946394724242246,91.01669453971662,88.03676362177835
261,-250.1245256100309,-388.42014774418135,232.3397003370011,-5.144935389969078,-0.19689625581867176,0.05703266299889265,43.68732398936939,-90.96988056469922,119.29159404283935,-28.305817910029795,92.54435093861863,88.0371866365185
262,-267.898006610031,-416.6196947441813,232.3397003370011,-5.078035389968932,-0.27887725581871337,-0.13358533700110797,44.9383721211216,-86.33408740947955,114.52169094834457,-28.171688490189673,93.79539889848351,88.03753459378747
263,-285.6714876100309,-444.8192427441813,232.3397003370011,-5.108569389969091,-0.3431442558186859,-0.07650333700109968,45.982633482075364,-81.89207482581307,109.52121296401731,-27.613201030653773,94.8396602021415,88.0378256563474
264,-303.4449686100309,-473.0187897441814,232.3397003370011,-5.114395389969104,-0.42436625581859744,-0.1465883370010772,46.86794884491271,-77.58294009297904,104.27722585411139,-26.678325792565857,95.72497545038728,88.03807305952334
265,-321.2184506100309,-501.2183377441813,232.3397003370011,-5.139034389969083,-0.5251042558186327,-0.33207733700109543,47.628472109209845,-73.35200149410888,98.76613578958111,-25.398151637777065,96.48549865738865,88.03828608523156
266,-338.991931610031,-529.4178857441814,232.3397003370011,-5.150444389969039,-0.5667902558186597,-0.34075733700117894,48.28902363476448,-69.14902357941578,92.9534790152747,-23.788450776584412,97.1460501256475,88.03847166626142
267,-356.765412610031,-557.6174327441814,232.3397003370011,-5.136851389968967,-0.6033102558185419,-0.4800843370011023,48.86828528344468,-64.92228109425405,86.78847244834473,-21.850165609969334,97.72531171703191,88.03863478734569
268,-374.5388936100309,-585.8169807441814,232.3397003370011,-5.213765389969069,-0.7274322558185986,-0.6668993370011833,49.380406992846304,-60.615321595689224,80.19882932693478,-19.56746199089715,98.23743342643354,88.03877940189318
269,-392.312374610031,-614.0165277441814,232.3397003370011,-5.222872389968984,-0.7706482558186281,-0.760747337001078,49.83652322368948,-56.15784751673803,73.07605957687483,-16.90214764136426,98.69354959998095,88.03890843198865
270,-392.312374610031,-614.0165277441814,287.89525633700106,-5.539962389968991,-0.8619452558185685,-0.7171103370010314,49.836523166393704,-57.98720842176592,67.66905680692946,-9.665790326222533,98.69354902702314,88.03890316077693
271,-374.5388936100309,-585.8169807441814,287.89525633700106,-5.4990783899691,-0.743432255818675,-0.6162273370011349,49.38036339075809,-62.71980485912102,74.9847696361335,-12.248919552326083,98.2373898816411,88.03877510470971
272,-356.765412610031,-557.6174327441814,287.89525633700106,-5.429155389969026,-0.594602255818586,-0.4560263370010489,48.86824935899092,-67.26579535972931,81.67017881418235,-14.388358111402116,97.72527584987394,88.038630547458
273,-338.991931610031,-529.4178857441814,287.89525633700106,-5.415317389968948,-0.558257255818603,-0.5155743370010555,48.289044834202905,-71.70817417801842,87.86064968817598,-16.136471194657716,97.1460713823817,88.03846736907794
274,-321.2184506100309,-501.2183377441813,287.89525633700106,-5.400934389969052,-0.5445902558186617,-0.37921733700108007,47.62850585642398,-76.11009432644951,93.64342000986012,-17.51734342678589,96.48553246189856,88.03828161616077
275,-303.4449686100309,-473.0187897441814,287.89525633700106,-5.439889389969096,-0.416039255818589,-0.17717833700106667,46.86799857764933,-80.52504983767763,99.07684753602113,-18.535838130847477,95.7250252404197,88.03806836126941
276,-285.6714876100309,-444.8192427441813,287.89525633700106,-5.45920138996911,-0.3302042558186713,-0.1868613370010621,45.98264402449879,-85.00250564784668,104.19995000495807,-19.181507536039835,94.83967074456493,88.03782072891036
277,-267.898006610031,-416.6196947441813,287.89525633700106,-5.454925389968992,-0.24454525581870712,-0.14980133700106535,44.93841824422412,-89.5917694161858,109.0376430020542,-19.4299587090804,93.79544502158603,88.0375294944631
278,-250.1245256100309,-388.42014774418135,287.89525633700106,-5.473643389969084,-0.11325225581862242,-0.0954733370010672,43.68732393207361,-94.34474510287701,113.60322642472057,-19.242585696437473,92.54435088132287,88.03718153719412
279,-232.351044610031,-360.2205997441813,287.89525633700106,-5.491468389968986,-0.06803925581863268,-0.07189233700103159,42.15966913745342,-99.3208541608533,117.90146229707983,-18.564725746145502,91.0166963158858,88.03675772031305
280,-232.351044610031,-360.2205997441813,343.45081133700114,-5.836430389968996,-0.08745425581867039,-0.09487033700116854,42.15966879367875,-101.33878126313249,111.1360898686354,-9.781427934295268,91.0166946543082,88.03675972566533
281,-250.1245256100309,-388.42014774418135,343.45081133700114,-5.784558389969106,-0.194966255818656,-0.043715337001117405,43.68732398936939,-96.40479319746522,107.03960343673135,-10.618914671155819,92.54435093861863,88.03718635003959
282,-267.898006610031,-416.6196947441813,343.45081133700114,-5.774296389968981,-0.2996762558186674,-0.12953933700111975,44.9383721211216,-91.63596663337172,102.63949131391858,-10.987609689167293,93.79539889848351,88.03753436460435
283,-285.6714876100309,-444.8192427441813,343.45081133700114,-5.765480389969014,-0.3762232558187293,-0.23089333700113457,45.982633482075364,-86.9864580144522,97.9283119243539,-10.925916859647039,94.8396602021415,88.03782548446006
284,-303.4449686100309,-473.0187897441814,343.45081133700114,-5.729019389969096,-0.44336625581854605,-0.24974233700112336,46.86800780226983,-82.41219061425971,92.88818743784323,-10.460037026904374,95.7250344650402,88.03807294493178
285,-321.2184506100309,-501.2183377441813,343.45081133700114,-5.673196389969007,-0.564262255818619,-0.520611337001128,47.62852694127084,-77.86819841855349,87.48820913046617,-9.604028226104848,96.48555348944963,88.03828608523156
286,-338.991931610031,-529.4178857441814,343.45081133700114,-5.772946389969036,-0.6420642558185818,-0.5919163370011233,48.2890739404589,-73.30551633957012,81.67997278284497,-8.358451955887688,97.1461004886377,88.03847166626142
287,-356.765412610031,-557.6174327441814,343.45081133700114,-5.752774389969034,-0.7013462558185211,-0.503500337001185,48.86828528344468,-68.66663436887688,75.38964527732988,-6.706985508106314,97.72531171703191,88.03863478734569
288,-374.5388936100309,-585.8169807441814,343.45081133700114,-5.78289338996899,-0.7927922558186538,-0.7237643370011142,49.380406992846304,-63.87774282279789,68.5030628251846,-4.609274777700303,98.23743342643354,88.03877940189318
289,-392.312374610031,-614.0165277441814,343.45081133700114,-5.854657389968963,-0.9324222558185511,-0.9254753370012168,49.83652322368948,-58.83354643982877,60.835165215202025,-1.9855553879247416,98.69354948538938,88.03890837469285
290,-392.312374610031,-614.0165277441814,399.00636733700117,-6.153205389969003,-1.0147122558186084,-0.8574573370011649,49.83652287991481,-58.4954176888635,52.1783447999506,6.333112727796022,98.6935466778962,88.03889588421293
291,-374.5388936100309,-585.8169807441814,399.00636733700117,-6.0893983899690625,-0.8672542558185796,-0.6322503370011532,49.380406992846304,-63.96238003370306,60.50592235208987,3.47250181767978,98.23743348372932,88.0387734431321
292,-356.765412610031,-557.6174327441814,399.00636733700117,-6.05252338996894,-0.7440032558185976,-0.5318753370011677,48.86828528344468,-69.04278883901472,67.78232735446318,1.276486426531994,97.72531177432771,88.03862963072552
293,-338.991931610031,-529.4178857441814,399.00636733700117,-6.032454389969018,-0.6777192558186016,-0.5046703370011869,48.28904426124511,-73.89222168403731,74.30142642244635,-0.3932007093881159,97.1460708094239,88.03846673882438
294,-321.2184506100309,-501.2183377441813,399.00636733700117,-5.984827389969098,-0.5914622558186693,-0.43307033700119746,47.62851044008634,-78.60639695532115,80.22956037664288,-1.6071812792885645,96.48553698826512,88.03828121509031
295,-303.4449686100309,-473.0187897441814,399.00636733700117,-6.0270183899691006,-0.42116325581861247,-0.32714633700118156,46.868007974157166,-83.253462023836,85.67064456700334,-2.4012229756713066,95.72503457963175,88.03806807479052
296,-285.6714876100309,-444.8192427441813,399.00636733700117,-6.050715389969014,-0.35899325581874564,-0.2903573370011827,45.98265840573944,-87.885656030074,90.690851550865,-2.789258757015216,94.83968512580559,88.03782055702303
297,-267.898006610031,-416.6196947441813,399.00636733700117,-6.0234253899689065,-0.24168425581871134,-0.105766337001171,44.9383721211216,-92.5462603777667,95.33240522375694,-2.7702299692022287,93.79539889848351,88.03752937987154
298,-250.1245256100309,-388.42014774418135,399.00636733700117,-6.054320389969121,-0.11441425581858766,-0.13831033700114403,43.68732393207361,-97.27493446064788,99.62218601522923,-2.3313558718794796,92.54435082402708,88.03718153719412
299,-232.351044610031,-360.2205997441813,399.00636733700117,-6.129147389968892,-0.1078112558187172,-0.2657953370012365,42.15966913745342,-102.10877414468442,103.57407296843228,-1.44941643366682,91.01669625859002,88.03675772031305
300,-177.50117761003102,-389.11247274418133,399.00636733700117,-6.125728389968884,-0.01868225581858951,0.0954746629988108,53.42142091153293,-101.27827772210759,102.92601816805144,-1.6314882689018562,102.2784472305286,88.03993540154063
301,-190.7038366100309,-419.7196757441813,399.00636733700117,-5.993765389969099,-0.11468525581869926,0.1058396629988465,54.69844236605402,-96.47916839048492,98.9297495602629,-2.434245856559908,103.55546879964126,88.04030937109351
302,-203.906495610031,-450.32687974418127,399.00636733700117,-5.942373389968992,-0.2171742558187475,0.09114566299882654,55.747413497379526,-91.77602335889826,94.5936763572541,-2.801242398483495,104.6044398163752,88.04061853911976
303,-217.109154610031,-480.9340827441813,399.00636733700117,-5.955928389968989,-0.30303525581871327,-0.09549233700118975,56.62513745591029,-87.13231284368234,89.90199048157007,-2.753199257108201,105.48216366031441,88.0408794068039
304,-230.311813610031,-511.5412867441813,399.00636733700117,-5.908965389968984,-0.35534425581874984,-0.16844833700116624,57.37081068548166,-82.50915094412677,84.82631608381534,-2.3006257961996535,106.22783683259001,88.04110274575243
305,-243.51447261003102,-542.1484907441813,399.00636733700117,-5.9619763899689815,-0.47281525581865935,-0.22812233700119577,58.01241157466657,-77.86236656763575,79.32109637296665,-1.4421353433020772,106.86943772177491,88.04129617630407
306,-256.7171316100309,-572.7556937441814,399.00636733700117,-6.000526389969025,-0.5837242558186517,-0.39876733700117484,58.57047561839187,-73.13823558170371,73.31561174132875,-0.16073196485960886,107.42750165090865,88.04146542803674
307,-269.919789610031,-603.3628977441814,399.00636733700117,-5.912054389969001,-0.6823122558186014,-0.3643873370011761,59.06043222630575,-68.26603093018412,66.69913786580952,1.5835822936227162,107.91745825882252,88.04161485542971
308,-283.12244861003086,-633.9701007441813,399.00636733700117,-5.9528223899690715,-0.8006272558186538,-0.46733833700119476,59.49410856510262,-63.14316537929547,59.29058564838412,3.869309410979804,108.35113442573207,88.04174755245506
309,-296.3251076100309,-664.5773047441813,399.00636733700117,-5.9877343899690345,-0.9030732558186401,-0.6002743370011672,59.880728223960084,-57.60063689136325,50.76710414310289,6.850297779824781,108.7377536262233,88.04186575364821
310,-296.3251076100309,-664.5773047441813,343.45081133700114,-5.715016389969037,-0.7774582558187149,-0.47084333700121306,59.88072856773477,-58.02192886200994,59.562910368465964,-1.5242199126383764,108.73775689208273,88.04184827843545
311,-283.12244861003086,-633.9701007441813,343.45081133700114,-5.701454389969115,-0.7061802558187082,-0.4055243370011681,59.49410862239841,-63.11374646023402,67.3685461729613,-4.238070147250378,108.35113471221096,88.0417429687927
312,-269.919789610031,-603.3628977441814,343.45081133700114,-5.685337389968993,-0.5798222558186126,-0.14621733700113282,59.06039779154226,-67.92963268364747,74.3554012239873,-6.409079998641049,107.91742388135482,88.04161044365469
313,-256.7171316100309,-572.7556937441814,343.45081133700114,-5.711028389969044,-0.5283582558186026,-0.2711263370011352,58.57044989258687,-72.58099671179497,80.7227509302398,-8.125110825820315,107.42747603969521,88.04146113085328
314,-243.51447261003102,-542.1484907441813,343.45081133700114,-5.7032423899689775,-0.39960925581863194,-0.18101233700116381,58.0123950161863,-77.14540087272741,86.59358910492324,-9.431594744195282,106.86942116329463,88.04129182182481
315,-230.311813610031,-511.5412867441813,343.45081133700114,-5.663952389968983,-0.34011925581864944,-0.013233337001224754,57.370806216410855,-81.6819004420509,92.04654893420759,-10.348110065400245,106.22783242081498,88.04109827668162
316,-217.109154610031,-480.9340827441813,343.45081133700114,-5.740386389968904,-0.2975592558187259,0.08475866299886547,56.625151722559394,-86.24001644847755,97.13318745232993,-10.876693597101113,105.48217792696352,88.0408748804373
317,-203.906495610031,-450.32687974418127,343.45081133700114,-5.765111389968922,-0.21005325581870693,0.13480966299886177,55.74745939129892,-90.86456181192524,101.88665697134476,-11.00568541898386,104.6044857102946,88.0406140127532
318,-190.7038366100309,-419.7196757441813,343.45081133700114,-5.76865038996911,-0.026935255818671067,0.19988866299883057,54.69844236605402,-95.59842207958484,106.32619305953334,-10.71143646887134,103.55546879964126,88.04030490202271
319,-177.50117761003102,-389.11247274418133,343.45081133700114,-5.840526389968971,0.013453744181333605,0.186871662998783,53.42142108342027,-100.48656452620426,110.46131174373188,-9.958496129105427,102.27844768889484,88.03993230756853
320,-177.50117761003102,-389.11247274418133,287.89525633700106,-5.549894389968983,0.03899674418136101,0.20757066299893268,53.421420968828706,-98.45670248386938,117.19000725294927,-18.71705035750248,102.27844711593704,88.03993219297698
321,-190.7038366100309,-419.7196757441813,287.89525633700106,-5.462621389969087,-0.07804125581861854,0.21840366299892366,54.69844236605402,-93.53736431877005,112.85954599965643,-19.305846424964106,103.55546885693704,88.04030931379774
322,-203.906495610031,-450.32687974418127,287.89525633700106,-5.439921389969015,-0.16080925581866268,0.05077066299895705,55.747413497379526,-88.82680595815951,108.26057071128142,-19.417354095953755,104.6044398163752,88.04061853911976
323,-217.109154610031,-480.9340827441813,287.89525633700106,-5.419456389968985,-0.21931925581873202,0.09159466299894348,56.62513745591029,-84.26890807676548,103.38772640967932,-19.102339894838547,105.48216366031441,88.0408794068039
324,-230.311813610031,-511.5412867441813,287.89525633700106,-5.406249389968991,-0.31410625581872864,0.023321662998910142,57.37081068548166,-79.81288524261358,98.22581934274312,-18.396394642049074,106.22783683259001,88.04110274575243
325,-243.51447261003102,-542.1484907441813,287.89525633700106,-5.433278389968962,-0.35698125581870954,-0.11020533700104806,58.01241157466657,-75.4102404171632,92.74811678944228,-17.321281795658702,106.86943772177491,88.04129617630407
326,-256.7171316100309,-572.7556937441814,287.89525633700106,-5.438481389969127,-0.4151482558186217,-0.3460563370010732,58.57047561839187,-71.0116094475466,86.91316221662274,-15.884908230536022,107.42750170820443,88.04146542803674
327,-269.919789610031,-603.3628977441814,287.89525633700106,-5.3826573899689265,-0.48104425581857413,-0.3003083370011268,59.06043228360153,-66.56276760803264,80.6590426643794,-14.079585254140826,107.91745831611831,88.04161485542971
328,-283.12244861003086,-633.9701007441813,287.89525633700106,-5.413063389969125,-0.6136032558187026,-0.3721003370011431,59.49410862239841,-61.99860918869855,73.89287651750135,-11.877536388227195,108.35113459761942,88.0417477816382
329,-296.3251076100309,-664.5773047441813,287.89525633700106,-5.492185389969109,-0.7077242558186754,-0.6087463370010369,59.88072828125587,-57.232530243711594,66.47032040942204,-9.221021925582376,108.73775414188532,88.04186667038068
330,-296.3251076100309,-664.5773047441813,232.3397003370011,-5.2108453899691085,-0.6002862558186735,-0.562619337001081,59.88072839584743,-55.4501556021101,71.91845960100129,-16.45153770681962,108.73775534509667,88.0418599094787
331,-283.12244861003086,-633.9701007441813,232.3397003370011,-5.165492389969131,-0.5558322558187001,-0.37561333700108435,59.49407040611348,-59.93461249816941,79.13038146939205,-19.179038718196395,108.35109655322181,88.04174394282096
332,-269.919789610031,-603.3628977441814,232.3397003370011,-5.157202389969029,-0.45612125581862983,-0.2190633370011028,59.060399109345184,-64.25534108928369,85.78773456579096,-21.51570453373803,107.91742519915775,88.04161101661249
333,-256.7171316100309,-572.7556937441814,232.3397003370011,-5.178220389969113,-0.39816425581864223,-0.10752333700108352,58.57044662672744,-68.48535779906148,92.00618715151273,-23.504185730643606,107.42747277383577,88.04146147462797
334,-243.51447261003102,-542.1484907441813,232.3397003370011,-5.183625389968881,-0.36192025581863163,-0.02011133700111145,58.01238728125606,-72.68284924179575,97.86283430752636,-25.163391463138492,106.86941342836441,88.04129199371216
335,-230.311813610031,-511.5412867441813,232.3397003370011,-5.139899389969003,-0.26661425581875164,0.05942666299881694,57.370793324860465,-76.89938757780934,103.41083608938813,-26.494910027526565,106.2278195292646,88.04109839127318
336,-217.109154610031,-480.9340827441813,232.3397003370011,-5.152704389968903,-0.18486725581868768,0.1960916629988958,56.62513218469858,-81.18501035726659,108.68693267086564,-27.485444792256228,105.48215844639849,88.0408748804373
337,-203.906495610031,-450.32687974418127,232.3397003370011,-5.151827389969014,-0.13835825581872996,0.14068366299881063,55.74743102988806,-85.59222818806302,113.71561209623549,-28.106974225032573,104.60445734888374,88.04061384086584
338,-190.7038366100309,-419.7196757441813,232.3397003370011,-5.206777389969119,-0.08043725581865147,0.28272966299888935,54.6985050476368,-90.17989821699922,118.5113534673468,-28.315120796566216,103.55553142392827,88.04030461554382
339,-177.50117761003102,-389.11247274418133,232.3397003370011,-5.264176389968981,0.010435744181336304,0.42885666299889635,53.42142108342027,-95.01719094577966,123.07912323966362,-28.045681205461758,102.27844768889484,88.03993190649808
340,-177.50117761003102,-389.11247274418133,176.7841453370011,-4.940016389968974,-0.03344625581866012,0.40415266299891073,53.42142062505403,-89.99464056453591,128.03453946850254,-38.02363887740284,102.27844568354256,88.03993769337181
341,-190.7038366100309,-419.7196757441813,176.7841453370011,-4.880476389969118,-0.15746625581869012,0.364884662998918,54.69844236605402,-85.41862558577249,123.20711043734838,-37.772149309174694,103.55546879964126,88.0403100013471
342,-203.906495610031,-450.32687974418127,176.7841453370011,-4.847215389969023,-0.17947425581871812,0.40130366299891307,55.74734159117624,-81.10202922357247,118.19913638889166,-37.08069627896792,104.60436785287614,88.04061905478179
343,-217.109154610031,-480.9340827441813,176.7841453370011,-4.819546389968906,-0.20933425581870324,0.2184496629989212,56.62507185224275,-76.96478784533454,113.00037215020606,-36.019105637613094,105.48209805664686,88.04087980787435
344,-230.311813610031,-511.5412867441813,176.7841453370011,-4.849265389968991,-0.29728725581867366,0.07080366299891239,57.37075264485702,-72.94447890249056,107.59412236139505,-34.6331037716409,106.22777879196535,88.04110297493555
345,-243.51447261003102,-542.1484907441813,176.7841453370011,-4.891028389968881,-0.3338482558186797,0.06614066299889032,58.01236069601437,-68.98770398904149,101.95494414401652,-32.95064534917154,106.86938684312271,88.04129634819141
346,-256.7171316100309,-572.7556937441814,176.7841453370011,-4.924620389969107,-0.3680442558186314,0.01017666299890152,58.570430870388066,-65.04581681094109,96.04722605115923,-30.9847644724949,107.42745696020063,88.04146554262832
347,-269.919789610031,-603.3628977441814,176.7841453370011,-4.868758389968946,-0.4197472558186064,-0.2994663370010926,59.06039269221788,-61.07062101789966,89.82178040095631,-28.734469351667602,107.91741878203044,88.04161497002129
348,-283.12244861003086,-633.9701007441813,176.7841453370011,-4.883376389969158,-0.4845132558186833,-0.40760333700109186,59.49407327090245,-57.009659344392446,83.20985959185187,-26.18346896310913,108.35109936071501,88.04174789622975
349,-296.3251076100309,-664.5773047441813,176.7841453370011,-4.949159389969111,-0.5849212558186991,-0.4276583370011906,59.88072828125587,-52.79929640479056,76.11166262652635,-23.295597294058357,108.73775425647686,88.0418668995638
350,-296.3251076100309,-664.5773047441813,121.22858933700111,-4.686081389969104,-0.4875282558186882,-0.5320133370011177,59.88072833855164,-49.371991446047204,79.15196255499923,-29.76320372826065,108.73775482943468,88.0418632326339
351,-283.12244861003086,-633.9701007441813,121.22858933700111,-4.659850389969165,-0.44355325581864236,-0.24395233700110452,59.4940705780008,-53.29963065347296,86.19207300175862,-32.87571192337205,108.35109672510916,88.04174422929985
352,-269.919789610031,-603.3628977441814,121.22858933700111,-4.656756389968962,-0.4607332558185817,-0.12990233700111276,59.06039624455621,-57.073714593493584,92.7920920450637,-35.70168833691355,107.91742233436878,88.04161113120405
353,-256.7171316100309,-572.7556937441814,121.22858933700111,-4.663851389969125,-0.36945625581859076,-0.023142337001118563,58.570440438783244,-60.749428498288,99.04274640585787,-38.27667422846646,107.4274665858916,88.04146147462797
354,-243.51447261003102,-542.1484907441813,121.22858933700111,-4.630957389968984,-0.30468825581863257,0.16643466299889553,58.01237679612842,-64.37250454126062,105.00871276326689,-40.61961450482257,106.86940294323675,88.0412918791206
355,-230.311813610031,-511.5412867441813,121.22858933700111,-4.56244738996898,-0.2623152558186348,0.25588266299888573,57.370776422605516,-67.98495978017648,110.73803093551082,-42.73653261398631,106.22780262700964,88.04109810479429
356,-217.109154610031,-480.9340827441813,121.22858933700111,-4.550106389968988,-0.2132402558186186,0.2304826629988952,56.62510514109064,-71.62936480732643,116.26736827342151,-44.62152600204802,105.48213134549476,88.04087442207107
357,-203.906495610031,-450.32687974418127,121.22858933700111,-4.561029389969008,-0.22486825581870562,0.3592986629988957,55.74738702672939,-75.35303384717882,121.62520530578358,-46.25576177546487,104.60441328842928,88.04061309602072
358,-190.7038366100309,-419.7196757441813,121.22858933700111,-4.539665389969116,-0.12935925581865604,0.43256266299889035,54.69843125067279,-79.21318120464824,126.83379399448648,-47.60427839335265,103.55545756966848,88.040303526924
359,-177.50117761003102,-389.11247274418133,121.22858933700111,-4.539672389968985,-0.058576255818650225,0.48388866299889344,53.421449444831126,-83.28445067536876,131.9103068586786,-48.609605266774984,102.27847587841836,88.03993030221625
360,-177.50117761003102,-389.11247274418133,65.6730343370011,-4.2015863899689805,-0.15478225581864535,0.5528536629988992,53.42142062505403,-74.95135559695817,134.5292694382474,-59.56165186666896,102.27844568354256,88.03993981331566
361,-190.7038366100309,-419.7196757441813,65.6730343370011,-4.189547389969107,-0.22618925581866733,0.5000216629988898,54.69828686530842,-71.65116722652988,129.25750957432126,-57.5900059459535,103.5553131843041,88.04031223588248
362,-203.906495610031,-450.32687974418127,65.6730343370011,-4.293391389969003,-0.31031525581869346,0.5637396629988984,55.747295296186394,-68.44083221747783,123.89493549879639,-55.437691764713726,104.6043215578863,88.04062048717627
363,-217.109154610031,-480.9340827441813,65.6730343370011,-4.258509389968992,-0.2976282558187222,0.424264662998894,56.625045267001056,-65.27330592197634,118.41613630427565,-53.12635131397044,105.48207147140518,88.04088072460682
364,-230.311813610031,-511.5412867441813,65.6730343370011,-4.275027389968983,-0.2932532558186267,0.2831476629988998,57.370737060404984,-62.1115412327669,112.79326927859202,-50.66518807208263,106.22776320751333,88.04110354789334
365,-243.51447261003102,-542.1484907441813,65.6730343370011,-4.342088389968978,-0.31532325581861187,0.060539662998905897,58.01235141409809,-58.92353702459696,106.99437483593307,-48.05424277634951,106.86937756120643,88.04129669196608
366,-256.7171316100309,-572.7556937441814,65.6730343370011,-4.406318389969101,-0.335215255818639,0.040526662998900065,58.57042542728902,-55.67873000980088,100.9810057320764,-45.285630782664946,107.42745157439735,88.04146577181143
367,-269.919789610031,-603.3628977441814,65.6730343370011,-4.352159389969017,-0.3746172558186345,-0.1411263370010971,59.060389598245784,-52.34493015894105,94.70495421487213,-42.3433338526547,107.91741568805836,88.04161514190862
368,-283.12244861003086,-633.9701007441813,65.6730343370011,-4.372513389969072,-0.3996342558186825,-0.37830333700109975,59.4940717239164,-48.88497445539703,88.10325050376201,-39.201544534831584,108.35109781372897,88.0417480108213
369,-296.3251076100309,-664.5773047441813,65.6730343370011,-4.460438389969113,-0.44042425581869793,-0.5317543370011037,59.88069590914044,-45.252118882298205,81.0898629804549,-35.82097488400036,108.73772194165723,88.04186701415536
370,-296.3251076100309,-664.5773047441813,10.1174783370011,-4.215391389969113,-0.3741242558186286,-0.42223933700110017,59.88072828125587,-40.52305140659488,81.94660304728833,-41.40678397352318,108.73775448565999,88.04186483691574
371,-283.12244861003086,-633.9701007441813,10.1174783370011,-4.1460883899691225,-0.3564572558186683,-0.24342633700110028,59.49407069259237,-43.85477216550352,88.95121509170947,-45.07971244399657,108.35109678240492,88.04174422929985
372,-269.919789610031,-603.3628977441814,10.1174783370011,-4.182488389968967,-0.43066025581856593,-0.04820233700109888,59.06039532782374,-46.98245549159363,95.55609917694879,-48.556954627994365,107.9174214176363,88.04161107390827
373,-256.7171316100309,-572.7556937441814,10.1174783370011,-4.171018389969106,-0.3712312558186568,0.09689066299890037,58.57043837613519,-49.94470063479072,101.84587543976917,-51.88453118317082,107.42746452324353,88.04146130274061
374,-243.51447261003102,-542.1484907441813,10.1174783370011,-4.13874338996888,-0.3724792558186891,0.3280136629988011,58.01237312919852,-52.76877706298779,107.88300418665747,-55.09763346378178,106.86939927630686,88.04129159264171
375,-230.311813610031,-511.5412867441813,10.1174783370011,-4.030431389968982,-0.30680425581874715,0.3776716629989014,57.37077023466132,-55.474313794584,113.71603247536977,-58.22518019673355,106.22779638176966,88.04109764642806
376,-217.109154610031,-480.9340827441813,10.1174783370011,-4.030823389968987,-0.3342072558186828,0.4818636629989008,56.62509459866722,-58.075258856848244,119.38454040228105,-61.292804253273104,105.48212080307133,88.04087367722595
377,-203.906495610031,-450.32687974418127,10.1174783370011,-4.028385389969003,-0.36492625581871607,0.6047516629989005,55.747368634784166,-60.58083182825352,124.92253364278591,-64.3252924178714,104.60439483918829,88.04061195010512
378,-190.7038366100309,-419.7196757441813,10.1174783370011,-3.9247823899690104,-0.2697342558187188,0.6992166629989001,54.69839750345866,-62.995669598940076,130.36113429028762,-67.34913075322817,103.55542382245433,88.04030163616328
379,-177.50117761003102,-389.11247274418133,10.1174783370011,-3.9505313899689725,-0.3440682558186836,0.8669426629989001,53.42138355468469,-65.31903706405672,135.73121382644976,-70.39592630422445,102.27840993097615,88.03992709365261
380,-177.50117761003102,-389.11247274418133,-45.4380766629988,-3.6754053899689723,-0.42326025581866134,0.9271906629988038,53.421420968828706,-54.94756447267268,135.4267853643743,-80.46297220970217,102.2784472305286,88.03993035951204
381,-190.7038366100309,-419.7196757441813,-45.4380766629988,-3.6308793899690954,-0.33056425581861504,0.7398106629988987,54.69830216328155,-53.66207579055936,130.08241576228255,-76.40400259585705,103.55532853957301,88.04031567362927
382,-203.906495610031,-450.32687974418127,-45.4380766629988,-3.718814389969026,-0.4036122558187003,0.6817226629988014,55.74730314570819,-52.089933286865794,124.66333555767785,-72.55699018124945,104.60432940740809,88.04062237793698
383,-217.109154610031,-480.9340827441813,-45.4380766629988,-3.738099389968994,-0.34144325581871726,0.4504206629988019,56.6250496214803,-50.28309277445442,119.14052077130694,-68.84094852745318,105.48207582588442,88.04088181322663
384,-230.311813610031,-511.5412867441813,-45.4380766629988,-3.7371603899689774,-0.2823682558185965,0.27292766299880356,57.370739638715065,-48.2713719510121,113.4837140749667,-65.19580180643743,106.22776578582341,88.04110423544269
385,-243.51447261003102,-542.1484907441813,-45.4380766629988,-3.860053389968982,-0.289045255818678,0.15212866299880545,58.0123530756757,-46.06961615301068,107.65945129567477,-61.57323993579015,106.86937922278403,88.04129709303653
386,-256.7171316100309,-572.7556937441814,-45.4380766629988,-3.9556263899690975,-0.3669942558186676,0.10650366299880432,58.570426515908835,-43.68121282152652,101.62845697871583,-57.93059910298719,107.42745266301716,88.04146605829033
387,-269.919789610031,-603.3628977441814,-45.4380766629988,-3.917336389969023,-0.3553382558186513,-0.03824933700119715,59.0603904003867,-41.09932771597932,95.34228639659598,-54.22626836274872,107.91741649019927,88.04161525650018
388,-283.12244861003086,-633.9701007441813,-45.4380766629988,-3.938454389969138,-0.33610325581867073,-0.22263833700119307,59.49407235416997,-38.306302449010474,88.73836894845282,-50.41533487131738,108.35109838668676,88.04174806811709
389,-296.3251076100309,-664.5773047441813,-45.4380766629988,-4.001817389969119,-0.3069972558187146,-0.46464033700119955,59.88072828125587,-35.27074099609487,81.73147040135866,-46.44396013381168,108.73775431377265,88.04186707145114
390,-296.3251076100309,-664.5773047441813,-100.99363266299879,-3.835788389969025,-0.3113172558187216,-0.30418933700120476,59.880728223960084,-29.576118397726663,80.44214009452479,-50.849254373402516,108.73775414188532,88.04186558176087
391,-283.12244861003086,-633.9701007441813,-100.99363266299879,-3.7812463899691693,-0.32131625581871504,-0.0642803370012075,59.494072869831996,-32.33614255620312,87.46380622771797,-55.11093324660126,108.35109895964455,88.04174417200407
392,-269.919789610031,-603.3628977441814,-100.99363266299879,-3.7677903899689795,-0.3516972558186353,0.03680966299879174,59.06039882286629,-34.81166555283141,94.06416285775596,-59.23580824756376,107.91742496997463,88.04161095931671
393,-256.7171316100309,-572.7556937441814,-100.99363266299879,-3.7044223899691247,-0.37223125581863314,0.2029956629987879,58.570443819234235,-37.029121196560325,100.33091601479039,-63.285151196422426,107.4274699090468,88.04146113085328
394,-243.51447261003102,-542.1484907441813,-100.99363266299879,-3.677073389968882,-0.36523225581868246,0.37007566299878647,58.01238149438233,-38.99887291880509,106.32752977006939,-67.31206324867217,106.86940764149067,88.0412913061628
395,-230.311813610031,-511.5412867441813,-100.99363266299879,-3.5845843899689953,-0.3588342558186923,0.48907066299878466,57.37078352728218,-40.71771971895586,112.10207264699856,-71.36781455858204,106.22780967439051,88.04109718806181
396,-217.109154610031,-480.9340827441813,-100.99363266299879,-3.5675963899689975,-0.3889782558186994,0.669227662998793,56.62511648565499,-42.16879028177723,117.69228864140264,-75.50702123935305,105.4821427473549,88.04087298967659
397,-203.906495610031,-450.32687974418127,-100.99363266299879,-3.495177389968916,-0.48814425581872456,0.7704446629988979,55.74740644999864,-43.319144518781975,123.12881661408045,-79.79326281322905,104.60443276899433,88.0406108614853
398,-190.7038366100309,-419.7196757441813,-100.99363266299879,-3.475301389969104,-0.4549252558186936,0.899621662998797,54.69846694594343,-44.11447542749954,128.43738179707555,-84.3065725460482,103.55549337953066,88.04029980269833
399,-177.50117761003102,-389.11247274418133,-100.99363266299879,-3.4422633899689856,-0.4960872558186793,1.0161086629987892,53.42142108342027,-44.469065026735805,133.63987427213408,-89.15455901641278,102.27844768889484,88.03992394238473
400,-118.8457296100309,-409.1820137441813,-100.99363266299879,-3.710480389969092,-0.05932625581863249,1.010028662998792,64.53305184182287,-44.43209801897708,132.44101508977116,-87.99161471940937,113.39007770245232,88.04334799546422
401,-127.16043361003099,-441.46167974418137,-100.99363266299879,-3.7141223899690203,-0.06701325581855144,0.9131456629988008,65.57387574248473,-43.967940898437035,127.23509609791465,-83.24970932216523,114.43090171770575,88.04370133853647
402,-135.475138610031,-473.7413447441813,-100.99363266299879,-3.738893389968979,-0.04057125581874743,0.7530856629987994,66.43250204367554,-43.08856235238549,121.91646479130421,-78.81033612587781,115.28952790430499,88.04398793202559
403,-143.789843610031,-506.0210097441813,-100.99363266299879,-3.7567573899690103,0.005351744181382401,0.6728576629987941,67.15355046394467,-41.87025560735713,116.46220337379667,-74.57427568538964,116.01057626727832,88.04423229852522
404,-152.104548610031,-538.3006757441814,-100.99363266299879,-3.7898573899690007,0.006622744181413509,0.5241206629987971,67.76789815723794,-40.36107732653121,110.84663938276131,-70.46779646846805,116.62492390327583,88.04444326158539
405,-160.419253610031,-570.5803407441814,-100.99363266299879,-3.8500943899690014,0.02374774418137804,0.4028496629987899,68.29779009535977,-38.58970851662482,105.03823447095678,-66.43067717309805,117.15481584139765,88.04462718103761
406,-168.73395761003098,-602.8600057441813,-100.99363266299879,-3.8951593899690238,0.004372744181296184,0.2590886629987921,68.75964627469035,-36.56971183349385,98.99769164045465,-62.4100565985093,117.61667196343245,88.04478904161475
407,-177.048662610031,-635.1396717441814,-100.99363266299879,-3.921483389969012,0.02387974418138583,0.07413766299879399,69.16586257983155,-34.30132832048271,92.67446581507564,-58.355147307375155,118.02288821127789,88.04493256754242
408,-185.363367610031,-667.4193367441814,-100.99363266299879,-3.9420963899690094,0.054387744181326525,-0.01825633700120477,69.52597927373432,-31.771050955937426,86.00116483951973,-54.212063192021375,118.38300490518066,88.0450607382012
409,-193.678072610031,-699.6990017441813,-100.99363266299879,-3.973478389969017,0.027133744181242037,-0.19943333700121002,69.84748628987975,-28.948318457544623,78.88336509726206,-49.91694105879975,118.7045118640303,88.04517590271801
410,-193.678072610031,-699.6990017441813,-45.4380766629988,-4.128055389969006,-0.015484255818705606,-0.30870633700119754,69.84748623258396,-34.58950059481163,80.17869008961905,-45.571086263016696,118.70451169214294,88.04517441302774
411,-185.363367610031,-667.4193367441814,-45.4380766629988,-4.146009389969009,-0.0475212558186513,0.03252266299880091,69.52597325767748,-37.678763376512556,87.27691994272202,-49.58010776540927,118.38299894641958,88.04505667020085
412,-177.048662610031,-635.1396717441814,-45.4380766629988,-4.119637389968915,-0.07463025581853344,0.1796266629988068,69.16586229335266,-40.51684380995509,93.95021278227723,-53.415380847752445,118.02288798209476,88.04492809847162
413,-168.73395761003098,-602.8600057441813,-45.4380766629988,-4.132376389968925,-0.06923225581874703,0.3081186629988082,68.7596514313105,-43.13850708338705,100.28959487156335,-57.13316687155598,117.61667712005261,88.04478399958614
414,-160.419253610031,-570.5803407441814,-45.4380766629988,-4.071425389968994,-0.034376255818642676,0.3665706629988037,68.297801210741,-45.563957407538126,106.36125418048233,-60.779450627316166,117.15482695677888,88.04462127957233
415,-152.104548610031,-538.3006757441814,-45.4380766629988,-4.000375389969008,-0.016630255818654405,0.45205766299880423,67.76791632000004,-47.80224923444477,112.21584940274428,-64.39583778910111,116.62494206603793,88.04443615690873
416,-143.789843610031,-506.0210097441813,-45.4380766629988,-4.001606389968998,-0.0724212558187105,0.6560596629987998,67.15357739296104,-49.85231577398823,117.89393013660927,-68.02394623497993,116.01060319629471,88.04422353227095
417,-135.475138610031,-473.7413447441813,-45.4380766629988,-4.016864389969015,-0.11267325581872001,0.8389446629988058,66.43254025996048,-51.702190516138316,123.42950406282418,-71.70975221837777,115.28956612058991,88.04397653016547
418,-127.16043361003099,-441.46167974418137,-45.4380766629988,-3.9613903899690115,-0.03534225581864803,0.9052196629988032,65.57385523059568,-53.32617172012103,128.85267931138225,-75.50906841755506,114.4308811485209,88.043685868676
419,-118.8457296100309,-409.1820137441813,-45.4380766629988,-3.904464389968993,-0.04387525581870477,0.9538456629988019,64.53305373258358,-54.67882910399422,134.19199193067837,-79.49586431411669,113.3900797078046,88.0433382551817
420,-118.8457296100309,-409.1820137441813,10.1174783370011,-4.167257389968995,0.01893074418131846,0.9036266629989012,64.53305195641443,-64.7883214418086,134.48949751560264,-69.68390259948221,113.39007678571984,88.0433295462232
421,-127.16043361003099,-441.46167974418137,10.1174783370011,-4.174354389969011,0.023764744181448805,0.7854016629989005,65.5737480301922,-62.45223683465436,129.12660401610697,-66.65692267923896,114.43077389082164,88.04369881752217
422,-135.475138610031,-473.7413447441813,10.1174783370011,-4.212486389969001,-0.05597225581874454,0.6789976629988992,66.43247276553221,-60.024513071267975,123.6850153937037,-63.64293675423993,115.28949856886587,88.04398644233532
423,-143.789843610031,-506.0210097441813,10.1174783370011,-4.2188163899689926,-0.0049172558187251525,0.5312476629989007,67.15353402005594,-57.50477446322322,118.13513304976675,-60.61268696385988,116.01055976609382,88.04423143908852
424,-152.104548610031,-538.3006757441814,10.1174783370011,-4.200104389968999,-0.0061272558185692105,0.38749666299890073,67.76788853154699,-54.887510187854936,112.44607135057497,-57.54079580414108,116.62491427758486,88.04444268862758
425,-160.419253610031,-570.5803407441814,10.1174783370011,-4.280977389968996,-0.07021525581865262,0.3662386629989012,68.29778436578182,-52.16265715822414,106.58334453939719,-54.402838771826474,117.15481005452392,88.04462683726294
426,-168.73395761003098,-602.8600057441813,10.1174783370011,-4.298073389969005,-0.07088925581865624,0.2195596629989005,68.75964272235203,-49.31528214613322,100.50615114572658,-51.17294590573342,117.61666841109414,88.04478881243162
427,-177.048662610031,-635.1396717441814,10.1174783370011,-4.323077389968915,-0.10033125581855984,0.0656576629988006,69.16586040259195,-46.324448242424054,94.16378314418691,-47.82134477184089,118.02288603403827,88.04493245295086
428,-185.363367610031,-667.4193367441814,10.1174783370011,-4.286170389969016,-0.047037255818622725,-0.17673533700109978,69.52597795593141,-43.16099034833844,87.49022857751089,-44.31118759490732,118.38300353008196,88.04506068090541
429,-193.678072610031,-699.6990017441813,10.1174783370011,-4.337586389969005,-0.16186325581873007,-0.2288053370010985,69.84748628987975,-39.7832196536322,80.39473998368297,-40.59341480642885,118.7045118640303,88.04517584542224
430,-193.678072610031,-699.6990017441813,65.6730343370011,-4.546477389968999,-0.22617125581871278,-0.18436733700109187,69.84748628987975,-44.45122564200973,79.53373138127579,-35.06440330961624,118.70451192132607,88.04517332440794
431,-185.363367610031,-667.4193367441814,65.6730343370011,-4.555053389969004,-0.14218325581862246,-0.21568533700110493,69.52597228364924,-48.12424223339201,86.64114202360902,-38.49885093212104,118.38299797239135,88.04505667020085
432,-177.048662610031,-635.1396717441814,65.6730343370011,-4.524969389969016,-0.17120925581855317,0.14481566299889437,69.16586114743707,-51.61227281160166,93.3140473145116,-41.683786321044465,118.02288683617917,88.04492821306319
433,-168.73395761003098,-602.8600057441813,65.6730343370011,-4.554376389969008,-0.11274425581871128,0.22990766299879795,68.7596500562118,-54.96489575842603,99.64497374995295,-44.662157017610824,117.61667574495391,88.04478417147348
434,-160.419253610031,-570.5803407441814,65.6730343370011,-4.5116223899690056,-0.05991025581863596,0.28285266299890566,68.29779926268449,-58.220662940180944,105.70066976715026,-47.46216062404547,117.15482500872238,88.04462162334701
435,-152.104548610031,-538.3006757441814,65.6730343370011,-4.46089238996899,-0.04510325581861707,0.3844496629989038,67.76791345521107,-61.41227970454496,111.53169362031208,-50.10165130738558,116.62493920124895,88.04443667257073
436,-143.789843610031,-506.0210097441813,65.6730343370011,-4.467746389968994,0.0031137441812916222,0.5955966629989007,67.15357286659444,-64.57008451054492,117.17791194200672,-52.59015890275024,116.01059861263235,88.04422427711609
437,-135.475138610031,-473.7413447441813,65.6730343370011,-4.535403389968991,-0.06204125581871267,0.7827576629989039,66.43253258232603,-67.7250449821625,122.67201409439026,-54.92940732555343,115.28955832836391,88.04397773337683
438,-127.16043361003099,-441.46167974418137,65.6730343370011,-4.502799389968999,0.015188744181386937,0.7206616629989071,65.5738411931297,-70.91206777092515,128.04196666310506,-57.1124589163328,114.43086699646337,88.0436878167325
439,-118.8457296100309,-409.1820137441813,65.6730343370011,-4.4876643899690976,0.06419874418128302,0.7949026629989078,64.53302611601787,-74.17458044209792,133.31295561231786,-59.12107551173688,113.39005197664731,88.04334146374534
440,-118.8457296100309,-409.1820137441813,121.22858933700111,-4.783711389969099,0.1634827441812945,0.6715426629988883,64.53305230018911,-82.31592310495853,130.74317882385517,-48.409962878611346,113.39007844729744,88.04334375557652
441,-127.16043361003099,-441.46167974418137,121.22858933700111,-4.742893389968998,0.12005974418138976,0.6115596629988858,65.57378298061771,-78.31651405819909,125.65684191071618,-47.32288466810636,114.43080884124716,88.04369601002897
442,-135.475138610031,-473.7413447441813,121.22858933700111,-4.732047389969011,0.06736674418129951,0.4754896629987826,66.43249138666054,-74.50486190580531,120.43227188212103,-45.90984532485239,115.28951718999423,88.0439848380535
443,-143.789843610031,-506.0210097441813,121.22858933700111,-4.724868389969004,0.03387874418137926,0.3693106629988847,67.15354433329625,-70.81312689784767,115.05227673835628,-44.22147873348699,116.01057007933416,88.04423046506028
444,-152.104548610031,-538.3006757441814,121.22858933700111,-4.706829389968988,-0.06645125581860611,0.49632066299878375,67.76789443301229,-67.18777924910466,109.49385503144073,-42.28831076753178,116.62492012175437,88.0444421156698
445,-160.419253610031,-570.5803407441814,121.22858933700111,-4.752025389968992,-0.1308922558185941,0.3047176629988826,68.29778768893703,-63.58357551917118,103.72734198612295,-40.1259181440841,117.15481337767913,88.04462643619249
446,-168.73395761003098,-602.8600057441813,121.22858933700111,-4.766191389969009,-0.1873402558186399,0.20344666299888559,68.75964461311274,-59.95886385358078,97.71427328403827,-37.73748650848487,117.61667024455909,88.0447885832485
447,-177.048662610031,-635.1396717441814,121.22858933700111,-4.759032389969008,-0.17885125581858574,0.02959566299878702,69.16586137662019,-56.27155356949182,91.40387930684743,-35.11433583661675,118.02288700806652,88.04493228106352
448,-185.363367610031,-667.4193367441814,121.22858933700111,-4.743953389968993,-0.2405062558186728,-0.10416433700112293,69.52597835700186,-52.474749217288405,84.72723053889459,-32.234430859228375,118.3830039311524,88.04506056631385
449,-193.678072610031,-699.6990017441813,121.22858933700111,-4.770298389969014,-0.3009052558187477,-0.3424303370011046,69.84748628987975,-48.510386566462635,77.58634111315516,-29.057849252253735,118.70451180673452,88.04517573083068
450,-193.678072610031,-699.6990017441813,176.7841453370011,-4.983767389969017,-0.37558325581869667,-0.19375433700108147,69.84748628987975,-51.87715819037574,74.52643554296115,-22.631177042879433,118.70451203591762,88.04517103257675
451,-185.363367610031,-667.4193367441814,176.7841453370011,-4.98560538996901,-0.2984122558186755,-0.07354733700108795,69.52597216905768,-56.124048449924366,81.7365446301839,-25.5944474940509,118.38299791509556,88.0450564983135
452,-177.048662610031,-635.1396717441814,176.7841453370011,-4.990762389969007,-0.25040825581857007,0.003911662998916654,69.16586292360623,-60.2056827271588,88.4340739855436,-28.21040319111088,118.02288861234834,88.0449281557674
453,-168.73395761003098,-602.8600057441813,176.7841453370011,-5.024812389969014,-0.19566525581865335,0.21164066299888873,68.75965378043747,-64.18872620852858,94.72690818141237,-30.520261056263475,117.61667946917959,88.04478422876926
454,-160.419253610031,-570.5803407441814,176.7841453370011,-5.027021389969008,-0.17368425581855718,0.3846476629989013,68.29780573710758,-68.12697138040421,100.68886526664996,-32.54404756873034,117.15483148314547,88.04462179523435
455,-152.104548610031,-538.3006757441814,176.7841453370011,-4.985499389968908,-0.08168325581857516,0.31488666299890156,67.7679239976345,-72.06869841680087,106.37243820205174,-34.285977062277766,116.62494974367239,88.04443701634541
456,-143.789843610031,-506.0210097441813,176.7841453370011,-5.039081389968999,-0.015609255818674228,0.3720226629989156,67.15359016991987,-76.06155620683501,111.81552482261041,-35.73629991517649,116.01061591595774,88.04422485007387
457,-135.475138610031,-473.7413447441813,176.7841453370011,-5.065363389969008,0.007669744181271199,0.5697966629988969,66.43256157399045,-80.15676591688417,117.04524917953057,-36.87092118949318,115.28958737732411,88.04397865010931
458,-127.16043361003099,-441.46167974418137,176.7841453370011,-5.13621538996901,0.018488744181354377,0.6995626629988863,65.57389172800723,-84.41362002708166,122.08007168649246,-37.64901122519746,114.43091764593244,88.04368924912698
459,-118.8457296100309,-409.1820137441813,176.7841453370011,-5.135979389969094,0.145443744181307,0.5618646629989144,64.53311904977224,-88.9052263478044,126.93074091714115,-38.00821428060012,113.39014508228902,88.04334369828075
460,-118.8457296100309,-409.1820137441813,232.3397003370011,-5.4405183899691,0.13559874418126583,0.6443666629988911,64.53305218559755,-93.86826257154388,122.03952518220443,-28.153963009473266,113.39007793163543,88.04334828194311
461,-127.16043361003099,-441.46167974418137,232.3397003370011,-5.352121389969,0.07674074418139298,0.40012766299881264,65.57387574248473,-89.11281308227642,117.43617593402136,-28.305920469475126,114.43090166040996,88.04369469222604
462,-135.475138610031,-473.7413447441813,232.3397003370011,-5.303183389969007,0.026744744181314672,0.40220666299890695,66.43256862137133,-84.58584054057879,112.60347345661661,-28.00006878023653,115.28959442470499,88.04398392132103
463,-143.789843610031,-506.0210097441813,232.3397003370011,-5.2602043899690045,-0.024361255818746486,0.35304566299890894,67.15356644946715,-80.22255207148439,107.53461467831387,-27.294391958174074,116.01059219550504,88.0442298348067
464,-152.104548610031,-538.3006757441814,232.3397003370011,-5.225866389968985,-0.15565825581859372,0.21758866299890656,67.76790789752046,-75.9661700212143,102.21276650016269,-26.22883186521458,116.62493358626257,88.04444165730355
465,-160.419253610031,-570.5803407441814,232.3397003370011,-5.239411389969007,-0.20065125581857046,0.18121466299891154,68.29779582493772,-71.76626230086639,96.61161910128108,-24.82750876402591,117.15482145638404,88.04462614971358
466,-168.73395761003098,-602.8600057441813,232.3397003370011,-5.2192563899690185,-0.2252922558186583,0.2386526629989021,68.75964936866244,-67.57337617829783,90.691584879547,-23.100286008459673,117.61667500010877,88.04478835406539
467,-177.048662610031,-635.1396717441814,232.3397003370011,-5.20064038996901,-0.30910825581861445,-0.0696383370010949,69.16589374873561,-63.335102917509076,84.39500766499418,-21.041915133225142,118.02291938018193,88.04493210917619
468,-185.363367610031,-667.4193367441814,232.3397003370011,-5.210626389969008,-0.40344525581861035,-0.24651333700109035,69.52600643193382,-58.99188928527425,77.63908491487327,-18.629145453700122,118.38303200608436,88.04506039442651
469,-193.678072610031,-699.6990017441813,232.3397003370011,-5.192774389969003,-0.48924625581878445,-0.34660633700107724,69.84748623258396,-54.46646796951115,70.2976713189235,-15.81309857063558,118.70451174943872,88.04517544435178
470,-193.678072610031,-699.6990017441813,287.89525633700106,-5.410885389968911,-0.5655542558187108,-0.19191933700108166,69.84748623258396,-56.18167809194467,64.78682791272405,-8.58705581360914,118.7045115775514,88.04516564677348
471,-185.363367610031,-667.4193367441814,287.89525633700106,-5.461389389969014,-0.49826525581863734,-0.23671833700103662,69.52596890319825,-61.000106299912005,72.36731341990385,-11.349159006741012,118.38299459194036,88.04505581076415
472,-177.048662610031,-635.1396717441814,287.89525633700106,-5.4304543899690145,-0.368807255818524,-0.014124337001078402,69.16586366845137,-65.59299706298165,79.25035390425542,-13.639369060478764,118.02288935719348,88.04492775469694
473,-168.73395761003098,-602.8600057441813,287.89525633700106,-5.482565389968926,-0.3088422558187176,0.04655066299892496,68.75965796302938,-70.05394790712947,85.5962037703161,-15.524335061157863,117.61668365177148,88.04478405688192
474,-160.419253610031,-570.5803407441814,287.89525633700106,-5.488804389969005,-0.25390125581861867,0.08430566299887232,68.29781370122093,-74.45111766248112,91.50611703637388,-17.037153170968917,117.15483938996304,88.04462173793857
475,-152.104548610031,-538.3006757441814,287.89525633700106,-5.517217389969005,-0.21678625581864708,0.2980866629989123,67.7679368891849,-78.84001362079219,97.04725209094833,-18.189475804478835,116.624962577927,88.04443713093697
476,-143.789843610031,-506.0210097441813,287.89525633700106,-5.532701389968992,-0.08256525581873575,0.3622066629989149,67.15361010885114,-83.27011819341935,102.26463614017275,-18.976849246154504,116.01063585488903,88.044225079257
477,-135.475138610031,-473.7413447441813,287.89525633700106,-5.619629389968907,-0.047481255818695445,0.4127356629989549,66.43259216993671,-87.78910496396001,107.18763831307619,-19.38097116137139,115.28961803056617,88.04397905117978
478,-127.16043361003099,-441.46167974418137,287.89525633700106,-5.63254138996902,0.1358567441813534,0.4233486629989329,65.57393916891266,-92.44598817995643,111.83357173264989,-19.37014294659277,114.43096508683789,88.04368987938057
479,-118.8457296100309,-409.1820137441813,287.89525633700106,-5.666215389969096,0.17619674418131126,0.47947066299894914,64.53305224289332,-97.29347692188436,116.2092231985687,-18.898445701468805,113.39007833270588,88.04334461501323
480,-118.8457296100309,-409.1820137441813,343.45081133700114,-5.9335473899690925,0.10305374418129531,0.5020216629988568,64.53305218559755,-99.33626426182381,109.5289014273744,-10.17533882487045,113.39007787433965,88.04334432853433
481,-127.16043361003099,-441.46167974418137,343.45081133700114,-5.864018389969004,0.027077744181383423,0.42659166299887374,65.57387574248473,-94.50561560893146,105.33952564532926,-10.81646776871951,114.43090166040996,88.04369440574715
482,-135.475138610031,-473.7413447441813,343.45081133700114,-5.827432389969005,-0.0862842558186685,0.3824256629988554,66.43256862137133,-89.81466695804242,100.84363996013047,-11.01140909546988,115.28959442470499,88.0439836921379
483,-143.789843610031,-506.0210097441813,343.45081133700114,-5.790763389968902,-0.1883262558186516,0.27288666299887154,67.15360810349885,-85.22086828605062,96.03035840285368,-10.791819640035,116.01063384953673,88.04422960562357
484,-152.104548610031,-538.3006757441814,343.45081133700114,-5.695949389969002,-0.240786255818648,0.17624366299878602,67.76794737431254,-80.68174399706761,90.87759345049659,-10.17808501158251,116.62497306305464,88.04444148541621
485,-160.419253610031,-570.5803407441814,343.45081133700114,-5.712366389968992,-0.34511325581854635,0.008465662998844437,68.29783209316616,-76.15243378756584,85.34890000255605,-9.178618350488774,117.15485772461247,88.04462603512204
486,-168.73395761003098,-602.8600057441813,343.45081133700114,-5.707496389969009,-0.41970425581871496,-0.0699413370011257,68.75968231373567,-71.58235814660254,79.38800426433818,-7.787723768720837,117.61670788788621,88.04478823947383
487,-177.048662610031,-635.1396717441814,343.45081133700114,-5.629829389969018,-0.41843225581851584,0.05327566299888531,69.16589374873561,-66.90989437469155,72.90892286059812,-5.981039272717075,118.02291932288615,88.04493193728884
488,-185.363367610031,-667.4193367441814,343.45081133700114,-5.633870389969019,-0.5842812558186097,-0.2549143370011393,69.52600643193382,-62.05272167199766,65.77689107589252,-3.706120030136878,118.3830318914928,88.04506005065184
489,-193.678072610031,-699.6990017441813,343.45081133700114,-5.616949389968994,-0.6674222558187921,-0.25767733700115514,69.84748623258396,-56.88778480424081,57.767555081536884,-0.8616673319842382,118.70451140566405,88.04517458491509
490,-193.678072610031,-699.6990017441813,399.00636733700117,-5.823301389969004,-0.8090542558187508,-0.31565533700114656,69.84748623258396,-56.341385550970806,48.75825979697525,7.601231277617471,118.70451180673452,88.04517504328132
491,-185.363367610031,-667.4193367441814,399.00636733700117,-5.888645389969014,-0.7096002558186001,-0.12341633700117427,69.52600643193382,-62.00074420133054,57.57650625815929,4.44228336352045,118.38303212067594,88.04505277408785
492,-177.048662610031,-635.1396717441814,399.00636733700117,-5.851530389969014,-0.5252722558185496,0.0461246629988068,69.16589374873561,-67.189070409496,65.17970753656377,2.0273495078116617,118.0229194947735,88.04492626500667
493,-168.73395761003098,-602.8600057441813,399.00636733700117,-5.917944389969023,-0.4804342558186363,-0.11818233700114433,68.75965555660663,-72.0981641465142,71.93892118437257,0.1771631339168116,117.61668124534874,88.04478314014945
494,-160.419253610031,-570.5803407441814,399.00636733700117,-5.9475973899689905,-0.38112925581856416,0.000788662998786549,68.29781570657322,-76.83953067695202,78.05551596888185,-1.1981394900764513,117.15484139531532,88.04462116498077
495,-152.104548610031,-538.3006757441814,399.00636733700117,-5.920878389969005,-0.2592292558185818,0.13280166299875873,67.76794261876285,-81.48915205396561,83.65236836153957,-2.1454538710797735,116.62496836480074,88.04443672986652
496,-143.789843610031,-506.0210097441813,399.00636733700117,-6.015618389969006,-0.23182825581869793,0.17320566299883922,67.15361950535898,-86.10310875628883,88.80691733258337,-2.6861399902871916,116.01064530869265,88.04422485007387
497,-135.475138610031,-473.7413447441813,399.00636733700117,-6.056613389969016,-0.1286102558187281,0.3264506629988091,66.432605347966,-90.72659162680124,93.56911162371935,-2.824957923764873,115.28963115129967,88.0439789365882
498,-127.16043361003099,-441.46167974418137,399.00636733700117,-6.091697389968999,0.026140744181361697,0.4796156629988104,65.57395538361826,-95.39855990481098,97.97042185857751,-2.554421404961638,114.43098124424772,88.04368987938057
499,-118.8457296100309,-409.1820137441813,399.00636733700117,-6.166222389968993,0.0681677441812667,0.4621966629988492,64.53305224289332,-100.1543269845843,102.02861522920179,-1.8569875548103916,113.3900782754101,88.04334467230899
500,-57.793619610030895,-419.9471477441813,399.00636733700117,-6.000801389969112,0.030302744181312846,0.6113146629988364,75.41005523720382,-98.78746803961788,100.90559159468678,-2.0989224215511526,124.2670596692117,88.04728450199565
501,-61.0206486100309,-453.1239077441814,399.00636733700117,-5.862520389968999,-0.06551425581852754,0.49231566299886254,76.24135924379289,-94.07764266391466,96.76782269420688,-2.670769824475012,125.09838453146453,88.04764082444845
502,-64.2476776100309,-486.3006677441813,399.00636733700117,-5.839347389969092,-0.1590172558186964,0.36566566299882197,76.93083396532462,-89.43853540621639,92.28306264617818,-2.8249499596515206,125.78785919570049,88.04792885033207
503,-67.47470661003089,-519.4774277441813,399.00636733700117,-5.725924389969109,-0.17504725581864022,0.30693966299884323,77.51227256714743,-84.83492861350442,87.43007918169916,-2.5754280430834173,126.36929774022751,88.04817556595864
504,-70.70173561003091,-552.6541877441814,399.00636733700117,-5.697078389969093,-0.2633892558186517,0.18142966299882346,78.00943348908149,-80.22734486344065,82.17322332512305,-1.9260283961658609,126.86645860486581,88.048389336512
505,-73.9287646100309,-585.8309477441813,399.00636733700117,-5.691792389969095,-0.40780825581862246,0.10324266299875262,78.43953497230721,-75.56885937097015,76.45649120217321,-0.867669122184013,127.29656003079575,88.04857640723212
506,-77.1557936100309,-619.0077067441814,399.00636733700117,-5.6153593899691,-0.47241625581864355,0.02094366299883177,78.81537454484085,-70.7997792730523,70.19293870197394,0.6269035477115552,127.6723995460336,88.0487414763729
507,-80.3828226100309,-652.1844667441813,399.00636733700117,-5.547451389969098,-0.5417932558186749,0.013727662998860524,79.14666980007094,-65.83758787558173,63.244180416887104,2.6135598167438614,128.00369468667213,88.0488880389769
508,-83.6098516100309,-685.3612267441813,399.00636733700117,-5.541425389969007,-0.6612242558187518,-0.09958233700115215,79.44093702753713,-60.55538115758537,55.375931727244094,5.199681143045143,128.2979616849552,88.04901838687529
509,-86.8368806100309,-718.5379867441814,399.00636733700117,-5.496201389969087,-0.7428672558186236,-0.1840353370011485,79.70408388047343,-54.726632691715366,46.143479809310875,8.603451631170383,128.56110739197592,88.0491326919554
510,-86.8368806100309,-718.5379867441814,343.45081133700114,-5.338949389969102,-0.5763682558186929,-0.12961933700114514,79.70408399506499,-55.44885899861972,55.460599705982865,0.008568297347283897,128.5611090535535,88.04913870801225
511,-83.6098516100309,-685.3612267441813,343.45081133700114,-5.416793389969101,-0.5212902558187125,-0.15696533700122473,79.44093714212867,-60.71827512138913,63.748807838328425,-3.010302608517255,128.29796242980032,88.0490132875509
512,-80.3828226100309,-652.1844667441813,343.45081133700114,-5.438672389969099,-0.3966092558187029,0.06078166299886334,79.14663897494157,-65.63606847768125,71.07698605191489,-5.420767450719802,128.0036642626132,88.0488829969483
513,-77.1557936100309,-619.0077067441814,343.45081133700114,-5.480124389969106,-0.3636582558185637,0.1347526629987783,78.81535162652904,-70.34083624033528,77.70379322126931,-7.3428965826109,127.67237685690492,88.04873649164007
514,-73.9287646100309,-585.8309477441813,343.45081133700114,-5.517305389969096,-0.30689225581863866,0.09057166299885466,78.43951892948894,-74.92320681073697,83.7828511914926,-8.839684364638222,127.29654415986482,88.04857136520351
515,-70.70173561003091,-552.6541877441814,343.45081133700114,-5.527486389969084,-0.22047925581864547,0.33094866299887826,78.00942541037658,-79.44859747325802,89.41028652426837,-9.941841850282799,126.86645064075243,88.04838423718763
516,-67.47470661003089,-519.4774277441813,343.45081133700114,-5.593915389969112,-0.15837525581866885,0.4986386629988715,77.5122757184153,-83.96933984377874,94.64879495444147,-10.659735393044592,126.36930094879118,88.0481703520427
517,-64.2476776100309,-486.3006677441813,343.45081133700114,-5.667059389969097,-0.10886825581872017,0.4808956629988188,76.93085505017149,-88.53074903972447,99.53924092058044,-10.988917522630459,125.78788028054737,88.04792363641613
518,-61.0206486100309,-453.1239077441814,343.45081133700114,-5.716546389969103,0.01685574418138458,0.6524276629987753,76.24141115376914,-93.17475021642984,104.10699997858646,-10.912842306536831,125.09843649873655,88.04763566782829
519,-57.793619610030895,-419.9471477441813,343.45081133700114,-5.810930389969101,0.07853474418129736,0.6865866629988204,75.41005953438727,-97.94195525266734,108.36523543273225,-10.404066727954547,124.26708499394627,88.04729492982752
520,-57.793619610030895,-419.9471477441813,287.89525633700106,-5.592526389968995,0.1458477441813102,0.5893836629989551,75.41005982086617,-95.88822854413704,114.98880808344582,-19.08136396725459,124.26708671281963,88.0472938985035
521,-61.0206486100309,-453.1239077441814,287.89525633700106,-5.483034389969099,0.06358274418141718,0.6082536629989477,76.24135924379289,-91.11938908849314,110.55439074290317,-19.415591448592814,125.09838458876031,88.04764082444845
522,-64.2476776100309,-486.3006677441813,287.89525633700106,-5.4301963899690975,0.010610744181292375,0.4600006629989366,76.93083396532462,-86.5216854799444,105.84801560445067,-19.306752786900223,125.78785919570049,88.04792890762783
523,-67.47470661003089,-519.4774277441813,287.89525633700106,-5.3823353899691,-0.0444672558186312,0.45681266299891377,77.51227256714743,-82.04486811664647,100.86009920411963,-18.795508447770278,126.36929774022751,88.04817562325442
524,-70.70173561003091,-552.6541877441814,287.89525633700106,-5.337679389969097,-0.1499542558185567,0.3370596629989109,78.00940627358622,-77.64195400103239,95.570871919668,-17.909067681231733,126.86643144666631,88.0483893938078
525,-73.9287646100309,-585.8309477441813,287.89525633700106,-5.328364389969096,-0.2079512558186707,0.15617666299885968,78.43950907461488,-73.26519065321632,89.94685909298565,-16.66170538697559,127.29653419039917,88.04857652182368
526,-77.1557936100309,-619.0077067441814,287.89525633700106,-5.268146389969104,-0.1981902558186448,0.06903366299894742,78.81537454484085,-68.86453725717449,83.93804614951584,-15.053445400046133,127.67239960332938,88.04874176285179
527,-80.3828226100309,-652.1844667441813,287.89525633700106,-5.223914389969096,-0.30793425581862266,0.08476566299896149,79.14666980007094,-64.38302553606951,77.4706882071093,-13.067509167074968,128.00369485855947,88.04888866923046
528,-83.6098516100309,-685.3612267441813,287.89525633700106,-5.196658389969102,-0.38537725581875293,-0.09000533700105962,79.4409370848329,-59.74746826757407,70.43114739498985,-10.66344477910605,128.29796208602565,88.04902004845289
529,-86.8368806100309,-718.5379867441814,287.89525633700106,-5.174831389969086,-0.5078362558186882,-0.15020333700107358,79.70408399506499,-54.85525982596151,62.63838996285567,-7.76282325212757,128.56110882437042,88.04913790587133
530,-86.8368806100309,-718.5379867441814,232.3397003370011,-4.9909623899690985,-0.3442002558186914,-0.1829423370010943,79.70408439613544,-53.228022330941734,68.23806474561222,-14.989742577284781,128.56111312155386,88.04912616023654
531,-83.6098516100309,-685.3612267441813,232.3397003370011,-5.0453643899690945,-0.3166782558187151,-0.05688933700108123,79.44090448353435,-57.81245784123707,75.75441839923369,-17.92172850151808,128.2979297139102,88.04901546479053
532,-80.3828226100309,-652.1844667441813,232.3397003370011,-5.06958038996909,-0.20585025581863192,0.1021796629989069,79.1466424699841,-62.18914853800471,82.64128309038885,-20.431983512137833,128.00366770035998,88.04888414286388
533,-77.1557936100309,-619.0077067441814,232.3397003370011,-5.095086389969097,-0.14197725581857412,0.2572706629988204,78.81535088168391,-66.44185775692067,89.0404286311159,-22.578509902914313,127.67237611205978,88.04873712189365
534,-73.9287646100309,-585.8309477441813,232.3397003370011,-5.130065389969104,-0.17019625581860964,0.29520166299892026,78.4395148614886,-70.63371954554312,95.0441250041794,-24.390445098744213,127.2965400345687,88.04857176627397
535,-70.70173561003091,-552.6541877441814,232.3397003370011,-5.149375389969094,-0.0989512558186334,0.3947136629988961,78.0094177900379,-74.81788565154024,100.71524430083356,-25.877511219382654,126.86644296311799,88.04838440907497
536,-67.47470661003089,-519.4774277441813,232.3397003370011,-5.193893389969105,-0.0223112558186358,0.49365266299889754,77.51226380089317,-79.04350124331052,106.097240442402,-27.034019481473344,126.36928903126902,88.0481703520427
537,-64.2476776100309,-486.3006677441813,232.3397003370011,-5.257621389968989,0.05913674418127357,0.59465466299892,76.93083751766295,-83.35990835755081,111.21962488063006,-27.840142164853756,125.78786280533463,88.0479234645288
538,-61.0206486100309,-453.1239077441814,232.3397003370011,-5.280684389969103,0.11301274418138973,0.5296256629989102,76.2413863446966,-87.82022281747557,116.10098471016651,-28.26135460895848,125.09841168966403,88.04763532405362
539,-57.793619610030895,-419.9471477441813,232.3397003370011,-5.370980389969105,0.14794774418129464,0.7348446629989098,75.41013378971752,-92.48499371425446,120.7505018661572,-28.24629492897548,124.26715919198074,88.04729441416552
540,-57.793619610030895,-419.9471477441813,176.7841453370011,-5.096845389968998,0.16340574418126153,0.6665316629989206,75.41005964897883,-87.59509927728908,125.56560840860303,-37.95128576703372,124.26708545231249,88.04730249287041
541,-61.0206486100309,-453.1239077441814,176.7841453370011,-5.009290389969102,0.10897574418140721,0.7057726629988963,76.24131031319719,-83.19671565355267,120.6834600745489,-37.467333642221256,125.09833565816461,88.04764162658937
542,-64.2476776100309,-486.3006677441813,176.7841453370011,-4.970223389969092,0.10723974418129956,0.6267246629988961,76.93078778492635,-79.00571966145445,115.6125898706106,-36.58729241318386,125.78781301530222,88.04792953788142
543,-67.47470661003089,-519.4774277441813,176.7841453370011,-4.948236389969111,0.009761744181332688,0.5218866629988099,77.51223142877774,-74.95581681823839,110.34110749014461,-35.36556763113287,126.36925660185783,88.04817608162067
544,-70.70173561003091,-552.6541877441814,176.7841453370011,-4.91477138996909,-0.016928255818584148,0.37729466299890646,78.00939756462775,-70.99152108888309,104.84875102557126,-33.83737935550963,126.86642268041204,88.04838973758245
545,-73.9287646100309,-585.8309477441813,176.7841453370011,-4.901381389969103,-0.03124325581870835,0.46559566299890776,78.43950380340317,-67.0637555442635,99.10611513692889,-32.022396253392756,127.29652891918747,88.04857680830258
546,-77.1557936100309,-619.0077067441814,176.7841453370011,-4.863536389969099,-0.09711825581860012,0.17697466299890152,78.81534750123292,-63.12567515504974,93.07218458315724,-29.926445534741827,127.67237261701725,88.04874204933068
547,-80.3828226100309,-652.1844667441813,176.7841453370011,-4.829101389969097,-0.10983225581867373,-0.0358393370011072,79.14664636609712,-59.128486434338,86.68992410865269,-27.54128376927941,128.00367142458563,88.04888895570937
548,-83.6098516100309,-685.3612267441813,176.7841453370011,-4.827003389969093,-0.21358125581866716,-0.06432533700109389,79.4409370848329,-55.01588711143195,79.87793898526428,-24.841816780677473,128.29796214332143,88.04902050681912
549,-86.8368806100309,-718.5379867441814,176.7841453370011,-4.806702389969104,-0.25565925581861393,-0.27888433700110227,79.70408399506499,-50.71728047808345,72.51769673565937,-21.780107997710626,128.56110899625773,88.04913882260382
550,-86.8368806100309,-718.5379867441814,121.22858933700111,-4.629891389969103,-0.15347825581864072,-0.31363533700121593,79.70408422424812,-47.426238748600845,75.6061708409553,-28.15962767130639,128.56111123079313,88.04913309302587
551,-83.6098516100309,-685.3612267441813,121.22858933700111,-4.6863383899690945,-0.06385725581867518,0.00023066299888796493,79.44090614511197,-51.441462289942585,82.88180853824936,-31.420113676166224,128.29793137548782,88.04901603774832
552,-80.3828226100309,-652.1844667441813,121.22858933700111,-4.707240389969087,-0.06904425581865326,0.17374466299888525,79.14664143866008,-55.270902948410225,89.66093865738316,-34.36988438224772,128.00366666903597,88.048884372047
553,-77.1557936100309,-619.0077067441814,121.22858933700111,-4.720560389969094,-0.10198825581858273,0.2711626629988899,78.81534750123292,-58.97651092616559,96.05118713758007,-37.054615182837786,127.67237273160879,88.04873717918943
554,-73.9287646100309,-585.8309477441813,121.22858933700111,-4.711497389969111,-0.039642255818648664,0.44384166299889216,78.43950867354442,-62.60706045873058,102.12744179719914,-39.50042097857647,127.2965338466245,88.04857165168241
555,-70.70173561003091,-552.6541877441814,121.22858933700111,-4.693090389969086,0.05043874418140604,0.5108256629987977,78.00940770598072,-66.20509881901378,107.94427898617039,-41.7193328518375,126.8664328790608,88.04838412259608
556,-67.47470661003089,-519.4774277441813,121.22858933700111,-4.706149389969113,0.1265377441812916,0.5395726629988928,77.51224781537069,-69.81153049533364,113.54268111507241,-43.71143107400796,126.36927304574652,88.04816989367647
557,-64.2476776100309,-486.3006677441813,121.22858933700111,-4.754175389969092,0.12234274418136692,0.5950486629988916,76.93081202104108,-73.46954693704784,118.95400496082131,-45.46488395202684,125.78783725141696,88.04792277697943
558,-61.0206486100309,-453.1239077441814,121.22858933700111,-4.774305389969108,0.11843674418139472,0.7473636629988931,76.24134457607333,-77.22889096483092,124.20237943774765,-46.9540816475505,125.09836992104077,88.04763429272958
559,-57.793619610030895,-419.9471477441813,121.22858933700111,-4.812660389969103,0.20774274418135974,0.8100396629988893,75.41006308672561,-81.15149593588555,129.30610498971527,-48.13539651845184,124.26708843169304,88.04729280988369
560,-57.793619610030895,-419.9471477441813,65.6730343370011,-4.4950853899691054,0.21131474418126572,0.7356686629989042,75.41005970627462,-73.23339539169957,131.81840775149482,-58.56578784959945,124.26708608256607,88.04730472740583
561,-61.0206486100309,-453.1239077441814,65.6730343370011,-4.4641443899691,0.1448067441813805,0.7690866629989017,76.24126877375704,-70.01053592631644,126.54319524389518,-56.513247106409274,125.09829406142867,88.04764368923742
562,-64.2476776100309,-486.3006677441813,65.6730343370011,-4.489926389969085,0.0819777441813585,0.8009816629988933,76.93076435095251,-66.84698727571607,121.1592494415415,-54.2926833385291,125.7877895813284,88.04793085568434
563,-67.47470661003089,-519.4774277441813,65.6730343370011,-4.447491389969002,0.13685474418139165,0.5516686629988925,77.51221790697377,-63.70344986366001,115.64179685258362,-51.91862326060092,126.36924313734964,88.04817694105735
564,-70.70173561003091,-552.6541877441814,65.6730343370011,-4.474047389969087,0.10113474418142232,0.4234286629989015,78.00938965781016,-60.54711761648932,109.96241338457985,-49.395444785841526,126.86641483089026,88.04839036783603
565,-73.9287646100309,-585.8309477441813,65.6730343370011,-4.492077389968998,0.10734174418132625,0.2898846629989009,78.4394992197408,-57.34794187722993,104.0872322471051,-46.719326629532084,127.29652439282088,88.04857720937304
566,-77.1557936100309,-619.0077067441814,65.6730343370011,-4.4721363899691084,0.061610744181393784,0.22534266299889794,78.81534486562705,-54.075581436657565,97.97432851400782,-43.8786828975057,127.67237003870716,88.04874233580959
567,-80.3828226100309,-652.1844667441813,65.6730343370011,-4.429949389969096,0.028189744181304377,0.10159166299889932,79.14664493370263,-50.696416964818894,91.56983721975642,-40.85326606342335,128.00367004948694,88.04888918489247
568,-83.6098516100309,-685.3612267441813,65.6730343370011,-4.4675693899691,0.008402744181239541,-0.09219533700110105,79.4409161145776,-47.16983022310995,84.8017242768821,-37.6116586741384,128.29794117306614,88.04902073600223
569,-86.8368806100309,-718.5379867441814,65.6730343370011,-4.210207389969099,-0.07855225581863579,-0.2056513370011004,79.70408405236078,-43.442202445963666,77.56839212160288,-34.1058809001119,128.56110911084932,88.0491391663785
570,-86.8368806100309,-718.5379867441814,10.1174783370011,-4.339944389969006,0.03274774418139259,-0.15422333700109903,79.70408410965655,-38.848248788888284,78.4351640491755,-39.56660912036577,128.56111014217333,88.0491360724064
571,-83.6098516100309,-685.3612267441813,10.1174783370011,-4.318520389968995,0.08208674418131068,0.08878266299890036,79.44090666077398,-42.287323389363436,85.65232269451798,-43.344766618422426,128.29793189114983,88.04901615233987
572,-80.3828226100309,-652.1844667441813,10.1174783370011,-4.307021389969094,0.0725247441813508,0.12654566299890035,79.14664115218119,-45.498383247322096,92.41806359212048,-46.89952901807317,128.00366638255707,88.048884372047
573,-77.1557936100309,-619.0077067441814,10.1174783370011,-4.30296838996901,0.08639374418135048,0.2755176629989009,78.81534641261311,-48.52718167831131,98.83128143466217,-50.28403878506996,127.67237164298898,88.0487370073021
574,-73.9287646100309,-585.8309477441813,10.1174783370011,-4.3034553899690025,0.07825374418132469,0.47545866299880046,78.43950655360058,-51.405506151621815,104.96300350817428,-53.537537168547715,127.29653172668066,88.04857136520351
575,-70.70173561003091,-552.6541877441814,10.1174783370011,-4.254158389969092,0.12320574418140495,0.5322776629989008,78.00940403905082,-54.15607616270393,110.86702573677408,-56.69110248793416,126.86642932672248,88.04838360693405
576,-67.47470661003089,-519.4774277441813,10.1174783370011,-4.259152389969103,0.15764074418132168,0.6353646629989012,77.51224179931383,-56.79514205513474,116.58598328509598,-59.77112208530092,126.3692670296897,88.04816914883133
577,-64.2476776100309,-486.3006677441813,10.1174783370011,-4.278042389969087,0.09055174418125489,0.7415416629988005,76.93080170780077,-59.333860004734774,122.1552605941728,-62.80182720524077,125.78782699547241,88.04792157376806
578,-61.0206486100309,-453.1239077441814,10.1174783370011,-4.222570389969,0.10957474418142965,0.8628386629989002,76.24132635601545,-61.77881644783795,127.60580254156172,-65.80758035697734,125.09835170098287,88.04763240196887
579,-57.793619610030895,-419.9471477441813,10.1174783370011,-4.240651389969003,0.18572874418134688,0.9417896629988007,75.41002905303257,-64.131747847634,132.96648665850356,-68.81552787977348,124.267054398,88.04728988779893
580,-57.793619610030895,-419.9471477441813,-45.4380766629988,-3.980323389969101,0.17679074418128948,0.9103416629988033,75.41005999275352,-54.32439832865876,132.6760670718148,-78.33245981741226,124.26708762955211,88.04729126289763
581,-61.0206486100309,-453.1239077441814,-45.4380766629988,-3.949863389969103,0.19787574418143095,0.8467786629988012,76.2412764513915,-52.894457704476686,127.33760552402754,-74.42373388950799,125.0983018536547,88.04764649673062
582,-64.2476776100309,-486.3006677441813,-45.4380766629988,-4.028767389968991,0.10525174418131655,0.7613606629988041,76.93076853354442,-51.20945328674889,121.90415507955473,-70.67512204877706,125.78779382121608,88.04793245996616
583,-67.47470661003089,-519.4774277441813,-45.4380766629988,-3.9860273899691094,0.21753174418131493,0.5920476629988016,77.5122203133965,-49.30777788870727,116.34816655250773,-67.02066430522419,126.36924554377238,88.0481779150856
584,-70.70173561003091,-552.6541877441814,-45.4380766629988,-4.032961389969088,0.18622574418134263,0.44043966299880566,78.00939114750042,-47.21064097553309,110.63936210279444,-63.40886968664613,126.8664163778763,88.04839094079382
585,-73.9287646100309,-585.8309477441813,-45.4380766629988,-4.0881253899691075,0.2017287441813096,0.3422406629988046,78.43950019376905,-44.92673580666874,104.74276191217697,-59.79606207868627,127.29652536684914,88.04857761044349
586,-77.1557936100309,-619.0077067441814,-45.4380766629988,-4.122764389969106,0.11621574418143155,0.34186266299879975,78.81534555317641,-42.45436344766009,98.61592745513624,-56.14149965574424,127.67237072625652,88.04874256499271
587,-80.3828226100309,-652.1844667441813,-45.4380766629988,-4.086345389969097,0.14522474418140519,0.16526966299880286,79.14664544936464,-39.78168876769939,92.20506252107602,-52.403219447270885,128.00367056514895,88.04888935677982
588,-83.6098516100309,-685.3612267441813,-45.4380766629988,-4.100761389968994,0.19126574418135078,-0.030352337001197327,79.44091645835228,-36.88517173847789,85.43890645825518,-48.53349922555198,128.2979415741366,88.0490208505938
589,-86.8368806100309,-718.5379867441814,-45.4380766629988,-4.126641389968995,0.18847674418134375,-0.27241433700119444,79.70408405236078,-33.72520739725231,78.21771201279535,-44.47219572542418,128.56110911084932,88.04913928097005
590,-86.8368806100309,-718.5379867441814,-100.99363266299879,-4.005018389969095,0.14811174418139217,0.032771662998797524,79.70408405236078,-28.14783774686864,76.91335451268546,-48.745210396712245,128.5611091681451,88.04913727561778
591,-83.6098516100309,-685.3612267441813,-100.99363266299879,-4.010555389969099,0.19814674418125833,0.10191466299889385,79.44090786398534,-31.051988235498893,84.15974959003164,-53.08752878239219,128.297933151657,88.04901603774832
592,-80.3828226100309,-652.1844667441813,-100.99363266299879,-3.995606389968998,0.21666474418134385,0.1806116629987855,79.14664327212502,-33.65248639068293,90.93074617219308,-57.2581085693765,128.0036685597967,88.04888420015965
593,-77.1557936100309,-619.0077067441814,-100.99363266299879,-3.9647113899690964,0.18685074418135628,0.3309736629987867,78.81534973576832,-35.98522796098994,97.32969278197368,-61.3244039069986,127.67237496614419,88.04873677811896
594,-73.9287646100309,-585.8309477441813,-100.99363266299879,-3.936972389969,0.1650807441812958,0.5378436629988812,78.43951159562917,-38.06777794165789,103.42949824150801,-65.34176028373271,127.2965368833008,88.04857102142884
595,-70.70173561003091,-552.6541877441814,-100.99363266299879,-3.874654389969095,0.17561874418140633,0.5889096629987876,78.0094119458684,-39.90353225353853,109.28418920501753,-69.3608101518219,126.86643723354004,88.04838314856782
596,-67.47470661003089,-519.4774277441813,-100.99363266299879,-3.8452933899691004,0.17271974418133595,0.7334046629988933,77.5122544616811,-41.48280928499285,114.9352837986192,-73.43275577003645,126.36927974935276,88.04816840398621
597,-64.2476776100309,-486.3006677441813,-100.99363266299879,-3.810288389969088,0.16325974418128908,0.8104356629987848,76.93082296453497,-42.78173457224711,120.41568337885326,-77.61437593807092,125.7878483095024,88.04792048514825
598,-61.0206486100309,-453.1239077441814,-100.99363266299879,-3.791676389969105,0.14439674418139248,0.9072346629988033,76.24136388475102,-43.758783629352784,125.75218523909382,-81.97399667513555,125.09838928701424,88.04763068309548
599,-57.793619610030895,-419.9471477441813,-100.99363266299879,-3.7796043899691085,0.1691587441812885,0.9800786629987925,75.41009958413714,-44.3480347398953,130.9671967273844,-86.59995237419595,124.2671251009919,88.04728708030574
600,4.188660389969,-421.14929274418125,-100.99363266299879,-4.082556389969,0.46248874418131436,0.9861916629987917,85.99257454059311,-44.2028132582119,129.26853225097554,-85.04331926505878,134.8495991407154,88.05227645408152
601,6.126821389969,-454.4262317441813,-100.99363266299879,-4.059510389969,0.4288107441813622,0.8591976629987954,86.6483729801667,-43.48063588190325,124.03685651439672,-80.53355510966745,135.5053978094721,88.05265116847953
602,8.064981389969,-487.7031707441813,-100.99363266299879,-4.118272389969,0.47895074418130434,0.8067636629987902,87.19550871338656,-42.39750248581774,118.67405050555638,-76.2536608195417,136.05253348539617,88.05296045109733
603,10.003142389969,-520.9801087441813,-100.99363266299879,-4.145808389969,0.5474327441812648,0.688713662998893,87.6591154506686,-41.0093167912094,113.15760191054292,-72.12520466047228,136.51614016538244,88.05322785050032
604,11.941303389969,-554.2570477441814,-100.99363266299879,-4.126382389969,0.45960274418132485,0.6182856629987867,88.05710087330807,-39.35088724463958,107.45954930033416,-68.08541160025551,136.91412553072615,88.05346133080185
605,13.879464389969,-587.5339857441813,-100.99363266299879,-4.1552993899690005,0.43277174418130926,0.5245646629987988,88.40256388512148,-37.44105344325731,101.54505443456338,-64.08059990526266,137.25958854253957,88.0536670226503
606,15.817625389969,-620.8109247441813,-100.99363266299879,-4.190011389969001,0.42786974418129375,0.36075466299880077,88.70531570080108,-35.28522685884605,95.36958783553396,-60.06082553204154,137.56234030092338,88.05384956700382
607,17.755786389969,-654.0878637441814,-100.99363266299879,-4.219080389968999,0.5159277441813401,0.2098606629987927,88.97285524926532,-32.87577758433537,88.87446510322052,-55.97503158121445,137.82987979209184,88.05401263079231
608,19.693947389969,-687.3648017441814,-100.99363266299879,-4.272358389969002,0.48382674418132865,0.14144566299879102,89.21102927833462,-30.18998669723275,81.97891271031355,-51.76516138531639,138.06805382116113,88.05415913610052
609,21.632108389968998,-720.6417407441813,-100.99363266299879,-4.290403389969001,0.4731667441812988,-0.026204337001203726,89.42441434569336,-27.1851885515491,74.56814555264376,-47.359094111068366,138.2814388312241,88.05429131746388
610,21.632108389968998,-720.6417407441813,-45.4380766629988,-4.406052389968998,0.37431974418132086,0.0048446629988063705,89.42441434569336,-32.691830687419994,75.88545556585349,-43.16976450942151,138.2814388885199,88.05428959859049
611,19.693947389969,-687.3648017441814,-45.4380766629988,-4.447859389969,0.4002387441813653,0.13399366299880455,89.21100183365624,-35.939999589374786,83.26351714666164,-47.29975757048058,138.06802666296164,88.054152776269
612,17.755786389969,-654.0878637441814,-45.4380766629988,-4.391435389969001,0.34023874418141986,0.3376116629988033,88.97284699867308,-38.90858462516655,90.14809739779184,-51.215861705095875,137.82987171338692,88.05400586989033
613,15.817625389969,-620.8109247441813,-45.4380766629988,-4.372150389969001,0.29097174418132,0.5141696629988033,88.70531191927962,-41.6433081706214,96.6502582863649,-54.983420171491964,137.5623365766977,88.05384211855248
614,13.879464389969,-587.5339857441813,-45.4380766629988,-4.331877389969,0.3373587441813015,0.5669846629989053,88.40256434348771,-44.17193278111085,102.84812363907093,-58.65279595986087,137.25958900090578,88.0536586001707
615,11.941303389969,-554.2570477441814,-45.4380766629988,-4.331440389969001,0.41240074418135464,0.586681662998906,88.05710591533668,-46.509636566994146,108.79975155576946,-62.266871752604466,136.91413063005052,88.05345153322354
616,10.003142389969,-520.9801087441813,-45.4380766629988,-4.299163389969,0.44142774418128283,0.6952346629988071,87.65912593579625,-48.66125569313264,114.55022688214794,-65.8658992672252,136.5161506505101,88.05321604756975
617,8.064981389969,-487.7031707441813,-45.4380766629988,-4.288507389969101,0.43294774418131965,0.788034662998804,87.19552607400774,-50.621603745564826,120.13605149882702,-69.49157115278445,136.0525507887216,88.0529457833778
618,6.126821389969,-454.4262317441813,-45.4380766629988,-4.257135389969,0.3708907441812812,0.9481016629988019,86.64839904974636,-52.374050337808114,125.58811539400712,-73.19141311247274,135.505423821756,88.05263220357651
619,4.188660389969,-421.14929274418125,-45.4380766629988,-4.279026389969,0.43786074418125054,0.9962706629988034,85.99256411276124,-53.88688586553614,130.93396133644956,-77.02468479594174,134.84958894206665,88.05226373441846
620,4.188660389969,-421.14929274418125,10.1174783370011,-4.5133133899689994,0.42715674418133176,0.9687456629989004,85.99257471248045,-63.37023926781658,131.2162904152964,-67.82365147707075,134.84959925530697,88.05227645408152
621,6.126821389969,-454.4262317441813,10.1174783370011,-4.494056389969,0.3723767441812811,0.8658436629989001,86.64834828568571,-60.996379094863116,125.85035920816254,-64.83131636664257,135.5053729431038,88.05264876205679
622,8.064981389969,-487.7031707441813,10.1174783370011,-4.508878389969101,0.3837617441812995,0.7743856629989008,87.19549507699104,-58.52967483543437,120.38256848094277,-61.83000759122704,136.05251973440912,88.05295901870285
623,10.003142389969,-520.9801087441813,10.1174783370011,-4.493411389968999,0.40207774418126974,0.6805756629989013,87.6591076584426,-55.96695591297943,114.78455705196127,-58.794521367669944,136.51613225856488,88.05322699106364
624,11.941303389969,-554.2570477441814,10.1174783370011,-4.472574389969101,0.3218227441814179,0.6646966629989013,88.05709628964571,-53.300380368747895,109.02486942367378,-55.70123900055727,136.91412083247224,88.05346081513983
625,13.879464389969,-587.5339857441813,10.1174783370011,-4.4791913899689995,0.32203574418133485,0.42846166299890065,88.40256113492406,-50.51744740956559,103.06667672844598,-52.52582851931588,137.25958567775058,88.05366667887562
626,15.817625389969,-620.8109247441813,10.1174783370011,-4.491794389969002,0.29057374418130166,0.27491566299890025,88.70531403922348,-47.60023262376967,96.8647680698755,-49.24100017334679,137.56233858205,88.05384939511649
627,17.755786389969,-654.0878637441814,10.1174783370011,-4.509980389969,0.32011474418141006,0.20587166299890036,88.97285421794129,-44.52370291233306,90.36116435898273,-45.81380556627477,137.82987876076783,88.05401251620076
628,19.693947389969,-687.3648017441814,10.1174783370011,-4.541389389969,0.3349007441813683,0.07763566299890101,89.21101472520662,-41.25260549992428,83.47808233519102,-42.201712264798104,138.06803926803315,88.05415913610052
629,21.632108389968998,-720.6417407441813,10.1174783370011,-4.538854389969,0.18782974418138565,0.10045466299890116,89.42441434569336,-37.73539314988458,76.10493209130695,-38.345675994100304,138.2814388312241,88.05429137475964
630,21.632108389968998,-720.6417407441813,65.6730343370011,-4.666253389969,0.11305974418132791,0.060055662998891535,89.42441440298914,-42.24497859973962,75.22986138573388,-32.96102482340501,138.2814399198439,88.05428690568884
631,19.693947389969,-687.3648017441814,65.6730343370011,-4.727893389969001,0.17371674418131988,0.06193066299890404,89.2110010888111,-46.043308165593665,82.62379298073468,-36.55672477103896,138.06802586082074,88.054152776269
632,17.755786389969,-654.0878637441814,65.6730343370011,-4.697826389969,0.18434974418141792,0.2901066629988094,88.97284625382794,-49.62035873806656,89.51320933943046,-39.86919941924292,137.82987091124602,88.05400604177767
633,15.817625389969,-620.8109247441813,65.6730343370011,-4.7006623899690005,0.166362744181356,0.5030656629989068,88.70531100254715,-53.0350366237377,96.01147325555993,-42.95290645838758,137.56233565996524,88.05384246232717
634,13.879464389969,-587.5339857441813,65.6730343370011,-4.6758143899691,0.22317674418138722,0.5508846629987971,88.40256319757214,-56.3309060383063,102.19775746964878,-45.843456189468576,137.25958779769442,88.05365911583272
635,11.941303389969,-554.2570477441814,65.6730343370011,-4.701159389969001,0.2943977441813104,0.5400766629987999,88.05710425375906,-59.543047640582174,108.13039280946695,-48.56410141705193,136.91412891117713,88.0534522207729
636,10.003142389969,-520.9801087441813,65.6730343370011,-4.697404389969,0.3493757441813159,0.7097606629988888,87.65912341478194,-62.70217672393401,113.85413994118149,-51.12889055061224,136.51614807220002,88.05321707889378
637,8.064981389969,-487.7031707441813,65.6730343370011,-4.723566389969001,0.26168074418131937,0.885407662998901,87.19552194871162,-65.83771003018364,119.4046049259003,-53.54401726391487,136.0525466061297,88.05294733036382
638,6.126821389969,-454.4262317441813,65.6730343370011,-4.722734389969,0.266151744181343,0.984909662998902,86.6483919450697,-68.98063317418756,124.81111598346588,-55.807829261270214,135.50541660248777,88.05263455270348
639,4.188660389969,-421.14929274418125,65.6730343370011,-4.774874389969,0.3678667441812422,0.9356026629989032,85.99255093473195,-72.16691220643635,130.09875376840228,-57.90944836597993,134.84957559215002,88.05226734405257
640,4.188660389969,-421.14929274418125,121.22858933700111,-5.049827389969,0.3167737441812619,0.938754662998889,85.99257551462136,-79.84221947851289,127.64697431469155,-47.78237080751738,134.849604698406,88.05226402089735
641,6.126821389969,-454.4262317441813,121.22858933700111,-4.989057389969,0.25863174418128665,0.8324006629988787,86.6483636982504,-75.9959741398014,122.5179048913888,-46.49926912487437,135.5053882983727,88.05264601185937
642,8.064981389969,-487.7031707441813,121.22858933700111,-4.962517389969001,0.3084977441812953,0.7194396629988944,87.19550344217484,-72.28741588776735,117.23645487875245,-44.9261541972109,136.05252798500135,88.05295729982947
643,10.003142389969,-520.9801087441813,121.22858933700111,-4.916042389969,0.31509474418123773,0.6417316629988932,87.65911224210495,-68.66093836625237,111.78344439999901,-43.09942712187144,136.51613678493146,88.05322590244383
644,11.941303389969,-554.2570477441814,121.22858933700111,-4.857235389969001,0.20061674418138864,0.7009346629988897,88.05709881066001,-65.0702479605086,106.1331520046063,-41.03965461998268,136.91412335348653,88.05346012759047
645,13.879464389969,-587.5339857441813,121.22858933700111,-4.833047389969,0.11950174418132065,0.4831356629988903,88.40256251002278,-61.47389111676252,100.25193361084426,-38.754642095587684,137.25958705284927,88.05366622050938
646,15.817625389969,-620.8109247441813,121.22858933700111,-4.835387389969,0.09599974418131296,0.3653416629988868,88.70531472677283,-57.83131915348653,94.09545786982179,-36.24060373005511,137.56233921230356,88.05384905134181
647,17.755786389969,-654.0878637441814,121.22858933700111,-4.820903389969001,0.1337467441813942,0.1865106629988844,88.97285450442018,-54.098949921402436,87.60409236554568,-33.48148685024724,137.82987904724672,88.05401228701764
648,19.693947389969,-687.3648017441814,121.22858933700111,-4.842060389969001,0.09549574418133489,0.015085662998885141,89.21101483979818,-50.22518295607229,80.69496774838767,-30.446020508325635,138.06803932532893,88.05415884962163
649,21.632108389968998,-720.6417407441813,121.22858933700111,-4.805282389968998,0.027327744181320668,-0.12084333700110506,89.42441434569336,-46.14211433629352,73.24658367693212,-27.080606851682766,138.28143877392833,88.05429097368919
650,21.632108389968998,-720.6417407441813,176.7841453370011,-4.946898389969,-0.09359625581862474,0.03106166299880897,89.4244145175807,-49.34382822128956,70.11831765276435,-20.75063759953395,138.28144100846373,88.0542806031531
651,19.693947389969,-687.3648017441814,176.7841453370011,-5.018486389969,-0.05578225581859897,0.2300106629989216,89.21099994289551,-53.71274061491784,77.67136426843113,-23.934864067777468,138.06802471490514,88.05415231790278
652,17.755786389969,-654.0878637441814,176.7841453370011,-5.016320389969,-0.004092255818591184,0.29913066299891966,88.97284671219417,-57.86800289091134,84.62742570275782,-26.735771858908606,137.82987136961225,88.05400586989033
653,15.817625389969,-620.8109247441813,176.7841453370011,-5.039993389969,0.026943744181266993,0.43483166299890286,88.70531289330788,-61.88795465186585,91.12258550544063,-29.21110068014012,137.56233755072597,88.05384251962293
654,13.879464389969,-587.5339857441813,176.7841453370011,-5.052606389969,0.032999744181324786,0.6019316629989078,88.40256674991045,-65.83183073836048,97.2471972873067,-31.39197113518499,137.25959135003274,88.05365934501584
655,11.941303389969,-554.2570477441814,176.7841453370011,-5.077958389969001,0.10714274418137393,0.6850626629988881,88.05711021252014,-69.74960447199078,103.06431115759723,-33.29146253270313,136.91413481264243,88.0534527364349
656,10.003142389969,-520.9801087441813,176.7841453370011,-5.113718389969,0.12998574418122644,0.6815756629989096,87.65913298317713,-73.68774393315321,108.61901757698605,-34.90820051883136,136.51615758329942,88.0532178810347
657,8.064981389969,-487.7031707441813,176.7841453370011,-5.165247389969,0.22328074418129518,0.758632662998906,87.19553759045942,-77.69349470597228,113.94366912303725,-36.22729598312228,136.05256219058174,88.05294847627943
658,6.126821389969,-454.4262317441813,176.7841453370011,-5.217027389969,0.23341674418134062,0.9160836629988864,86.6484182438325,-81.81883128173455,119.06082555056788,-37.21933957490965,135.50544290125058,88.05263632887264
659,4.188660389969,-421.14929274418125,176.7841453370011,-5.3052133899689995,0.21113274418127048,0.9473646629988082,85.99259722972181,-86.12489874230812,123.98477894800278,-37.83748529083529,134.84962194443565,88.05226997965843
660,4.188660389969,-421.14929274418125,232.3397003370011,-5.5329293899689995,0.23520874418125004,0.8956966629989154,85.99257534273403,-90.92794761713856,119.25051743799926,-28.300176911353613,134.84960355249044,88.0522714693487
661,6.126821389969,-454.4262317441813,232.3397003370011,-5.415905389969,0.23691574418126038,0.6769316629988111,86.64841818653673,-86.35496673637925,114.54420698648184,-28.166579998488285,135.50544278665902,88.05264435028177
662,8.064981389969,-487.7031707441813,232.3397003370011,-5.374133389969001,0.19064474418132704,0.7262266629988119,87.1955208600918,-81.96200415282145,109.60298687563709,-27.61809896036545,136.05254540291833,88.05295615391388
663,10.003142389969,-520.9801087441813,232.3397003370011,-5.321019389969,0.10362474418127476,0.6108846629988989,87.6591227272326,-77.69197671158986,104.41457982312673,-26.699524944506802,136.51614721276331,88.05322504300713
664,11.941303389969,-554.2570477441814,232.3397003370011,-5.240728389969101,0.03222574418134627,0.5151516629989032,88.05710511319576,-73.49480177074163,98.95782048151975,-25.4397698023251,136.9141295987265,88.0534594973369
665,13.879464389969,-587.5339857441813,232.3397003370011,-5.197286389968999,0.014567744181363196,0.5250856629988903,88.40256617695266,-69.32231684179273,93.199551496733,-23.85383471481246,137.2595906624834,88.05366576214314
666,15.817625389969,-620.8109247441813,232.3397003370011,-5.1686373899690015,-0.011679255818648926,0.4034696629989014,88.70531678942089,-65.12517478872192,87.09131908853944,-21.942609771903612,137.56234121765584,88.05384865027136
667,17.755786389969,-654.0878637441814,232.3397003370011,-5.1534113899689995,-0.10225625581858822,0.16272066299890753,88.97287197963294,-60.847958388739045,80.56231850771549,-19.690705040742454,137.8298964078679,88.05401188594719
668,19.693947389969,-687.3648017441814,232.3397003370011,-5.131688389969002,-0.1479902558186268,0.15493666299892084,89.21102927833462,-56.42367031176072,73.50903134947103,-17.0615974985657,138.0680536492738,88.05415827666384
669,21.632108389968998,-720.6417407441813,232.3397003370011,-5.097623389968998,-0.2073002558187227,-0.014916337001096736,89.4244142883976,-51.75948635294717,65.76885889515415,-13.985511428349856,138.281438602041,88.05428988506938
670,21.632108389968998,-720.6417407441813,287.89525633700106,-5.225272389969099,-0.33144325581861267,0.14970966299893007,89.4244145175807,-53.27679301412529,60.04812683924495,-6.7474990100253365,138.28144158142152,88.05426444574327
671,19.693947389969,-687.3648017441814,287.89525633700106,-5.307421389969001,-0.3079652558186581,0.12038566299895592,89.21102933563041,-58.27040896941915,68.11665676499317,-9.822490100598909,138.0680541649358,88.05415031255049
672,17.755786389969,-654.0878637441814,287.89525633700106,-5.331604389969,-0.17967225581855928,0.2577746629989406,88.97284539439126,-62.9659098272863,75.35545493763792,-12.365895074146227,137.82987010910512,88.05400489586208
673,15.817625389969,-620.8109247441813,287.89525633700106,-5.359014389969001,-0.09368825581873352,0.43633766299888066,88.70531449758971,-67.47910473936332,81.97531505102215,-14.472680596590418,137.56233909771203,88.05384200396092
674,13.879464389969,-587.5339857441813,287.89525633700106,-5.381980389969,-0.04868125581867844,0.40008266299889783,88.40257098979814,-71.8899782700758,88.10652249384266,-16.19314898189297,137.25959558992045,88.05365917312851
675,11.941303389969,-554.2570477441814,287.89525633700106,-5.4344753899691005,-0.029189255818664606,0.5015126629989481,88.05711748908412,-76.25938655867577,93.8332265461463,-17.550595891862997,136.91414208920642,88.0534527937307
676,10.003142389969,-520.9801087441813,287.89525633700106,-5.485929389969,0.019753744181230104,0.6769716629989375,87.65914444233304,-80.63860514523552,99.21164164419939,-18.54996320207506,136.51616904245535,88.05321816751359
677,8.064981389969,-487.7031707441813,287.89525633700106,-5.553097389969,0.06166274418131934,0.7155866629989305,87.19555506567218,-85.07454741294991,104.27913827263998,-19.181712081972698,136.0525796084987,88.05294904923721
678,6.126821389969,-454.4262317441813,287.89525633700106,-5.6329333899691,0.12266074418135986,0.7577216629989607,86.64844488636997,-89.61321144493608,109.05924998535372,-19.423383273536135,135.50546954378805,88.05263713101355
679,4.188660389969,-421.14929274418125,287.89525633700106,-5.739456389969,0.2443197441813254,0.789341662998936,85.99263825349993,-94.30230875459752,113.56445700632993,-19.239752534732112,134.84966296821378,88.05227124016557
680,4.188660389969,-421.14929274418125,343.45081133700114,-5.905650389969,0.14302074418122857,0.8930156629988346,85.99257522814247,-96.36208498071194,107.00213211152136,-10.617658346598438,134.84960292223684,88.05226522410874
681,6.126821389969,-454.4262317441813,343.45081133700114,-5.798575389969,0.03965974418127871,0.8063666629988688,86.64841818653673,-91.65764718445213,102.66048448753217,-10.980177395240416,135.50544278665902,88.05264389191554
682,8.064981389969,-487.7031707441813,343.45081133700114,-5.748829389969,-0.018122255818695976,0.7110856629988689,87.19554819017864,-87.05980268558157,98.00586038682616,-10.923174282569086,136.05257273300515,88.05295575284343
683,10.003142389969,-520.9801087441813,343.45081133700114,-5.6466063899689996,-0.07223525581866852,0.5627726629988388,87.65914896869961,-82.52866571474158,93.02148074037292,-10.469737145080158,136.51617339693456,88.05322469923246
684,11.941303389969,-554.2570477441814,343.45081133700114,-5.562474389969001,-0.08909925581860989,0.48312966299886284,88.05712906283159,-78.02240479519702,87.67780968842501,-9.632156385845425,136.91415349106654,88.053459210858
685,13.879464389969,-587.5339857441813,343.45081133700114,-5.506380389969001,-0.21401325581871333,0.2894446629987897,88.4025876055742,-73.49462667483944,81.92825613654733,-8.410230037242103,137.25961203380913,88.05366541836847
686,15.817625389969,-620.8109247441813,343.45081133700114,-5.474847389969101,-0.24323525581871763,0.35470866299885984,88.70533563973234,-68.8902529208229,75.70158229401478,-6.787795475531564,137.56236001067154,88.05384819190512
687,17.755786389969,-654.0878637441814,343.45081133700114,-5.435230389969,-0.27898325581861627,0.23842966299883983,88.97287197963294,-64.13828059782253,68.88772892714378,-4.725794225115525,137.82989629327636,88.05401108380627
688,19.693947389969,-687.3648017441814,343.45081133700114,-5.398380389969001,-0.41511025581860395,0.026131662998864158,89.21102922103884,-59.13753641730365,61.30897816428029,-2.1476803277758725,138.06805342009068,88.05415661508624
689,21.632108389968998,-720.6417407441813,343.45081133700114,-5.365049389968998,-0.4531632558187084,-0.041562337001209926,89.4244142311018,-53.72415651250693,52.65301432093259,1.0949976331492834,138.28143791449165,88.05428558788591
690,21.632108389968998,-720.6417407441813,399.00636733700117,-5.470710389969099,-0.6132022558186918,0.029196662998856482,89.4244142883976,-52.76090977950284,42.901719268407284,9.883053974079639,138.281438602041,88.05429137475964
691,19.693947389969,-687.3648017441814,399.00636733700117,-5.573794389969001,-0.5521112558186587,0.050756662998821866,89.21102933563041,-58.82928987907297,52.7014671271314,6.1515692169438765,138.06805439411895,88.05413891069037
692,17.755786389969,-654.0878637441814,399.00636733700117,-5.590808389969,-0.41979325581860394,0.31004966299883563,88.97287203692872,-64.24113763742973,60.916832442080356,3.347951392737549,137.8298969235299,88.0540006559744
693,15.817625389969,-620.8109247441813,399.00636733700117,-5.631231389969001,-0.3325682558187282,0.32686866299883377,88.70533569702813,-69.27801288028422,68.10824144737718,1.1932992572147452,137.56236041174196,88.0538398267213
694,13.879464389969,-587.5339857441813,399.00636733700117,-5.666663389968999,-0.2861552558186986,0.3499146629988559,88.40257047413613,-74.08860709361451,74.55649754985185,-0.44449636027902917,137.2595951315542,88.05365785532557
695,11.941303389969,-554.2570477441814,399.00636733700117,-5.711564389969001,-0.2003422558186685,0.478412662998835,88.05712012468999,-78.7648335366619,80.42169048597142,-1.6336135412513348,136.91414472481227,88.05345199158978
696,10.003142389969,-520.9801087441813,399.00636733700117,-5.767125389969,-0.12364525581870112,0.5375286629988523,87.65914982813631,-83.37194694567162,85.80409262543348,-2.4090727839434964,136.51617437096283,88.05321770914735
697,8.064981389969,-487.7031707441813,399.00636733700117,-5.853501389969001,-0.08880625581866752,0.5956916629988314,87.19556308708133,-87.95951407138782,90.76761265473519,-2.7852199775173383,136.0525876872036,88.0529488200541
698,6.126821389969,-454.4262317441813,399.00636733700117,-5.9516723899691,0.035066744181278864,0.7658796629987705,86.64845548608919,-92.5681632937674,95.35325842378118,-2.7624398631322915,135.5054800862115,88.05263718830932
699,4.188660389969,-421.14929274418125,399.00636733700117,-6.034753389969,0.08539274418126297,0.8077076629988369,85.99265022831786,-97.23314819028275,99.58614897526779,-2.3306048960974017,134.84967494303172,88.0522714693487
700,65.612277389969,-412.7595727441813,399.00636733700117,-5.963110389969096,0.10616074418129529,1.0585166629988407,96.24555315740835,-95.54580243782094,98.10241792736325,-2.528898942681756,145.1025636054731,88.05920305545841
701,72.669073389969,-445.3373687441813,399.00636733700117,-5.815059389968994,0.04542974418126278,0.9377806629988186,96.76288820978787,-90.92046610613707,93.75995773462901,-2.811367135681252,145.61991177858613,88.05969155927454
702,79.72586838996901,-477.9151637441813,399.00636733700117,-5.708389389969014,-0.0018532558186734605,0.7627126629988084,97.19706577206394,-86.33665643764135,89.05717177569257,-2.692075145495393,146.0540893408622,88.06007309187031
703,86.782664389969,-510.49295874418135,399.00636733700117,-5.614302389969012,-0.0035022558186597053,0.6964196629988351,97.56678546779622,-81.75837970798166,83.96412976666028,-2.177034273423353,146.4238089792987,88.06040466254636
704,93.839460389969,-543.0707537441814,399.00636733700117,-5.508529389968999,-0.11582525581866321,0.5617646629987689,97.88549667908451,-77.14303994283678,78.43306943006806,-1.261071054349779,146.7425201332912,88.06069543862739
705,100.89625638996901,-575.6485497441813,399.00636733700117,-5.428118389969015,-0.16725225581865288,0.43975366299883945,98.16313082716648,-72.43721507305072,72.38983289578789,0.0765555839090664,147.02015433866896,88.06095235290272
706,107.95305138996899,-608.2263447441813,399.00636733700117,-5.400409389968985,-0.1332152558186408,0.6074866629988378,98.40718621070702,-67.5688394411802,65.71783522732859,1.8803689311056495,147.26420966491375,88.06118056199253
707,115.009847389969,-640.8041397441814,399.00636733700117,-5.2773743899689975,-0.31114125581859753,0.35760266299882915,98.62343303036512,-62.43110156750757,58.22483837011297,4.235798025818007,147.48045642727604,88.06138350364355
708,122.066643389969,-673.3819357441814,399.00636733700117,-5.229726389969002,-0.3867372558186162,0.23865666299883515,98.81638613627061,-56.84396052299841,49.56319078543757,7.310451988024924,147.6734090175195,88.06156100596849
709,129.123439389969,-705.9597307441813,399.00636733700117,-5.124738389969011,-0.4715282558186118,0.04097666299884395,98.9896297232067,-50.43700104115713,38.98638564743489,11.4804028965333,147.84664922400464,88.0616971407406
710,129.123439389969,-705.9597307441813,343.45081133700114,-5.069687389969005,-0.3003352558187089,0.1846316629988678,98.98962995238982,-51.73115347538639,49.351710688156075,2.409282887566971,147.8466532347092,88.06174251899799
711,122.066643389969,-673.3819357441814,343.45081133700114,-5.220471389969006,-0.2595122558185494,0.2886486629988667,98.81638630815793,-57.33924397682939,58.48465673933003,-1.1157367572765158,147.6734115385338,88.06155075002395
712,115.009847389969,-640.8041397441814,343.45081133700114,-5.258394389968998,-0.1820622558186642,0.4238546629988491,98.62343314495668,-62.451796631180365,66.3777318048276,-3.8964078509709723,147.48045763048742,88.06137319040324
713,107.95305138996899,-608.2263447441813,343.45081133700114,-5.322711389968987,-0.10002025581866292,0.6643956629988566,98.40716432371926,-67.2693019187313,73.42077906135749,-6.122120389485523,147.2641884654753,88.06117030604798
714,100.89625638996901,-575.6485497441813,343.45081133700114,-5.354348389969019,-0.1230232558186799,0.5653716629988139,98.16311495623557,-71.90801647115678,79.82520979396995,-7.888028052167621,147.02013886880852,88.0609420969582
715,93.839460389969,-543.0707537441814,343.45081133700114,-5.425606389969005,-0.055145255818615624,0.6442066629988403,97.8854863658442,-76.44719473276409,85.72025893054021,-9.24411407278265,146.7425101065298,88.06068518268285
716,86.782664389969,-510.49295874418135,343.45081133700114,-5.529307389969006,0.011632744181270027,0.805448662998856,97.56678180086634,-80.94587461853817,91.1881142301035,-10.213532191493869,146.42380548425615,88.06039440660183
717,79.72586838996901,-477.9151637441813,343.45081133700114,-5.584773389969001,0.01363474418133137,0.8637106629988693,97.19707173082502,-85.45232100452101,96.2825425105211,-10.801789735923851,146.05409541421483,88.06006277863
718,72.669073389969,-445.3373687441813,343.45081133700114,-5.701732389968996,0.08234174418134899,1.0085526629988522,96.76290946652207,-90.00888991030925,101.0381783829593,-11.001172345023175,145.61993320720768,88.05968124603423
719,65.612277389969,-412.7595727441813,343.45081133700114,-5.839644389968996,0.16339274418129435,0.9748086629988393,96.24560271825763,-94.65494806279494,105.47570522275193,-10.793006121037157,145.10262645894323,88.05923754751767
720,65.612277389969,-412.7595727441813,287.89525633700106,-5.707846389968992,0.24603174418132312,0.9756626629989569,96.24555613678889,-92.59433210973596,111.97443564111819,-19.35235690423742,145.10258904479923,88.05922975529167
721,72.669073389969,-445.3373687441813,287.89525633700106,-5.564417389968995,0.16332674418129045,0.9068796629989038,96.76288820978787,-87.98046392939209,107.38714261841119,-19.378554024321073,145.6199118358819,88.05969178845766
722,79.72586838996901,-477.9151637441813,287.89525633700106,-5.45756338996911,0.15125774418129367,0.9392816629988943,97.19704858333009,-83.49679828804787,102.52117283632242,-18.99593406923986,146.05407215212833,88.0600733783492
723,86.782664389969,-510.49295874418135,287.89525633700106,-5.391680389968997,0.11020574418131446,0.8287786629989569,97.56676810717504,-79.09681393482342,97.36004946105841,-18.234519397205062,146.4237916759733,88.06040500632103
724,93.839460389969,-543.0707537441814,287.89525633700106,-5.296434389969008,0.08951974418141617,0.6448216629989361,97.88548034978734,-74.7357172584785,91.87638287547648,-17.111706611158677,146.74250386128983,88.06069589699362
725,100.89625638996901,-575.6485497441813,287.89525633700106,-5.221475389969015,0.060697744181311464,0.494373662998953,98.16313082716648,-70.36577291056543,86.02685282930662,-15.631905538066718,147.02015439596474,88.06095315504363
726,107.95305138996899,-608.2263447441813,287.89525633700106,-5.200356389968988,0.004274744181316237,0.46345066299892324,98.40718621070702,-65.9342114781526,79.74784542283729,-13.784267279374152,147.2642097795053,88.06118216627435
727,115.009847389969,-640.8041397441814,287.89525633700106,-5.094613389968998,-0.07788025581862712,0.2854816629989614,98.62343303036512,-61.375114453389116,72.94214197953156,-11.537488515127128,147.48045665645915,88.06138711327766
728,122.066643389969,-673.3819357441814,287.89525633700106,-5.079093389969003,-0.14054425581855412,0.23871066299892618,98.81638619356637,-56.59943703293924,65.45807254960921,-8.828941921641537,147.67340976236466,88.06157086084256
729,129.123439389969,-705.9597307441813,287.89525633700106,-4.972318389969004,-0.20731925581867472,0.1509436629989409,98.98962995238982,-51.47076850820573,57.040515986449215,-5.539916831710452,147.84665334930074,88.06173449758886
730,129.123439389969,-705.9597307441813,232.3397003370011,-4.892858389969007,-0.0657652558186328,0.07163166299889667,98.98962995238982,-50.087399784372614,62.92270812198408,-12.805468351866375,147.8466532347092,88.06174251899799
731,122.066643389969,-673.3819357441814,232.3397003370011,-4.994281389969004,-0.004883255818526777,0.2621976629989149,98.81638625086217,-54.85727526230166,70.94321410044314,-16.05625297804328,147.67341079368867,88.06156089137693
732,115.009847389969,-640.8041397441814,232.3397003370011,-5.048318389968998,0.04260974418139085,0.3345526629989024,98.62340890884194,-59.346158543807256,78.20106099983217,-18.825371237235615,147.48043310789376,88.06137743029093
733,107.95305138996899,-608.2263447441813,232.3397003370011,-5.098342389968991,0.0674987441813073,0.5341276629989125,98.40716598529687,-63.65905084845331,84.88683154236239,-21.19842187812034,147.2641899551656,88.0611724832876
734,100.89625638996901,-575.6485497441813,232.3397003370011,-5.146629389969007,0.12273774418133598,0.7363426629989078,98.16311363843263,-67.87028141804436,91.12121298504238,-23.221765207732666,147.0201374937098,88.06094330016957
735,93.839460389969,-543.0707537441814,232.3397003370011,-5.178395389969012,0.12060874418136791,0.784048662998913,97.88548241243542,-72.03788468928296,96.98410062547325,-24.91726529553479,146.7425062104168,88.06068575564065
736,86.782664389969,-510.49295874418135,232.3397003370011,-5.265147389969002,0.15397174418131954,0.7948966629988945,97.56677509726013,-76.21213295314216,102.5302745000812,-26.289433954980243,146.42379883794572,88.0603944638976
737,79.72586838996901,-477.9151637441813,232.3397003370011,-5.324133389969006,0.20861674418131315,0.9383186629989098,97.1970616467678,-80.44057345602556,107.79740228671264,-27.328397232498205,146.05408533015762,88.0600624921511
738,72.669073389969,-445.3373687441813,232.3397003370011,-5.394356389969005,0.25029574418130096,0.964500662998887,96.76289502798564,-84.77172002413714,112.81046534630573,-28.01062971020372,145.61991876867125,88.05968055848487
739,65.612277389969,-412.7595727441813,232.3397003370011,-5.520973389968994,0.27444374418138295,0.9688866629988127,96.2455826647348,-89.25827927423411,117.58415609289676,-28.2981266964753,145.1026064054204,88.05923640160209
740,65.612277389969,-412.7595727441813,176.7841453370011,-5.3230613899689985,0.27523474418131855,1.0569356629989102,96.24555602219732,-84.5500947350646,122.23454695222924,-37.65668828669442,145.10258835724986,88.0592486628989
741,72.669073389969,-445.3373687441813,176.7841453370011,-5.233793389968994,0.3121557441813252,0.9689636629989025,96.76285744195428,-80.33126548460297,117.2596637374556,-36.90027227035168,145.6198810680483,88.05969316355636
742,79.72586838996901,-477.9151637441813,176.7841453370011,-5.149818389969113,0.3186777441813433,0.8114296629989042,97.19703838468133,-76.26637526867765,112.08564428543457,-35.79082750639817,146.05406201077537,88.0600745242648
743,86.782664389969,-510.49295874418135,176.7841453370011,-5.075997389969004,0.23400974418132137,0.8212606629988954,97.56676180463928,-72.29971494250184,106.69611609798712,-34.36768416701864,146.42378543073332,88.06040586575773
744,93.839460389969,-543.0707537441814,176.7841453370011,-5.012590389969006,0.2208737441814037,0.809828662998882,97.8854765682659,-68.38222167171227,101.06569118602792,-32.65450982092699,146.74250019435996,88.06069664183876
745,100.89625638996901,-575.6485497441813,176.7841453370011,-4.977620389969005,0.21028874418129817,0.6817216629989105,98.16311386761576,-64.46793541758937,95.1583392132017,-30.66122872738849,147.0201374937098,88.06095384259298
746,107.95305138996899,-608.2263447441813,176.7841453370011,-4.960561389968987,0.2334297441813078,0.42922666299881485,98.4071720586495,-60.510135539940585,88.92381550510117,-28.384312440413364,147.2641957420393,88.06118291111947
747,115.009847389969,-640.8041397441814,176.7841453370011,-4.885265389968993,0.18823574418138378,0.36407966299890404,98.62342151391344,-56.456781141670874,82.29133937673019,-25.805017963536844,147.48044519730325,88.06138820189747
748,122.066643389969,-673.3819357441814,176.7841453370011,-4.865643389969009,0.10984774418136567,0.3138126629989131,98.81638619356637,-52.24342787804043,75.15734710233698,-22.884223280141164,147.673409934252,88.06157298078641
749,129.123439389969,-705.9597307441813,176.7841453370011,-4.775805389969008,0.036804744181381466,0.02830366299880893,98.9896300096856,-47.78316561457079,67.36543002740093,-19.552428208606493,147.8466536930754,88.06173936773011
750,129.123439389969,-705.9597307441813,121.22858933700111,-4.682147389969018,0.18186474418132548,0.07979766299879998,98.9896305826434,-44.68293395695254,70.54741823601776,-25.834661195575087,147.8466629176959,88.0617240124612
751,122.066643389969,-673.3819357441814,121.22858933700111,-4.767730389969003,0.21399074418138753,0.22055366299888135,98.81635909266267,-48.85284200821784,78.20945889953117,-29.326928911271292,147.67338346360185,88.06156312591233
752,115.009847389969,-640.8041397441814,121.22858933700111,-4.786629389968994,0.22745474418138656,0.47785566299889126,98.6234095963913,-52.78457620230118,85.27834225543799,-32.46423380302348,147.48043368085158,88.06137846161496
753,107.95305138996899,-608.2263447441813,121.22858933700111,-4.822467389968992,0.2213297441813893,0.577495662998885,98.40716466749393,-56.55386832439378,91.89341845771176,-35.310190916458794,147.26418863736265,88.06117288435807
754,100.89625638996901,-575.6485497441813,121.22858933700111,-4.836910389969006,0.24415374418128977,0.6737326629988871,98.1631103725732,-60.21638454744782,98.14805344278763,-37.90250253607445,147.02013428514616,88.06094324287378
755,93.839460389969,-543.0707537441814,121.22858933700111,-4.866781389969006,0.27194274418138775,0.7997866629988835,97.8854768547448,-63.81752008838838,104.10843896208894,-40.26196851952396,146.74250071002197,88.06068529727442
756,86.782664389969,-510.49295874418135,121.22858933700111,-4.938176389969101,0.30353574418131757,0.9618426629988903,97.56676627371009,-67.39803407614129,109.82322652357789,-42.39648548573138,146.42379007169146,88.06039366175669
757,79.72586838996901,-477.9151637441813,121.22858933700111,-4.968830389969014,0.38987974418131444,0.8620726629987985,97.19704783848495,-70.9981487208825,115.32902520827857,-44.30244592053123,146.05407163646635,88.06006117434818
758,72.669073389969,-445.3373687441813,121.22858933700111,-5.015224389969092,0.36654274418128807,0.9762456629988918,96.76287308370209,-74.66128729069361,120.65366265956801,-45.96426124659981,145.61989688168347,88.05967866772414
759,65.612277389969,-412.7595727441813,121.22858933700111,-5.112732389969096,0.38954374418136695,1.0742476629988857,96.24554668298526,-78.43833405276861,125.81810970570581,-47.35202759339789,145.10257048096665,88.05923370870045
760,65.612277389969,-412.7595727441813,65.6730343370011,-4.879935389968992,0.4627667441812946,1.0012626629988972,96.24555619408466,-71.01281437778978,128.20839405763138,-57.16781403049799,145.10258984694013,88.05925198605411
761,72.669073389969,-445.3373687441813,65.6730343370011,-4.797375389969005,0.38701274418127696,1.0829516629988092,96.76283950837528,-67.85748423380277,122.89890165703639,-55.01328886242259,145.61986324906087,88.05969620023268
762,79.72586838996901,-477.9151637441813,65.6730343370011,-4.754966389969113,0.42986374418131845,0.9443106629989018,97.19702824332836,-64.72987447549356,117.45985983203246,-52.70154201271523,146.05405198401397,88.06007652961709
763,86.782664389969,-510.49295874418135,65.6730343370011,-4.738651389969007,0.5037827441814215,0.716834662998906,97.56675601776556,-61.59705962479868,111.86561365249743,-50.23983572142919,146.42377975845116,88.06040724085643
764,93.839460389969,-543.0707537441814,65.6730343370011,-4.703723389968999,0.4759727441813766,0.6256306629989012,97.88547330240647,-58.42941283627287,106.08539643074839,-47.627023041650176,146.7424969857963,88.06069755857123
765,100.89625638996901,-575.6485497441813,65.6730343370011,-4.6735573899690195,0.39109074418126966,0.6111156629988983,98.16311209144659,-55.19772701335152,100.08120949122069,-44.85430672209598,147.0201358321322,88.06095453014235
766,107.95305138996899,-608.2263447441813,65.6730343370011,-4.686815389968999,0.40238374418129297,0.48691566299889644,98.40717114191702,-51.87042278501508,93.80455951959941,-41.90476863687931,147.26419488260262,88.06118348407728
767,115.009847389969,-640.8041397441814,65.6730343370011,-4.619210389968998,0.3770157441813353,0.25262766299890416,98.6234210555472,-48.41027548438437,87.1912975881839,-38.7514812020235,147.4804447962328,88.06138883215105
768,122.066643389969,-673.3819357441814,65.6730343370011,-4.625361389969001,0.3082847441813783,0.24916366299889603,98.81637691165011,-44.76968818961493,80.15289094601991,-35.353505952812895,147.67340076692727,88.06157372563155
769,129.123439389969,-705.9597307441813,65.6730343370011,-4.57967038996901,0.3250627441813094,0.07704066299879742,98.9896300096856,-40.882153564129815,72.55950374709668,-31.647512431757182,147.84665386496275,88.06174074282883
770,129.123439389969,-705.9597307441813,10.1174783370011,-4.452850389969015,0.36497774418137396,0.23763866299890068,98.9896302961645,-36.46433292015137,73.44606643905402,-36.95190132538358,147.84665850592089,88.06173472677197
771,122.066643389969,-673.3819357441814,10.1174783370011,-4.536533389969009,0.40639274418140303,0.3053966629989002,98.81636012398671,-40.077571335077394,81.01204700398809,-40.90478723050243,147.67338449492587,88.06156352698278
772,115.009847389969,-640.8041397441814,10.1174783370011,-4.545504389969096,0.4681797441813842,0.3683866629989012,98.62340976827863,-43.4219894689797,88.03969962940793,-44.588177910314904,147.48043396733047,88.06137840431919
773,107.95305138996899,-608.2263447441813,10.1174783370011,-4.552352389968988,0.4345347441812919,0.5032776629989009,98.40716426642348,-46.556490534465645,94.65460044930063,-48.068750984454695,147.26418829358798,88.0611725405834
774,100.89625638996901,-575.6485497441813,10.1174783370011,-4.539110389969011,0.4055327441813006,0.6457546629988009,98.16310934124917,-49.52082439530488,100.94344468167569,-51.39345444276747,147.0201333111179,88.0609426126202
775,93.839460389969,-543.0707537441814,10.1174783370011,-4.535909389969007,0.4110767441814005,0.8072856629989005,97.88547496398408,-52.342964111562836,106.96972097767062,-54.59780731407211,146.74249887655702,88.06068432324616
776,86.782664389969,-510.49295874418135,10.1174783370011,-4.567943389969102,0.4690317441813363,0.8406926629988991,97.56676306514643,-55.04291244200846,112.78210502406655,-57.71048682356425,146.42378697771937,88.06039217206641
777,79.72586838996901,-477.9151637441813,10.1174783370011,-4.5605233899690205,0.4774417441813057,0.9267146629989007,97.19704250997746,-57.63478614998129,118.41952798523971,-60.75631298726695,146.0540664225504,88.06005905440433
778,72.669073389969,-445.3373687441813,10.1174783370011,-4.571468389968999,0.40197674418129736,1.0293026629988997,96.76286397367313,-60.12786102111405,123.91451077375437,-63.758538151380016,145.61988794354187,88.05967551645628
779,65.612277389969,-412.7595727441813,10.1174783370011,-4.641573389968997,0.5119047441813791,1.098997662998901,96.24553058287123,-62.526830611072896,129.2956097207114,-66.74103488891645,145.10255449544417,88.05922901044653
780,65.612277389969,-412.7595727441813,-45.4380766629988,-4.427092389969097,0.5565167441812946,1.0905036629989056,96.24555630867623,-53.37293114955633,129.0209300867958,-75.62025700834859,145.10259064908104,88.05922946881276
781,72.669073389969,-445.3373687441813,-45.4380766629988,-4.392596389969,0.48854674418129207,0.9901466629988036,96.76284306071362,-51.774781002921955,123.658369246596,-71.85545681807403,145.61986708787813,88.05969958068366
782,79.72586838996901,-477.9151637441813,-45.4380766629988,-4.377848389969003,0.6043397441812886,0.8287016629988031,97.19703030597641,-49.951008499044654,118.17773624335618,-68.19828273891024,146.05405427584512,88.06007853496936
783,86.782664389969,-510.49295874418135,-45.4380766629988,-4.386070389969092,0.6184267441813631,0.6666316629988032,97.5667572782727,-47.92695934272451,112.55138855636291,-64.5957098760448,146.42378119084563,88.06040850136358
784,93.839460389969,-543.0707537441814,-45.4380766629988,-4.371559389969008,0.6091997441814101,0.6358526629988006,97.88547410454738,-45.71481169460123,106.74727223365493,-61.00349929867898,146.74249795982453,88.06069836071214
785,100.89625638996901,-575.6485497441813,-45.4380766629988,-4.370841389969101,0.553194744181269,0.5608806629988052,98.1631126071086,-43.31613551632928,100.72670987386348,-57.381398143394776,147.02013646238578,88.06095498850858
786,107.95305138996899,-608.2263447441813,-45.4380766629988,-4.397029389968992,0.5218567441813775,0.5003566629988043,98.4071714856917,-40.72264222855695,94.44108881556495,-53.68907820282407,147.26419534096888,88.06118382785195
787,115.009847389969,-640.8041397441814,-45.4380766629988,-4.387900389969005,0.6138917441813874,0.3464156629988082,98.62342128473031,-37.91523640847967,87.82677327205997,-49.88199573262114,147.48044519730325,88.06138906133417
788,122.066643389969,-673.3819357441814,-45.4380766629988,-4.408127389968996,0.6064987441814083,0.14871066299880198,98.81637714083321,-34.8609316726204,80.79663051476672,-45.9060018093711,147.67340099611036,88.06157395481466
789,129.123439389969,-705.9597307441813,-45.4380766629988,-4.352436389969114,0.5272687441813559,0.12706166299890498,98.9896300096856,-31.505734770197186,73.22377502924887,-41.6882022213631,147.84665392225853,88.06174102930773
790,129.123439389969,-705.9597307441813,-100.99363266299879,-4.259091389969001,0.6342197441813369,0.144819662998799,98.98963006698138,-26.073192463829653,71.88860998956524,-45.78558246742754,147.8466551827657,88.06173862288497
791,122.066643389969,-673.3819357441814,-100.99363266299879,-4.342455389969004,0.6547167441814281,0.27586266299879014,98.8163606396487,-29.19870387880577,79.50362571500109,-50.27523385615328,147.6733850678837,88.06156301132077
792,115.009847389969,-640.8041397441814,-100.99363266299879,-4.3253143899689945,0.6424847441813881,0.4344046629987872,98.62341097149,-31.98427072497228,86.55136114139384,-54.537558624674475,147.4804352278376,88.06137788865716
793,107.95305138996899,-608.2263447441813,-100.99363266299879,-4.3059513899690955,0.6422617441813827,0.48490466299878676,98.40716621447999,-34.48198472078065,93.16445061251302,-58.65310747701408,147.26419035623604,88.06117191032982
794,100.89625638996901,-575.6485497441813,-100.99363266299879,-4.255614389969011,0.6045847441813521,0.6602236629987885,98.16311226333393,-36.72050194928391,99.43294871251251,-62.68328154987885,147.02013634779422,88.06094181047929
795,93.839460389969,-543.0707537441814,-100.99363266299879,-4.2369023899690035,0.6129367441814111,0.7416936629987987,97.8854793757591,-38.71229008669564,105.42161267838408,-66.68037389908945,146.74250346021938,88.06068329192213
796,86.782664389969,-510.49295874418135,-100.99363266299879,-4.241911389969005,0.5933497441813529,0.8454686629987975,97.56676999793575,-40.45651129683204,111.17891095807431,-70.69369504866401,146.42379402510025,88.06039073967193
797,79.72586838996901,-477.9151637441813,-100.99363266299879,-4.215428389969006,0.6200717441813595,0.9479416629987867,97.19705362535868,-41.93941499368041,116.74227900963524,-74.77443682954097,146.05407765252318,88.06005704905206
798,72.669073389969,-445.3373687441813,-100.99363266299879,-4.1995103899690065,0.5712487441812755,0.9794226629987861,96.76288270939305,-43.13266652351082,122.14136098183761,-78.98058526348922,145.6199068511491,88.05967259437152
799,65.612277389969,-412.7595727441813,-100.99363266299879,-4.215887389969097,0.5598157441813214,1.0609556629987935,96.2455639290149,-43.989305348701876,127.40008880612197,-83.38304273174059,145.10258818536252,88.0592245986715
800,125.00181838996899,-394.97951174418125,-100.99363266299879,-4.563630389968992,0.7215667441812457,1.0220696629987884,106.1555477216066,-43.70693226669637,125.41393525025909,-81.66940881620145,155.0125698007146,88.07055449529554
801,137.007742389969,-426.0756347441813,-100.99363266299879,-4.575367389969017,0.7815147441812655,0.9568016629987852,106.57072027381817,-42.71812898042359,120.11855445638354,-77.36221881671567,155.4277436707291,88.07122909580353
802,149.013666389969,-457.1717587441813,-100.99363266299879,-4.611126389969002,0.8298127441813108,0.8812586629987891,106.92124823254053,-41.41424588936807,114.6726671035307,-73.21970078366348,155.7782715148599,88.07179334464017
803,161.01959038996898,-488.2678817441813,-100.99363266299879,-4.607340389968982,0.8237367441813035,0.7932196629987942,107.2212098583494,-39.83394784712282,109.05111805266321,-69.17799690919996,156.078233083373,88.07228929690764
804,173.025515389969,-519.3640057441813,-100.99363266299879,-4.595591389969002,0.7652817441813795,0.7512686629987968,107.4808673410176,-37.99951901580543,103.22200696180465,-65.18291271976551,156.33789056604118,88.07272858364917
805,185.031439389969,-550.4601287441814,-100.99363266299879,-4.615318389968991,0.7928087441813432,0.5996706629987898,107.70786955251855,-35.91968187570587,97.14456765464838,-61.18495142276281,156.5648928348379,88.07312031489369
806,197.037363389969,-581.5562527441813,-100.99363266299879,-4.633890389968997,0.8537617441812699,0.4390576629987919,107.90803740027609,-33.590449500006706,90.7653464347681,-57.134640060638816,156.76506073989125,88.07347165261366
807,209.043287389969,-612.6523757441813,-100.99363266299879,-4.680704389969037,0.8531717441812816,0.3656406629987856,108.08588092157461,-30.99388464279045,84.01187158953111,-52.97743906735393,156.94290437578132,88.07378826909125
808,221.049211389969,-643.7484997441813,-100.99363266299879,-4.6692603899690255,0.8184747441813442,0.31432666299879486,108.24495486116668,-28.09370830401879,76.7808156809804,-48.64629622346801,157.10197860185227,88.07407446150992
809,233.055135389969,-674.8446227441814,-100.99363266299879,-4.680092389968991,0.7960237441814115,0.22663666299879992,108.3880798902777,-24.82672117624072,68.91888419480338,-44.05111414487986,157.24510391744218,88.0743329227713
810,233.055135389969,-674.8446227441814,-45.4380766629988,-4.748371389969009,0.6644417441814312,0.27694866299890464,108.3880798902777,-30.185199291079755,70.27789579521612,-40.05164539591817,157.24510414662532,88.0743360167434
811,221.049211389969,-643.7484997441813,-45.4380766629988,-4.803535389968999,0.6772717441813256,0.2576336629989058,108.24492976561525,-33.667055389610184,78.08616531480834,-44.37832042950922,157.10195488139956,88.07405068376143
812,209.043287389969,-612.6523757441813,-45.4380766629988,-4.789019389969013,0.6771307441813406,0.44118566299880513,108.08586659762975,-36.82108927388148,85.29095987470657,-48.429344321947234,156.94289096856892,88.07376466323011
813,197.037363389969,-581.5562527441813,-45.4380766629988,-4.764489389968986,0.6298847441812541,0.5709066629988087,107.90802731621889,-39.71160439831165,92.03932324886165,-52.2874846655561,156.76505122879183,88.07344690083691
814,185.031439389969,-550.4601287441814,-45.4380766629988,-4.738901389968987,0.6056047441813917,0.7338346629988024,107.70786302079968,-42.37803062974177,98.43006298307212,-56.0121226916316,156.56488658959793,88.07309332858155
815,173.025515389969,-519.3640057441813,-45.4380766629988,-4.766377389968994,0.6517397441813273,0.7539406629988008,107.48086413245395,-44.844038115195865,104.53397013287024,-59.65038446530217,156.33788752936488,88.0726982741818
816,161.01959038996898,-488.2678817441813,-45.4380766629988,-4.739276389968978,0.6459807441813723,0.8154456629989042,107.22121020212408,-47.121694663642295,110.40421019691134,-63.243374207973574,156.07823348444347,88.07225428918635
817,149.013666389969,-457.1717587441813,-45.4380766629988,-4.767005389969,0.6633517441813979,0.919063662998802,106.92125275890712,-49.21312165131755,116.08237378047352,-66.83056957116705,155.7782759839307,88.07175169060847
818,137.007742389969,-426.0756347441813,-45.4380766629988,-4.737441389969092,0.6062797441812791,1.021110662998801,106.57072995680491,-51.1103969053799,121.60228326975268,-70.45372617200569,155.42775318182848,88.07117810255977
819,125.00181838996899,-394.97951174418125,-45.4380766629988,-4.751456389968993,0.6395087441812848,1.104859662998905,106.15553419980263,-52.793738255811554,126.99259698233723,-74.16129882204056,155.0125574248262,88.07051685196839
820,125.00181838996899,-394.97951174418125,10.1174783370011,-4.94899738996908,0.5686437441813155,1.0582596629988998,106.15554783619815,-61.62491774953042,127.25957549052849,-65.59706368822836,155.01256985801038,88.07055443799976
821,137.007742389969,-426.0756347441813,10.1174783370011,-4.8986053899690205,0.5701187441812863,0.9621296629989011,106.57070967409896,-59.1968313611555,121.85260933258624,-62.61757520829948,155.42773244075633,88.07122485591584
822,149.013666389969,-457.1717587441813,10.1174783370011,-4.907539389969088,0.6229887441813275,0.8994556629988004,106.92124227377947,-56.672907697487766,116.31969433161117,-59.608068495455434,155.77826504043682,88.0717907663301
823,161.01959038996898,-488.2678817441813,10.1174783370011,-4.857339389968985,0.6053027441813015,0.8401006629989016,107.22120642060264,-54.04685052531651,110.63159033137396,-56.545567942111504,156.07822918726,88.07228774992159
824,173.025515389969,-519.3640057441813,10.1174783370011,-4.861863389969017,0.5918957441813291,0.7492286629989007,107.48086533566531,-51.30777593836544,104.75410074694263,-53.406750327188604,156.33788815961844,88.07272772421247
825,185.031439389969,-550.4601287441814,10.1174783370011,-4.846303389968995,0.5814567441813097,0.5768406629989009,107.70786834930716,-48.439667703612564,98.64546176789763,-50.16586010917582,156.56489128785185,88.07311985652746
826,197.037363389969,-581.5562527441813,10.1174783370011,-4.837572389968983,0.6445047441812903,0.4559326629989009,107.90803665543096,-45.42000216258196,92.25253058471235,-46.79227171989514,156.7650597085672,88.0734715380221
827,209.043287389969,-612.6523757441813,10.1174783370011,-4.853298389969012,0.6273007441812979,0.4446516629989006,108.08588046320838,-42.21715250334863,85.50477563443992,-43.24707507981722,156.94290368823198,88.07378838368281
828,221.049211389969,-643.7484997441813,10.1174783370011,-4.820067389969097,0.5956577441813806,0.28102866299890117,108.24495486116668,-38.78534827892745,78.30339739269094,-39.47723761649521,157.10197831537337,88.07407480528461
829,233.055135389969,-674.8446227441814,10.1174783370011,-4.805813389968989,0.5507397441813282,0.12206966299889999,108.3880798902777,-35.05646028111078,70.50396127801781,-35.406451263787545,157.24510363096329,88.07433372491222
830,233.055135389969,-674.8446227441814,65.6730343370011,-4.901298389968986,0.46536374418133164,0.18951566299880085,108.38808017675659,-39.37780852608049,69.60201908103622,-30.18317285394994,157.24511067834416,88.07432215116476
831,221.049211389969,-643.7484997441813,65.6730343370011,-4.9303633899689885,0.37393574418138087,0.36785566299890604,108.24492902077012,-43.37460110377269,77.43652903632139,-34.02113820767666,157.10195396466708,88.0740510275361
832,209.043287389969,-612.6523757441813,65.6730343370011,-4.977129389969008,0.43874074418135933,0.4012526629988997,108.08586602467194,-47.09309289698827,84.6536255157431,-37.520005595031854,156.9428901091322,88.07376540807523
833,197.037363389969,-581.5562527441813,65.6730343370011,-4.9675653899690815,0.4386117441812303,0.5282486629989052,107.90802668596531,-50.60955713603486,91.40414911267315,-40.75435664572881,156.76505031205937,88.07344810404828
834,185.031439389969,-550.4601287441814,65.6730343370011,-4.993531389969007,0.4475437441814165,0.7135936629989033,107.70786227595454,-53.97698989594777,97.78875888602508,-43.771857781392534,156.56488555827391,88.07309504745494
835,173.025515389969,-519.3640057441813,65.6730343370011,-5.032824389968994,0.4653927441813721,0.7759186629989046,107.4808631011299,-57.235597114901594,103.87904545393424,-46.60389860942081,156.33788621156194,88.07270062330876
836,161.01959038996898,-488.2678817441813,65.6730343370011,-5.028805389968994,0.43795874418128733,0.8801946629989033,107.22120876972959,-60.41841433615221,109.72827836419154,-49.27071978065912,156.07823170827427,88.07225749775002
837,149.013666389969,-457.1717587441813,65.6730343370011,-5.085005389968984,0.45795274418134113,0.9377046629988968,106.9212505816675,-63.55494327116244,115.37758716293735,-51.78395726578565,155.77827340562064,88.07175621697505
838,137.007742389969,-426.0756347441813,65.6730343370011,-5.096187389969089,0.4072437441813008,1.1424766629989023,106.57072640446658,-66.67399103466012,120.8597638863646,-54.147606815167876,155.42774917112393,88.07118446239129
839,125.00181838996899,-394.97951174418125,65.6730343370011,-5.137566389969095,0.4492107441812436,1.1556796629988924,106.1555278972669,-69.80645689676199,126.2017494110708,-56.35772413004832,155.01255066392423,88.07052619118046
840,125.00181838996899,-394.97951174418125,121.22858933700111,-5.334680389969094,0.3787427441812383,1.1351676629988958,106.15554783619815,-76.98377767201745,123.87053070528745,-46.84915892320451,155.01256985801038,88.07055443799976
841,137.007742389969,-426.0756347441813,121.22858933700111,-5.269374389968988,0.474783744181309,0.9399796629988941,106.57071580474737,-73.26654197417615,118.66113678169926,-45.356397201012015,155.4277381130385,88.07121929822523
842,149.013666389969,-457.1717587441813,121.22858933700111,-5.242809389968983,0.5079867441813803,0.9272616629988875,106.9212455396389,-69.6406074447636,113.28290829600004,-43.60358592113212,155.7782679052258,88.07178727128755
843,161.01959038996898,-488.2678817441813,121.22858933700111,-5.155993389968984,0.45591374418131636,0.8869336629987998,107.22120813947603,-66.05945208805484,107.71303104281597,-41.61440915346326,156.0782305623587,88.07228551538618
844,173.025515389969,-519.3640057441813,121.22858933700111,-5.126334389969003,0.388437744181374,0.8101006629988916,107.480866195102,-62.48178472651549,101.921017708685,-39.399659933175414,156.33788867528045,88.07272623452221
845,185.031439389969,-550.4601287441814,121.22858933700111,-5.06233038996902,0.36156974418133814,0.6722346629988891,107.70786875037763,-58.86797432782259,95.86655131621183,-36.95864400730824,156.56489134514766,88.07311888249922
846,197.037363389969,-581.5562527441813,121.22858933700111,-5.048696389968995,0.3998407441812333,0.5738016629988891,107.90803682731828,-55.176350932043434,89.49556808350994,-34.27896119407639,156.76505959397562,88.0734707358812
847,209.043287389969,-612.6523757441813,121.22858933700111,-5.043666389969019,0.42027374418125873,0.4171716629987827,108.08588052050416,-51.358755660328114,82.73357163698597,-31.334268784820484,156.94290345904886,88.07378763883769
848,221.049211389969,-643.7484997441813,121.22858933700111,-4.975603389968995,0.36848674418138216,0.2213226629988867,108.24495486116668,-47.35348210405661,75.47288796625747,-28.078595453552403,157.10197808619026,88.07407377396056
849,233.055135389969,-674.8446227441814,121.22858933700111,-4.961267389969095,0.3142457441813349,0.20833966299888118,108.3880798902777,-43.07482706434594,67.55164314428339,-24.435768352170243,157.24510345907595,88.0743318341515
850,233.055135389969,-674.8446227441814,176.7841453370011,-5.029186389968999,0.21866474418141024,0.12113766299890472,108.38808057782704,-46.062544593311614,64.29892879625248,-18.195380592923893,157.24511961648577,88.07428760180971
851,221.049211389969,-643.7484997441813,176.7841453370011,-5.104789389969,0.19723474418140086,0.26753366299888626,108.24492649975582,-50.63978249319295,72.38288710032487,-21.702317976231953,157.1019517301317,88.07404781897245
852,209.043287389969,-612.6523757441813,176.7841453370011,-5.144083389969012,0.23422474418134698,0.4725976629989077,108.08586539441836,-54.9272732296539,79.72855731432621,-24.760758206864914,156.94288953617442,88.07376431945542
853,197.037363389969,-581.5562527441813,176.7841453370011,-5.199362389969082,0.28068574418125536,0.45589866299891924,107.90802731621889,-59.026500691649844,86.52394797568581,-27.457211953126478,156.76505082772138,88.07344810404828
854,185.031439389969,-550.4601287441814,176.7841453370011,-5.220452389968983,0.2597047441813629,0.7042316629989216,107.7078640521237,-63.00808404737451,92.88807588296052,-29.840079882056095,156.56488716255572,88.07309590689162
855,173.025515389969,-519.3640057441813,176.7841453370011,-5.29434738996909,0.2916627441812807,0.9203086629989059,107.48086636698935,-66.92725849092656,98.9015384362336,-31.934728726004924,156.3378891909425,88.07270228488638
856,161.01959038996898,-488.2678817441813,176.7841453370011,-5.310193389968987,0.2888227441812887,0.8655026629988924,107.22121398364554,-70.83179128450296,104.62099302544277,-33.75005514443264,156.0782366357113,88.0722600187643
857,149.013666389969,-457.1717587441813,176.7841453370011,-5.392447389968993,0.27011874418133175,0.9432406629989032,106.92125888955553,-74.76704275189903,110.08696197605714,-35.28122933230942,155.77828142702975,88.07175982660915
858,137.007742389969,-426.0756347441813,176.7841453370011,-5.455498389968994,0.3049887441812871,1.0260456629989108,106.57073998356633,-78.77990186830762,115.32822260899914,-36.51015012049258,155.42776246374478,88.07118950441988
859,125.00181838996899,-394.97951174418125,176.7841453370011,-5.524642389968989,0.3295687441812447,1.1200986629988847,106.15555081557869,-82.92254681151141,120.3642432853022,-37.404121672402994,155.01257323846139,88.07053329585712
860,125.00181838996899,-394.97951174418125,232.3397003370011,-5.689092389968991,0.28504074418128766,1.0605236629988894,106.15554783619815,-87.5287660052903,115.7950150489179,-28.22865493356211,155.01256985801038,88.07055443799976
861,137.007742389969,-426.0756347441813,232.3397003370011,-5.576305389969093,0.30266274418136163,1.0204226629988113,106.57072863900198,-83.11967053450344,110.9446179159261,-27.78675355643301,155.42775077540577,88.07121534481644
862,149.013666389969,-457.1717587441813,232.3397003370011,-5.509175389968988,0.2978557441813905,0.9198706629989033,106.9212531026818,-78.8425485579652,105.84931421329333,-26.968053532717,155.7782752390856,88.07178440649857
863,161.01959038996898,-488.2678817441813,232.3397003370011,-5.395212389968975,0.23972574418132808,0.8467736629989133,107.22121255125104,-74.64792453981244,100.49131532035413,-25.80422304189188,156.07823474495058,88.07228339544234
864,173.025515389969,-519.3640057441813,232.3397003370011,-5.347179389969,0.20825074418132772,0.7778396629988151,107.4808687161163,-70.48861935902494,94.84152214308834,-24.31333133935113,156.33789096711163,88.07272463024039
865,185.031439389969,-550.4601287441814,232.3397003370011,-5.306179389969003,0.25221874418139123,0.7126796629989087,107.70787012547633,-66.3169908873882,88.85681777394737,-22.499895280576887,156.56489249106323,88.0731175074005
866,197.037363389969,-581.5562527441813,232.3397003370011,-5.247582389968983,0.22516474418125654,0.5011186629989197,107.9080468540797,-62.08059664168857,82.47413187827993,-20.353280711595737,156.76506944884972,88.07346936078248
867,209.043287389969,-612.6523757441813,232.3397003370011,-5.21110938996901,0.1644267441813554,0.43761466299881135,108.08588808354706,-57.717609319211306,75.60200005198142,-17.84384554628503,156.9429108502044,88.07378574807696
868,221.049211389969,-643.7484997441813,232.3397003370011,-5.155833389969018,0.16342274418138913,0.36081966299889245,108.2449548038709,-53.14487309143052,68.09903355724319,-14.913353552206758,157.10197791430292,88.07407045080537
869,233.055135389969,-674.8446227441814,232.3397003370011,-5.075152389968991,0.05058274418138353,0.15062066299890375,108.38807983298192,-48.23859653059521,59.73395637577884,-11.454319966938222,157.24510328718864,88.07432444299594
870,233.055135389969,-674.8446227441814,287.89525633700106,-5.132354389969009,-0.02317325581861951,0.2716466629989327,108.38807977568614,-49.46066371222458,53.63907600415567,-4.137355167656046,157.24510128183633,88.07434071499732
871,221.049211389969,-643.7484997441813,287.89525633700106,-5.22673138996899,-0.05764025581868282,0.37968066299896464,108.24495503305401,-54.766065194162316,62.49299418741099,-7.686155941448453,157.10198169582438,88.07403395339381
872,209.043287389969,-612.6523757441813,287.89525633700106,-5.252582389969007,-0.005904255818677484,0.3985176629989269,108.08588819813862,-59.646985278590996,70.27477151365505,-10.58726608683462,156.94291291285248,88.07375841799013
873,197.037363389969,-581.5562527441813,287.89525633700106,-5.365935389968996,0.06342574418124514,0.6209356629989315,107.90802685785266,-64.2688312086827,77.30142856761009,-12.99236483551109,156.7650505412425,88.0734452965551
874,185.031439389969,-550.4601287441814,287.89525633700106,-5.424146389968996,0.13239274418140212,0.6483756629989443,107.70786582829287,-68.7332805331276,83.75348223435088,-14.980290893608963,156.56488893872492,88.07309476097603
875,173.025515389969,-519.3640057441813,287.89525633700106,-5.494781389969006,0.10019874418128438,0.667544662998921,107.48087020580657,-73.11285739019665,89.74474433464025,-16.592335839733057,156.33789297246392,88.07270222759058
876,161.01959038996898,-488.2678817441813,287.89525633700106,-5.532126389968994,0.11291574418129358,0.8363476629988895,107.22122040077284,-77.46420255405154,95.34955814774867,-17.84620830964059,156.0782429382471,88.072260878201
877,149.013666389969,-457.1717587441813,287.89525633700106,-5.634085389968988,0.13489374418139732,0.989538662998882,106.9212687444296,-81.83596896504892,100.61763366386903,-18.74297331728116,155.77829111001648,88.07176154548254
878,137.007742389969,-426.0756347441813,287.89525633700106,-5.727214389968992,0.17827574418129188,0.9492216629988661,106.57075476587744,-86.27325837113122,105.58163113890141,-19.27019985574004,155.42777713146432,88.07119219732152
879,125.00181838996899,-394.97951174418125,287.89525633700106,-5.812883389968988,0.18436774418125879,1.0797336629989331,106.15557321822848,-90.82058025376807,110.26137262072614,-19.403214185119282,155.0125955265196,88.07053713467434
880,125.00181838996899,-394.97951174418125,343.45081133700114,-5.918646389968984,0.16878474418126643,1.1387526629988542,106.15554783619815,-92.87366759869481,103.8234507861149,-10.912189077354602,155.01256985801038,88.07055443799976
881,137.007742389969,-426.0756347441813,343.45081133700114,-5.7755643899689915,0.08903774418126886,0.9348946629988859,106.57074657258097,-88.27808662688969,99.27883400911621,-10.962554932335577,155.42776859439317,88.07121385512617
882,149.013666389969,-457.1717587441813,343.45081133700114,-5.704485389968994,0.11688774418132652,0.9624026629987839,106.92127029141565,-83.75515446897177,94.4093930768172,-10.615527688445683,155.77829237052364,88.07178308869564
883,161.01959038996898,-488.2678817441813,343.45081133700114,-5.5841223899689965,0.09498174418126837,0.7885246629988387,107.2212280784073,-79.26534717842996,89.18984553895837,-9.88533176779418,156.07825015751527,88.07228224952676
884,173.025515389969,-519.3640057441813,343.45081133700114,-5.528663389969012,0.0528477441813493,0.6170276629988507,107.48088218062449,-74.7650488014762,83.57939130013156,-8.774772314450246,156.33790437432404,88.072723427029
885,185.031439389969,-550.4601287441814,343.45081133700114,-5.4560753899690155,0.015487744181314156,0.6441216629988276,107.70788158463223,-70.20312486024733,77.51532620301235,-7.2722714556561145,156.56490383562758,88.07311590311868
886,197.037363389969,-581.5562527441813,343.45081133700114,-5.3852533899689945,0.023703744181261754,0.5418016629988642,107.9080468540797,-65.51495104396011,70.90135030888834,-5.346147490130026,156.76506939155396,88.07346678247241
887,209.043287389969,-612.6523757441813,343.45081133700114,-5.328062389969006,-0.06271725581871124,0.36874566299883327,108.08588808354706,-60.61097479408068,63.58447391699394,-2.9329592649356635,156.9429108502044,88.07378064875259
888,221.049211389969,-643.7484997441813,343.45081133700114,-5.261820389969017,-0.09733525581862068,0.3645736629988505,108.2449548038709,-55.35177376395332,55.303787116216625,0.08878078438377278,157.10197779971136,88.07405841869166
889,233.055135389969,-674.8446227441814,343.45081133700114,-5.180820389969,-0.17565325581858815,0.22877266299883559,108.38807983298192,-49.48215535911993,45.55395012668837,3.9692052901102164,157.24510231316037,88.07428702885191
890,233.055135389969,-674.8446227441814,399.00636733700117,-5.1935893899689916,-0.36065825581863464,-0.0009563370011846928,108.38807971839036,-47.721780348794965,34.297967808422705,13.464869664647294,157.24510122454055,88.07434065770155
891,221.049211389969,-643.7484997441813,399.00636733700117,-5.303513389968998,-0.26927425581868647,0.37600966299885386,108.24495474657512,-54.616907492426364,45.96422354597689,8.69349813661938,157.10197631002112,88.07407709711579
892,209.043287389969,-612.6523757441813,399.00636733700117,-5.392240389969004,-0.2340552558187028,0.4594456629988599,108.08588837002596,-60.43872935691949,55.19678461237009,5.282434697903037,156.94291612141615,88.07372742097341
893,197.037363389969,-581.5562527441813,399.00636733700117,-5.4616443899689955,-0.14751625581868666,0.5771646629987686,107.90804702596705,-65.70922579161162,63.05869300834796,2.6907532172704673,156.765071969864,88.0734326914836
894,185.031439389969,-550.4601287441814,399.00636733700117,-5.530932389968996,-0.1149192558186769,0.5943756629988002,107.70786290620812,-70.65623254700407,69.99809494993607,0.6980422740338957,156.56488658959793,88.07308828655295
895,173.025515389969,-519.3640057441813,399.00636733700117,-5.62956238996901,-0.09961925581865216,0.6614806629988266,107.48087049228546,-75.40570345086245,76.2490350447827,-0.8037838696606902,156.33789348812596,88.07269867525225
896,161.01959038996898,-488.2678817441813,399.00636733700117,-5.687163389968987,-0.027120255818658734,0.7213236629988273,107.22122297908291,-80.04010924607701,81.95120109089004,-1.871946394221447,156.07824563114872,88.07225898744028
897,149.013666389969,-457.1717587441813,399.00636733700117,-5.797374389969008,-0.0040952558186972965,0.8221596629988426,106.92127338538775,-84.61813278568704,87.19166771891956,-2.534844239242931,155.77829580827043,88.0717608006374
898,137.007742389969,-426.0756347441813,399.00636733700117,-5.880016389969001,-0.009584255818708698,0.8901776629988376,106.57076141218786,-89.18526794994996,92.02649833346278,-2.803057356891131,155.42778377777475,88.07119236920886
899,125.00181838996899,-394.97951174418125,399.00636733700117,-5.994261389968983,0.09448674418126757,1.0593566629988231,106.1555815261165,-93.77897936046955,96.49136786515463,-2.674809463409582,155.01260383440763,88.0705381087026
900,-361.5360316100309,-228.5057777441813,399.00636733700117,-6.151079389969141,-0.2656682558186958,-1.0606533370011562,8.54715864239034,-102.51047376623083,103.88295468767464,-1.3536355374210365,57.404190862851316,88.0263273101316
901,-390.074927610031,-245.72909074418132,399.00636733700117,-6.03299538996896,-0.41660625581866384,-0.9454623370012314,10.747318294566085,-97.65898285680814,99.9521148807095,-2.2747238639720564,59.604346905392944,88.02716789651284
902,-418.613824610031,-262.9524027441813,399.00636733700117,-6.040602389969024,-0.5219842558186656,-0.9572123370011809,12.551542796276456,-92.91725874341037,95.68422348343393,-2.7488813898683158,61.408571120624416,88.02782817307595
903,-447.1527216100309,-280.1757157441814,399.00636733700117,-6.122655389969111,-0.6590722558186144,-1.2348323370012508,14.058975561179514,-88.24740336186173,91.06583936434039,-2.8006020035558774,62.91600365634435,88.02836239892412
904,-475.69161761003096,-297.3990277441813,399.00636733700117,-6.10525338996905,-0.696531255818627,-1.2508533370012174,15.337912585497062,-83.6102441606669,86.07169256364934,-2.443811215062279,64.19494056607034,88.02880443586307
905,-504.230514610031,-314.6223397441813,399.00636733700117,-6.1834023899690465,-0.7772592558186489,-1.3146283370011815,16.437028467390405,-78.96235850199785,80.66057549836871,-1.6807386323514908,65.29405639066792,88.02917668654256
906,-532.7694116100309,-331.8456527441814,399.00636733700117,-6.254632389969061,-0.9121782558186169,-1.374618337001209,17.39199842397337,-74.25212134152727,74.76832978699424,-0.49886065852910416,66.2490262899551,88.02949485000619
907,-561.3083076100311,-349.0689647441813,399.00636733700117,-6.366789389968972,-0.8846652558186179,-1.419825337001157,18.229592074758493,-69.41314577840676,68.29502889715349,1.1353553478438108,67.08661988344444,88.02977021352254
908,-589.847204610031,-366.2922767441813,399.00636733700117,-6.510540389969037,-0.9060182558185943,-1.4763033370012408,18.970303260640915,-64.35166835808292,61.079389563996344,3.2894243269227306,67.82733106932686,88.03001102768383
909,-618.386101610031,-383.5155897441814,399.00636733700117,-6.6564403899690205,-1.060354255818595,-1.6661413370012497,19.63009601818747,-58.91839707751262,52.84076416791737,6.094697483494971,68.4871238841692,88.0302239388005
910,-618.386101610031,-383.5155897441814,343.45081133700114,-6.241836389968967,-1.0697382558186064,-1.620744337001213,19.630095674412793,-59.218770144314185,61.43534016717917,-2.199496969189898,68.48712067560554,88.03020554685527
911,-589.847204610031,-366.2922767441813,343.45081133700114,-6.106993389969034,-0.921408255818676,-1.4491753370011224,18.970303260640915,-64.24166664936197,69.04005514278259,-4.781238491513641,67.82733089743952,88.030002146838
912,-561.3083076100311,-349.0689647441813,343.45081133700114,-5.9958393899688645,-0.9114852558187181,-1.295583337001176,18.2295419982472,-69.01912270269528,75.88093498614569,-6.844569863451078,67.08656969234158,88.02976173374718
913,-532.7694116100309,-331.8456527441814,343.45081133700114,-5.895444389969043,-0.9196032558186289,-1.3869293370011633,17.391960264984217,-73.65271329355893,82.13527655953466,-8.46521169751643,66.24898801637438,88.0294864848224
914,-504.230514610031,-314.6223397441813,343.45081133700114,-5.828664389968992,-0.7998222558186967,-1.2478343370012226,16.43700377290944,-78.21523013151418,87.91423241469771,-9.681519908459599,65.29403163889117,88.02916809217562
915,-475.69161761003096,-297.3990277441813,343.45081133700114,-5.752677389969051,-0.8020042558187015,-1.0963603370011583,15.33790697051067,-82.76349155034347,93.28939735236214,-10.508264374210802,64.19493489378817,88.02879544042568
916,-447.1527216100309,-280.1757157441814,343.45081133700114,-5.769820389969084,-0.7007442558186199,-1.040842337001152,14.058975561179514,-87.34590096728367,98.30736601930136,-10.943626469432518,62.91600359904858,88.0283529451205
917,-418.613824610031,-262.9524027441813,343.45081133700114,-5.737859389968946,-0.5689102558186505,-0.9596633370011318,12.551542796276456,-92.0081728513433,102.99863466711899,-10.972373480887617,61.40857100603286,88.02781826090609
918,-390.074927610031,-245.72909074418132,343.45081133700114,-5.709258389968966,-0.4592352558185837,-0.90771933700114,10.747318294566085,-96.7945353044188,107.37996758253433,-10.56701873238295,59.60434673350561,88.02715786975142
919,-361.5360316100309,-228.5057777441813,343.45081133700114,-5.782935389969111,-0.33299725581869666,-1.0486833370011936,8.547157897545206,-101.75167900101005,111.4581366683196,-9.687605923455257,57.40418673755519,88.02631900224357
920,-361.5360316100309,-228.5057777441813,287.89525633700106,-5.386434389969111,-0.4546302558186994,-0.8316583370011017,8.547157267291631,-99.74027525241155,118.24151985316665,-18.48238810135109,57.404183528991524,88.02631716877863
921,-390.074927610031,-245.72909074418132,287.89525633700106,-5.333816389968945,-0.6015952558186655,-0.9006733370011375,10.747318294566085,-94.73553778524375,113.95851995990392,-19.204574129322445,59.60434696268873,88.0271680111044
922,-418.613824610031,-262.9524027441813,287.89525633700106,-5.397167389969013,-0.7054742558186717,-0.9273863370010531,12.551542796276456,-89.96063374322573,109.4081840327858,-19.42946699670062,61.408571120624416,88.02782823037171
923,-447.1527216100309,-280.1757157441814,287.89525633700106,-5.393181389969129,-0.8007232558186388,-1.0612143370010472,14.058975561179514,-85.35556768430533,104.58709758712797,-19.213695903899826,62.91600365634435,88.02836239892412
924,-475.69161761003096,-297.3990277441813,287.89525633700106,-5.448625389969038,-0.8455762558186279,-1.0377923370010649,15.337912585497062,-80.86716792188307,99.48224153213478,-18.59743619314842,64.19494056607034,88.02880432127151
925,-504.230514610031,-314.6223397441813,287.89525633700106,-5.520536389969095,-0.9194162558187031,-1.1323523370010662,16.437028467390405,-76.44568527545282,94.06954614001589,-17.60638215676903,65.29405633337214,88.02917645735944
926,-532.7694116100309,-331.8456527441814,287.89525633700106,-5.536411389969089,-0.9818902558185982,-1.3657623370010583,17.39199842397337,-72.0415513326929,88.31110830456691,-16.252208726569922,66.24902623265932,88.02949450623153
927,-561.3083076100311,-349.0689647441813,287.89525633700106,-5.614085389968977,-0.968509255818617,-1.3093103370010795,18.229592074758493,-67.60154822660552,82.150164122996,-14.531376742250579,67.08661982614866,88.02976964056474
928,-589.847204610031,-366.2922767441813,287.89525633700106,-5.820140389968969,-0.9898382558185972,-1.4644033370010447,18.970303260640915,-63.063327377473875,75.50194231227388,-12.42146814145669,67.82733101203108,88.03001016824714
929,-618.386101610031,-383.5155897441814,287.89525633700106,-5.887934389969018,-1.1389332558185288,-1.6365423370010603,19.630095960891687,-58.346136400131144,68.2361353675329,-9.872931528713062,68.48712371228186,88.03022244911023
930,-618.386101610031,-383.5155897441814,232.3397003370011,-5.4961903899690014,-1.1757752558186212,-1.4817113370010873,19.63009584630013,-56.49477414495334,73.62467216610742,-17.112827545789074,68.48712222259158,88.03021465688423
931,-589.847204610031,-366.2922767441813,232.3397003370011,-5.428891389969067,-1.044362255818612,-1.4382753370011017,18.970247168072774,-60.94056693226475,80.70672764983695,-19.74901077296101,67.82727480487138,88.03000306357048
932,-561.3083076100311,-349.0689647441813,232.3397003370011,-5.291352389968893,-1.0399752558186606,-1.222229337001096,18.22954182635986,-65.2415699042956,87.26483700766784,-22.006024740668693,67.08656952045425,88.02976236400073
933,-532.7694116100309,-331.8456527441814,232.3397003370011,-5.192484389969081,-1.0627612558186001,-1.0514203370011899,17.391953446786452,-69.46690835638039,93.40450761008023,-23.92024768524056,66.24898119817661,88.02948682859706
934,-504.230514610031,-314.6223397441813,232.3397003370011,-5.15755838996904,-0.9989422558186902,-1.0709173370010774,16.43699002192235,-73.67313350937738,99.19672279724244,-25.50610685584535,65.2940178306083,88.02916826406297
935,-475.69161761003096,-297.3990277441813,232.3397003370011,-5.07159038996906,-0.9570672558186857,-0.9513663370011898,15.33788462515666,-77.91162478060718,104.69063404008864,-26.761367774377824,64.19491254843416,88.02879544042568
936,-447.1527216100309,-280.1757157441814,232.3397003370011,-5.0326173899691184,-0.9020312558185992,-0.832170337001088,14.05896668033369,-82.23340245744436,109.92014857986423,-27.668907367947384,62.915994660906975,88.02835271593739
937,-418.613824610031,-262.9524027441813,232.3397003370011,-5.012551389968962,-0.8030192558186968,-0.8724553370010995,12.551542796276456,-86.69277291210587,114.90719391245933,-28.19633243628228,61.40857094873707,88.02781774524408
938,-390.074927610031,-245.72909074418132,232.3397003370011,-5.035474389969011,-0.7137142558186724,-0.7396173370010786,10.747318294566085,-91.35291087215332,119.66506873207356,-28.293743913117225,59.604346676209836,88.0271570676105
939,-361.5360316100309,-228.5057777441813,232.3397003370011,-5.034941389969049,-0.5935222558186979,-0.6565153370010819,8.547157897545206,-96.28899281208288,124.19721508266123,-27.889369896470484,57.40418673755519,88.0263177990322
940,-361.5360316100309,-228.5057777441813,176.7841453370011,-4.69773338996913,-0.7907762558185993,-0.5619183370010887,8.547157267291631,-91.20363880804145,129.22614786996806,-38.00364935395897,57.404183414399974,88.0263203200465
941,-390.074927610031,-245.72909074418132,176.7841453370011,-4.738613389968975,-0.918160255818691,-0.571936337001091,10.747318294566085,-86.52577639860164,124.42095813833613,-37.87677455383346,59.604346905392944,88.02716995916089
942,-418.613824610031,-262.9524027441813,176.7841453370011,-4.719675389968984,-1.0008782558186908,-0.6204063370011852,12.551542796276456,-82.13617845239997,119.43852752241459,-37.28426629281718,61.408571063328644,88.02782954817465
943,-447.1527216100309,-280.1757157441814,176.7841453370011,-4.7235423899690545,-1.0583092558185854,-0.7344093370011819,14.058975561179514,-77.94807240212462,114.27050023490237,-36.30459400574229,62.91600359904858,88.02836325836081
944,-475.69161761003096,-297.3990277441813,176.7841453370011,-4.789600389969053,-1.1089282558186255,-0.8226103370010946,15.337801832755263,-73.89407222312401,108.90138653369544,-34.98967700805969,64.19482975603277,88.02880477963774
945,-504.230514610031,-314.6223397441813,176.7841453370011,-4.84570338996906,-1.143786255818668,-0.8685803370011058,16.436931866706146,-69.91722952019627,103.30680397063888,-33.372095685352804,65.2939596753921,88.02917668654256
946,-532.7694116100309,-331.8456527441814,176.7841453370011,-4.931668389969104,-1.1777322558186256,-0.9458383370011063,17.391913397036575,-65.96788787470231,97.45374284287341,-31.468506608275444,66.24894114842674,88.0294945635273
947,-561.3083076100311,-349.0689647441813,176.7841453370011,-5.0258143899689,-1.1461262558186718,-1.1572573370010844,18.22951621514642,-61.99760593959927,91.29623898638336,-29.28139354886951,67.08654396653658,88.02976958326897
948,-589.847204610031,-366.2922767441813,176.7841453370011,-5.134068389969002,-1.108782255818653,-1.3758543370011012,18.970303260640915,-57.95466762756615,84.77002538686648,-26.79821050759078,67.8273309547353,88.0300099963598
949,-618.386101610031,-383.5155897441814,176.7841453370011,-5.218416389968979,-1.2156232558186275,-1.4225583370011918,19.630095960891687,-53.77923964360677,77.78453712666078,-23.98822929952017,68.48712365498608,88.03022210533555
950,-618.386101610031,-383.5155897441814,121.22858933700111,-4.880194389969006,-1.2804872558186275,-1.4780893370011086,19.63009590359591,-50.28717830730837,80.80686245236794,-30.50261475831436,68.48712279554938,88.03021763626477
951,-589.847204610031,-366.2922767441813,121.22858933700111,-4.784151389968997,-1.190665255818658,-1.192931337001113,18.9702459648614,-54.17964289084592,87.74626777440704,-33.549474881654156,67.82727360166001,88.0300032927536
952,-561.3083076100311,-349.0689647441813,121.22858933700111,-4.746507389968883,-1.246347255818705,-0.975646337001109,18.22953615407769,-57.93266352721883,94.26928999900504,-36.31938399449111,67.08656384817208,88.02976242129652
953,-532.7694116100309,-331.8456527441814,121.22858933700111,-4.602965389969086,-1.2913622558185693,-0.852971337001108,17.391942503292565,-61.59897639780651,100.45998753510243,-38.84365945424506,66.24897019738695,88.0294867140055
954,-504.230514610031,-314.6223397441813,121.22858933700111,-4.501156389969083,-1.233923255818695,-0.6819593370012029,16.43697168727291,-65.22338703137135,106.37892906902545,-41.138059433747046,65.29399943866308,88.0291679202883
955,-475.69161761003096,-297.3990277441813,121.22858933700111,-4.4237693899690385,-1.2391512558186832,-0.6185263370011143,15.33785506053443,-68.84813055341515,112.07151680778423,-43.20574431089923,64.19488292651616,88.02879475287632
956,-447.1527216100309,-280.1757157441814,121.22858933700111,-4.371414389969118,-1.2093412558186287,-0.5955933370011053,14.058919010245134,-72.51711392299016,117.57270163524807,-45.03774838482761,62.91594693352264,88.02835162731756
957,-418.613824610031,-262.9524027441813,121.22858933700111,-4.398404389969016,-1.142174255818702,-0.4758443370011207,12.551492547877821,-76.28036873149969,122.90987442906672,-46.61141610217183,61.40852064304267,88.02781602637069
958,-390.074927610031,-245.72909074418132,121.22858933700111,-4.3497763899690085,-1.0632582558186812,-0.37348933700111786,10.747288500760739,-80.19985394735983,128.10466595028822,-47.88639645184354,59.604316825108704,88.02715426011731
959,-361.5360316100309,-228.5057777441813,121.22858933700111,-4.349184389969139,-1.015239255818699,-0.2913423370011117,8.547157840249426,-84.35782161547037,133.17339529742503,-48.796718672240935,57.404186508372064,88.0263133299614
960,-361.5360316100309,-228.5057777441813,65.6730343370011,-4.101652389969047,-1.283197255818692,-0.031232337001100063,8.547157038108512,-75.80688763957636,135.8501076682638,-60.02435877373375,57.40418209659705,88.02632158055364
961,-390.074927610031,-245.72909074418132,65.6730343370011,-4.044350389968997,-1.329897255818679,-0.17179133700109617,10.747318237270306,-72.45887264852357,130.57221354629561,-58.09493623288532,59.60434661891405,88.0271758033304
962,-418.613824610031,-262.9524027441813,65.6730343370011,-4.179434389969003,-1.3855272558186584,-0.13636333700110015,12.551306451185964,-69.21909872418301,125.21392909119135,-55.976748850318025,61.40833454635081,88.02783292862564
963,-447.1527216100309,-280.1757157441814,65.6730343370011,-4.165612389969112,-1.4091412558186107,-0.28914333700109296,14.058795595136063,-66.03449926041488,119.74795584339353,-53.69562344349253,62.91582351841357,88.0283652637131
964,-475.69161761003096,-297.3990277441813,65.6730343370011,-4.152328389969057,-1.3912292558187005,-0.5073993370011038,15.337770663851208,-62.86559460034563,114.14677034281854,-51.263538783735854,64.19479852983294,88.02880604014489
965,-504.230514610031,-314.6223397441813,65.6730343370011,-4.247309389968962,-1.3941892558186737,-0.6723893370011069,16.436913130986248,-59.67894503629073,108.37896607981367,-48.682542450320454,65.29394093967218,88.0291774313877
966,-532.7694116100309,-331.8456527441814,65.6730343370011,-4.336438389969089,-1.3885482558185913,-0.7492443370011017,17.391902109768008,-56.4435026155856,102.40738101178671,-45.94653009360123,66.24892986115817,88.02949502189354
967,-561.3083076100311,-349.0689647441813,65.6730343370011,-4.421423389968936,-1.3520132558186901,-0.8847313370010994,18.229509626131776,-53.12740761896155,96.18603160874852,-43.0413844918724,67.08653732022617,88.02976981245209
968,-589.847204610031,-366.2922767441813,65.6730343370011,-4.558589389969029,-1.29105225581867,-1.1425213370010994,18.97023106795873,-49.694724821057314,89.6555624225041,-39.943690235145674,67.82725870475733,88.03001005365559
969,-618.386101610031,-383.5155897441814,65.6730343370011,-4.592397389969051,-1.3460582558186047,-1.3993873370011016,19.630095960891687,-46.10094680305136,82.73541753511455,-36.61740237664202,68.4871235976903,88.03022204803978
970,-618.386101610031,-383.5155897441814,10.1174783370011,-4.311283389969049,-1.4148982558186276,-1.2392603370010988,19.63009590359591,-41.30557625022503,83.58932633100335,-42.266681553469816,68.48712313932405,88.03021924054659
971,-589.847204610031,-366.2922767441813,10.1174783370011,-4.251976389969059,-1.3580492558186847,-0.9815543370011,18.970245678382504,-44.59107547247644,90.50325663166802,-45.89503109998883,67.82727331518112,88.03000323545781
972,-561.3083076100311,-349.0689647441813,10.1174783370011,-4.19745638996892,-1.4377112558187264,-0.8526473370011001,18.229534377908525,-47.68263518468227,97.03944640042639,-49.33956868115322,67.08656207200292,88.02976224940919
973,-532.7694116100309,-331.8456527441814,10.1174783370011,-4.051119389969017,-1.5252942558186078,-0.634601337001099,17.391938836362677,-50.615991509369955,103.27689442781747,-52.643551063509314,66.24896653045707,88.02948637023083
974,-504.230514610031,-314.6223397441813,10.1174783370011,-4.038624389969073,-1.4902552558186812,-0.3603523370010997,16.436965212849827,-53.41655747388052,109.2746650994764,-55.84062467791415,65.29399296423999,88.02916729003472
975,-475.69161761003096,-297.3990277441813,10.1174783370011,-3.921658389969025,-1.527281255818707,-0.23972433700119922,15.337844059744766,-56.10266440450293,115.07927846307165,-58.958971714028394,64.19487186843071,88.02879372155229
976,-447.1527216100309,-280.1757157441814,10.1174783370011,-3.8806073899691,-1.5406082558185403,-0.1392473370011995,14.058900159933675,-58.68726412678768,120.72925120531046,-62.024146891655775,62.915928083211185,88.02834996573996
977,-418.613824610031,-262.9524027441813,10.1174783370011,-3.8725013899690452,-1.5158272558186923,0.0356276629988006,12.551459144438365,-61.17869546848511,126.25833157165005,-65.06154507537524,61.40848718230743,88.02781321887748
978,-390.074927610031,-245.72909074418132,10.1174783370011,-3.8553733899689746,-1.5125922558186744,0.23073766299890153,10.747226277544188,-63.58063378196364,131.69822555678266,-68.09917358812832,59.604254487300594,88.02714944727184
979,-361.5360316100309,-228.5057777441813,10.1174783370011,-3.873729389969128,-1.5318482558186872,0.40671866299880044,8.547062213593419,-65.89099195386295,137.08149463868455,-71.17164257578351,57.404090652532936,88.02630456370713
980,-361.5360316100309,-228.5057777441813,-45.4380766629988,-3.7395733899691095,-1.7611392558186765,0.6696126629988015,8.547156866221174,-55.2176006847292,136.76921476405505,-81.53276371057025,57.40418117986457,88.0263186584689
981,-390.074927610031,-245.72909074418132,-45.4380766629988,-3.596649389969002,-1.7374492558186887,0.42457766299880717,10.747318237270306,-54.010320798947035,131.41334624278971,-77.38462519073096,59.604346561618264,88.02718548631714
982,-418.613824610031,-262.9524027441813,-45.4380766629988,-3.680129389968954,-1.7171862558186604,0.2710196629988033,12.551321290792858,-52.496968749766694,125.99485440854482,-73.47980631932745,61.4083493859577,88.02783797065423
983,-447.1527216100309,-280.1757157441814,-45.4380766629988,-3.696944389969076,-1.7168382558186295,0.07618666299880061,14.058803616545196,-50.73790311989094,120.48194738025465,-69.72621232408896,62.915831539822705,88.02836801391052
984,-475.69161761003096,-297.3990277441813,-45.4380766629988,-3.7024443899690596,-1.6792762558187064,-0.15916733700120034,15.337775362105129,-48.7679538417984,114.84447439986596,-66.0588841722883,64.19480317079108,88.02880764442672
985,-504.230514610031,-314.6223397441813,-45.4380766629988,-3.784388389968967,-1.6059322558186864,-0.37817133700119143,16.436915995775223,-46.60534910937496,109.04930338073447,-62.4264760219317,65.29394380446116,88.02917840541595
986,-532.7694116100309,-331.8456527441814,-45.4380766629988,-3.8566143899690815,-1.6251492558185987,-0.4783543370011998,17.39190405782451,-44.2560895669048,103.0582784849723,-58.78484078735497,66.24893180921468,88.02949553755556
987,-561.3083076100311,-349.0689647441813,-45.4380766629988,-4.025513389968864,-1.5622522558186915,-0.5659563370011966,18.22951100123048,-41.7157267700665,96.82503132683932,-55.092065173449804,67.08653869532488,88.02977015622676
988,-589.847204610031,-366.2922767441813,-45.4380766629988,-4.089533389969006,-1.4430112558186465,-0.8854073370011974,18.97023209928276,-38.96921983189277,90.29044131354075,-51.30407411534687,67.82725973608137,88.0300102828387
989,-618.386101610031,-383.5155897441814,-45.4380766629988,-4.06380838996904,-1.466495255818586,-1.165720337001197,19.630095960891687,-35.98860371372729,83.37498746080306,-47.36931533435882,68.4871235976903,88.03022216263133
990,-618.386101610031,-383.5155897441814,-100.99363266299879,-3.873860389968968,-1.5374442558186274,-0.9761013370012108,19.630095960891687,-30.234522190986254,82.09091215097877,-51.83932240671226,68.48712342580295,88.03022038646218
991,-589.847204610031,-366.2922767441813,-100.99363266299879,-3.8391673899690204,-1.5097002558187,-0.7538043370011991,18.970249517199733,-32.929846809320956,89.01656161579349,-56.069564689974,67.82727709670256,88.03000312086627
992,-561.3083076100311,-349.0689647441813,-100.99363266299879,-3.7562153899689292,-1.6043422558186649,-0.5540573370012112,18.229540393965376,-35.347998166824084,95.54375640553452,-60.178515589528004,67.08656808805976,88.02976202022607
993,-532.7694116100309,-331.8456527441814,-100.99363266299879,-3.695586389969094,-1.7125322558185871,-0.27572633700111737,17.39194806098318,-37.511365849847515,101.75403087816751,-64.22531294419868,66.24897581237335,88.02948596916038
994,-504.230514610031,-314.6223397441813,-100.99363266299879,-3.6206303899689942,-1.7195202558186793,-0.11422133700121151,16.436979708682042,-39.42700354180712,107.70706884399983,-68.26258212532788,65.29400746007221,88.02916671707692
995,-475.69161761003096,-297.3990277441813,-100.99363266299879,-3.4904593899690326,-1.7792092558187278,0.057789662998800395,15.337867379127026,-41.08844816418226,113.44857090646144,-72.34247988207684,64.19489524510875,88.02879280481983
996,-447.1527216100309,-280.1757157441814,-100.99363266299879,-3.501887389969113,-1.8393692558186103,0.27718766299888387,14.058939178359523,-42.475026425696356,119.01484012981804,-76.52197271511376,62.91596710163703,88.02834841875392
997,-418.613824610031,-262.9524027441813,-100.99363266299879,-3.5514583899690138,-1.8548582558186126,0.47064166299878707,12.551527727486443,-43.54873031157272,124.43576096133957,-80.86893818958268,61.40855576535551,88.02781058327163
998,-390.074927610031,-245.72909074418132,-100.99363266299879,-3.5373233899690035,-1.882576255818691,0.7217446629987876,10.747318237270306,-44.247667030020594,129.7363381386423,-85.4702501717336,59.604346561618264,88.02714469172213
999,-361.5360316100309,-228.5057777441813,-100.99363266299879,-3.6143233899691154,-1.9272892558186925,0.9497496629987978,8.547157840249426,-44.47437886651096,134.94031623596783,-90.44707164543236,57.40418656566785,88.02629556826975
1000,-389.3588596100309,-173.1059727441813,-100.99363266299879,-3.849325389969124,-2.1265822558186187,0.9139296629988962,-2.247956822769591,-44.476553699709726,134.3235500878213,-89.82517958766748,46.609074996620926,88.0214915463407
1001,-420.2163246100309,-185.7126347441813,-100.99363266299879,-3.7749913899691023,-2.1736952558187,0.6855106629987944,0.09932389536353409,-44.18791108432678,129.12082052282716,-84.91185364059977,48.95635256348618,88.02265316097454
1002,-451.07379061003087,-198.31929674418132,-100.99363266299879,-3.801752389969124,-2.1182542558186697,0.4363626629987891,2.0316276690763444,-43.442550575119995,123.81692437290458,-80.35392252765362,50.88865633719899,88.02359286905433
1003,-481.9312566100309,-210.9259587441813,-100.99363266299879,-3.7539153899691087,-2.079923255818727,0.23803866299878962,3.6509582319317606,-42.33215097700089,118.38924538959787,-76.03708959117999,52.50798667087128,88.02431364996062
1004,-512.788721610031,-223.5326207441813,-100.99363266299879,-3.8102983899690344,-1.9721532558187107,0.006006662998800039,5.028042468188983,-40.91479456864796,112.81250387284501,-71.878058169627,53.88507084983273,88.02490425485584
1005,-543.646187610031,-236.13928274418132,-100.99363266299879,-3.8781433899689546,-1.921661255818691,-0.1972523370012027,6.214000818245173,-39.22612264807353,107.0558624892669,-67.81037518552088,55.071029085297354,88.02539751422167
1006,-574.5036536100309,-248.7459447441813,-100.99363266299879,-3.9053153899690187,-1.9425242558187392,-0.3990843370011987,7.246137189042591,-37.28492307433774,101.08275014494124,-63.778698817317284,56.10316539879899,88.02581594529944
1007,-605.3611186100311,-261.3526067441813,-100.99363266299879,-3.9320343899688623,-1.8989522558186422,-0.6692783370012023,8.152685508330798,-35.0961082156887,94.84638649747322,-59.73134815730385,57.00971366079142,88.02617547631588
1008,-636.218584610031,-273.9592687441813,-100.99363266299879,-3.945351389969005,-1.8545642558186728,-0.9275923370012151,8.955340823022418,-32.65107138660686,88.28536215956382,-55.61552892618072,57.81236891818726,88.02648796749736
1009,-667.076049610031,-286.5659307441813,-100.99363266299879,-4.038012389969026,-1.9044812558187232,-1.0791793370012073,9.6711245632952,-29.925454260460473,81.31509274701659,-51.37102136891893,58.52815265846005,88.02676224239389
1010,-667.076049610031,-286.5659307441813,-45.4380766629988,-4.163591389969042,-1.8158852558187277,-1.2562993370010958,9.6711245632952,-35.65117603392014,82.60150412036317,-46.93171171365099,58.528152601164265,88.02676029433738
1011,-636.218584610031,-273.9592687441813,-45.4380766629988,-4.146455389968992,-1.7808142558187114,-0.9743153370011939,8.955355605333533,-38.65734836157963,89.55916290372691,-50.883047137680435,57.812383643202594,88.02647782614439
1012,-605.3611186100311,-261.3526067441813,-45.4380766629988,-4.147015389968942,-1.8055572558186554,-0.6893863370011957,8.15270985903709,-41.4256185859394,96.12586651389321,-54.68131132905006,57.00973795420193,88.02616384527265
1013,-574.5036536100309,-248.7459447441813,-45.4380766629988,-4.042844389969105,-1.8126032558187148,-0.553269337001197,7.246172139468095,-43.9854614894459,102.38357180790582,-58.37897421565191,56.103200291928715,88.02580202242503
1014,-543.646187610031,-236.13928274418132,-45.4380766629988,-3.9574893899689414,-1.8087862558186885,-0.4286703370011935,6.214048774812626,-46.35314580762143,108.3929802264121,-62.02045990824411,55.07107698456903,88.02538038278358
1015,-512.788721610031,-223.5326207441813,-45.4380766629988,-3.8724803899690414,-1.8299502558187157,-0.24914933700119235,5.0281071551240535,-48.53425295153147,114.20140450419012,-65.64748741194666,53.88513547947201,88.02488213868494
1016,-481.9312566100309,-210.9259587441813,-45.4380766629988,-3.8833623899690792,-1.8884092558187149,-0.0027313370011938787,3.6508880446018575,-50.52403940359014,119.8474955146627,-69.30343324148501,52.50791648354138,88.02428368426793
1017,-451.07379061003087,-198.31929674418132,-45.4380766629988,-3.9275603899691305,-1.9314732558186734,0.2818226629988061,2.0315567941970873,-52.30592393709368,125.36450262893484,-73.03810072187696,50.88858534772817,88.0235501836986
1018,-420.2163246100309,-185.7126347441813,-45.4380766629988,-3.816371389969106,-1.9600722558187158,0.41813566299880023,0.0992604116398336,-53.84754010889937,130.78287488688787,-76.9142621924245,48.95628919435403,88.02262760705688
1019,-389.3588596100309,-173.1059727441813,-45.4380766629988,-3.9287083899690742,-1.934218255818621,0.6186136629988042,-2.2479573384316067,-55.0924614883567,136.1321502109173,-81.01780861028014,46.60907184535305,88.02142760425076
1020,-389.3588596100309,-173.1059727441813,10.1174783370011,-4.089642389969072,-1.7022532558186185,0.3363606629989011,-2.2479585416429764,-65.62007911637987,136.44032266570508,-70.79842611862753,46.60906451149327,88.02148169146662
1021,-420.2163246100309,-185.7126347441813,10.1174783370011,-4.00287538996912,-1.7776482558187183,0.09390066299889988,0.0993239526593136,-63.303772382059954,131.06428820729076,-67.73947801820496,48.95635279266929,88.02268054835714
1022,-451.07379061003087,-198.31929674418132,10.1174783370011,-4.057319389969109,-1.744868255818659,-0.10059433700119946,2.0313582643210744,-60.89605475789351,125.6260910366684,-64.70958116982672,50.88838687514794,88.02358628003968
1023,-481.9312566100309,-210.9259587441813,10.1174783370011,-4.082444389969112,-1.7353792558187138,-0.26625933700109883,3.6507559205343,-58.39810252623391,120.09334167779191,-61.675232210197166,52.507784359473824,88.02430998303072
1024,-512.788721610031,-223.5326207441813,10.1174783370011,-4.11875138996902,-1.6848062558186996,-0.3972453370010989,5.028016169426187,-55.80595683519573,114.43511759845809,-58.60950848277672,53.88504455106993,88.02490219220776
1025,-543.646187610031,-236.13928274418132,10.1174783370011,-4.221277389969032,-1.687731255818676,-0.5208183370010993,6.213984947314248,-53.11086500961319,108.61757962480762,-55.487349271972576,55.07101321436643,88.0253963110103
1026,-574.5036536100309,-248.7459447441813,10.1174783370011,-4.2773423899690215,-1.7043682558187072,-0.7982563370010993,7.2461273341685155,-50.2994129615867,102.60174124474126,-52.283199628797874,56.10315554392491,88.02581514315854
1027,-605.3611186100311,-261.3526067441813,10.1174783370011,-4.334984389968895,-1.7011342558187152,-1.0411183370011994,8.15267932038661,-47.35267131148072,96.34016516245629,-48.968563440016,57.00970747284723,88.02617501794965
1028,-636.218584610031,-273.9592687441813,10.1174783370011,-4.379461389968924,-1.6864172558186965,-1.2011853370011991,8.95533692690941,-44.244375444783344,89.77224092300324,-45.50910351685211,57.81236507937003,88.02648768101845
1029,-667.076049610031,-286.5659307441813,10.1174783370011,-4.434018389969083,-1.7259612558187314,-1.4087393370010997,9.6711245632952,-40.93737007980437,82.8161933542552,-41.860206099517875,58.52815265846005,88.02676207050654
1030,-667.076049610031,-286.5659307441813,65.6730343370011,-4.6925763899690764,-1.642315255818687,-1.5037943370010964,9.67112450599942,-45.70112207129795,81.96082139604496,-36.24108278006762,58.528152200093814,88.02675960678802
1031,-636.218584610031,-273.9592687441813,65.6730343370011,-4.665191389968982,-1.551883255818666,-1.2158743370010967,8.955353771868587,-49.312937029877745,88.9242229353893,-39.59251867293204,57.81238180973765,88.02647799803172
1032,-605.3611186100311,-261.3526067441813,65.6730343370011,-4.565480389968911,-1.5575372558187155,-1.0084443370011087,8.152707624501689,-52.75814245064814,95.48770314229596,-42.71062432192719,57.00973571966654,88.02616413175154
1033,-574.5036536100309,-248.7459447441813,65.6730343370011,-4.492194389969086,-1.5427222558187452,-0.8511313370010924,7.24616916008756,-56.082270143672595,101.73435281458107,-45.63294696917092,56.10319736984396,88.02580259538281
1034,-543.646187610031,-236.13928274418132,65.6730343370011,-4.415700389968947,-1.512685255818667,-0.7854713370010984,6.214044477629162,-59.32180382680962,107.7251857121861,-48.3840079477877,55.071072744681345,88.02538129951606
1035,-512.788721610031,-223.5326207441813,65.6730343370011,-4.31562938996899,-1.5110982558187231,-0.6016773370011066,5.0281005661094085,-62.50872972840912,113.5072005317216,-50.97880757933293,53.88512894775315,88.0248836283752
1036,-481.9312566100309,-210.9259587441813,65.6730343370011,-4.312040389969013,-1.5099212558187105,-0.3894143370010994,3.6508773302910886,-65.67383132381741,119.1181352529554,-53.42428254924071,52.50790576923061,88.02428620528222
1037,-451.07379061003087,-198.31929674418132,65.6730343370011,-4.3235003899691264,-1.514866255818589,-0.2318593370010973,2.0315381157729657,-68.84981705468512,124.58962350601024,-55.719331288854114,50.88856672659983,88.02355448088205
1038,-420.2163246100309,-185.7126347441813,65.6730343370011,-4.1775603899691305,-1.523681255818616,-0.24345233700110214,0.09922551851011013,-72.07513548303761,129.94953561961896,-57.85333282222904,48.956254301224305,88.02263534198711
1039,-389.3588596100309,-173.1059727441813,65.6730343370011,-4.24540038996912,-1.4372292558187212,-0.10722133700109282,-2.2479573384316067,-75.39938172102987,135.22348160401242,-59.80223037042131,46.60907184535305,88.02144238656187
1040,-389.3588596100309,-173.1059727441813,121.22858933700111,-4.4964983899690765,-1.1654662558187,-0.3926653370011195,-2.2479587135303154,-83.84546304531625,132.5744821704001,-48.70718284407474,46.6090635947608,88.02147888397342
1041,-420.2163246100309,-185.7126347441813,121.22858933700111,-4.464657389969091,-1.3030712558187076,-0.5400953370011194,0.0993239526593136,-79.72990021280644,127.50253446203226,-47.751588478086646,48.95635307914819,88.02266759951098
1042,-451.07379061003087,-198.31929674418132,121.22858933700111,-4.581761389969131,-1.337625255818665,-0.5942253370011201,2.031627726372124,-75.83959378939582,122.30185728915608,-46.4418043801075,50.88865645179054,88.02357957643349
1043,-481.9312566100309,-210.9259587441813,121.22858933700111,-4.560196389969008,-1.3268782558187127,-0.7530563370011123,3.6507854278607494,-72.09619426031875,116.9557703033692,-44.83956698174578,52.507813981391834,88.0243061442135
1044,-512.788721610031,-223.5326207441813,121.22858933700111,-4.6094033899690885,-1.3532822558186979,-0.7747493370011114,5.028033243568482,-68.43937306586098,111.4417200523904,-42.98269344553662,53.885061682508,88.02489995767237
1045,-543.646187610031,-236.13928274418132,121.22858933700111,-4.727790389968959,-1.359727255818683,-0.8591813370011181,6.213994974075663,-64.82090028040598,105.73223802278858,-40.891971768907176,55.071023298423626,88.02539499320736
1046,-574.5036536100309,-248.7459447441813,121.22858933700111,-4.802424389969019,-1.4236632558186955,-1.079113337001104,7.246133235633805,-61.19754457673355,99.79158935254347,-38.57491577767857,56.103161445390214,88.0258143983134
1047,-605.3611186100311,-261.3526067441813,121.22858933700111,-4.875788389968875,-1.4553432558187183,-1.1743493370012175,8.152682643541821,-57.52721326664971,93.57316575848613,-36.02702190898952,57.00971085329822,88.0261746168792
1048,-636.218584610031,-273.9592687441813,121.22858933700111,-4.9067113899690185,-1.4685432558187017,-1.387006337001111,8.955338588487017,-53.764706798316396,87.01452137266615,-33.231052670277734,57.81236674094764,88.02648750913112
1049,-667.076049610031,-286.5659307441813,121.22858933700111,-5.0240433899690515,-1.5369242558186897,-1.603478337001107,9.6711245632952,-49.85603845267054,80.02830092969404,-30.153645416682096,58.52815271575582,88.02676201321077
1050,-667.076049610031,-286.5659307441813,176.7841453370011,-5.329469389969063,-1.443012255818644,-1.497093337001104,9.67112450599942,-53.317528021527906,76.99786658960817,-23.66172259635867,58.52815179902335,88.0267588619429
1051,-636.218584610031,-273.9592687441813,176.7841453370011,-5.202224389968933,-1.331837255818698,-1.5263803370010862,8.955355032375737,-57.50887821613507,84.03560447543369,-26.50795902671911,57.812383127540585,88.02647794073593
1052,-605.3611186100311,-261.3526067441813,176.7841453370011,-5.130912389968898,-1.3150522558187276,-1.316984337001088,8.15271220816405,-61.55967435784951,90.60139284281803,-29.022782229839446,57.009740360624676,88.02616430363888
1053,-574.5036536100309,-248.7459447441813,176.7841453370011,-5.066508389969044,-1.2756772558187208,-1.0997503370010975,7.246177926341826,-65.53180465479964,96.79043922914143,-31.239499159083103,56.10320619339401,88.02580299645328
1054,-543.646187610031,-236.13928274418132,176.7841453370011,-5.021000389969004,-1.2016072558186863,-0.9842253370011065,6.214059317236056,-69.47712413657177,102.66884829624237,-33.17235068044806,55.071087641584015,88.02538204436118
1055,-512.788721610031,-223.5326207441813,176.7841453370011,-4.939351389969033,-1.1768022558187,-0.9862113370010945,5.028124974111482,-73.4439125188148,108.28407046065715,-34.82049552000372,53.88515335575523,88.02488488888235
1056,-481.9312566100309,-210.9259587441813,176.7841453370011,-4.8403273899690475,-1.1294792558187225,-0.9107193370010975,3.650917781111424,-77.48152117743763,113.67050759809564,-36.16896647315523,52.507946334642504,88.02428832522605
1057,-451.07379061003087,-198.31929674418132,176.7841453370011,-4.844344389969137,-1.0906282558186717,-0.7578353370010973,2.0316072144830586,-81.64476378148905,118.85270688207885,-37.187470287245766,50.88863593990148,88.02355791862884
1058,-420.2163246100309,-185.7126347441813,176.7841453370011,-4.840041389969144,-1.0558172558187096,-0.7191153370010852,0.0993239526593136,-85.99856263710159,123.84656754764703,-37.82694166419351,48.95635296455663,88.02264118615662
1059,-389.3588596100309,-173.1059727441813,176.7841453370011,-4.798702389969037,-0.9095032558187199,-0.6864413370010993,-2.2479572811358275,-90.62662464360844,128.66181137078058,-38.01332460576645,46.609072131831944,88.0214526425064
1060,-389.3588596100309,-173.1059727441813,232.3397003370011,-5.174390389969119,-0.6848292558186984,-0.7533133370010887,-2.2479583124598586,-95.68239586265902,123.66820561413546,-27.9639662511991,46.609065943887764,88.0214767067338
1061,-420.2163246100309,-185.7126347441813,232.3397003370011,-5.123242389969107,-0.8720832558187226,-0.9348683370010917,0.0993240099550931,-90.79435454309044,119.11939558821734,-28.303991836240936,48.95635325103553,88.02266192722881
1062,-451.07379061003087,-198.31929674418132,232.3397003370011,-5.137135389969046,-0.9408372558186784,-1.0791103370011115,2.031627726372124,-86.16962457264115,114.34401415776442,-28.15392857470978,50.88865662367788,88.02357608139094
1063,-481.9312566100309,-210.9259587441813,232.3397003370011,-5.192186389969095,-0.9957112558187191,-1.0146893370011014,3.6509582892275403,-81.73562377241556,109.3375228667857,-27.581889001741434,52.5079869000544,88.02430408156543
1064,-512.788721610031,-223.5326207441813,232.3397003370011,-5.272927389969027,-1.0358162558186166,-1.096059337001094,5.028174305777642,-77.43166491111963,104.08643022078348,-26.635111253009033,53.88520285930873,88.02489869716521
1065,-543.646187610031,-236.13928274418132,232.3397003370011,-5.3746793899689465,-1.0615852558186987,-1.2932393370011823,6.214112774198342,-73.20415769918873,98.56741832718616,-25.34389436804312,55.071141155842085,88.02539424836223
1066,-574.5036536100309,-248.7459447441813,232.3397003370011,-5.402806389969101,-1.169716255818713,-1.2349533370010874,7.246233732431071,-69.00260049064444,92.74527085077808,-23.723541304706515,56.10326205677903,88.02581405453873
1067,-605.3611186100311,-261.3526067441813,232.3397003370011,-5.45960238996895,-1.1846402558186924,-1.4061613370010946,8.152770306084477,-64.77556768776789,86.56898073950971,-21.774482640782253,57.009798573136656,88.02617450228765
1068,-636.218584610031,-273.9592687441813,232.3397003370011,-5.592040389968929,-1.247543255818698,-1.6604423370010863,8.955416682634494,-60.46577806417403,79.96472874130998,-19.480189002247045,57.812444835095114,88.0264875664269
1069,-667.076049610031,-286.5659307441813,232.3397003370011,-5.669482389969062,-1.338166255818635,-1.6985983370011013,9.6711245632952,-56.002674961364576,72.82284815588075,-16.80155664983679,58.52815277305161,88.02676229968966
1070,-667.076049610031,-286.5659307441813,287.89525633700106,-6.042150389969038,-1.2681142558187162,-1.6997253370010412,9.671124448703642,-57.82182403960986,67.40709970085474,-9.56666278349539,58.528151512544454,88.02675869005554
1071,-636.218584610031,-273.9592687441813,287.89525633700106,-5.920492389969013,-1.1323812558187,-1.5915763370010723,8.955352855136116,-62.56156904219167,74.74591533427404,-12.165579002207076,57.81238095030096,88.02647731048236
1072,-605.3611186100311,-261.3526067441813,287.89525633700106,-5.73514538996892,-1.0775342558187049,-1.409384337001086,8.152716333460175,-67.111299181033,81.44868799830432,-14.318452562142236,57.009744485920805,88.0261639598642
1073,-574.5036536100309,-248.7459447441813,287.89525633700106,-5.683845389969065,-1.0271282558187238,-1.5130763370010527,7.246188411469476,-71.55488504950912,87.6528790915475,-16.078858684075488,56.10321662122588,88.02580293915749
1074,-543.646187610031,-236.13928274418132,287.89525633700106,-5.6712643899689965,-0.9400122558186865,-1.3722593370010827,6.214077651885501,-75.95587746467834,93.44691393537126,-17.471663220653493,55.07110597623346,88.02538221624853
1075,-512.788721610031,-223.5326207441813,287.89525633700106,-5.588283389969092,-0.8693182558187118,-1.1751983370010635,5.028154252254813,-80.36791134951753,98.88990624707684,-18.502332934086937,53.88518269119434,88.02488546184016
1076,-481.9312566100309,-210.9259587441813,287.89525633700106,-5.5262793899690905,-0.8554582558187178,-1.1468083370010618,3.6509582319317606,-84.84007165456084,104.02105791359867,-19.160966999084398,52.50798684275862,88.0242893565501
1077,-451.07379061003087,-198.31929674418132,287.89525633700106,-5.512485389969129,-0.7364902558186941,-1.1440353370010712,2.031627726372124,-89.42205708273264,108.86627247144617,-19.423743778580835,50.888656509086324,88.02355963750222
1078,-420.2163246100309,-185.7126347441813,287.89525633700106,-5.4165413899690975,-0.6613962558187154,-1.1118883370010622,0.0993239526593136,-94.1655532399992,113.4392943759836,-19.25267978039319,48.95635302185241,88.02264393635404
1079,-389.3588596100309,-173.1059727441813,287.89525633700106,-5.463062389969082,-0.5092982558186918,-1.0652643370010537,-2.2479572811358275,-99.12860745461344,117.74444653647946,-18.59397993984085,46.60907224642351,88.02145688239409
1080,-389.3588596100309,-173.1059727441813,343.45081133700114,-5.899729389969082,-0.3543852558187268,-1.1663453370011325,-2.2479581978682996,-101.14936519758369,110.98728665588729,-9.816071025236939,46.609066746028674,88.02146725293018
1081,-420.2163246100309,-185.7126347441813,343.45081133700114,-5.834872389969121,-0.5593752558187077,-1.0736263370011443,0.0993240099550931,-96.22596166774476,106.88246047950045,-10.635448399658353,48.95635330833131,88.02266015105965
1082,-451.07379061003087,-198.31929674418132,343.45081133700114,-5.8959663899690895,-0.638424255818677,-1.1586943370011227,2.031627726372124,-91.4651341101333,102.47376224035295,-10.988166374961043,50.88865668097366,88.02357493547535
1083,-481.9312566100309,-210.9259587441813,343.45081133700114,-5.942880389969048,-0.7324012558187007,-1.246169337001163,3.6509582892275403,-86.82142903801645,97.75344778359006,-10.912008366466019,52.507986957350184,88.02430339401607
1084,-512.788721610031,-223.5326207441813,343.45081133700114,-5.969221389968993,-0.7788352558187057,-1.2959733370012145,5.028174363073422,-82.25097450006321,92.70326920557777,-10.432640591563958,53.88520285930873,88.02489841068632
1085,-543.646187610031,-236.13928274418132,343.45081133700114,-6.047512389969029,-0.851752255818667,-1.4543283370011295,6.214112774198342,-77.70885954327696,87.2918348362702,-9.563609204926241,55.071141213137864,88.02539419106644
1086,-574.5036536100309,-248.7459447441813,343.45081133700114,-6.144736389969012,-0.9385532558186185,-1.610227337001163,7.246233732431071,-73.14601468698399,81.470061845077,-8.304918446440553,56.10326211407481,88.02581422642606
1087,-605.3611186100311,-261.3526067441813,343.45081133700114,-6.188211389968956,-1.0099142558187282,-1.579391337001141,8.152770306084477,-68.50460763399184,75.16308286823248,-6.639545338943101,57.009798573136656,88.0261749033581
1088,-636.218584610031,-273.9592687441813,343.45081133700114,-6.279645389969005,-1.093080255818677,-1.6946203370011403,8.955416682634494,-63.710139031326605,68.25500865460029,-4.5261088078214735,57.81244494968668,88.02648825397625
1089,-667.076049610031,-286.5659307441813,343.45081133700114,-6.438363389969027,-1.2239682558187042,-1.8561423370011312,9.67112462059098,-58.65587916034803,60.55756097551696,-1.8830669893629206,58.52815288764317,88.02676344560524
1090,-667.076049610031,-286.5659307441813,399.00636733700117,-6.826757389969089,-1.1737172558187012,-1.865933337001195,9.6711245632952,-58.299972445732315,51.87124108333809,6.447323900142,58.52815242927693,88.02676487799974
1091,-636.218584610031,-273.9592687441813,399.00636733700117,-6.675967389968946,-0.9909342558186722,-1.6112253370012013,8.955416682634494,-63.782892581898736,60.240634413168934,3.5610259169713343,57.81244477779934,88.02647496135539
1092,-605.3611186100311,-261.3526067441813,399.00636733700117,-6.512476389968924,-0.940311255818699,-1.5476463370011402,8.152770306084477,-68.87225121715346,67.54542643761465,1.3457616649214512,57.0097984585451,88.02616235558239
1093,-574.5036536100309,-248.7459447441813,399.00636733700117,-6.465676389969076,-0.8563672558186965,-1.5937613370011832,7.246233732431071,-73.72614270514619,74.08515811687094,-0.3398795380998561,56.10326199948326,88.02580173594613
1094,-543.646187610031,-236.13928274418132,399.00636733700117,-6.359921389969031,-0.7311902558186887,-1.4441383370011636,6.214084240900145,-78.44263513234512,80.03048504480907,-1.568476261354092,55.071112622543886,88.02538141410761
1095,-512.788721610031,-223.5326207441813,399.00636733700117,-6.2809533899689995,-0.6727302558187205,-1.4242923370011908,5.028174305777642,-83.08908409934286,85.4850782621758,-2.3763319128816587,53.88520280201294,88.02488488888235
1096,-481.9312566100309,-210.9259587441813,399.00636733700117,-6.253465389969108,-0.5940322558187177,-1.3676683370011915,3.6509582319317606,-87.7190316526577,90.51729535815589,-2.77824433095318,52.50798684275862,88.02428901277541
1097,-451.07379061003087,-198.31929674418132,399.00636733700117,-6.156482389969142,-0.49772325581869836,-1.1913723370011553,2.031627726372124,-92.37587367298867,95.16995472928662,-2.773609388869469,50.888656509086324,88.02355963750222
1098,-420.2163246100309,-185.7126347441813,399.00636733700117,-6.111477389969082,-0.40784325581861935,-1.1701513370012435,0.0993239526593136,-97.09858933857518,99.4697640010471,-2.3501134787680313,48.95635302185241,88.02264416553714
1099,-389.3588596100309,-173.1059727441813,399.00636733700117,-6.207643389969121,-0.23601125581870974,-1.2708973370012018,-2.2479572811358275,-101.92434676536205,103.43126169100987,-1.4850560701015634,46.60907218912772,88.0214573980561
1100,-408.2872196100309,-114.0723777441813,399.00636733700117,-6.234547389969123,-0.3851802558187103,-1.3444323370011375,-12.70768233252075,-101.01297906887588,102.71630982815984,-1.6764154938998903,36.14934868472884,88.0147447391199
1101,-440.72204861003087,-121.7595737441813,399.00636733700117,-6.238797389969136,-0.441249255818704,-1.292965337001192,-10.265538023571848,-96.22472436538618,98.70583690908065,-2.4556647378152836,38.591492076945286,88.01659344474167
1102,-473.1568776100309,-129.4467697441813,399.00636733700117,-6.34164938996912,-0.47177825581869115,-1.4108343370011767,-8.244912060894485,-91.52949875644381,94.35486714717312,-2.8009819318698286,40.612117638552185,88.0179712936474
1103,-505.59170661003094,-137.1339647441813,399.00636733700117,-6.397398389968998,-0.5156562558186977,-1.5506393370011438,-6.544728272300287,-86.89103968589917,89.6470749695017,-2.7324535439663244,42.312301140667486,88.01904541762593
1104,-538.026535610031,-144.8211607441813,399.00636733700117,-6.44388338996896,-0.5574132558186022,-1.5731063370012066,-5.094006927255056,-82.27049328138258,84.55338763810478,-2.25994287066061,43.76302231382538,88.01990789099494
1105,-570.4613646100311,-152.5083567441813,399.00636733700117,-6.587680389968909,-0.5991462558187095,-1.6706403370011458,-3.841382187537978,-77.62349066526741,79.027257775227,-1.3813221185889073,45.0156469389509,88.0206166970833
1106,-602.896193610031,-160.1955517441813,399.00636733700117,-6.694223389969011,-0.7118512558186012,-1.8195603370011781,-2.7487368326166037,-72.89579937689221,72.99645178949532,-0.07862310211279598,46.10829212198494,88.02121033865485
1107,-635.331022610031,-167.8827477441813,399.00636733700117,-6.759448389968952,-0.7566552558186856,-1.735590337001156,-1.7871744809386454,-68.0156551919097,66.3477184993495,1.689618733330885,47.069854416367114,88.0217152863597
1108,-667.765851610031,-175.5699437441813,399.00636733700117,-6.929557389969091,-0.8517722558187018,-1.8015223370011881,-0.934381749538968,-62.87834967218927,58.89525273385721,4.004484020429807,47.922647205062574,88.02215084887555
1109,-700.2006806100311,-183.2571397441813,399.00636733700117,-7.096955389968912,-0.9845022558187111,-1.9857893370011652,-0.17284979304350773,-57.31004765187135,50.30589758332043,7.025281324993135,48.684179562628486,88.02253192310509
1110,-700.2006806100311,-183.2571397441813,343.45081133700114,-6.645864389968892,-1.0894372558186092,-1.9055063370012135,-0.17285076707175945,-57.75933502793748,59.149031612251584,-1.3685388572217434,48.684168619134596,88.02249485273575
1111,-667.765851610031,-175.5699437441813,343.45081133700114,-6.491334389969097,-0.9399562558186858,-1.8372563370011221,-0.9343818068347475,-62.86732842792947,67.000550392643,-4.111820157600451,47.92264674669634,88.02213068076117
1112,-635.331022610031,-167.8827477441813,343.45081133700114,-6.36780038996892,-0.8429082558185996,-1.5911943370011272,-1.7871745382344248,-67.69199545873643,74.01992647082486,-6.306235163034877,47.06985412988822,88.02169614956934
1113,-602.896193610031,-160.1955517441813,343.45081133700114,-6.292609389969016,-0.8466812558187087,-1.6613333370011674,-2.748786278874324,-72.34816585793995,80.41314694040089,-8.042937791800448,46.108242561135654,88.02119091538559
1114,-570.4613646100311,-152.5083567441813,343.45081133700114,-6.193595389968891,-0.7492452558186926,-1.6257493370011389,-3.841417825512835,-76.91346652593441,86.3044808467402,-9.368554604419776,45.0156111290887,88.02059635708159
1115,-538.026535610031,-144.8211607441813,343.45081133700114,-6.0965813899689465,-0.6626702558187105,-1.4422233370011668,-5.094024345172028,-81.44786958538975,91.77470864994154,-10.303871478376177,43.763004724021066,88.01988600400718
1116,-505.59170661003094,-137.1339647441813,343.45081133700114,-6.0988433899690335,-0.6093042558186994,-1.4239803370011828,-6.544728329596067,-86.00074560630104,96.8760779129767,-10.85173263346046,42.31230096878015,88.01902141069432
1117,-473.1568776100309,-129.4467697441813,343.45081133700114,-5.981620389969123,-0.5882372558187114,-1.3188813370011871,-8.244912060894485,-90.61752074531428,101.64315048137196,-11.001222994492263,40.61211746666485,88.01794482299726
1118,-440.72204861003087,-121.7595737441813,343.45081133700114,-5.851187389969141,-0.5470372558186938,-1.278476337001166,-10.265538023571848,-95.340918746339,106.09575722655774,-10.729367756027756,38.591491847762164,88.01656439578147
1119,-408.2872196100309,-114.0723777441813,343.45081133700114,-5.838291389969129,-0.5537492558187012,-1.2843443370011869,-12.70768250440809,-100.21473037258662,110.24321220774745,-10.001548407014674,36.14934793988371,88.01472445641396
1120,-408.2872196100309,-114.0723777441813,287.89525633700106,-5.491268389969093,-0.7412542558187027,-1.1937163370010921,-12.7076838795068,-98.18148575931663,116.96035362195558,-18.75192647037943,36.14933768393918,88.01471895601912
1121,-440.72204861003087,-121.7595737441813,287.89525633700106,-5.556220389969155,-0.7641192558186134,-1.1562613370010695,-10.265538023571848,-93.27986791831351,112.61963126750976,-19.31431668923264,38.59149213424106,88.0165947625446
1122,-473.1568776100309,-129.4467697441813,287.89525633700106,-5.6696933899690976,-0.781822255818696,-1.3401143370010686,-8.244912060894485,-88.58261867973454,108.01004376944486,-19.40303920380865,40.612117638552185,88.01797209578832
1123,-505.59170661003094,-137.1339647441813,287.89525633700106,-5.712206389969083,-0.8094282558186876,-1.3156853370010708,-6.544728272300287,-84.03441152000843,103.12583358946921,-19.067840444416117,42.31230108337171,88.01904564680906
1124,-538.026535610031,-144.8211607441813,287.89525633700106,-5.791413389968966,-0.8529822558186027,-1.3865813370010756,-5.094006927255056,-79.58493707779286,97.95133101943532,-18.34344216910198,43.76302231382538,88.01990766181184
1125,-570.4613646100311,-152.5083567441813,287.89525633700106,-5.880948389968921,-0.8753332558187026,-1.5583243370010678,-3.841382187537978,-75.18593494611659,92.45920895189597,-17.2508284414509,45.015646881655115,88.02061612412551
1126,-602.896193610031,-160.1955517441813,287.89525633700106,-5.910084389969029,-0.9921492558186742,-1.6884123370010684,-2.7487368899123834,-70.78804939459148,86.60720544692452,-15.797125767814483,46.10829206468915,88.02120936462659
1127,-635.331022610031,-167.8827477441813,287.89525633700106,-6.022786389968928,-1.0083072558186075,-1.652826337001045,-1.7871745382344248,-66.33679213690057,80.33222581916338,-13.973750094506087,47.069854359071336,88.02171385396521
1128,-667.765851610031,-175.5699437441813,287.89525633700106,-6.167344389969003,-1.0818662558186816,-1.820584337001094,-0.934381749538968,-61.76638876407845,73.53950370873461,-11.751725112361,47.92264703317523,88.0221484424528
1129,-700.2006806100311,-183.2571397441813,287.89525633700106,-6.307176389968845,-1.1831722558187039,-1.9748533370010932,-0.17284979304350773,-56.98883101073651,66.08138628755115,-9.071417832428239,48.68417898967069,88.02252716755538
1130,-700.2006806100311,-183.2571397441813,232.3397003370011,-5.88518538996891,-1.3083862558187036,-1.946471337001185,-0.17285025140974383,-55.22184395286416,71.54348645524546,-16.300494802050356,48.684174291416774,88.02251181228648
1131,-667.765851610031,-175.5699437441813,232.3397003370011,-5.779573389969073,-1.219193255818709,-1.7522993370010909,-0.9344491293756754,-59.715414315612826,78.78482781565546,-19.048012552366256,47.9225794241554,88.0221325142261
1132,-635.331022610031,-167.8827477441813,232.3397003370011,-5.677246389969014,-1.1125042558186067,-1.6038483370010965,-1.7872350998733701,-64.04095540843153,85.46450483744292,-21.401854210211425,47.06979356824927,88.0216973527807
1133,-602.896193610031,-160.1955517441813,232.3397003370011,-5.552606389969014,-1.1166132558186064,-1.4087553370010824,-2.7487920657480545,-68.2724468542782,91.70060733074791,-23.40611758687966,46.10823677426192,88.0211917175265
1134,-570.4613646100311,-152.5083567441813,232.3397003370011,-5.523495389968957,-1.0624342558187152,-1.4100093370010995,-3.8414313473168,-72.4684859062976,97.57164437908206,-25.08069887099,45.01559754998896,88.02059670085625
1135,-538.026535610031,-144.8211607441813,232.3397003370011,-5.444268389969011,-0.9779242558186922,-1.279036337001088,-5.094047091596495,-76.6807292933831,103.1316941455725,-26.427997094126432,43.7629819775966,88.01988583211984
1136,-505.59170661003094,-137.1339647441813,232.3397003370011,-5.333323389969053,-0.9720862558187093,-1.1566653370011863,-6.5447526230065804,-80.95904359509301,108.41813989181611,-27.435495993254328,42.31227667536964,88.01902066584918
1137,-473.1568776100309,-129.4467697441813,232.3397003370011,-5.2817033899690955,-0.9483342558187076,-1.1870723370010978,-8.244912118190266,-85.35511172449198,113.45554769894119,-28.076028029672425,40.61211740936906,88.017943333307
1138,-440.72204861003087,-121.7595737441813,232.3397003370011,-5.237221389969136,-0.9269142558187013,-1.071235337001184,-10.265538023571848,-89.92771668764188,118.25947675153651,-28.30628721975979,38.59149179046638,88.01656170287983
1139,-408.2872196100309,-114.0723777441813,232.3397003370011,-5.163140389969101,-0.9555312558186984,-0.987409337001111,-12.70768250440809,-94.7450550725871,122.83542102730799,-28.063429088827952,36.14934793988371,88.01472010193473
1140,-408.2872196100309,-114.0723777441813,176.7841453370011,-4.874512389969027,-1.1960992558186945,-0.8681363370010899,-12.7076838795068,-89.73631641195277,127.77538143314437,-38.012125863467475,36.14933745475606,88.01472634717469
1141,-440.72204861003087,-121.7595737441813,176.7841453370011,-4.995413389969144,-1.1889042558186986,-0.8554033370010927,-10.265538023571848,-85.18123192522015,122.94305630574347,-37.73638270529255,38.5914920196495,88.01660129426347
1142,-473.1568776100309,-129.4467697441813,176.7841453370011,-5.002089389969115,-1.2065252558187183,-0.8952373370011912,-8.244912060894485,-80.87910309112188,117.92901692606749,-37.025530871128694,40.61211752396063,88.0179761064929
1143,-505.59170661003094,-137.1339647441813,176.7841453370011,-5.08374538996901,-1.18896725581871,-1.0550833370010935,-6.544728329596067,-76.75238058774897,112.72347883655318,-35.94751828533716,42.31230102607593,88.0190480532318
1144,-538.026535610031,-144.8211607441813,176.7841453370011,-5.180874389968949,-1.2042152558186103,-1.1592803370010927,-5.094006927255056,-72.73901818521315,107.30903930361015,-34.547070205293224,43.76302219923382,88.01990909420631
1145,-570.4613646100311,-152.5083567441813,176.7841453370011,-5.246578389968931,-1.2060692558186759,-1.1570893370010822,-3.841496435322327,-68.7864875139273,101.66017546388804,-32.85124267211118,45.01553257657499,88.02061681167487
1146,-602.896193610031,-160.1955517441813,176.7841453370011,-5.336051389969043,-1.2669792558186828,-1.242535337001101,-2.748837444005429,-64.84579907812586,95.74020077246887,-30.872371295232877,46.10819139600455,88.02120953651394
1147,-635.331022610031,-167.8827477441813,176.7841453370011,-5.377373389968966,-1.2968692558187058,-1.5904983370010939,-1.7872646071998193,-60.86911720445121,89.49950195443553,-28.60870076115714,47.06976417551438,88.02171362478208
1148,-667.765851610031,-175.5699437441813,176.7841453370011,-5.4487093899690535,-1.3438182558186895,-1.7128843370010998,-0.934381749538968,-56.80336663510072,82.86771635479921,-26.042959142558207,47.92264697587945,88.0221479267908
1149,-700.2006806100311,-183.2571397441813,176.7841453370011,-5.607665389968929,-1.4557142558186058,-1.7671563370011825,-0.17284985033928724,-52.5852119278513,75.74458002634192,-23.13822927900552,48.684178875079134,88.02252613623136
1150,-700.2006806100311,-183.2571397441813,121.22858933700111,-5.262517389968934,-1.592998255818685,-1.788179337001111,-0.1728500795224053,-49.171990901965835,78.78919151951895,-29.596056240377404,48.684176182177495,88.02251714079398
1151,-667.765851610031,-175.5699437441813,121.22858933700111,-5.167083389969093,-1.4729412558187107,-1.4634883370011096,-0.9344491866714548,-53.10779435690175,85.85209508680533,-32.722899839522974,47.9225794241554,88.02213297259235
1152,-635.331022610031,-167.8827477441813,121.22858933700111,-5.089732389968958,-1.4139972558186855,-1.351775337001115,-1.787240199197747,-56.88685598235912,92.46946334944276,-35.56091214828367,47.0697884689249,88.02169741007648
1153,-602.896193610031,-160.1955517441813,121.22858933700111,-5.01085038996905,-1.4451232558186007,-1.1604453370011072,-2.7488028946503826,-60.56497287214633,98.7336155645662,-38.14659951635092,46.108225888063814,88.02119137375182
1154,-570.4613646100311,-152.5083567441813,121.22858933700111,-4.89403638996896,-1.3888862558187043,-1.0055773370012133,-3.8414498538535824,-64.18811944622354,104.71017894828347,-40.49959921271614,45.01557904345218,88.02059584141956
1155,-538.026535610031,-144.8211607441813,121.22858933700111,-4.8255963899689505,-1.3642132558186972,-0.8370043370011189,-5.094076999993401,-67.7983023345239,110.44780288861296,-42.62653153551896,43.76295201190391,88.0198842851338
1156,-505.59170661003094,-137.1339647441813,121.22858933700111,-4.733843389969081,-1.393015255818682,-0.8636663370011064,-6.544800464982473,-71.4378451845286,115.98355288475831,-44.522105334112894,42.3122286615064,88.01901803024333
1157,-473.1568776100309,-129.4467697441813,121.22858933700111,-4.722090389969026,-1.386816255818701,-0.7213423370011185,-8.244983795210437,-75.1535329222948,121.34616683814573,-46.16822247603159,40.61204556046156,88.0179388642362
1158,-440.72204861003087,-121.7595737441813,121.22858933700111,-4.622040389969129,-1.4231932558187026,-0.6170653370011081,-10.265538080867627,-79.00129562513514,126.55760753886547,-47.53083316813023,38.59149167587483,88.01655436902004
1159,-408.2872196100309,-114.0723777441813,121.22858933700111,-4.523911389969101,-1.5104322558186993,-0.559583337001115,-12.70768250440809,-83.05471442386103,131.63578232443814,-48.55412060685231,36.149347710700596,88.014707554159
1160,-408.2872196100309,-114.0723777441813,65.6730343370011,-4.329508389969078,-1.7886802558187043,-0.22367333700110237,-12.707684337873035,-74.76770199713812,134.24313534668312,-59.44849699931408,36.14933413160085,88.01473075894971
1161,-440.72204861003087,-121.7595737441813,65.6730343370011,-4.420144389969153,-1.7116362558187035,-0.3590713370010974,-10.265538080867627,-71.47691162424023,128.9721388344274,-57.46979773895744,38.59149167587483,88.01661756626486
1162,-473.1568776100309,-129.4467697441813,65.6730343370011,-4.569907389969103,-1.6559972558187042,-0.3292263370011881,-8.245184043959835,-68.27288682856909,123.60881217883862,-55.311548746284146,40.61184531171216,88.01798487274716
1163,-505.59170661003094,-137.1339647441813,65.6730343370011,-4.579166389969032,-1.6222362558187058,-0.5049713370010949,-6.544935281951668,-65.10864369582525,118.12685065835925,-52.99463043681371,42.31209390183299,88.01905303796462
1164,-538.026535610031,-144.8211607441813,65.6730343370011,-4.607415389968992,-1.57733025581868,-0.7456463370011903,-5.0941705067055665,-61.948095224127535,112.49892183703452,-50.52787764785972,43.76285850519175,88.0199119589953
1165,-570.4613646100311,-152.5083567441813,65.6730343370011,-4.683282389968895,-1.5639112558187094,-0.9546513370010956,-3.8415158012958024,-58.75950785951371,106.69291458171527,-47.91096247567601,45.01551309600996,88.02061853054825
1166,-602.896193610031,-160.1955517441813,65.6730343370011,-4.759946389969059,-1.5990992558186008,-1.0148893370010938,-2.7488491323444495,-55.512391652915916,100.6700718498992,-45.135650428126745,46.10817965036975,88.02121056783795
1167,-635.331022610031,-167.8827477441813,65.6730343370011,-4.849239389968943,-1.5772942558186003,-1.1711713370010983,-1.787271368101802,-52.174456307282384,94.38166570105432,-42.185525576832084,47.06975735731662,88.0217141404441
1168,-667.765851610031,-175.5699437441813,65.6730343370011,-4.8976383899690745,-1.6113292558187027,-1.4909393370011088,-0.9344674067293401,-48.70823903447428,87.76388588283265,-39.03425621392229,47.9225612613933,88.02214804138235
1169,-700.2006806100311,-183.2571397441813,65.6730343370011,-5.012484389968904,-1.6836152558186086,-1.6752093370011067,-0.17284985033928724,-45.06611598363077,80.72879420258394,-35.64153911298916,48.68417876048757,88.0225260216398
1170,-700.2006806100311,-183.2571397441813,10.1174783370011,-4.746483389968944,-1.812994255818694,-1.5209473370011004,-0.17284996493084626,-40.3515814105136,81.58682560169606,-41.21410193395057,48.684177270797306,88.02252006287874
1171,-667.765851610031,-175.5699437441813,10.1174783370011,-4.625742389969105,-1.756586255818604,-1.2830863370010999,-0.9344490720798959,-43.69373418388553,88.61197887062198,-44.89684373906006,47.92257948145118,88.022132800705
1172,-635.331022610031,-167.8827477441813,10.1174783370011,-4.590633389968957,-1.7277642558186983,-1.0721743370010994,-1.7872417461837937,-46.82953099342515,95.23237687678429,-48.381150320784485,47.06978686464307,88.02169700900602
1173,-602.896193610031,-160.1955517441813,10.1174783370011,-4.555655389969047,-1.7553452558186962,-0.8449583370010991,-2.7488064469887123,-49.79825210669326,101.53398804122934,-51.71369218550932,46.108222335725486,88.02119057161092
1174,-570.4613646100311,-152.5083567441813,10.1174783370011,-4.486754389968951,-1.7603732558187062,-0.5846793370011003,-3.8414562709808884,-52.62759292840777,107.58006329490547,-54.93000910312565,45.01557256902909,88.02059446632086
1175,-538.026535610031,-144.8211607441813,10.1174783370011,-4.366379389968984,-1.745431255818687,-0.4921203370010989,-5.094087886191508,-55.33747755023233,113.41962645375014,-58.059178166074325,43.76294106841003,88.01988193600683
1176,-505.59170661003094,-137.1339647441813,10.1174783370011,-4.30365838996903,-1.8212302558187048,-0.31550533700109895,-6.544819028815036,-57.94207733838438,119.09251859641398,-61.12683596982801,42.31221004037806,88.01901413413033
1177,-473.1568776100309,-129.4467697441813,10.1174783370011,-4.312710389969084,-1.859018255818711,-0.1303483370010987,-8.245016224621642,-60.45080524459278,124.63283214410178,-64.15761030306952,40.61201307375457,88.01793221792578
1178,-440.72204861003087,-121.7595737441813,10.1174783370011,-4.206734389969142,-1.9322872558187072,0.03164666299890051,-10.265660292765329,-62.8685027049306,130.0716022725193,-67.17761131088918,38.591369234794,88.01654245149791
1179,-408.2872196100309,-114.0723777441813,10.1174783370011,-4.2493643899691165,-2.0430862558187073,0.27562366299889973,-12.707682561703871,-65.1944695649722,135.43885787159658,-70.21746725436661,36.14934719503858,88.01474090030268
1180,-408.2872196100309,-114.0723777441813,-45.4380766629988,-4.141144389969099,-2.2729522558186943,0.568190662998802,-12.707684681647711,-54.88600307967063,135.1361697688238,-80.22323887599342,36.149331438699214,88.01472921196365
1181,-440.72204861003087,-121.7595737441813,-45.4380766629988,-4.107205389969124,-2.175328255818698,0.3612646629989058,-10.265538080867627,-53.58448286656222,129.79353038468182,-76.18358842497186,38.591491446691705,88.01657992293771
1182,-473.1568776100309,-129.4467697441813,-45.4380766629988,-4.185902389969101,-2.099475255818703,0.1473826629988011,-8.244912118190266,-52.000047782557225,124.37418186394167,-72.3497668166111,40.61211706559439,88.01799742052286
1183,-505.59170661003094,-137.1339647441813,-45.4380766629988,-4.200984389969108,-2.0090612558186933,-0.11105533700119707,-6.544927317838315,-50.18310470641477,118.84923160657249,-68.64255518728294,42.31210175135478,88.01905974157081
1184,-538.026535610031,-144.8211607441813,-45.4380766629988,-4.200128389968995,-1.9183642558186023,-0.4049953370011963,-5.094165808451646,-48.162437204297255,113.1878578063515,-65.00247427261283,43.76286308885411,88.01991574051674
1185,-570.4613646100311,-152.5083567441813,-45.4380766629988,-4.275827389968981,-1.8909602558186975,-0.5716433370011913,-3.841512764619488,-45.95221119932308,107.35690711990013,-61.38225322103756,45.015516018094715,88.02062076508365
1186,-602.896193610031,-160.1955517441813,-45.4380766629988,-4.384362389969056,-1.892683255818696,-0.7082153370011923,-2.7488471269921666,-43.555263921197934,101.31682930194452,-57.73953641403095,46.10818165572203,88.02121188564088
1187,-635.331022610031,-167.8827477441813,-45.4380766629988,-4.43261438996899,-1.8754822558186959,-0.8963653370011997,-1.7872698784115346,-40.96424420681874,95.01869094928732,-54.032763441190745,47.06975884700689,88.02171494258502
1188,-667.765851610031,-175.5699437441813,-45.4380766629988,-4.439159389969063,-1.8598142558186908,-1.1664823370011916,-0.9344662035179704,-38.16091154370705,88.39911823153312,-50.21681628257311,47.922562407308895,88.0221484424528
1189,-700.2006806100311,-183.2571397441813,-45.4380766629988,-4.483562389968938,-1.939287255818698,-1.4546663370011998,-0.17284985033928724,-35.11306667780476,81.37149654583422,-46.23729081936122,48.68417876048757,88.02252619352714
1190,-700.2006806100311,-183.2571397441813,-100.99363266299879,-4.339164389968914,-2.038975255818599,-1.2442803370012143,-0.17284990763506675,-29.43106645425484,80.08086545291805,-50.628658804079386,48.68417830212133,88.02252229741413
1191,-667.765851610031,-175.5699437441813,-100.99363266299879,-4.272452389969089,-1.9687612558186913,-0.9260383370011169,-0.934445290558448,-32.205457758627325,87.12426782868934,-54.89740877861096,47.92258326297263,88.02213245693032
1192,-635.331022610031,-167.8827477441813,-100.99363266299879,-4.182631389968947,-1.9805162558185998,-0.8124103370012108,-1.787235615535386,-34.69359699942549,93.74112415353683,-59.02583119046624,47.06979299529147,88.02169643604823
1193,-602.896193610031,-160.1955517441813,-100.99363266299879,-4.1825523899690324,-2.0383702558187053,-0.4636563370012112,-2.748796935889313,-36.922845661564246,100.02061507908948,-63.07572498094914,46.10823178952911,88.02118971217422
1194,-570.4613646100311,-152.5083567441813,-100.99363266299879,-4.080060389968935,-2.06923225581869,-0.2933693370012094,-3.841441488669774,-38.904294832858625,106.0270812447262,-67.1003241171715,45.01558729404442,88.02059309122215
1195,-538.026535610031,-144.8211607441813,-100.99363266299879,-4.046040389968994,-2.059616255818696,-0.11092033700120396,-5.094064452217687,-40.6354412607017,111.80914144251908,-71.15072784009206,43.76296450238385,88.0198797587672
1196,-505.59170661003094,-137.1339647441813,-100.99363266299879,-4.027559389969042,-2.178891255818712,0.20566266299879032,-6.5447804114596435,-42.100207405587405,117.40487937496948,-75.2810638736873,42.31224865773345,88.01901046720045
1197,-473.1568776100309,-129.4467697441813,-100.99363266299879,-4.08044938996909,-2.2364802558186057,0.3773896629987945,-8.244949646925848,-43.266690404525086,122.84512120277955,-79.55400921708215,40.61207959415459,88.01792585809426
1198,-440.72204861003087,-121.7595737441813,-100.99363266299879,-4.0554923899691175,-2.3202232558187035,0.6495406629988025,-10.265538080867627,-44.081992100966616,128.1550793607662,-84.04762816665183,38.591491446691705,88.01657992293771
1199,-408.2872196100309,-114.0723777441813,-100.99363266299879,-4.0465553899691145,-2.4783892558186977,0.9152206629987916,-12.707682561703871,-44.463042552759624,133.3579812141693,-88.86801766644768,36.14934719503858,88.01474090030268
1200,-417.8664476100309,-52.8229977441813,-100.99363266299879,-4.371358389969089,-2.5543392558186966,0.8697216629987992,-22.794568907007157,-44.415383866064865,132.08171824117744,-87.63024765971029,26.06246365722849,88.00405569578973
1201,-451.099546610031,-55.4060787441813,-100.99363266299879,-4.362808389969018,-2.547812255818698,0.5824576629987916,-20.30913362593155,-43.91992313909206,126.87478729126316,-82.921634032448,28.547897219430713,88.00728912581077
1202,-484.3326446100309,-57.9891597441813,-100.99363266299879,-4.354202389969089,-2.5499192558187005,0.3235496629988006,-18.24059223417143,-43.016441519106515,121.55256124744608,-78.50493804732562,30.616438267416154,88.00964426882766
1203,-517.565742610031,-60.5722397441813,-100.99363266299879,-4.268720389969076,-2.5584292558186945,0.12467966299880118,-16.491866487145494,-41.7783367904252,116.09283862541845,-74.28483608571365,32.36516378525897,88.01142181309126
1204,-550.798840610031,-63.1553207441813,-100.99363266299879,-4.327281389969016,-2.4678172558186944,-0.16943933700110847,-14.993938920176321,-40.25208562781153,110.46944665580291,-70.18889333346142,33.863090607383015,88.01285237411415
1205,-584.031938610031,-65.7384017441813,-100.99363266299879,-4.308864389969017,-2.4791912558185913,-0.41631633700120574,-13.696490832709465,-38.46515133078061,104.65083106313136,-66.15812602009558,35.160538580258304,88.01396202147599
1206,-617.2650366100311,-68.3214817441813,-100.99363266299879,-4.395182389968909,-2.3726672558186976,-0.6555023370012094,-12.561515470475385,-36.43015512823512,98.59666902583896,-62.139703483496284,36.29551388519661,88.0148778945115
1207,-650.498134610031,-70.9045627441813,-100.99363266299879,-4.413277389969039,-2.282694255818697,-0.954596337001206,-11.560352625124942,-34.14643880626005,92.25593704798752,-58.083303642658116,37.2966766159555,88.01564697575989
1208,-683.731232610031,-73.4876437441813,-100.99363266299879,-4.5108203899690125,-2.1633802558186943,-1.1441963370012047,-10.670542293793233,-31.599411020574117,85.55956466630353,-53.934477229689975,38.1864869472872,88.01630238218175
1209,-716.9643306100311,-76.07072374418131,-100.99363266299879,-4.601498389968924,-2.0441872558186844,-1.3599773370012116,-9.874621123955123,-28.757592839659267,78.4122562797937,-49.62942900373815,38.98240805982953,88.0168677196382
1210,-716.9643306100311,-76.07072374418131,-45.4380766629988,-4.771633389968883,-1.9425422558186938,-1.5030873370011975,-9.874621123955123,-34.3831407921621,79.70958994758885,-45.3012110521006,38.98240771605485,88.01686107332777
1211,-683.731232610031,-73.4876437441813,-45.4380766629988,-4.652353389968994,-2.0134922558187043,-1.2460973370011956,-10.670612653010476,-37.48896583566376,86.83633424857788,-49.32166896397132,38.186416473478396,88.01627321862999
1212,-650.498134610031,-70.9045627441813,-45.4380766629988,-4.596036389968958,-2.138724255818687,-1.0003533370010942,-11.56032586799591,-40.340802871175825,93.53115534703156,-53.164130661291104,37.296703373084526,88.01561299936265
1213,-617.2650366100311,-68.3214817441813,-45.4380766629988,-4.548940389968948,-2.1801542558187066,-0.7700733370012003,-12.561477311486229,-42.97452346844851,99.88704108453595,-56.88567374124465,36.29555210148155,88.01483641236713
1214,-584.031938610031,-65.7384017441813,-45.4380766629988,-4.413045389968943,-2.329877255818687,-0.6441353370011953,-13.696439037324785,-45.41111518610902,105.97133319610512,-60.532621039427376,35.16059049023455,88.01390908017571
1215,-550.798840610031,-63.1553207441813,-45.4380766629988,-4.342914389968996,-2.306039255818696,-0.46797433700109536,-14.994016957028014,-47.66029848233487,111.83539700429783,-64.14657198466742,33.863012742418654,88.01278149923489
1216,-517.565742610031,-60.5722397441813,-45.4380766629988,-4.361371389969008,-2.3529402558186945,-0.16471233700119114,-16.491950482758263,-49.72168397500848,117.52019343377532,-67.76880767044193,32.36507944587153,88.01137907043974
1217,-484.3326446100309,-57.9891597441813,-45.4380766629988,-4.437835389969109,-2.3292462558186955,0.1404396629988014,-18.240682704207284,-51.58412511400027,123.05991637656791,-71.44455784346478,30.616347453605627,88.00958405096338
1218,-451.099546610031,-55.4060787441813,-45.4380766629988,-4.368454389969031,-2.331427255818703,0.30924866299890397,-20.30913362593155,-53.22294741456714,128.48422441998272,-75.2280468283967,28.547897219430713,88.00728912581077
1219,-417.8664476100309,-52.8229977441813,-45.4380766629988,-4.364087389969029,-2.378829255818701,0.5048306629989057,-22.794569078894494,-54.59469792941371,133.82202156591072,-79.19117825021651,26.062462224834004,88.00400922891255
1220,-417.8664476100309,-52.8229977441813,10.1174783370011,-4.470859389969121,-2.124497255818696,0.18578366299890092,-22.794569078894494,-64.62868789433804,134.11791301413456,-69.453079733516,26.062462167538225,88.00400922891255
1221,-451.099546610031,-55.4060787441813,10.1174783370011,-4.4987443899689765,-2.139257255818599,-0.04703233700109877,-20.30913362593155,-62.28889905774249,128.75678880831026,-66.43465957354888,28.547897219430713,88.00728912581077
1222,-484.3326446100309,-57.9891597441813,10.1174783370011,-4.566341389969068,-2.1639252558185973,-0.21870433700119918,-18.24087962980147,-59.85749810852275,123.31444279299757,-63.42582264836736,30.61615041341988,88.00971359672087
1223,-517.565742610031,-60.5722397441813,10.1174783370011,-4.50760038996907,-2.1974862558186956,-0.43174733700110046,-16.492084325699203,-57.33344925357678,117.76063293796658,-60.39755660976138,32.364945545634804,88.01146753512332
1224,-550.798840610031,-63.1553207441813,10.1174783370011,-4.5659913899689855,-2.124996255818594,-0.6570053370010989,-14.994110750219077,-54.71119296882686,112.06504427545998,-57.32537828359566,33.86291894922759,88.0128458423953
1225,-584.031938610031,-65.7384017441813,10.1174783370011,-4.653029389968992,-2.1559672558186946,-0.7841973370011992,-13.696505901499476,-51.98041200325608,106.19301778630944,-54.185049034121874,35.160523683355635,88.01395823995453
1226,-617.2650366100311,-68.3214817441813,10.1174783370011,-4.760224389968926,-2.0456342558186975,-0.9875253370010988,-12.561524866983225,-49.12586923185229,100.103352361946,-50.95067088252121,36.29550454598455,88.01487560268032
1227,-650.498134610031,-70.9045627441813,10.1174783370011,-4.772409389968971,-1.9917092558186908,-1.2795333370010997,-11.560358583886012,-46.12621819522541,93.74464595321615,-47.59223195571003,37.29667077178598,88.01564560066119
1228,-683.731232610031,-73.4876437441813,10.1174783370011,-4.849167389969011,-1.8899922558186972,-1.408956337001099,-10.670632649237524,-42.951693334847945,87.04974905244619,-44.07237855671367,38.18639659184291,88.0163014081535
1229,-716.9643306100311,-76.07072374418131,10.1174783370011,-5.034965389968875,-1.781066255818601,-1.6346063370010988,-9.874621123955123,-39.55962224382882,79.92595250472156,-40.34109542342602,38.98240805982953,88.01686714668041
1230,-716.9643306100311,-76.07072374418131,65.6730343370011,-5.27091838996887,-1.6518432558185907,-1.6952243370011004,-9.87462123854668,-44.2096422275805,79.06366190924778,-34.82878106267911,38.98240628366037,88.0168599274122
1231,-683.731232610031,-73.4876437441813,65.6730343370011,-5.101547389968914,-1.729876255818695,-1.6458643370011004,-10.670614658362757,-47.89522957028373,86.20027815845533,-38.27934959759505,38.186414468126124,88.01627379158778
1232,-650.498134610031,-70.9045627441813,65.6730343370011,-5.018775389969051,-1.817225255818684,-1.3091043370011022,-11.56032815982709,-51.392089198933235,92.89526868052903,-41.476958526467875,37.296701138549125,88.0156139733909
1233,-617.2650366100311,-68.3214817441813,65.6730343370011,-4.904654389968869,-1.8257562558187033,-1.1646093370011101,-12.561480233570983,-54.750694741871236,99.2431993001185,-44.465662001207406,36.295549179396794,88.01483801664897
1234,-584.031938610031,-65.7384017441813,65.6730343370011,-4.795437389968924,-1.9707052558187002,-1.034528337001106,-13.696443162620909,-58.01005545762145,105.31202212417693,-47.27437193052218,35.1605864222342,88.01391177307735
1235,-550.798840610031,-63.1553207441813,65.6730343370011,-4.741936389969055,-1.928078255818697,-0.8417513370010994,-14.994023087676425,-61.2030626186669,111.15304311683552,-49.921457685098765,33.863006669066024,88.01278591100991
1236,-517.565742610031,-60.5722397441813,65.6730343370011,-4.690456389969086,-1.9289002558186965,-0.6271783370010979,-16.49196028033656,-64.360017900144,116.80658275053213,-52.416869421894745,32.36506976288479,88.01138657618687
1237,-484.3326446100309,-57.9891597441813,65.6730343370011,-4.719280389969072,-1.8846682558186956,-0.3553423370011046,-18.240699262687563,-67.51161717215224,122.30556959730228,-54.7627304652031,30.616331067012684,88.00959728628845
1238,-451.099546610031,-55.4060787441813,65.6730343370011,-4.597628389969032,-1.8621762558186958,-0.39748033700109886,-20.309258702618227,-70.69218226819753,127.6780228403139,-56.95255298472643,28.547772028152473,88.00722335025588
1239,-417.8664476100309,-52.8229977441813,65.6730343370011,-4.553804389969116,-1.867227255818598,-0.2895583370010968,-22.794569078894494,-73.94372084953704,132.94843596694264,-58.968569731125086,26.062462224834004,88.00400922891255
1240,-417.8664476100309,-52.8229977441813,121.22858933700111,-4.743450389969098,-1.5779452558186975,-0.6220093370012165,-22.794569078894494,-82.02950923810286,130.39311553390465,-48.32746096681707,26.062462224834004,88.00400922891255
1241,-451.099546610031,-55.4060787441813,121.22858933700111,-4.849130389968934,-1.6147732558186974,-0.7006663370011097,-20.30913362593155,-78.05007189579986,125.30346589338578,-47.22016382056706,28.547897219430713,88.00728912581077
1242,-484.3326446100309,-57.9891597441813,121.22858933700111,-4.8655043899690895,-1.6982032558186972,-0.8480523370011213,-18.24059223417143,-74.25230600582465,120.07408829052324,-45.79064082532185,30.616438267416154,88.00969067840906
1243,-517.565742610031,-60.5722397441813,121.22858933700111,-4.885061389968996,-1.7530252558186916,-1.0063563370011082,-16.491866487145494,-70.56962098083265,114.68730571683005,-44.088047749199134,32.365163670667414,88.01145561760117
1244,-550.798840610031,-63.1553207441813,121.22858933700111,-4.994148389969041,-1.7163142558186948,-0.9751563370011098,-14.994094936583934,-66.94980925030622,109.12019338607794,-42.141905497747864,33.86293499204585,88.01283902419752
1245,-584.031938610031,-65.7384017441813,121.22858933700111,-5.104062389968931,-1.763788255818696,-1.1820253370011216,-13.696496504991636,-63.34763762978472,103.34217380124791,-39.966976328559596,35.160533194455034,88.01395428654574
1246,-617.2650366100311,-68.3214817441813,121.22858933700111,-5.224593389968959,-1.6804862558186926,-1.3415273370011107,-12.56151936658839,-59.722018055272166,97.31453747533466,-37.56570539632084,36.29551016097094,88.01487331084914
1247,-650.498134610031,-70.9045627441813,121.22858933700111,-5.3013853899690275,-1.6377692558186965,-1.4348413370012167,-11.560355604505478,-56.03079504240024,90.98564922265793,-34.92865751854027,37.29667386575807,88.01564428285826
1248,-683.731232610031,-73.4876437441813,121.22858933700111,-5.383724389968961,-1.5755902558185966,-1.7020963370011089,-10.670542236497452,-52.226386107860954,84.28478760205752,-32.03272404683311,38.18648706187876,88.01630089249149
1249,-716.9643306100311,-76.07072374418131,121.22858933700111,-5.56634838996888,-1.47484625581869,-1.960017337001105,-9.874621123955123,-48.25064915618203,77.11295839808527,-28.83707446173229,38.98240811712531,88.01686703208885
1250,-716.9643306100311,-76.07072374418131,176.7841453370011,-5.841087389968948,-1.325199255818589,-1.8641313370010835,-9.874621353138242,-51.59923796446666,74.0466082559074,-22.4221321308188,38.98240473667432,88.01685901067972
1251,-683.731232610031,-73.4876437441813,176.7841453370011,-5.653981389968976,-1.3895282558187034,-1.7679993370011857,-10.670614543771197,-55.857905142311076,81.29167235229549,-25.40806816211207,38.18641464001345,88.01627361970044
1252,-650.498134610031,-70.9045627441813,176.7841453370011,-5.506749389968945,-1.4700532558186978,-1.7033283370010963,-11.560324492897202,-59.9463116660924,88.01570931356801,-28.04317709341814,37.29670486277479,88.01561437446136
1253,-617.2650366100311,-68.3214817441813,176.7841453370011,-5.4335643899689785,-1.4694552558187013,-1.4429483370010985,-12.561472384049189,-63.932206242746524,94.32933729373768,-30.370289467979543,36.29555714351014,88.01483916256454
1254,-584.031938610031,-65.7384017441813,176.7841453370011,-5.329236389968969,-1.5489052558186955,-1.2413423370011003,-13.696429526225385,-67.86984184482394,100.30798607194191,-32.41055126725383,35.16060017322128,88.01391395031696
1255,-550.798840610031,-63.1553207441813,176.7841453370011,-5.250595389969021,-1.4852072558187004,-1.267538337001099,-14.994000627730854,-71.80757026606415,106.0051892722194,-34.169099344353256,33.86302930089894,88.01278969253136
1256,-517.565742610031,-60.5722397441813,176.7841453370011,-5.174606389969085,-1.481243255818697,-1.1777083370010928,-16.491923324558773,-75.79278858063269,111.45955714528529,-35.637078693849844,32.36510683325413,88.01139299331417
1257,-484.3326446100309,-57.9891597441813,176.7841453370011,-5.137590389969091,-1.4012092558186993,-1.0229853370011028,-18.24063732594991,-79.87612202150436,116.6987295189514,-36.79139527778259,30.616393175637675,88.00960840166968
1258,-451.099546610031,-55.4060787441813,176.7841453370011,-5.114763389969028,-1.301886255818701,-0.9052253370010988,-20.309133568635772,-84.11536134643148,121.7410577157337,-37.592426429012356,28.54789739131805,88.00724334648294
1259,-417.8664476100309,-52.8229977441813,176.7841453370011,-5.060070389969098,-1.2566212558187004,-0.9613433370010966,-22.794569021598715,-88.58262286232643,126.5984079207525,-37.97958684543687,26.062462683200238,88.00394935482295
1260,-417.8664476100309,-52.8229977441813,232.3397003370011,-5.341376389969128,-0.9826252558186965,-1.036937337001092,-22.794569078894494,-93.52812726508428,121.72636008778144,-28.16208749371244,26.062462224834004,88.00400922891255
1261,-451.099546610031,-55.4060787441813,232.3397003370011,-5.407888389968946,-1.0763612558185969,-1.2731123370010948,-20.309133568635772,-88.79640888555022,117.11267313398817,-28.283072975253372,28.547897677796946,88.00733255601163
1262,-484.3326446100309,-57.9891597441813,232.3397003370011,-5.4265583899690455,-1.1967582558186933,-1.2596903370011887,-18.24059217687565,-84.2868418276404,112.26890747181301,-27.95091301211887,30.616438496599272,88.00967744308399
1263,-517.565742610031,-60.5722397441813,232.3397003370011,-5.5088043899691,-1.2755722558185951,-1.3003643370011844,-16.491866487145494,-79.93558885269475,107.18754532202604,-27.222313237293044,32.36516384255475,88.01144793996671
1264,-550.798840610031,-63.1553207441813,232.3397003370011,-5.599594389968956,-1.2728292558186993,-1.4814013370011025,-14.993938920176321,-75.68747074459117,101.85181288680856,-26.135860123742546,33.86309118034081,88.01283472701405
1265,-584.031938610031,-65.7384017441813,232.3397003370011,-5.6831053899690005,-1.3368172558187013,-1.5398193370010915,-13.696365641431228,-71.49206194614642,96.23441611837816,-24.71479255315899,35.16066422990278,88.01395193741878
1266,-617.2650366100311,-68.3214817441813,232.3397003370011,-5.7364713899688695,-1.3122182558187063,-1.4897693370010927,-12.561406894973207,-67.30004511514463,90.29487354315656,-22.968013659425125,36.29562274717769,88.01487210763777
1267,-650.498134610031,-70.9045627441813,232.3397003370011,-5.840619389968992,-1.3006232558186923,-1.8130343370011133,-11.560256654694259,-63.05913487339956,83.97463156738301,-20.889299860378696,37.29677287286508,88.01564393908359
1268,-683.731232610031,-73.4876437441813,232.3397003370011,-6.038107389969014,-1.2171352558187039,-1.9264993370011894,-10.670542236497452,-58.708531861776706,77.1882012783899,-18.45399237032019,38.18648717647032,88.01630106437882
1269,-716.9643306100311,-76.07072374418131,232.3397003370011,-6.154259389968956,-1.1936992558186859,-2.100685337001096,-9.874621123955123,-54.16984943784531,69.806299677143,-15.611216605042339,38.982408231716875,88.01686794882133
1270,-716.9643306100311,-76.07072374418131,287.89525633700106,-6.535746389968949,-1.0275722558186828,-2.0289333370010922,-9.87462152502558,-55.86434919863291,64.27521178128083,-8.385629635941925,38.98240307509671,88.01686078684888
1271,-683.731232610031,-73.4876437441813,287.89525633700106,-6.354565389968911,-1.051276255818692,-1.9856483370010665,-10.670542293793233,-60.69915637920231,71.90440569113187,-11.17954929002897,38.18648683269564,88.01627195812283
1272,-650.498134610031,-70.9045627441813,287.89525633700106,-6.147886389969017,-1.1260342558186949,-1.7979043370010572,-11.56032248754492,-65.30189617217869,78.82442028791881,-13.496302931429083,37.296706810831296,88.01561340043311
1273,-617.2650366100311,-68.3214817441813,287.89525633700106,-6.026355389968899,-1.0905562558186972,-1.6948803370010523,-12.561463503203365,-69.76710770237845,85.19859145779282,-15.404642057811195,36.29556602435597,88.01483893338143
1274,-584.031938610031,-65.7384017441813,287.89525633700106,-5.961048389968937,-1.166912255818687,-1.65420833700108,-13.696412681266208,-74.16438362680954,91.13151258895921,-16.93953663253909,35.16061707547624,88.01391458057054
1275,-550.798840610031,-63.1553207441813,287.89525633700106,-5.874600389969032,-1.0565332558186995,-1.4788863370010858,-14.993973183052468,-78.54967648273015,96.69201143976947,-18.113816899519147,33.8630568028731,88.01279146870053
1276,-517.565742610031,-60.5722397441813,287.89525633700106,-5.783936389969085,-1.0414362558186951,-1.4116983370010416,-16.491866487145494,-82.97220752733392,101.92588807912672,-18.92399360307479,32.36516378525897,88.01139643106094
1277,-484.3326446100309,-57.9891597441813,287.89525633700106,-5.748034389969007,-0.931218255818699,-1.3827073370010794,-18.24059217687565,-87.48002574616567,106.86393600913874,-19.352703314520358,30.61643838200771,88.00961447502232
1278,-451.099546610031,-55.4060787441813,287.89525633700106,-5.648996389969,-0.8358342558186962,-1.337273337001136,-20.309133568635772,-92.12134496472783,111.52379608465554,-19.369190461554144,28.547897505909607,88.00725383161058
1279,-417.8664476100309,-52.8229977441813,287.89525633700106,-5.594549389969131,-0.7635722558187013,-1.3028043370010778,-22.794569021598715,-96.94846133281317,115.91319922520688,-18.928556295180535,26.062462797791795,88.00396780406395
1280,-417.8664476100309,-52.8229977441813,343.45081133700114,-6.0011603899691295,-0.5149802558186991,-1.3932063370011747,-22.794571542613014,-98.99440715989407,109.24699645188751,-10.216448775854204,26.06243781683193,88.00401106237749
1281,-451.099546610031,-55.4060787441813,343.45081133700114,-6.029744389968982,-0.6552762558186984,-1.4218953370012173,-20.309133568635772,-94.18050199535305,105.04157802346606,-10.82787621785726,28.547897792388508,88.00732281572913
1282,-484.3326446100309,-57.9891597441813,343.45081133700114,-6.1448623899690915,-0.7542392558185966,-1.4935653370011437,-18.24059217687565,-89.50202165093118,100.5289408285068,-10.995761904563754,30.61643861119083,88.00967194268917
1283,-517.565742610031,-60.5722397441813,343.45081133700114,-6.179095389969007,-0.8677072558185941,-1.5276403370011167,-16.491866487145494,-84.91694826672253,95.69762662783964,-10.75103260806458,32.36516395714631,88.01144490329041
1284,-550.798840610031,-63.1553207441813,343.45081133700114,-6.234973389969014,-0.8992022558187003,-1.6205913370011444,-14.99393886288054,-80.38303176302679,90.52479715186331,-10.113282281741844,33.86309123763659,88.01283329461958
1285,-584.031938610031,-65.7384017441813,343.45081133700114,-6.338440389968923,-0.9938942558186881,-1.8105113370011168,-13.696365641431228,-75.85537092712987,84.97299007080518,-9.090057295419435,35.16066428719856,88.01395153634833
1286,-617.2650366100311,-68.3214817441813,343.45081133700114,-6.454491389968894,-0.9632102558186943,-1.8335713370011604,-12.561406894973207,-71.28302723273455,78.98445272860634,-7.674611300242803,36.29562286176924,88.014872566004
1287,-650.498134610031,-70.9045627441813,343.45081133700114,-6.535150389968976,-0.9609212558186897,-1.8462903370011645,-11.560256654694259,-66.6035385971848,72.47087078582405,-5.841136672837431,37.296772987456634,88.01564508499918
1288,-683.731232610031,-73.4876437441813,343.45081133700114,-6.737995389969001,-0.8909682558186915,-2.025226337001186,-10.670542236497452,-61.732867925570105,65.29343719517873,-3.5348945724425667,38.18648729106188,88.01630324161844
1289,-716.9643306100311,-76.07072374418131,343.45081133700114,-6.915731389968869,-0.8778142558186914,-2.105433337001159,-9.874621066659342,-56.54432823333018,57.21985985503007,-0.6503026284026824,38.98240857549155,88.01687201682167
1290,-716.9643306100311,-76.07072374418131,399.00636733700117,-7.318544389968906,-0.7257202558185867,-2.014450337001165,-9.874621123955123,-55.95779987552589,48.14106175324275,7.841982012483034,38.98240840360421,88.01685603129918
1291,-683.731232610031,-73.4876437441813,399.00636733700117,-7.119998389968941,-0.7642322558186976,-1.975799337001206,-10.670542293793233,-61.65520000139757,57.05365081471947,4.627253161987478,38.18648648892097,88.01626525451663
1292,-650.498134610031,-70.9045627441813,399.00636733700117,-6.865335389969005,-0.8040762558186998,-1.7948013370011608,-11.560256654694259,-66.86468651496546,64.71805412699689,2.1728568381390545,37.29677247179462,88.01560870217918
1293,-617.2650366100311,-68.3214817441813,399.00636733700117,-6.79092838996894,-0.7694722558186982,-1.8888853370011702,-12.561406952268987,-71.78531085572332,71.52096233840328,0.2911926786417324,36.295622517994566,88.01483555293044
1294,-584.031938610031,-65.7384017441813,399.00636733700117,-6.645880389968966,-0.810661255818701,-1.806764337001141,-13.696365641431228,-76.53261821365152,77.67200907513377,-1.11179664111096,35.16066405801544,88.0139121741478
1295,-550.798840610031,-63.1553207441813,399.00636733700117,-6.501873389968978,-0.7501202558186932,-1.6968263370011982,-14.993938920176321,-81.18365456723598,83.29698321040479,-2.0848093824372698,33.863091065749245,88.01278992171449
1296,-517.565742610031,-60.5722397441813,399.00636733700117,-6.475623389969087,-0.6739362558186954,-1.6821143370011669,-16.491866487145494,-85.79530631764516,88.47553321159927,-2.6505395441656354,32.36516378525897,88.01139580080736
1297,-484.3326446100309,-57.9891597441813,399.00636733700117,-6.391826389969083,-0.5694622558186992,-1.5458163370011562,-18.24059217687565,-90.41311472874614,93.25900933248602,-2.8146881136533892,30.61643843930349,88.00961499068433
1298,-451.099546610031,-55.4060787441813,399.00636733700117,-6.283164389968988,-0.45881625581869656,-1.4307213370011596,-20.309133568635772,-95.07607714154047,97.67984138533987,-2.5705054761865505,28.547897505909607,88.00725595155443
1299,-417.8664476100309,-52.8229977441813,399.00636733700117,-6.287618389969111,-0.3499292558187008,-1.4285923370012483,-22.794569021598715,-99.81964743954572,101.75685693519621,-1.9010320237334677,26.062462797791795,88.00397250231788
1300,-417.8664476100309,9.170938255818601,399.00636733700117,-6.362857389969122,-0.49608525581860086,-1.4737993370011964,-32.49790733478423,-98.3950757736787,100.57675564620075,-2.1252441599552423,16.35912712021214,87.9823203699441
1301,-451.099546610031,11.7540192558186,399.00636733700117,-6.464354389969003,-0.5844712558186007,-1.54619233700123,-30.015542992898972,-93.69886885992061,96.41691371855075,-2.668871844482862,18.84149020159025,87.98994099509824
1302,-484.3326446100309,14.3371002558186,399.00636733700117,-6.558403389969101,-0.5981252558185997,-1.6733033370012436,-27.936635763300902,-89.06909422526832,91.90840554394212,-2.794836959517051,20.920396743638964,87.994936614114
1303,-517.565742610031,16.9201802558186,399.00636733700117,-6.61201438996909,-0.5602052558186017,-1.7622743370011449,-26.170198744911882,-84.47088452309913,87.02924827876174,-2.517249793974274,22.68683318907019,87.99855530095647
1304,-550.798840610031,19.5032612558186,399.00636733700117,-6.718368389968987,-0.5403822558186029,-1.8424163370011684,-24.65070871346387,-79.86463513444447,81.74255043108825,-1.8392329678379957,24.206322762151963,88.00120620478721
1305,-584.031938610031,22.0863422558186,399.00636733700117,-6.8797023899689975,-0.5568722558186003,-1.9248623370011728,-23.329771533636272,-75.20292108209416,75.99051029967548,-0.7507791429626811,25.527259540909103,88.00327011335683
1306,-617.2650366100311,24.6694222558186,399.00636733700117,-6.999603389968911,-0.5844752558185995,-2.0113753370011977,-22.17086464103205,-70.42492461496849,69.6832546415117,0.7769941966253172,26.68616608973865,88.00492481546915
1307,-650.498134610031,27.2525032558186,399.00636733700117,-7.138963389969035,-0.6698052558186021,-1.970200337001188,-21.14590559794268,-65.4458792628837,62.67723959533763,2.8027555800204356,27.711124903644908,88.00628301192252
1308,-683.731232610031,29.8355842558186,399.00636733700117,-7.362391389968934,-0.6460972558185993,-2.0699713370011636,-20.232946625772094,-60.134108782095275,54.727857102523565,5.4393632543270085,28.624083761223932,88.007421077991
1309,-716.9643306100311,32.418664255818605,399.00636733700117,-7.572838389968865,-0.6445402558186046,-2.0737573370011546,-19.41458602225392,-54.25117902069496,45.3652901935418,8.918142454906022,29.44244505229146,88.00839779914435
1310,-716.9643306100311,32.418664255818605,343.45081133700114,-7.117967389968953,-0.8474262558186041,-2.144505337001135,-19.41458602225392,-55.02880003314815,54.78104592056115,0.2800611400063717,29.442444651221003,88.00834457136517
1311,-683.731232610031,29.8355842558186,343.45081133700114,-6.917658389969006,-0.8400902558185983,-2.153880337001226,-20.23294674036365,-60.331103474991835,63.15495066277507,-2.790661816063932,28.624082328829445,88.00733891584316
1312,-650.498134610031,27.2525032558186,343.45081133700114,-6.72381938996898,-0.8723652558186998,-1.946187337001163,-21.145905655238458,-65.2674483452536,70.54168756944664,-5.240052150360517,27.711124158799773,88.00620365726789
1313,-617.2650366100311,24.6694222558186,343.45081133700114,-6.606684389968905,-0.7817662558185994,-1.8672813370012022,-22.170864698327833,-69.98272123178558,77.21294669530803,-7.194826412065886,26.686165631372415,88.0048416792931
1314,-584.031938610031,22.0863422558186,343.45081133700114,-6.479404389968977,-0.794251255818601,-1.860481337001147,-23.329821094485553,-74.56976169469648,83.32745488211901,-8.720799632853142,25.52720969358093,88.00317792444758
1315,-550.798840610031,19.5032612558186,343.45081133700114,-6.34246638996899,-0.7502922558186,-1.7632853370012072,-24.650742632565343,-79.09465755086565,88.98387781132804,-9.850440414239879,24.206288613867372,88.00109952004574
1316,-517.565742610031,16.9201802558186,343.45081133700114,-6.257992389969104,-0.7312492558186001,-1.5900143370011506,-26.170198744911882,-83.61028249154339,94.24694269693845,-10.595427698738922,22.68683301718285,87.99842701570614
1317,-484.3326446100309,14.3371002558186,343.45081133700114,-6.205185389969074,-0.7888312558186001,-1.595053337001218,-27.936635820596685,-88.16272037162872,99.15950918844868,-10.952241806614781,20.920396629047406,87.99485834807918
1318,-451.099546610031,11.7540192558186,343.45081133700114,-6.071418389968983,-0.7895162558185991,-1.4516803370012212,-30.015542992898972,-92.79338687238491,103.74755192643062,-10.904992097194183,18.84149020159025,87.98994099509824
1319,-417.8664476100309,9.170938255818601,343.45081133700114,-6.024239389969125,-0.7219182558186024,-1.4088813370011621,-32.49790739208001,-97.54261896743431,108.02517764746233,-10.426176309831952,16.35912683373324,87.98237944189279
1320,-417.8664476100309,9.170938255818601,287.89525633700106,-5.694074389969103,-0.9900022558186024,-1.3871753370010538,-32.49790739208001,-95.48668264716706,114.6329030304077,-19.08983807034035,16.35912683373324,87.98237944189279
1321,-451.099546610031,11.7540192558186,287.89525633700106,-5.818216389968995,-1.0369142558185995,-1.412088337001137,-30.015542992898972,-90.74047886324806,110.18255093144155,-19.392899054046204,18.84149020159025,87.98994099509824
1322,-484.3326446100309,14.3371002558186,287.89525633700106,-5.898801389969094,-1.0393512558186,-1.5541563370011318,-27.936635763300902,-86.15940071374484,105.45918673492675,-19.25531166202512,20.920396743638964,87.994936614114
1323,-517.565742610031,16.9201802558186,287.89525633700106,-5.967746389969079,-0.9849562558185987,-1.5117823370011365,-26.170198744911882,-81.69422487881572,100.4527097678929,-18.71737402136095,22.686833074478628,87.99855879599902
1324,-550.798840610031,19.5032612558186,287.89525633700106,-6.069450389969006,-0.9754672558186002,-1.64030633700105,-24.65070871346387,-77.29813778451374,95.14225136045535,-17.80543136172737,24.206322704856184,88.0012064912661
1325,-584.031938610031,22.0863422558186,287.89525633700106,-6.174927389968957,-0.9697092558186,-1.835248337001076,-23.329771533636272,-72.92425819057637,89.49392644483534,-16.532856231583832,25.527259483613328,88.00326816530031
1326,-617.2650366100311,24.6694222558186,287.89525633700106,-6.240321389968926,-1.0079442558186003,-1.8772543370010908,-22.17086464103205,-68.52233792755372,83.4563746832069,-14.898708750963216,26.68616608973865,88.00492097665193
1327,-650.498134610031,27.2525032558186,287.89525633700106,-6.418699389968992,-1.0563832558185986,-1.9134513370011064,-21.14590559794268,-64.03404823032388,76.95286940646334,-12.884699018425128,27.711124846349126,88.00627682397833
1328,-683.731232610031,29.8355842558186,287.89525633700106,-6.605959389968916,-1.0050722558186003,-2.165927337001108,-20.232946625772094,-59.38504421533454,69.86637521869494,-10.448208198632338,28.624083532040814,88.00741030638444
1329,-716.9643306100311,32.418664255818605,287.89525633700106,-6.809526389968937,-1.011576255818607,-2.1873913370010314,-19.4145860795497,-54.469617633102544,62.008899338811766,-7.5070019510809,29.44244396367165,88.00837379221272
1330,-716.9643306100311,32.418664255818605,232.3397003370011,-6.398076389968878,-1.2355442558187058,-2.112142337001103,-19.41458728276107,-52.86866921789253,67.63651973695536,-14.735520974402116,29.442423509078363,88.0083168402079
1331,-683.731232610031,29.8355842558186,232.3397003370011,-6.210249389968908,-1.2299622558185987,-1.9928053370011014,-20.233026610680295,-57.47147954197349,75.20572605427601,-17.701067500414744,28.624002974174818,88.00734693725231
1332,-650.498134610031,27.2525032558186,232.3397003370011,-6.026045389968999,-1.2638872558185987,-1.9006963370010794,-21.14597681659661,-61.85881436218017,82.13186201755457,-20.238865165204235,27.711053226624735,88.00620910036695
1333,-617.2650366100311,24.6694222558186,232.3397003370011,-5.90666438996891,-1.2124632558186015,-1.695500337001107,-22.170929958220697,-66.11654108709966,88.56161347400725,-22.409676257535775,26.686100428775326,88.00484505974408
1334,-584.031938610031,22.0863422558186,232.3397003370011,-5.857426389968964,-1.2225902558186021,-1.59082633700109,-23.329831636908985,-70.30877289186618,94.59000312482952,-24.244337938901097,25.527199151157497,88.00317947143363
1335,-550.798840610031,19.5032612558186,232.3397003370011,-5.744652389969019,-1.1779962558185986,-1.494850337001111,-24.650762227721938,-74.48903520722197,100.28162050226649,-25.753804532089536,24.206268961415002,88.00109871790484
1336,-517.565742610031,16.9201802558186,232.3397003370011,-5.611587389969031,-1.2226702558187004,-1.3968223370011117,-26.17024160215496,-78.70642352612462,105.68107059985222,-26.93341061366267,22.686790102643997,87.99842283311425
1337,-484.3326446100309,14.3371002558186,232.3397003370011,-5.548310389969004,-1.2882412558185994,-1.3264913370011016,-27.936635763300902,-83.00949321421831,110.81831395365188,-27.764346380276812,20.920396743638964,87.994936614114
1338,-451.099546610031,11.7540192558186,232.3397003370011,-5.501096389969007,-1.2498112558186012,-1.30060833700108,-30.015542992898972,-87.45110478472397,115.71317226777113,-28.21289452619567,18.84149020159025,87.98994099509824
1339,-417.8664476100309,9.170938255818601,232.3397003370011,-5.442526389969089,-1.2179612558186017,-1.203070337001094,-32.49790739208001,-92.09004089992882,120.37495679393024,-28.22853352380532,16.35912683373324,87.98237944189279
1340,-417.8664476100309,9.170938255818601,176.7841453370011,-5.25000538996909,-1.4715482558186013,-0.979303337001113,-32.49790739208001,-87.22210140353197,125.16944476256894,-37.890960988840895,16.35912683373324,87.98237944189279
1341,-451.099546610031,11.7540192558186,176.7841453370011,-5.261900389969014,-1.5694812558185998,-1.057682337001097,-30.015542992898972,-82.8492892299669,120.27865696980942,-37.38019472569521,18.84149020159025,87.98994099509824
1342,-484.3326446100309,14.3371002558186,176.7841453370011,-5.3267953899691065,-1.5545082558186998,-1.1531153370011111,-27.936635763300902,-78.67668552686708,115.19785969911266,-36.476699755793035,20.920396743638964,87.994936614114
1343,-517.565742610031,16.9201802558186,176.7841453370011,-5.421995389969084,-1.4348362558186007,-1.2357483370010982,-26.170198744911882,-74.63925500082276,109.91448093865058,-35.23405210204991,22.686833303661746,87.99849107238764
1344,-550.798840610031,19.5032612558186,176.7841453370011,-5.502992389968995,-1.4304612558185994,-1.3737553370010858,-24.65070871346387,-70.68263237955563,104.40783897466702,-33.68653125639071,24.206322418377287,88.00121422619632
1345,-584.031938610031,22.0863422558186,176.7841453370011,-5.5896433899689555,-1.4192502558186,-1.3646283370011076,-23.329771533636272,-66.75832154125757,98.64785203322735,-31.852721907041424,25.52725925443021,88.00327217600488
1346,-617.2650366100311,24.6694222558186,176.7841453370011,-5.697404389968938,-1.407723255818599,-1.5957503370011068,-22.17086464103205,-62.819680512841266,92.59259673516607,-29.737589306254648,26.686165917851312,88.00492246634221
1347,-650.498134610031,27.2525032558186,176.7841453370011,-5.786585389968991,-1.4693112558185994,-1.880482337001098,-21.14590559794268,-58.81770352653983,86.18363539608438,-27.33180908157665,27.71112467446179,88.00627648020367
1348,-683.731232610031,29.8355842558186,176.7841453370011,-5.923098389968914,-1.4362022558185998,-1.9533673370011115,-20.232946683067873,-54.695707753089415,79.3378663892639,-24.60903365420678,28.624083417449256,88.00740830103216
1349,-716.9643306100311,32.418664255818605,176.7841453370011,-6.097428389968968,-1.4233492558186072,-2.1426923370010797,-19.4145860795497,-50.38099773983831,71.93228094730169,-21.518998697285355,29.442443849080085,88.00836938043771
1350,-716.9643306100311,32.418664255818605,121.22858933700111,-5.800934389968916,-1.623117255818606,-2.089983337001115,-19.414586767099056,-47.111844201341064,75.02986765985027,-27.885709154525834,29.442432389924186,88.00833494567422
1351,-683.731232610031,29.8355842558186,121.22858933700111,-5.591355389968953,-1.6481682558186002,-1.8071513370012156,-20.233023745891316,-51.14276025455053,82.34619177772593,-31.17025388638633,28.624005953555354,88.00734871342146
1352,-650.498134610031,27.2525032558186,121.22858933700111,-5.517410389968973,-1.6386992558187004,-1.5837953370011064,-21.14597968138559,-54.9823128732571,89.15598052470249,-34.13948539045834,27.711050304539977,88.00620944414163
1353,-617.2650366100311,24.6694222558186,121.22858933700111,-5.471577389968957,-1.6009632558185984,-1.4134003370011072,-22.170938609883404,-58.69376960418516,95.57000532100285,-36.84083838423451,26.68609177711262,88.00484379923692
1354,-584.031938610031,22.0863422558186,121.22858933700111,-5.333611389968951,-1.6397602558187003,-1.2110533370011183,-23.32984739324835,-62.32652026871169,101.66499363787463,-39.301577923832824,25.527183280226573,88.00317597639108
1355,-550.798840610031,19.5032612558186,121.22858933700111,-5.185870389968954,-1.6585812558186,-1.0958503370011101,-24.650788068118498,-65.92329416843683,107.49667965836028,-41.534598424432716,24.206242949131102,88.00109184241128
1356,-517.565742610031,16.9201802558186,121.22858933700111,-5.081132389969071,-1.7100322558186,-0.9719693370011129,-26.17028285511621,-69.52482178439661,113.10679310189053,-43.540723226385765,22.68674862049963,87.99841028533852
1357,-484.3326446100309,14.3371002558186,121.22858933700111,-5.029568389969086,-1.810453255818599,-0.9413813370011042,-27.936724972829605,-73.17374126060596,118.52716503984435,-45.308846917932094,20.920307018448245,87.99482654892154
1358,-451.099546610031,11.7540192558186,121.22858933700111,-5.023661389968993,-1.8229752558185996,-0.7311983370011177,-30.015542992898972,-76.91842765289088,123.78179724721755,-46.8141965801794,18.84149020159025,87.98994099509824
1359,-417.8664476100309,9.170938255818601,121.22858933700111,-4.936464389969103,-1.8417922558186017,-0.6774263370011084,-32.49790739208001,-80.81941836408198,128.8896209944064,-48.01382031742413,16.35912683373324,87.98237944189279
1360,-417.8664476100309,9.170938255818601,65.6730343370011,-4.775758389969042,-2.1334422558186015,-0.39320133700110205,-32.49790739208001,-72.96386481489726,131.38638233328885,-58.36613520549128,16.35912683373324,87.98237944189279
1361,-451.099546610031,11.7540192558186,65.6730343370011,-4.869746389969009,-2.1217302558185995,-0.44312933700109625,-30.015542992898972,-69.75194912988,126.11040504162426,-56.309282897596965,18.84149020159025,87.98994099509824
1362,-484.3326446100309,14.3371002558186,65.6730343370011,-4.95200438996909,-2.055110255818599,-0.5015783370010922,-27.936635763300902,-66.59488607504163,120.7226376680728,-54.083277233874426,20.920396743638964,87.994936614114
1363,-517.565742610031,16.9201802558186,65.6730343370011,-4.959660389969031,-1.9552872558186003,-0.7487403370011094,-26.170410624704523,-63.45457728016113,115.19872349028459,-51.70307378787528,22.68662027795352,87.99860073650963
1364,-550.798840610031,19.5032612558186,65.6730343370011,-5.030279389968996,-1.8847372558185995,-0.9512453370010974,-24.650878423562787,-60.298321007194076,109.50951534308037,-49.17253194601177,24.206152307207912,88.001228607437
1365,-584.031938610031,22.0863422558186,65.6730343370011,-5.100352389968975,-1.8583462558185992,-1.1053113370011118,-23.3299118510003,-57.09661394039579,103.62121370128024,-46.48779805144961,25.52711865058728,88.00327991093512
1366,-617.2650366100311,24.6694222558186,65.6730343370011,-5.211617389968978,-1.8230192558187,-1.2598743370011078,-22.170984102732334,-53.819083644342186,97.49127381298989,-43.63686697680321,26.686046226967907,88.00492676352567
1367,-650.498134610031,27.2525032558186,65.6730343370011,-5.292910389969052,-1.8387592558186014,-1.5412913370010983,-21.14600999085295,-50.43180694956116,91.06481732222544,-40.59888936086554,27.711020109664176,88.0062786001475
1368,-683.731232610031,29.8355842558186,65.6730343370011,-5.416268389968991,-1.7977922558185995,-1.7125043370011,-20.232946683067873,-46.89325770852657,84.26773632077865,-37.34135408865063,28.6240833028577,88.0074090458773
1369,-716.9643306100311,32.418664255818605,65.6730343370011,-5.574624389968903,-1.7662282558186035,-1.855536337001098,-19.4145860795497,-43.1492884875138,76.99690178597695,-33.81532804343999,29.442443677192752,88.00836886477569
1370,-716.9643306100311,32.418664255818605,10.1174783370011,-5.3484243899689545,-1.9476222558186045,-1.7157903370010992,-19.414586480620155,-38.57631385199447,77.865544592638,-39.25692462995664,29.44243748924856,88.00834428488628
1371,-683.731232610031,29.8355842558186,10.1174783370011,-5.139415389968917,-2.0165952558186007,-1.4226673370010996,-20.233022771863066,-42.033829099105915,85.11942181123923,-43.05241455968225,28.624006870287825,88.00734814046366
1372,-650.498134610031,27.2525032558186,10.1174783370011,-5.034375389969,-2.044498255818599,-1.3390273370010988,-21.145980483526504,-45.25907745472007,91.912770966679,-46.61950964669006,27.71104944510329,88.00620778256402
1373,-617.2650366100311,24.6694222558186,10.1174783370011,-4.9873213899688835,-2.0269112558186,-1.132581337001099,-22.170941302785042,-48.29913038108748,98.34714172346759,-50.012610973120616,26.686088912323648,88.00484053337749
1374,-584.031938610031,22.0863422558186,10.1174783370011,-4.902147389968945,-2.085603255818601,-0.8454663370010991,-23.329852664460066,-51.18657823325719,104.49511179142979,-53.271632841630776,25.52717777983174,88.00317024681313
1375,-550.798840610031,19.5032612558186,10.1174783370011,-4.837663389968952,-2.1019822558186014,-0.6462013370010986,-24.650797235443218,-53.94467519089395,110.41142178749554,-56.42795042108191,24.206233552623264,88.00108187294566
1376,-517.565742610031,16.9201802558186,10.1174783370011,-4.732712389969038,-2.205583255818601,-0.4890973370011995,-26.170298324976677,-56.59005416149462,116.13925834817702,-59.507940110051756,22.68673280686448,87.99839309660467
1377,-484.3326446100309,14.3371002558186,10.1174783370011,-4.775559389969089,-2.2793922558185997,-0.2782723370011002,-27.93675144347974,-59.13416994648257,121.71425704190867,-62.53548009653975,20.920280146727656,87.99479434869346
1378,-451.099546610031,11.7540192558186,10.1174783370011,-4.708301389968938,-2.349906255818599,-0.09319533700109872,-30.01568239353053,-61.58387248548173,127.16732590506142,-65.53406967155536,18.841349826930443,87.98971782803704
1379,-417.8664476100309,9.170938255818601,10.1174783370011,-4.7067813899690805,-2.3812872558186013,0.10200666299890138,-32.49790739208001,-63.940970548955534,132.52648423539486,-68.52913137353902,16.35912683373324,87.98237944189279
1380,-417.8664476100309,9.170938255818601,-45.4380766629988,-4.666829389969109,-2.614001255818602,0.4409636629988043,-32.49790739208001,-54.21734339917396,132.23818728544973,-77.96446151607965,16.35912683373324,87.98237944189279
1381,-451.099546610031,11.7540192558186,-45.4380766629988,-4.694065389969012,-2.5943682558185994,0.25084566299890554,-30.015542992898972,-52.766605896718914,126.90024947838299,-74.08447051022101,18.84149020159025,87.98994099509824
1382,-484.3326446100309,14.3371002558186,-45.4380766629988,-4.731896389969108,-2.5071382558185995,0.004448662998804309,-27.936635763300902,-51.064843208328675,121.46403399688667,-70.35471637210544,20.920396743638964,87.994936614114
1383,-517.565742610031,16.9201802558186,-45.4380766629988,-4.673424389969,-2.3883112558186017,-0.24648533700119657,-26.17040403568988,-49.148778548220136,115.90245603736504,-66.71263600661769,22.68662595023569,87.99863442642797
1384,-550.798840610031,19.5032612558186,-45.4380766629988,-4.714850389969001,-2.285604255818601,-0.4974343370011951,-24.650874355562443,-47.03834907149469,110.18450821256549,-63.10751279401455,24.20615580225046,88.00124625453708
1385,-584.031938610031,22.0863422558186,-45.4380766629988,-4.749599389968921,-2.2334542558186,-0.7128453370011911,-23.329909158098666,-44.74140527397389,104.27539554043486,-59.497197380576175,25.527120885122685,88.0032897658092
1386,-617.2650366100311,24.6694222558186,-45.4380766629988,-4.906261389968904,-2.1724752558186005,-0.8116013370011999,-22.170982211971612,-42.25547123313763,98.13210676684199,-55.841317383888466,26.686047831249738,88.00493243580785
1387,-650.498134610031,27.2525032558186,-45.4380766629988,-4.932675389968949,-2.170638255818602,-1.1286643370011973,-21.146008558458462,-39.56790389039121,91.69988190888351,-52.09785992877831,27.711021312875545,88.00628192330271
1388,-683.731232610031,29.8355842558186,-45.4380766629988,-4.959060389968954,-2.1688562558186995,-1.408597337001197,-20.232946683067873,-36.65399547214364,84.90545759814118,-48.21833926397368,28.62408307367458,88.00741099393379
1389,-716.9643306100311,32.418664255818605,-45.4380766629988,-5.086945389968946,-2.081609255818705,-1.640957337001197,-19.4145860795497,-33.47315203320147,77.64764387300849,-44.14220738692478,29.44244356260119,88.00836983880394
1390,-716.9643306100311,32.418664255818605,-100.99363266299879,-4.971877389968881,-2.215949255818604,-1.3804963370012047,-19.414586251437036,-27.91357971244172,76.34033873422577,-48.3944595001118,29.44244144265735,88.0083512176756
1391,-683.731232610031,29.8355842558186,-100.99363266299879,-4.765119389968959,-2.3037832558185976,-1.2134453370011045,-20.23301956329941,-30.841847713542414,83.62554345159981,-52.75051609591605,28.62400996425992,88.00734647888606
1392,-650.498134610031,27.2525032558186,-100.99363266299879,-4.719891389969007,-2.3394952558185977,-0.9836943370012108,-21.145975097723227,-33.46287649351204,90.42577738249743,-56.92871490377267,27.711054716315,88.0062053188455
1393,-617.2650366100311,24.6694222558186,-100.99363266299879,-4.7018543899689575,-2.3323352558186023,-0.6965723370012142,-22.17093288030545,-35.81423655655494,96.84729308630712,-60.99765283733747,26.686097162915896,88.00483680915184
1394,-584.031938610031,22.0863422558186,-100.99363266299879,-4.652614389969017,-2.4071102558187008,-0.39768533700120656,-23.329839715613897,-37.91469507795483,102.96470273139263,-65.01310160838847,25.52719061408635,88.00316434534784
1395,-550.798840610031,19.5032612558186,-100.99363266299879,-4.583317389969011,-2.4530402558185997,-0.19997833700121248,-24.65077695273727,-39.76869225144088,108.83309345955838,-69.02559620904778,24.206253606146092,88.0010722472547
1396,-517.565742610031,16.9201802558186,-100.99363266299879,-4.51503838996905,-2.5679452558186,0.05312866299878749,-26.170265666382353,-41.367629011832186,114.4946448194001,-73.08573631837257,22.68676512168413,87.99837642353283
1397,-484.3326446100309,14.3371002558186,-100.99363266299879,-4.5337663899691165,-2.695028255818599,0.2748666629987895,-27.936696897897644,-42.688942338452286,119.98263775199729,-77.24905953758578,20.920334233943514,87.99476358085985
1398,-451.099546610031,11.7540192558186,-100.99363266299879,-4.638286389968982,-2.715471255818599,0.5486236629987928,-30.015542992898972,-43.69281911299093,125.32353660494921,-81.58154453510679,18.84149020159025,87.98994099509824
1399,-417.8664476100309,9.170938255818601,-100.99363266299879,-4.6273583899691175,-2.7932872558186013,0.8336126629987888,-32.49790739208001,-44.316169462935974,130.54034339919502,-86.16779162335875,16.35912683373324,87.98237944189279
1400,-408.2872196100309,70.4203182558186,-100.99363266299879,-4.967634389969135,-2.824764255818593,0.7491206629987914,-41.82811272806031,-44.15168605691275,128.77562857734662,-84.4941682673861,7.028931868289031,87.90768018394417
1401,-440.72204861003087,78.1075142558186,-100.99363266299879,-5.012577389969067,-2.743465255818691,0.4902026629988967,-39.38743330030622,-43.39453522219776,123.54558015549755,-80.05452113997683,9.469606597789204,87.94127063682461
1402,-473.1568776100309,85.7947102558186,-100.99363266299879,-4.949336389969062,-2.7039252558186035,0.2588066629987935,-37.33061794818969,-42.28320330715443,118.1784887661243,-75.81581139993975,11.526419600778777,87.95860782404326
1403,-505.59170661003094,93.4819052558186,-100.99363266299879,-4.929388389969063,-2.654668255818706,-0.04628733700110388,-35.57390981045777,-40.871069982061904,112.65346138863592,-71.71327464831067,13.283126306116207,87.96921143936618
1404,-538.026535610031,101.1691012558186,-100.99363266299879,-5.007934389969023,-2.650750255818693,-0.2241613370012061,-34.0562294089099,-39.191158414287685,106.94293640395962,-67.68961355859051,14.800805733635828,87.97637730791833
1405,-570.4613646100311,108.85629725581859,-100.99363266299879,-5.029337389968987,-2.6186092558185976,-0.4892993370011993,-32.732122225489185,-37.26101486334986,101.01218546503384,-63.6942479322871,16.124905182126312,87.98181633897173
1406,-602.896193610031,116.5434922558186,-100.99363266299879,-5.004757389968972,-2.603043255818605,-0.8452573370012146,-31.56661199429608,-35.084799002841066,94.8151694649633,-59.67711042543071,17.290416330051887,87.9856414625078
1407,-635.331022610031,124.23068825581859,-100.99363266299879,-5.046637389968964,-2.6069852558185858,-1.0876483370011982,-30.532864007812517,-32.65359962017365,88.29185314112908,-55.587741962807144,18.324169415859824,87.98852882602057
1408,-667.765851610031,131.9178842558186,-100.99363266299879,-5.151125389969025,-2.4799362558185862,-1.2427523370012068,-29.609943018457987,-29.943541392137167,81.36040923954064,-51.36869304032686,19.247090061439675,87.99099701361044
1409,-700.2006806100311,139.60508025581862,-100.99363266299879,-5.225621389968865,-2.3950382558187187,-1.5507053370012045,-28.78087738608715,-26.909580038456028,73.90120405798312,-46.94543812084472,20.076151167443932,87.99310842038128
1410,-700.2006806100311,139.60508025581862,-45.4380766629988,-5.393984389968864,-2.2538842558187184,-1.601373337001192,-28.780877443382927,-32.39711328701417,75.22262681954209,-42.779273374742345,20.076150365303018,87.99304946302416
1411,-667.765851610031,131.9178842558186,-45.4380766629988,-5.219409389969087,-2.341869255818608,-1.4539953370011958,-29.610022086633716,-35.67098049199617,82.64690724410585,-46.927654599503676,19.24700686796782,87.99089359472842
1412,-635.331022610031,124.23068825581859,-45.4380766629988,-5.194543389968999,-2.4381462558185945,-1.1639553370011981,-30.532940153903485,-38.660258815291556,89.56597984098181,-50.855093386292694,18.324089488247406,87.98840644223553
1413,-602.896193610031,116.5434922558186,-45.4380766629988,-5.175236389968973,-2.40099125581861,-0.9072663370011966,-31.566575554180307,-41.41256311232377,96.09445880102908,-54.62831897824042,17.2904546036326,87.98530989183176
1414,-570.4613646100311,108.85629725581859,-45.4380766629988,-5.092471389968978,-2.467398255818594,-0.6901943370011949,-32.73207260734412,-43.956895532654066,102.31252143167549,-58.298252254543996,16.12495800883502,87.98134680005862
1415,-538.026535610031,101.1691012558186,-45.4380766629988,-4.976345389968969,-2.543713255818602,-0.5276383370011928,-34.05631346181844,-46.30937292069325,108.27943654989747,-61.90762142818371,14.800717555431154,87.97608979769673
1416,-505.59170661003094,93.4819052558186,-45.4380766629988,-4.907213389969002,-2.514286255818604,-0.32829533700119384,-35.57400108263453,-48.47566457923257,114.04093140166235,-65.49572252305973,13.283030278389742,87.96877186614576
1417,-473.1568776100309,85.7947102558186,-45.4380766629988,-4.960294389969079,-2.5228362558186035,-0.07195833700119181,-37.330718960648966,-50.451454474497105,119.63363999165837,-69.10198443198489,11.526312858741543,87.95786538533234
1418,-440.72204861003087,78.1075142558186,-45.4380766629988,-4.992233389969158,-2.552066255818602,0.22986666299880198,-39.38754657406232,-52.2211586701213,125.08784514471044,-72.76874478261058,9.469485703694431,87.93983211168837
1419,-408.2872196100309,70.4203182558186,-45.4380766629988,-4.919938389969104,-2.6801142558186086,0.4421366629988057,-41.82811272806031,-53.754399058398874,130.42884363502296,-76.54467083923832,7.028931868289031,87.9076806423104
1420,-408.2872196100309,70.4203182558186,10.1174783370011,-4.952633389969094,-2.4508382558185957,0.02543066299890029,-41.82811272806031,-63.148272324010804,130.70919136851847,-67.43114496334721,7.0289319255848115,87.90768035583149
1421,-440.72204861003087,78.1075142558186,10.1174783370011,-5.064945389969125,-2.360837255818595,-0.16449633700109878,-39.38743330030622,-60.771759757536344,125.34847218655956,-64.48018863570026,9.469606597789204,87.94127069412039
1422,-473.1568776100309,85.7947102558186,10.1174783370011,-5.041965389969107,-2.345302255818595,-0.39567633700109894,-37.33061794818969,-58.3004652467319,119.87883716549304,-61.49889785973101,11.526419600778777,87.95860782404326
1423,-505.59170661003094,93.4819052558186,10.1174783370011,-5.0552483899690515,-2.307820255818598,-0.5448493370011,-35.574121059996834,-55.732000417028495,114.27467050821423,-58.47418198221523,13.282904857928388,87.96985739198442
1424,-538.026535610031,101.1691012558186,10.1174783370011,-5.155751389968941,-2.3310002558186085,-0.7264973370010992,-34.05639934819193,-53.05804076462065,108.50409387432606,-55.38424207899202,14.800628918860248,87.97674274040007
1425,-570.4613646100311,108.85629725581859,10.1174783370011,-5.23638638996897,-2.2607162558185934,-0.9732993370011993,-32.73213460137756,-50.26612715036591,102.53078133854677,-52.20769788616139,16.12489452511132,87.98178127395467
1426,-602.896193610031,116.5434922558186,10.1174783370011,-5.317734389969019,-2.234766255818613,-1.1993203370010992,-31.566619843817872,-47.33789942819823,96.30886699912259,-48.91768897040029,17.290409626445683,87.98562203923855
1427,-635.331022610031,124.23068825581859,10.1174783370011,-5.365802389968962,-2.2552432558186837,-1.3736343370011994,-30.532970005004614,-44.24766410793584,89.77917010269023,-45.48110553312259,18.32405946525894,87.98864565211501
1428,-667.765851610031,131.9178842558186,10.1174783370011,-5.441783389969032,-2.1713552558185825,-1.6280633370011994,-29.609943018457987,-40.95887587875726,82.86134621003296,-41.8542954669033,19.247090061439675,87.99099701361044
1429,-700.2006806100311,139.60508025581862,10.1174783370011,-5.619145389968935,-2.054823255818718,-1.7837773370011991,-28.78087738608715,-37.41896666510016,75.44277382020742,-37.97761667276253,20.076151683105945,87.99310355024002
1430,-700.2006806100311,139.60508025581862,65.6730343370011,-5.82249738996893,-1.8897322558186431,-1.7962753370010915,-28.780877844453386,-41.905257312582776,74.56502321913918,-32.61352322775653,20.076140968795176,87.99304613986895
1431,-667.765851610031,131.9178842558186,65.6730343370011,-5.636490389969026,-1.9742932558185942,-1.7903783370011013,-29.610024149281777,-45.724586411881944,82.00629316013149,-36.23343837716499,19.247005091798655,87.99089760543299
1432,-635.331022610031,124.23068825581859,65.6730343370011,-5.535552389968984,-2.0695562558186964,-1.5224023370010968,-30.532942388438887,-49.31649188922185,88.93104233636272,-39.56392956864528,18.32408765478246,87.98841348961642
1433,-602.896193610031,116.5434922558186,65.6730343370011,-5.46036938996906,-2.042994255818712,-1.2461893370010984,-31.566578304377725,-52.74156534924052,95.456334104083,-42.661203560829286,17.29045242639298,87.98532192394545
1434,-570.4613646100311,108.85629725581859,65.6730343370011,-5.382089389968883,-2.0612622558185905,-1.054607337001201,-32.73207621697823,-56.04426568123422,101.66347953960522,-45.56186015282482,16.124955144046044,87.98136759842657
1435,-538.026535610031,101.1691012558186,65.6730343370011,-5.246473389968969,-2.1192452558185977,-1.0257193370011066,-34.0563186184386,-59.26009449610487,107.61208149430031,-48.28958083622025,14.80071337283925,87.97612703995341
1436,-505.59170661003094,93.4819052558186,65.6730343370011,-5.164509389969055,-2.040557255818598,-0.7921413370010981,-35.5740089894521,-62.419822836014646,113.34760050228203,-50.85830252290322,13.283023803966657,87.96884285561657
1437,-473.1568776100309,85.7947102558186,65.6730343370011,-5.131957389969102,-2.0751002558185974,-0.609633337001199,-37.33073162301624,-65.55253186140476,118.90584476416845,-53.27325752075465,11.526302259022334,87.9580139532886
1438,-440.72204861003087,78.1075142558186,65.6730343370011,-5.142495389969099,-2.0721532558186055,-0.4194803370012039,-39.38756828916275,-68.6882513789378,124.31564717778816,-55.52980653321158,9.469467369044988,87.94018940816942
1439,-408.2872196100309,70.4203182558186,65.6730343370011,-5.053261389969066,-2.159111255818601,-0.3859763370010967,-41.82811272806031,-71.86053299495578,129.5999042252544,-57.60959749291286,7.0289319255848115,87.9076806423104
1440,-408.2872196100309,70.4203182558186,121.22858933700111,-5.162091389969078,-1.8985912558186016,-0.7175253370011063,-41.82811272806031,-79.46831318017159,127.1649169613076,-47.56682964267978,7.0289319255848115,87.90768029853572
1441,-440.72204861003087,78.1075142558186,121.22858933700111,-5.305141389969151,-1.8427282558185993,-0.82308433700112,-39.38743330030622,-75.64728021898127,122.03512561118298,-46.29132165617453,9.469606655084984,87.94127075141618
1442,-473.1568776100309,85.7947102558186,121.22858933700111,-5.290878389969123,-1.858357255818703,-0.9944183370011075,-37.33061794818969,-71.95448002518668,116.7474485786376,-44.713494551716565,11.526419600778777,87.95860782404326
1443,-505.59170661003094,93.4819052558186,121.22858933700111,-5.390286389969106,-1.819291255818598,-1.047853337001115,-35.57390981045777,-68.33737924446791,111.2842666093303,-42.87777060659907,13.283126306116207,87.96921143936618
1444,-538.026535610031,101.1691012558186,121.22858933700111,-5.47810138996897,-1.8821492558186037,-1.1682393370011113,-34.05638674312044,-64.75150695541495,105.62047544287587,-40.80708916017836,14.800644044946042,87.97667203740814
1445,-570.4613646100311,108.85629725581859,121.22858933700111,-5.5951013899689315,-1.8060932558185954,-1.3411043370011129,-32.73212709563044,-61.15540943236697,99.72130089558911,-38.50890089832652,16.124903635140264,87.98174552138825
1446,-602.896193610031,116.5434922558186,121.22858933700111,-5.685364389968981,-1.789090255818607,-1.4997523370011123,-31.566615546634402,-57.509082876659484,93.54199181240242,-35.979612287048305,17.290415012248957,87.98560301703975
1447,-635.331022610031,124.23068825581859,121.22858933700111,-5.773353389968975,-1.8342652558185932,-1.705063337001107,-30.532864007812517,-53.768336772427446,87.02101808380935,-33.202169753233626,18.324169415859824,87.98852882602057
1448,-667.765851610031,131.9178842558186,121.22858933700111,-5.911079389969018,-1.7415432558185842,-1.901525337001118,-29.609943133049548,-49.88120854590642,80.07381629586878,-30.144514990442005,19.247086738284462,87.99108330105439
1449,-700.2006806100311,139.60508025581862,121.22858933700111,-6.05244638996885,-1.6787712558186172,-2.1029543370011226,-28.780877328791373,-45.77814679304967,72.57508556351839,-26.75074714220838,20.076152084176403,87.99310211784552
1450,-700.2006806100311,139.60508025581862,176.7841453370011,-6.3139453899689215,-1.4846052558186216,-2.1420373370011134,-28.780878360115405,-48.954551585248744,69.4342654611015,-20.43347039491198,20.076128707498363,87.99304338967153
1451,-667.765851610031,131.9178842558186,176.7841453370011,-6.152038389969107,-1.519578255818601,-1.8661343370010854,-29.610026383817182,-53.344702951384726,77.04420552531762,-23.65123299963697,19.247002742671693,87.99089617303851
1452,-635.331022610031,124.23068825581859,176.7841453370011,-5.972637389969009,-1.630999255818594,-1.8443063370010861,-30.532940669565505,-57.51302585761401,84.04245521719851,-26.47881094480742,18.324089545543185,87.98841601063071
1453,-602.896193610031,116.5434922558186,176.7841453370011,-5.874738389969025,-1.6038222558186135,-1.6662323370011052,-31.566572574799768,-61.5400334219282,90.57016463763112,-28.976573584732602,17.290458499745608,87.98532971617146
1454,-570.4613646100311,108.85629725581859,176.7841453370011,-5.804753389968937,-1.5988672558185897,-1.415026337001109,-32.73206544537168,-65.48598332916231,96.72055568146087,-31.17723440309175,16.124966431314608,87.98138392772374
1455,-538.026535610031,101.1691012558186,176.7841453370011,-5.671014389968946,-1.5878872558186004,-1.3154853370010926,-34.05630062756383,-69.40119943649093,102.5584207652881,-33.09484570547246,14.80073216585493,87.97615860992792
1456,-505.59170661003094,93.4819052558186,176.7841453370011,-5.607462389968987,-1.5085282558186037,-1.3172853370010955,-35.573979596717216,-73.33197965584539,108.12992241111716,-34.728527600588755,13.283054228025579,87.96890450587533
1457,-473.1568776100309,85.7947102558186,176.7841453370011,-5.497660389969099,-1.5369262558185994,-1.211421337001184,-37.33068337996989,-77.32483664373859,113.4679868418566,-36.063220293866074,11.52635193446317,87.95814200935581
1458,-440.72204861003087,78.1075142558186,176.7841453370011,-5.438991389969146,-1.5484982558186005,-1.0685713370010888,-39.387433357602,-81.42988570070774,118.59488549996094,-37.06847623511337,9.469606655084984,87.94127086600774
1459,-408.2872196100309,70.4203182558186,176.7841453370011,-5.433406389969093,-1.5109752558186074,-0.9923383370010868,-41.82811272806031,-85.70504277578337,123.52396526538045,-37.68914863761976,7.0289319255848115,87.90768058501462
1460,-408.2872196100309,70.4203182558186,232.3397003370011,-5.606664389969126,-1.2625052558185956,-1.2251243370010911,-41.82811272806031,-90.48323106917886,118.81257961100953,-28.199574460670245,7.0289319255848115,87.90768035583149
1461,-440.72204861003087,78.1075142558186,232.3397003370011,-5.696741389969134,-1.2920172558186067,-1.3920843370011085,-39.38743330030622,-85.94133320610118,114.09644230305204,-28.058585418219476,9.469606655084984,87.94127080871195
1462,-473.1568776100309,85.7947102558186,232.3397003370011,-5.743628389969103,-1.3129622558186043,-1.3610823370011076,-37.33061794818969,-81.56867830945089,109.1409606997287,-27.492808331247687,11.526419600778777,87.95860782404326
1463,-505.59170661003094,93.4819052558186,232.3397003370011,-5.886292389969071,-1.2662382558186067,-1.4703113370010783,-35.57390981045777,-77.3123730928211,103.93553531101269,-26.554045402632475,13.283126306116207,87.96921143936618
1464,-538.026535610031,101.1691012558186,232.3397003370011,-5.9962843899689915,-1.3235202558186927,-1.6037373370010926,-34.0562294089099,-73.12328820144856,98.45847378289304,-25.273021207658825,14.800805733635828,87.97637730791833
1465,-570.4613646100311,108.85629725581859,232.3397003370011,-6.05247938996888,-1.3457692558185954,-1.6473673370011,-32.731993481872614,-68.95383851641937,92.67581175023216,-23.66479456687304,16.125040915827977,87.98155002818855
1466,-602.896193610031,116.5434922558186,232.3397003370011,-6.130145389969016,-1.3619422558186187,-1.8117463370010967,-31.566499121610438,-64.75468687117794,86.53771752660151,-21.72960010649224,17.29053470313236,87.98546310074617
1467,-635.331022610031,124.23068825581859,232.3397003370011,-6.320850389968996,-1.3765122558185965,-1.9948493370011136,-30.532864007812517,-60.4702106375645,79.97167711508308,-19.45095486207453,18.324169415859824,87.98852882602057
1468,-667.765851610031,131.9178842558186,232.3397003370011,-6.43421138996905,-1.325979255818595,-2.0756693370011874,-29.609943018457987,-56.03139046014094,72.8697361570453,-16.790170832531953,19.247090061439675,87.99099701361044
1469,-700.2006806100311,139.60508025581862,232.3397003370011,-6.637525389968914,-1.2542032558187088,-2.2064783370011014,-28.780877328791373,-51.34280503097368,65.06302978090974,-13.674038793957909,20.07615219876796,87.9931075036488
1470,-700.2006806100311,139.60508025581862,287.89525633700106,-6.99768338996887,-1.024594255818613,-2.1618413370010785,-28.78087721419981,-52.827648419141696,59.30450027221356,-6.4305893499322755,20.076155579218952,87.99302763333218
1471,-667.765851610031,131.9178842558186,287.89525633700106,-6.773075389968994,-1.075160255818588,-2.1182393370010573,-29.609943018457987,-57.85243270553289,67.45561599077725,-9.555008478167753,19.247090061439675,87.99099701361044
1472,-635.331022610031,124.23068825581859,287.89525633700106,-6.597982389968934,-1.134531255818601,-1.9781003370011376,-30.532864007812517,-62.5659189377723,74.75251683939798,-12.136086343477396,18.324169415859824,87.98852882602057
1473,-602.896193610031,116.5434922558186,287.89525633700106,-6.37830138996901,-1.1672202558186058,-1.8136823370010688,-31.566567418179613,-67.08928562688207,81.41709980373471,-14.27425402486805,17.290463599069984,87.98532702326983
1474,-570.4613646100311,108.85629725581859,287.89525633700106,-6.2970323899688765,-1.1566922558185837,-1.888209337001058,-32.73205261111707,-71.50370095350092,87.58341718350839,-16.02238246339256,16.12497938016078,87.9813882249072
1475,-538.026535610031,101.1691012558186,287.89525633700106,-6.224670389968992,-1.0951782558186096,-1.7430543370011264,-34.0562783395056,-75.87129869546827,93.33896307178222,-17.4053036498919,14.800754740392058,87.97617390790106
1476,-505.59170661003094,93.4819052558186,287.89525633700106,-6.110325389969034,-0.9921382558186025,-1.5683063370010473,-35.57390981045777,-80.24337456097082,98.74146732089488,-18.428975944364968,13.283126306116207,87.96921149666197
1477,-473.1568776100309,85.7947102558186,287.89525633700106,-6.0356923899690855,-0.991634255818596,-1.5188933370010318,-37.33061794818969,-84.66701135682341,103.8298588606872,-19.08337350212945,11.526419600778777,87.95860788133905
1478,-440.72204861003087,78.1075142558186,287.89525633700106,-5.956458389969157,-0.9673082558185939,-1.5299623370010522,-39.387433357602,-89.1868935458063,108.62784966410221,-19.344432496860307,9.469606655084984,87.94127086600774
1479,-408.2872196100309,70.4203182558186,287.89525633700106,-5.850736389969086,-0.9924022558187033,-1.4510393370010775,-41.82811272806031,-93.84778030439621,113.14704676744947,-19.169492611075942,7.0289319255848115,87.90768058501462
1480,-408.2872196100309,70.4203182558186,343.45081133700114,-6.176595389969123,-0.6982442558186079,-1.4427433370011613,-41.82811272806031,-95.90863861860251,106.60215187902236,-10.563739293850958,7.0289319255848115,87.90768047042306
1481,-440.72204861003087,78.1075142558186,343.45081133700114,-6.316093389969069,-0.7100782558186012,-1.5496443370011548,-39.38743330030622,-91.22783057584215,102.24263209712122,-10.918277899843458,9.469606655084984,87.94127080871195
1482,-473.1568776100309,85.7947102558186,343.45081133700114,-6.401896389969124,-0.7187402558186022,-1.6522933370011401,-37.33061794818969,-86.6452437138728,97.56619577963347,-10.841478006730547,11.526419600778777,87.95860788133905
1483,-505.59170661003094,93.4819052558186,343.45081133700114,-6.4535783899690955,-0.7698682558186078,-1.6863143370011358,-35.57390981045777,-82.12349946935151,92.55671141442879,-10.364095186813937,13.283126306116207,87.96921149666197
1484,-538.026535610031,101.1691012558186,343.45081133700114,-6.5653593899689895,-0.8887022558186004,-1.8568563370011475,-34.0562294089099,-77.62149241766112,87.18396699426566,-9.500310145523116,14.800805733635828,87.97637730791833
1485,-570.4613646100311,108.85629725581859,343.45081133700114,-6.71503338996888,-0.8546082558185901,-1.971765337001159,-32.731993481872614,-73.09277493299841,81.39989926695023,-8.249945724307828,16.125040915827977,87.98155002818855
1486,-602.896193610031,116.5434922558186,343.45081133700114,-6.806898389968978,-0.8784502558186063,-1.9379533370011472,-31.566499121610438,-68.48154264499105,75.13079847264602,-6.595825278723628,17.29053470313236,87.98546310074617
1487,-635.331022610031,124.23068825581859,343.45081133700114,-6.972738389968981,-0.9042352558185911,-2.0986283370011733,-30.532864007812517,-63.7151093256078,68.2623754021554,-4.4967545183993165,18.324169415859824,87.98852882602057
1488,-667.765851610031,131.9178842558186,343.45081133700114,-7.1656163899690455,-0.8221022558186064,-2.2587583370011544,-29.609943018457987,-58.68877026094375,60.60899465194071,-1.8720495839203497,19.247090061439675,87.99099701361044
1489,-700.2006806100311,139.60508025581862,343.45081133700114,-7.328054389968884,-0.8016632558187098,-2.2373333370011323,-28.78087721419981,-53.23063438823395,51.84118394658864,1.4357130020806763,20.076155579218952,87.99302763333218
1490,-700.2006806100311,139.60508025581862,399.00636733700117,-7.745360389968937,-0.5662632558187113,-2.1625593370011416,-28.78087721419981,-52.19126402420255,41.95028457601184,10.28724200862608,20.076155579218952,87.99302763333218
1491,-667.765851610031,131.9178842558186,399.00636733700117,-7.518299389969002,-0.6267452558186903,-2.1775203370011695,-29.609943018457987,-58.33616435618578,51.9281567053541,6.456182457908297,19.247090061439675,87.99099701361044
1492,-635.331022610031,124.23068825581859,399.00636733700117,-7.308816389969024,-0.686183255818591,-2.019537337001168,-30.532864007812517,-63.78821948511163,60.24852094803579,3.590210095224118,18.324169415859824,87.98852882602057
1493,-602.896193610031,116.5434922558186,399.00636733700117,-7.118515389969048,-0.6794612558187083,-1.9599903370011589,-31.566499121610438,-68.84797035441562,67.51166088883201,1.3897400145149692,17.29053470313236,87.98546310074617
1494,-570.4613646100311,108.85629725581859,399.00636733700117,-7.011182389968894,-0.6423862558185931,-1.9778903370011562,-32.731993481872614,-73.6708102228139,74.01300388015251,-0.2850150476946319,16.125040915827977,87.98155002818855
1495,-538.026535610031,101.1691012558186,399.00636733700117,-6.8507583899689735,-0.6411202558186062,-1.8375093370011655,-34.0562294089099,-78.3524731186046,79.9206809492317,-1.5060433995456461,14.800805733635828,87.97637730791833
1496,-505.59170661003094,93.4819052558186,399.00636733700117,-6.710908389969006,-0.5419162558186059,-1.786943337001162,-35.57390981045777,-82.95929792877293,85.33820861009892,-2.3097939230626596,13.283126306116207,87.96921149666197
1497,-473.1568776100309,85.7947102558186,399.00636733700117,-6.667625389969089,-0.45801025581869226,-1.7130773370011525,-37.33061794818969,-87.5414045375184,90.33171415642568,-2.710835559877141,11.526419600778777,87.95860788133905
1498,-440.72204861003087,78.1075142558186,399.00636733700117,-6.541405389969157,-0.4913922558186101,-1.5955603370011886,-39.387433357602,-92.13908551423424,94.94330402739298,-2.7076949490189106,9.469606655084984,87.94127086600774
1499,-408.2872196100309,70.4203182558186,399.00636733700117,-6.447402389969113,-0.47777225581860705,-1.5517413370012036,-41.82811272806031,-96.7854969524964,99.19774432369537,-2.282473461925878,7.0289319255848115,87.90768058501462
1500,-389.3588596100309,129.4539132558186,399.00636733700117,-6.521141389969102,-0.5613042558186123,-1.4213593370011495,-50.81005964844054,-95.20830399772609,97.7996639917398,-3.0574416797876123,-1.9530957818445334,88.5022902833361
1501,-420.2163246100309,142.0605752558186,399.00636733700117,-6.637366389969088,-0.6466652558187036,-1.5626333370011594,-48.44117796306475,-89.99948452162327,92.85518724608332,-0.6668731980914404,0.41607811200677647,85.84770720412288
1502,-451.07379061003087,154.6672372558186,399.00636733700117,-6.738630389969046,-0.637326255818607,-1.7053663370011805,-46.43284687252998,-85.82521964198803,88.5081141128447,-2.3074521299624013,2.424231757512391,87.66137278978985
1503,-481.9312566100309,167.2738992558186,399.00636733700117,-6.784333389969049,-0.6982232558187036,-1.6871793370011687,-44.70891249363734,-81.28243266300387,83.41218674565192,-1.9102135578088804,4.148144535896154,87.81751375842865
1504,-512.788721610031,179.8805612558186,399.00636733700117,-6.946382389969017,-0.5874582558186034,-1.8310223370011727,-43.2131858294466,-76.67587954942199,77.85129444472375,-1.013936939392883,5.643863235973543,87.87578390996813
1505,-543.646187610031,192.4872232558186,399.00636733700117,-7.056380389969036,-0.610886255818599,-1.9044783370011942,-41.90331899636185,-71.96653551556247,71.76330578134774,0.3344001708176815,6.953725771874837,87.90627357255711
1506,-574.5036536100309,205.0938852558186,399.00636733700117,-7.154142389969024,-0.5679072558185965,-1.8166203370012113,-40.7468019680169,-67.08360876104791,65.0298462426554,2.166327697584641,8.11024027920549,87.9250397165168
1507,-605.3611186100311,217.7005472558186,399.00636733700117,-7.416262389968892,-0.5342542558186949,-1.9514813370011552,-39.71826892879305,-61.91693898243969,57.44990504538095,4.567020515408114,9.138771542260166,87.93776172869568
1508,-636.218584610031,230.3072092558186,399.00636733700117,-7.597366389969011,-0.41576225581860626,-2.1246633370011523,-38.79764280729537,-56.27641219429875,48.65390493110001,7.713424893679453,10.059396345954925,87.94695919099779
1509,-667.076049610031,242.9138712558186,399.00636733700117,-7.826969389969008,-0.24925325581861557,-2.19907833700114,-37.96882795855146,-49.759867486757834,37.82866454828347,12.015274124373716,10.888210277966362,87.95392143034954
1510,-667.076049610031,242.9138712558186,343.45081133700114,-7.409641389969011,-0.5492602558186093,-2.1331643370011193,-37.96882795855146,-51.1614523723631,48.39692516668737,2.848598162391971,10.888210277966362,87.95392165953267
1511,-636.218584610031,230.3072092558186,343.45081133700114,-7.177543389968946,-0.6606052558186093,-2.016129337001132,-38.79764280729537,-56.82953837315405,57.674818539239745,-0.7543625929007678,10.059396345954925,87.94695919099779
1512,-605.3611186100311,217.7005472558186,343.45081133700114,-7.021874389968957,-0.7535112558186086,-1.9839173370011167,-39.71826892879305,-61.975096605068195,65.65973610369096,-3.5846529202733644,9.138771542260166,87.93776172869568
1513,-574.5036536100309,205.0938852558186,343.45081133700114,-6.81877338996901,-0.7488852558186068,-1.8398993370011567,-40.7468019680169,-66.81025311800529,72.76664964784112,-5.843831350643711,8.11024027920549,87.9250397738126
1514,-543.646187610031,192.4872232558186,343.45081133700114,-6.746892389969048,-0.775696255818616,-1.8551993370011246,-41.90331899636185,-71.45658617564109,79.21867031221294,-7.630913814560458,6.953725771874837,87.90627362985289
1515,-512.788721610031,179.8805612558186,343.45081133700114,-6.626998389969003,-0.7831612558186123,-1.8069743370011224,-43.2131858294466,-75.99413018972933,85.1488345423565,-8.993226511309853,5.643863235973543,87.87578408185546
1516,-481.9312566100309,167.2738992558186,343.45081133700114,-6.507357389969059,-0.8587922558185994,-1.6222373370011383,-44.70891249363734,-80.47966149624607,90.63920673949373,-9.940005692436745,4.148144593191933,87.8175146751611
1517,-451.07379061003087,154.6672372558186,343.45081133700114,-6.421800389969121,-0.8474522558186095,-1.5450313370011486,-46.43284687252998,-84.94645479103085,95.73030607782584,-10.408407685393575,2.42423187210395,87.6613715292827
1518,-420.2163246100309,142.0605752558186,343.45081133700114,-6.371834389969138,-0.8094102558187046,-1.503572337001117,-48.44117824954365,-89.08848157006949,100.11982787793654,-8.84436210666923,0.41614342919542135,85.84955258658944
1519,-389.3588596100309,129.4539132558186,343.45081133700114,-6.244605389969081,-0.8035822558186112,-1.42965633700112,-50.810060049510994,-94.31357637070923,105.16378338944858,-11.314696512096367,-1.9530152812743178,88.5006978044403
1520,-389.3588596100309,129.4539132558186,287.89525633700106,-5.954925389969105,-1.1209722558186002,-1.3980333370010385,-50.81005970573632,-92.2542626934228,111.65136169999465,-19.86318069234574,-1.9530964120981082,88.50229011144874
1521,-420.2163246100309,142.0605752558186,287.89525633700106,-6.070039389969111,-1.1701442558185988,-1.386896337001133,-48.441177905768974,-87.07058426159566,106.44071150914485,-17.181092659585715,0.4160743304853286,85.847502142528
1522,-451.07379061003087,154.6672372558186,287.89525633700106,-6.159692389969109,-1.1871712558186118,-1.4812533370010783,-46.43284687252998,-83.00106735417889,101.95909889017213,-18.58258867943696,2.4242318148081705,87.66137227412784
1523,-481.9312566100309,167.2738992558186,287.89525633700106,-6.247577389969081,-1.177388255818613,-1.5463783370011015,-44.70891249363734,-78.64331233958254,96.80691359921637,-17.94406056290733,4.148144478600375,87.81751352924552
1524,-512.788721610031,179.8805612558186,287.89525633700106,-6.314650389969074,-1.1462392558186139,-1.636881337001057,-43.2131858294466,-74.2980680303302,91.3064674862378,-16.84692138540719,5.643863235973543,87.87578390996813
1525,-543.646187610031,192.4872232558186,287.89525633700106,-6.424731389968997,-1.1377822558185926,-1.8095893370010572,-41.90331899636185,-69.93317688369126,85.42906269956015,-15.364715379265943,6.953725771874837,87.90627357255711
1526,-574.5036536100309,205.0938852558186,287.89525633700106,-6.537756389969104,-1.0782192558185955,-1.7869033370010925,-40.7468019680169,-65.49803280348125,79.11163050881393,-13.50103252614055,8.11024027920549,87.9250397738126
1527,-605.3611186100311,217.7005472558186,287.89525633700106,-6.748758389968884,-1.0304552558185947,-2.1102593370010823,-39.71826892879305,-60.92676512382517,72.25466287000026,-11.227911167825695,9.138771542260166,87.93776172869568
1528,-636.218584610031,230.3072092558186,287.89525633700106,-6.869028389969003,-0.9565602558186299,-2.020720337001137,-38.79764280729537,-56.12782830979462,64.70012845482685,-8.481382514551525,10.059396345954925,87.94695919099779
1529,-667.076049610031,242.9138712558186,287.89525633700106,-7.075352389968998,-0.765088255818597,-2.2465283370010525,-37.96882795855146,-50.95855220347213,56.179121783445915,-5.1364983940744295,10.888210277966362,87.95392143034954
1530,-667.076049610031,242.9138712558186,232.3397003370011,-6.750780389969009,-1.0492792558186181,-2.192354337001092,-37.96882795855146,-49.6149665749608,62.11201031331377,-12.412972609749387,10.888210277966362,87.95392148764532
1531,-636.218584610031,230.3072092558186,232.3397003370011,-6.552979389968982,-1.1882802558185972,-1.9915983370010792,-38.79764280729537,-54.416118100052664,70.21436560463845,-15.707329931400857,10.059396345954925,87.94695919099779
1532,-605.3611186100311,217.7005472558186,232.3397003370011,-6.421893389968886,-1.180558255818596,-1.9000573370011011,-39.71835028879996,-58.923158184902825,77.52976651561882,-18.505835539680128,9.13866755042035,87.9369648589942
1533,-574.5036536100309,205.0938852558186,232.3397003370011,-6.251644389969101,-1.2533972558186122,-1.7592513370011034,-40.746875764980906,-63.24529762729183,84.25828337659568,-20.89938133926292,8.110145970352411,87.92398959946989
1534,-543.646187610031,192.4872232558186,232.3397003370011,-6.13067238996905,-1.3475402558186147,-1.5171123370010946,-41.903387464818366,-67.4582122917301,90.52461334700263,-22.933709415723495,6.9536373071912685,87.90474062397624
1535,-512.788721610031,179.8805612558186,232.3397003370011,-6.089286389969061,-1.3008892558186176,-1.5227413370010936,-43.213249198578744,-71.61967311163025,96.4101755056969,-24.626501303915376,5.643779068473439,87.87324782687953
1536,-481.9312566100309,167.2738992558186,232.3397003370011,-5.994521389969066,-1.3890902558186156,-1.4415513370011013,-44.7089691018675,-75.77671854687375,101.96764701940502,-25.96642722180608,4.148065926086662,87.8125388231893
1537,-451.07379061003087,154.6672372558186,232.3397003370011,-5.876848389969098,-1.4287652558186323,-1.285882337001084,-46.43284687252998,-79.96332086941578,107.22150470243078,-26.8827404607967,2.4242318148081705,87.66137175846582
1538,-420.2163246100309,142.0605752558186,232.3397003370011,-5.763547389969119,-1.4520422558186112,-1.241997337001095,-48.44117824954365,-83.88891140894927,111.83188717943641,-25.75595707723006,0.41614463240679117,85.84951803723439
1539,-389.3588596100309,129.4539132558186,232.3397003370011,-5.736674389969039,-1.3918462558185922,-1.2421943370010808,-50.810060049510994,-88.92583563969525,117.24524382214665,-28.78367651409948,-1.9530078901187606,88.5004765854356
1540,-389.3588596100309,129.4539132558186,176.7841453370011,-5.562501389969043,-1.6781422558185994,-0.9398143370011098,-50.81005970573632,-84.23733443532387,121.88051776301238,-38.109333882989375,-1.9530951515909587,88.5023590382715
1541,-420.2163246100309,142.0605752558186,176.7841453370011,-5.610542389969112,-1.7594352558186017,-1.032077337001084,-48.44117779117741,-79.50126381108223,116.24286292581954,-34.55211154634102,0.4160665382593148,85.84704916209517
1542,-451.07379061003087,154.6672372558186,176.7841453370011,-5.705980389969113,-1.731632255818596,-1.2055353370010948,-46.433006555867486,-75.81906115925794,111.49475394264017,-35.301658314382145,2.424072074174888,87.6627810627545
1543,-481.9312566100309,167.2738992558186,176.7841453370011,-5.784424389969104,-1.7098142558185998,-1.2752553370010844,-44.70891249363734,-71.89180743783676,106.12399166996931,-34.01264273326513,4.148144421304595,87.81751278440038
1544,-512.788721610031,179.8805612558186,176.7841453370011,-5.853246389969058,-1.6436282558186122,-1.2644033370010845,-43.2131858294466,-67.98976231241527,100.4859001816408,-32.3346597987251,5.643863235973543,87.87578385267234
1545,-543.646187610031,192.4872232558186,176.7841453370011,-5.949675389969002,-1.6347942558186048,-1.450560337001093,-41.90331899636185,-64.0807732249957,94.55983477697204,-30.34789105807761,6.953725771874837,87.90627351526133
1546,-574.5036536100309,205.0938852558186,176.7841453370011,-6.01859538996905,-1.587112255818596,-1.7282863370010944,-40.7468019680169,-60.121144408769084,88.29791537837623,-28.064205733119252,8.11024027920549,87.9250397165168
1547,-605.3611186100311,217.7005472558186,176.7841453370011,-6.188441389968943,-1.5539312558186964,-1.7699523370010866,-39.71826892879305,-56.059233115012205,81.62836464077259,-25.469144947411,9.138771542260166,87.93776172869568
1548,-636.218584610031,230.3072092558186,176.7841453370011,-6.317021389969,-1.4265302558187045,-1.939762337001099,-38.79764280729537,-51.829975115946716,74.44505806083983,-22.524165314412393,10.059396345954925,87.94695919099779
1549,-667.076049610031,242.9138712558186,176.7841453370011,-6.444504389968984,-1.2872742558186019,-2.2209093370011885,-37.96882795855146,-47.34293733149924,66.58395799371931,-19.156949533616498,10.888210277966362,87.95392143034954
1550,-667.076049610031,242.9138712558186,121.22858933700111,-6.174723389969017,-1.564707255818604,-2.109304337001106,-37.96882795855146,-44.27139773868354,69.78284135261586,-25.427372428032957,10.888210277966362,87.95392143034954
1551,-636.218584610031,230.3072092558186,121.22858933700111,-6.041515389968936,-1.6321902558186991,-1.8306593370011086,-38.797729209330875,-48.466367307682546,77.50611149468061,-28.948219163958726,10.059285879692023,87.94634177167777
1552,-605.3611186100311,217.7005472558186,121.22858933700111,-5.917767389968958,-1.7107482558186007,-1.5961613370011065,-39.71834954395483,-52.41424825457358,84.61951940084704,-32.10451680447859,9.138669097406396,87.93698365200989
1553,-574.5036536100309,205.0938852558186,121.22858933700111,-5.824925389969053,-1.7275182558186088,-1.3875883370011053,-40.746880807009504,-56.19294845825379,91.2674566234323,-34.96088249840337,8.110139954295562,87.92396817084835
1554,-543.646187610031,192.4872232558186,121.22858933700111,-5.751776389968995,-1.8067582558186075,-1.274754337001113,-41.90339880938271,-59.85897513642281,97.54585331418781,-37.554088791616124,6.953623269725288,87.90464213253125
1555,-512.788721610031,179.8805612558186,121.22858933700111,-5.642946389968984,-1.8562762558186137,-1.1065023370012028,-43.213268621848,-63.457272359037866,103.52136675274552,-39.89980963215201,5.643754603175586,87.87296283767225
1556,-481.9312566100309,167.2738992558186,121.22858933700111,-5.570321389969081,-1.9487942558185978,-0.8837153370011066,-44.709000156180004,-67.02566691432504,109.23958472714548,-41.98855649514897,4.1480263919987985,87.81167646441185
1557,-451.07379061003087,154.6672372558186,121.22858933700111,-5.448670389969095,-2.034375255818702,-0.898420337001113,-46.43294100949572,-70.59056488007587,114.71903457253835,-43.73738938528259,2.424107253783509,87.64571826502394
1558,-420.2163246100309,142.0605752558186,121.22858933700111,-5.414516389969094,-2.0222292558187007,-0.74535333700112,-48.441259265775884,-73.96464652872237,119.67385326369275,-43.797483891737556,0.416019211945437,86.12481789796323
1559,-389.3588596100309,129.4539132558186,121.22858933700111,-5.386913389969038,-2.0058922558186083,-0.6229843370012134,-50.810060049510994,-78.15893536656498,125.44815498268596,-47.753522783603,-1.9530109840908543,88.50051153586111
1560,-389.3588596100309,129.4539132558186,65.6730343370011,-5.263288389969091,-2.315011255818604,-0.33263133700120306,-50.81005970573632,-70.7818758889405,127.82740090161788,-57.51170730984008,-1.953094464041605,88.50239078013337
1561,-420.2163246100309,142.0605752558186,65.6730343370011,-5.361652389969095,-2.2592252558186203,-0.32979033700109994,-48.44117767658585,-67.2233579801258,121.82157238071134,-52.40809222413536,0.41605261538489313,85.84641461133707
1562,-451.07379061003087,154.6672372558186,65.6730343370011,-5.34713638996908,-2.31642725581861,-0.6109903370010983,-46.43303898527869,-64.38406809007351,116.84901308275478,-52.112280760819736,2.4239630403064747,87.68417232744416
1563,-481.9312566100309,167.2738992558186,65.6730343370011,-5.406751389969088,-2.272671255818608,-0.8347273370010981,-44.70891249363734,-61.270619728516095,111.27554951484362,-49.7853866258825,4.148144306713036,87.81751112282278
1564,-512.788721610031,179.8805612558186,65.6730343370011,-5.43392538996909,-2.2167172558186223,-1.0007903370010922,-43.2131858294466,-58.10835570658819,105.49358225080513,-47.223748301829175,5.643863178677764,87.875783680785
1565,-543.646187610031,192.4872232558186,65.6730343370011,-5.565894389969003,-2.1300232558185996,-1.1178723370011028,-41.90345530302131,-54.8756226314089,99.47736044738227,-44.47345961302445,6.953513662899079,87.90918689105801
1566,-574.5036536100309,205.0938852558186,65.6730343370011,-5.638212389969112,-2.0534382558186053,-1.3027063370010978,-40.74692045568893,-51.54112262612342,93.17864730346498,-41.52647164836235,8.110074121444901,87.92656664904084
1567,-605.3611186100311,217.7005472558186,65.6730343370011,-5.730892389968858,-2.050826255818606,-1.6616333370011063,-39.71826892879305,-48.06854798550788,86.53399988994781,-38.36546532609055,9.138771542260166,87.93776172869568
1568,-636.218584610031,230.3072092558186,65.6730343370011,-5.861236389969008,-1.900883255818627,-1.7420973370011055,-38.79764280729537,-44.41021716185149,79.4539786928699,-34.952843957833466,10.059396345954925,87.94695919099779
1569,-667.076049610031,242.9138712558186,65.6730343370011,-5.954755389969023,-1.7696282558187022,-1.9512943370011016,-37.96882795855146,-40.49739057500747,71.80405012796243,-31.2225883670556,10.888210277966362,87.95392143034954
1570,-667.076049610031,242.9138712558186,10.1174783370011,-5.780976389969055,-1.9786022558186005,-1.7585953370011005,-37.96882795855146,-36.10470518843096,72.69426645718777,-36.50549014015323,10.888210277966362,87.95392143034954
1571,-636.218584610031,230.3072092558186,10.1174783370011,-5.691786389969025,-2.066601255818597,-1.4806723370010992,-38.79772680290813,-39.74529477503158,80.31521516059219,-40.47838613790078,10.05928742667807,87.9463324324657
1572,-605.3611186100311,217.7005472558186,10.1174783370011,-5.5199593899689035,-2.1789812558185986,-1.3510653370010992,-39.71834920018015,-43.11000615730496,87.38290894152475,-44.172114179548785,9.138667378533011,87.93694898806329
1573,-574.5036536100309,205.0938852558186,10.1174783370011,-5.479467389969045,-2.1789472558186276,-1.103123337001099,-40.74688229669977,-46.25980021118807,94.02705765257704,-47.653552477255005,8.110135084154303,87.9238880713486
1574,-543.646187610031,192.4872232558186,10.1174783370011,-5.430278389968976,-2.282381255818592,-0.8402593370010987,-41.9034024763126,-49.235482761667015,100.33639847604465,-50.967951003143455,6.953614388879463,87.9044655469388
1575,-512.788721610031,179.8805612558186,10.1174783370011,-5.352817389969005,-2.3253672558186054,-0.6431393370010987,-43.21327526815843,-52.065185062454475,106.37449580808561,-54.14460995942044,5.643739763568693,87.87254469307335
1576,-481.9312566100309,167.2738992558186,10.1174783370011,-5.314937389969089,-2.429379255818617,-0.4696453370010989,-44.70901144344856,-54.76743782915211,112.18646096503753,-57.19249080707226,4.1480016402220485,87.8105022447065
1577,-451.07379061003087,154.6672372558186,10.1174783370011,-5.26329138996914,-2.4941682558186073,-0.28237533700109907,-46.432959745215626,-57.347590310326844,117.79157483614327,-60.048216736323,2.4240674332167473,87.64102625634385
1578,-420.2163246100309,142.0605752558186,10.1174783370011,-5.265125389969114,-2.4675422558186995,-0.08321933700109874,-48.441293929722484,-59.65389457664247,122.88051303496792,-61.250145196298654,0.4160054609583539,86.06006438519715
1579,-389.3588596100309,129.4539132558186,10.1174783370011,-5.218607389969122,-2.5717202558186045,0.11259266299890136,-50.810059934919444,-62.35593219768805,128.90811137377932,-67.01582189512285,-1.952994311019016,88.49985091552333
1580,-389.3588596100309,129.4539132558186,-45.4380766629988,-5.247253389969103,-2.7461282558186184,0.5094016629988047,-50.81005970573632,-53.26497845250235,128.63546871941696,-75.83660340807147,-1.9530954380698566,88.50232162412749
1581,-420.2163246100309,142.0605752558186,-45.4380766629988,-5.243995389969143,-2.713514255818609,0.23184866299880014,-48.44117744740274,-51.42052200033348,122.56962166625912,-68.9582552761747,0.4160287803406157,85.84569234074053
1582,-451.07379061003087,154.6672372558186,-45.4380766629988,-5.2171813899691415,-2.7549232558186247,-0.07173333700119144,-46.43284687252998,-49.734105127049126,117.55634598202826,-67.44678768518254,2.424231069963037,87.66136196088753
1583,-481.9312566100309,167.2738992558186,-45.4380766629988,-5.219575389969066,-2.688493255818628,-0.358413337001096,-44.70891249363734,-47.70620426195121,111.95842977863231,-64.03267983522177,4.148144077529918,87.8175085445127
1584,-512.788721610031,179.8805612558186,-45.4380766629988,-5.24181538996902,-2.6197112558186006,-0.573232337001194,-43.2131858294466,-45.48254119346984,106.15345081066799,-60.50943120292303,5.643863178677764,87.87578350889767
1585,-543.646187610031,192.4872232558186,-45.4380766629988,-5.362720389969013,-2.5104762558186167,-0.7079393370011928,-41.90331899636185,-43.069637957482776,100.12042077466295,-56.91961226598565,6.953725771874837,87.90627351526133
1586,-574.5036536100309,205.0938852558186,-45.4380766629988,-5.381465389969094,-2.4437422558185915,-0.9823333370010943,-40.7468019680169,-40.45959782047441,93.81384051914806,-53.24167746218574,8.11024027920549,87.9250397165168
1587,-605.3611186100311,217.7005472558186,-45.4380766629988,-5.460146389968941,-2.4270302558186074,-1.1915883370011997,-39.71826892879305,-37.632667489499795,87.16983160979777,-49.43717754194859,9.138771542260166,87.93776172869568
1588,-636.218584610031,230.3072092558186,-45.4380766629988,-5.513730389968941,-2.313334255818603,-1.5068413370011982,-38.79764280729537,-34.55449373296583,80.09909444894481,-45.45368314279405,10.059396345954925,87.94695919099779
1589,-667.076049610031,242.9138712558186,-45.4380766629988,-5.612667389969033,-2.128462255818704,-1.686459337001196,-37.96882795855146,-31.1690737652157,72.471077910067,-41.217932958951934,10.888210277966362,87.95392143034954
1590,-667.076049610031,242.9138712558186,-100.99363266299879,-5.507605389969058,-2.3103202558185956,-1.417422337001213,-37.96882795855146,-25.75623845680325,71.13023789530993,-45.28992830990311,10.888210277966362,87.95392143034954
1591,-636.218584610031,230.3072092558186,-100.99363266299879,-5.4191243899689425,-2.3991272558185983,-1.2084533370012025,-38.797724797555844,-28.91600054392715,78.80350457819912,-49.795929679566484,10.05928633805826,87.94629169516647
1592,-605.3611186100311,217.7005472558186,-100.99363266299879,-5.353097389968866,-2.455719255818593,-0.9302203370012023,-39.718345132179806,-31.72932238242227,85.893649423855,-54.063478161601665,9.138667951490806,87.93688791076232
1593,-574.5036536100309,205.0938852558186,-100.99363266299879,-5.247761389969014,-2.540452255818593,-0.7486873370012006,-40.74687570768513,-34.25089846611602,92.53790699688837,-58.173201408263495,8.110137204098146,87.92378493894547
1594,-543.646187610031,192.4872232558186,-100.99363266299879,-5.241338389968973,-2.6379672558186087,-0.46703233700121416,-41.903392392255405,-36.511036085131195,98.82863528638114,-62.18443991354854,6.953618342288249,87.90426953807709
1595,-512.788721610031,179.8805612558186,-100.99363266299879,-5.2102063899690165,-2.69304825581861,-0.22300433700119981,-43.21325985559373,-38.523251772221165,104.83084076596595,-66.14246015076533,5.643745836921321,87.87211463095232
1596,-481.9312566100309,167.2738992558186,-100.99363266299879,-5.229325389969006,-2.776323255818596,0.0319576629987921,-44.708987608404286,-40.287046080075925,110.58955883507251,-70.07481892614113,4.148010177293195,87.80933770798791
1597,-451.07379061003087,154.6672372558186,-100.99363266299879,-5.179191389969105,-2.879134255818599,0.28457866299889645,-46.43292296132518,-41.78598583428598,116.12252133424879,-73.93618215734762,2.4240793507388863,87.63643646333439
1598,-420.2163246100309,142.0605752558186,-100.99363266299879,-5.227171389969101,-2.8420842558186052,0.5197136629987966,-48.44117830683943,-42.9082906359512,121.06936720309236,-75.97407511991372,0.4161500755058449,85.84953534055981
1599,-389.3588596100309,129.4539132558186,-100.99363266299879,-5.284738389969107,-2.897263255818615,0.8206906629987856,-50.81005924737009,-43.94017238430446,127.02216544338322,-83.54458365571112,-1.9529748877497608,88.49879856394101
1600,-361.5360316100309,184.8537182558186,-100.99363266299879,-5.5895463899691435,-2.8056532558185836,0.7201986629987971,-59.47701935401771,-43.62901928847486,124.92295608456826,-81.3801028875791,-10.620004150403261,88.12116918584694
1601,-390.074927610031,202.0770312558186,-100.99363266299879,-5.5265413899689975,-2.8478012558186094,0.47729666299879625,-57.20202797605111,-42.61059259450355,119.6234705637526,-77.12229772473745,-8.345016210183429,88.14474032576393
1602,-418.613824610031,219.3003432558186,-100.99363266299879,-5.4952463899689405,-2.8484222558186048,0.17757066299878943,-55.26250126718977,-41.28297667484123,114.1742869274086,-73.03365416831629,-6.405494084984443,88.17793440644174
1603,-447.1527216100309,236.5236562558187,-100.99363266299879,-5.527674389969093,-2.789274255818725,-0.07123733700120738,-53.58973866571273,-39.68406071281788,108.55204688944018,-69.0604584563461,-4.7327384735925095,88.22829516209833
1604,-475.69161761003096,253.74696825581862,-100.99363266299879,-5.620587389969046,-2.7284602558186464,-0.2628103370012127,-52.132513218368736,-37.8370366648817,102.7303085048978,-65.17120690553209,-3.275524886474872,88.3139601446964
1605,-504.230514610031,270.9702802558186,-100.99363266299879,-5.618608389969097,-2.7563542558185645,-0.557501337001213,-50.851984288113194,-35.7554200897578,96.68037226052762,-61.356815327328235,-1.9948735724342925,88.46805135682311
1606,-532.7694116100309,288.1935932558186,-100.99363266299879,-5.674719389969027,-2.7352822558186745,-0.8426703370012092,-49.71775210943518,-33.47628021087555,90.46066564207963,-57.98059918171175,-0.860747390948376,89.03256673343424
1607,-561.3083076100311,305.4169052558186,-100.99363266299879,-5.62998338996897,-2.5807292558185964,-0.9026183370012006,-48.7061778188063,-29.896590422910947,81.31291098102851,-45.587779273786275,0.15136513623325115,82.20795843308662
1608,-589.847204610031,322.6402172558186,-100.99363266299879,-5.853424389969064,-2.566036255818574,-1.2794973370011178,-47.79875402000713,-27.667490328728466,75.74233162536228,-47.215091883573,1.0583916460972727,87.1768764123678
1609,-618.386101610031,339.8635302558186,-100.99363266299879,-5.941710389968989,-2.461182255818585,-1.5285673370012063,-46.97999692969473,-24.409626751696944,67.93316324958106,-43.03865623873933,1.8770958524051848,87.55185901192725
1610,-618.386101610031,339.8635302558186,-45.4380766629988,-6.061607389969026,-2.3067022558186068,-1.6799443370010962,-46.97999692969473,-29.74537941232459,69.30116931334912,-39.07096688036347,1.8770969410249958,87.551916250411
1611,-589.847204610031,322.6402172558186,-45.4380766629988,-5.906617389969028,-2.3182482558186166,-1.4147603370011979,-47.79884300035271,-33.19964467093471,77.02389182235328,-42.8826904805943,1.0578042497657045,87.09505540361727
1612,-561.3083076100311,305.4169052558186,-45.4380766629988,-5.715291389968911,-2.380664255818658,-1.2405203370012003,-48.706206638583396,-35.7047324043833,82.80164692986509,-41.84420327370831,0.15152642385258047,82.78378984074314
1613,-532.7694116100309,288.1935932558186,-45.4380766629988,-5.74778438996907,-2.5285672558185865,-0.9671933370011985,-49.71767309855523,-39.58867865249329,91.75268833488862,-53.22114042027285,-0.86079282650153,89.09349053900186
1614,-504.230514610031,270.9702802558186,-45.4380766629988,-5.683456389969024,-2.5158482558185824,-0.6705063370011999,-50.85187026951197,-42.18890396517529,97.97110522533976,-56.23836561946244,-1.9949053142961428,88.49236699809911
1615,-475.69161761003096,253.74696825581862,-45.4380766629988,-5.610000389969002,-2.558193255818651,-0.5173273370011984,-52.132513275664515,-44.64763368341985,104.03965635281173,-59.66994914054094,-3.275524313517077,88.31395155032948
1616,-447.1527216100309,236.5236562558187,-45.4380766629988,-5.5634873899691115,-2.526103255818697,-0.30320333700120017,-53.58973866571273,-46.93063489677082,109.90106364218732,-63.16290010840784,-4.732738301705171,88.22829424536586
1617,-418.613824610031,219.3003432558186,-45.4380766629988,-5.528426389968956,-2.5591962558186196,-0.04252633700119901,-55.26250126718977,-49.03265828050078,115.57832842685626,-66.6880140621044,-6.405494027688664,88.17793440644174
1618,-390.074927610031,202.0770312558186,-45.4380766629988,-5.516279389968986,-2.6078252558185966,0.18794466299880241,-57.20202797605111,-50.94419731887292,121.09970491727408,-70.26492741118537,-8.34501615288765,88.1447404403555
1619,-361.5360316100309,184.8537182558186,-45.4380766629988,-5.5197173899691165,-2.6555002558185947,0.43841566299879986,-59.477019296721934,-52.64570951011513,126.49162846937561,-73.93208803012674,-10.62000426499482,88.12117222252326
1620,-361.5360316100309,184.8537182558186,10.1174783370011,-5.502213389969086,-2.4725852558185863,0.01574366299890073,-59.477019296721934,-61.40112238280882,126.75697238627313,-65.44201907433056,-10.62000426499482,88.12117222252326
1621,-390.074927610031,202.0770312558186,10.1174783370011,-5.575283389968945,-2.4220222558186038,-0.18903933700119957,-57.20202797605111,-58.96845519686184,121.3487348349835,-62.48969939361009,-8.345016210183429,88.14474032576393
1622,-418.613824610031,219.3003432558186,10.1174783370011,-5.575186389969019,-2.4394632558185947,-0.3654873370010989,-55.2627416802806,-56.44072646318085,115.81430716813351,-59.51343918708209,-6.4057205179050785,88.17543419051111
1623,-447.1527216100309,236.5236562558187,10.1174783370011,-5.651420389969132,-2.3732162558187326,-0.5424783370011994,-53.589928257447134,-53.81250752124857,110.12675309278805,-56.50224431139048,-4.732899761211839,88.2238070690975
1624,-475.69161761003096,253.74696825581862,10.1174783370011,-5.731410389969028,-2.393218255818624,-0.7967523370010987,-52.13266677105783,-51.075188362390215,104.25700055853484,-53.450721514809686,-3.2756204558351003,88.30492024578794
1625,-504.230514610031,270.9702802558186,10.1174783370011,-5.803067389969044,-2.3738192558186597,-1.0365563370011,-50.851995231607084,-48.22083598486174,98.18036900727813,-50.39466736691454,-1.9949239927202642,88.47132472200246
1626,-532.7694116100309,288.1935932558186,10.1174783370011,-5.8750003899690455,-2.3820422558185896,-1.2411583370010995,-49.71776523016869,-45.27624006169854,91.94964039972523,-47.676504880049045,-0.8607932275719865,89.03945861356874
1627,-561.3083076100311,305.4169052558186,10.1174783370011,-5.8513323899688885,-2.3485332558186656,-0.8865783370010991,-48.70696443256323,-41.533494735831944,83.98187060264559,-39.89345977009169,0.14883461083527635,85.48159485066874
1628,-589.847204610031,322.6402172558186,10.1174783370011,-6.076249389969007,-2.118460255818661,-1.566884337001099,-47.79882884829518,-38.30404917788957,77.29352656288276,-38.18177895308462,1.058074112887211,87.22893472737981
1629,-618.386101610031,339.8635302558186,10.1174783370011,-6.216617389968974,-2.1160982558185992,-1.9323043370010993,-46.97999692969473,-34.589190624644466,69.52870340157129,-34.45464145592363,1.8770960242925236,87.55186789277309
1630,-618.386101610031,339.8635302558186,65.6730343370011,-6.394937389968959,-1.8896632558186184,-1.9471163370010913,-46.97999692969473,-38.8796741488525,68.62108319283995,-29.256581439664025,1.8770969410249958,87.55191172404442
1631,-589.847204610031,322.6402172558186,65.6730343370011,-6.2027323899690145,-1.893741255818668,-1.6828373370010965,-47.79884231280336,-42.83131427183739,76.3718076962782,-32.60272623917775,1.0578441276282455,87.09884540484049
1632,-561.3083076100311,305.4169052558186,65.6730343370011,-6.0229213899689285,-1.9808922558186168,-1.5984593370011027,-48.70621878528865,-45.78201282577232,82.18237523728045,-31.16814041696743,0.15150092723069714,82.80427932715904
1633,-532.7694116100309,288.1935932558186,65.6730343370011,-6.00414138996905,-2.111807255818576,-1.356679337001097,-49.71766777004774,-50.457882659888014,91.11722628740809,-41.71227252211122,-0.8607442969762824,89.08928852382816
1634,-504.230514610031,270.9702802558186,65.6730343370011,-5.892859389968976,-2.0964482558185864,-1.0192023370011043,-50.85192922686908,-53.74829029697875,97.34943599086141,-44.11954329649325,-1.9940188912912962,88.55463840040089
1635,-475.69161761003096,253.74696825581862,65.6730343370011,-5.788794389969041,-2.1341272558186404,-0.9418033370011045,-52.132513275664515,-56.96982766224963,103.38619460701405,-46.694296337998225,-3.2755244281086364,88.31395447241422
1636,-447.1527216100309,236.5236562558187,65.6730343370011,-5.711342389969104,-2.0960482558188005,-0.8000213370010982,-53.58983291727003,-60.1463163354699,109.23141148419793,-49.29188959716095,-4.732536162195049,88.24266545926223
1637,-418.613824610031,219.3003432558186,65.6730343370011,-5.618288389969052,-2.166511255818591,-0.6469043370011036,-55.262610301058174,-63.27518889275959,114.87862658056878,-51.752800966802035,-6.405487266786682,88.18499697070341
1638,-390.074927610031,202.0770312558186,65.6730343370011,-5.589294389968984,-2.1521212558185994,-0.43403533700109165,-57.202157178033914,-66.38744733556808,120.36240523669542,-54.08812692053975,-8.34509837233125,88.14852883729691
1639,-361.5360316100309,184.8537182558186,65.6730343370011,-5.538035389969139,-2.2046602558185953,-0.2945173370010963,-59.477019296721934,-69.51105217618512,125.70589420265605,-56.28101109733715,-10.62000426499482,88.12117222252326
1640,-361.5360316100309,184.8537182558186,121.22858933700111,-5.637420389969122,-1.9147472558185825,-0.6232893370011112,-59.477019296721934,-76.62970058352894,123.38850784396277,-46.84497633130005,-10.62000426499482,88.12117222252326
1641,-390.074927610031,202.0770312558186,121.22858933700111,-5.6888303899689845,-1.9878352558186236,-0.8672603370011132,-57.20202797605111,-72.92934324830392,118.17309923862442,-45.35317580310467,-8.345016210183429,88.14474038305973
1642,-418.613824610031,219.3003432558186,121.22858933700111,-5.751189389968999,-1.962044255818597,-0.9122503370011117,-55.26250126718977,-69.31697945345218,112.78987931650134,-43.61524377879808,-6.405494084984443,88.17793446373751
1643,-447.1527216100309,236.5236562558187,121.22858933700111,-5.859584389969086,-1.9053122558187,-0.9790363370011193,-53.58991393350227,-65.74781747849421,107.21719153344482,-41.65843460018753,-4.732897011014423,88.22487225493444
1644,-475.69161761003096,253.74696825581862,121.22858933700111,-6.0080013899689675,-1.8759482558186278,-1.1733833370011126,-52.1326587496487,-62.18433798435679,101.43007716034954,-39.516466890812225,-3.2756328890192545,88.30674139213977
1645,-504.230514610031,270.9702802558186,121.22858933700111,-6.112382389969014,-1.8517862558185811,-1.4035873370011132,-50.85199156467719,-58.597190577730764,95.40522059647517,-37.246782935493485,-1.9949527552015798,88.47494529960568
1646,-532.7694116100309,288.1935932558186,121.22858933700111,-6.188707389969068,-1.8869532558185824,-1.575561337001119,-49.717766146901155,-55.00447333378671,89.19611948411084,-35.20449246455397,-0.8608218754617432,89.04920153169184
1647,-561.3083076100311,305.4169052558186,121.22858933700111,-6.185473389968934,-1.8867152558186149,-1.3526293370011047,-48.7069256433205,-50.519580875211545,81.16357365702379,-28.018680053704202,0.14894100909783214,85.41119799009952
1648,-589.847204610031,322.6402172558186,121.22858933700111,-6.435806389969002,-1.719805255818585,-1.9587803370012153,-47.79882770237958,-46.79447766470217,74.44693633108382,-26.835432882638795,1.0581508319359791,87.21960588585527
1649,-618.386101610031,339.8635302558186,121.22858933700111,-6.605760389968964,-1.6543272558186004,-2.051358337001119,-46.97999692969473,-42.54287677534511,66.5564888500347,-23.52874573841923,1.8770961388840828,87.55187299209746
1650,-618.386101610031,339.8635302558186,176.7841453370011,-6.850380389969018,-1.3926672558185942,-2.176774337001092,-46.97999692969473,-45.49311879650887,63.277545525466735,-17.299585316351585,1.877096826433437,87.55189791576154
1651,-589.847204610031,322.6402172558186,176.7841453370011,-6.590879389969018,-1.4333242558186043,-2.0471613370010857,-47.7988497612547,-50.014342107802825,71.28873463721918,-20.332638016265424,1.0578122138790569,87.09485750399483
1652,-561.3083076100311,305.4169052558186,176.7841453370011,-6.4495943899688655,-1.444545255818639,-1.7268513370010794,-48.70620732613275,-53.43023964873247,77.24715473939585,-18.61315420163802,0.1515104383300963,82.83274048997015
1653,-532.7694116100309,288.1935932558186,176.7841453370011,-6.344912389969068,-1.6030882558185908,-1.7247123370011082,-49.71766880137177,-58.848838225014575,86.23654323561924,-28.439763410417687,-0.8607436667227077,89.0884180863458
1654,-504.230514610031,270.9702802558186,176.7841453370011,-6.207906389969025,-1.5923312558185785,-1.4290733370010855,-50.85192544534764,-62.73201281356609,92.44958377659978,-30.231602340766493,-1.9941581200355127,88.55026936802989
1655,-475.69161761003096,253.74696825581862,176.7841453370011,-6.120536389969004,-1.5982042558185867,-1.259847337001105,-52.132513275664515,-66.60482414258973,98.41703300607837,-32.09013991830005,-3.2755245427001953,88.31395613399184
1656,-447.1527216100309,236.5236562558187,176.7841453370011,-6.006404389969134,-1.5615632558186974,-1.2694223370010889,-53.589812577268304,-70.49382267524142,104.13678891379202,-33.847777909237685,-4.7325933433830025,88.24067603520598
1657,-418.613824610031,219.3003432558186,176.7841453370011,-5.912341389969015,-1.5855042558186199,-1.1641133370010834,-55.26257621006937,-74.41176124882936,109.6063672693326,-35.342720423390006,-6.4054908764207905,88.1837404169629
1658,-390.074927610031,202.0770312558186,176.7841453370011,-5.819742389969008,-1.6288422558186255,-1.0781563370011895,-57.20202797605111,-78.40561707404684,114.8542467680197,-36.55804950675708,-8.345016210183429,88.1447404403555
1659,-361.5360316100309,184.8537182558186,176.7841453370011,-5.747824389969139,-1.6507582558186016,-0.965385337001095,-59.477019296721934,-82.52662621417403,119.89999643957144,-37.45953929626363,-10.62000426499482,88.12117222252326
1660,-361.5360316100309,184.8537182558186,232.3397003370011,-5.923017389969118,-1.324110255818681,-1.1750943370010987,-59.477019296721934,-87.1080322674234,115.35008312612301,-28.328219929565837,-10.62000426499482,88.12117222252326
1661,-390.074927610031,202.0770312558186,232.3397003370011,-6.037272389968905,-1.3578532558186112,-1.2850013370010913,-57.20202797605111,-82.72067258084842,110.48558246511674,-27.87432963975674,-8.345016210183429,88.14474038305973
1662,-418.613824610031,219.3003432558186,232.3397003370011,-6.114746389969014,-1.3590602558186902,-1.3485173370011125,-55.26250126718977,-78.46212263016888,105.37809790894259,-27.058319251818418,-6.405494084984443,88.17793446373751
1663,-447.1527216100309,236.5236562558187,232.3397003370011,-6.240279389969146,-1.323036255818721,-1.4158493370010774,-53.58973866571273,-74.28463400349932,100.01118144358422,-25.919019834400263,-4.7327384735925095,88.22829527668988
1664,-475.69161761003096,253.74696825581862,232.3397003370011,-6.324668389968963,-1.318081255818612,-1.494490337001082,-52.132513218368736,-70.14515677205745,94.36085197782216,-24.493630271280693,-3.275524886474872,88.3139601446964
1665,-504.230514610031,270.9702802558186,232.3397003370011,-6.453023389969019,-1.3811302558185616,-1.746208337001093,-50.85187026951197,-66.00831915717774,88.40245983598588,-22.850341077151423,-1.9949066320990716,88.49240303714441
1666,-532.7694116100309,288.1935932558186,232.3397003370011,-6.598742389969061,-1.3727892558185886,-1.914263337001188,-49.71767309855523,-61.89267135502692,82.18671424666299,-21.351171738752864,-0.8607926546141914,89.0934887628327
1667,-561.3083076100311,305.4169052558186,232.3397003370011,-6.713483389968928,-1.2223652558186018,-1.821143337001189,-48.70621047740062,-55.965972602811426,72.8192783423382,-10.907958872657371,0.15136244333161403,82.09115302243585
1668,-589.847204610031,322.6402172558186,232.3397003370011,-6.914370389969008,-1.253005255818607,-2.129182337001083,-47.79875402000713,-52.493881481279196,67.00888916309756,-13.65527259270243,1.0583915315057137,87.17689073631267
1669,-618.386101610031,339.8635302558186,232.3397003370011,-7.1431943899690395,-1.0810202558186006,-2.382846337001098,-46.97999692969473,-47.6253234196467,58.667221490156216,-10.557027723534576,1.8770960242925236,87.55186892409712
1670,-618.386101610031,339.8635302558186,287.89525633700106,-7.402644389968941,-0.8380822558186196,-2.2682653370010826,-46.97999692969473,-48.79034629293927,52.49284734975476,-3.2176057288806876,1.8770962534756417,87.55184400043302
1671,-589.847204610031,322.6402172558186,287.89525633700106,-7.209377389969063,-0.9194492558186198,-2.084033337001074,-47.79875407730291,-54.06721126811584,61.351271674181454,-6.424371268164839,1.0583900991112258,87.17693663023206
1672,-561.3083076100311,305.4169052558186,287.89525633700106,-6.977401389968918,-0.9558612558186041,-2.026062337001065,-48.706179365792345,-57.96974180338136,67.69523238380002,-4.547037924753572,0.15155077455887353,82.85804843685153
1673,-532.7694116100309,288.1935932558186,287.89525633700106,-6.837768389969028,-1.023005255818589,-1.871305337001047,-49.71766931703378,-64.06938248025382,77.00726968646296,-13.989358954535719,-0.8607451564129751,89.08783143485935
1674,-504.230514610031,270.9702802558186,287.89525633700106,-6.662336389969084,-1.0876272558186315,-1.836677337001106,-50.85187026951197,-68.40875019058461,83.29648038264378,-15.34391019310493,-1.9949057153665997,88.49238263984691
1675,-475.69161761003096,253.74696825581862,287.89525633700106,-6.557940389968962,-1.0448772558185908,-1.7608343370010857,-52.132513275664515,-72.75298151045517,89.26569059790569,-16.79064060062818,-3.275524599995975,88.31395659235808
1676,-447.1527216100309,236.5236562558187,287.89525633700106,-6.44705138996909,-0.9854582558187133,-1.612219337001136,-53.58973866571273,-77.08487704899655,94.87525818454453,-17.982853243384458,-4.73273841629673,88.22829504750678
1677,-418.613824610031,219.3003432558186,287.89525633700106,-6.32869038996904,-1.0049292558186096,-1.4613103370010663,-55.26250126718977,-81.44035936920274,100.15628552621538,-18.85827013005735,-6.405494084984443,88.17793446373751
1678,-390.074927610031,202.0770312558186,287.89525633700106,-6.240342389968987,-0.9962812558186158,-1.4863183370010802,-57.20202797605111,-85.86047132869969,105.13640225208131,-19.38535067887003,-8.345016210183429,88.14474038305973
1679,-361.5360316100309,184.8537182558186,287.89525633700106,-6.156695389969116,-0.991326255818592,-1.3405503370010479,-59.477019296721934,-90.38780168254037,109.83387488690461,-19.53224221793468,-10.62000426499482,88.12117222252326
1680,-361.5360316100309,184.8537182558186,343.45081133700114,-6.3937603899690885,-0.7062772558186055,-1.4310613370011538,-59.477019296721934,-92.43844633649914,103.41050062259909,-11.058223299670397,-10.62000426499482,88.12117222252326
1681,-390.074927610031,202.0770312558186,343.45081133700114,-6.521181389968945,-0.715500255818597,-1.5922033370011377,-57.20202797605111,-87.85911817198959,98.84430310376788,-11.094604687266717,-8.345016210183429,88.14474038305973
1682,-418.613824610031,219.3003432558186,343.45081133700114,-6.619123389969047,-0.7273552558185941,-1.6305683370011366,-55.26250126718977,-83.35041576468842,93.95459356028302,-10.746521768639294,-6.405494084984443,88.17793446373751
1683,-447.1527216100309,236.5236562558187,343.45081133700114,-6.724149389969114,-0.7450712558188002,-1.7419053370011852,-53.58973866571273,-78.87448287633883,88.71754777676932,-10.035537294745867,-4.7327384735925095,88.22829527668988
1684,-475.69161761003096,253.74696825581862,343.45081133700114,-6.887226389969044,-0.7672652558186144,-1.8756163370011336,-52.132513218368736,-74.39166206126352,83.09731509643613,-8.983588215280163,-3.2755249437706517,88.31396020199217
1685,-504.230514610031,270.9702802558186,343.45081133700114,-7.013711389969103,-0.7633582558185594,-1.9077033370011804,-50.85187026951197,-69.8639732650262,77.05012246046793,-7.642349593785033,-1.9949066320990716,88.4924030944402
1686,-532.7694116100309,288.1935932558186,343.45081133700114,-7.164235389969008,-0.7661642558185804,-1.9370383370011268,-49.71767309855523,-65.30610030729625,70.60028545284494,-6.35131433644018,-0.8607927119099709,89.09348910660738
1687,-561.3083076100311,305.4169052558186,343.45081133700114,-7.342515389968867,-0.6265562558186275,-2.0300553370011585,-48.7062219938523,-58.6223878864619,60.557024687020714,4.04496343136002,0.15128681290265678,82.05689960009065
1688,-589.847204610031,322.6402172558186,343.45081133700114,-7.579033389969027,-0.6215572558185727,-2.224264337001159,-47.79875402000713,-54.58983294477525,54.0695264759744,1.380048261522993,1.0583915888014932,87.17688397541069
1689,-618.386101610031,339.8635302558186,343.45081133700114,-7.788117389968988,-0.46855125581862467,-2.300507337001136,-46.97999692969473,-48.72347776376826,44.25613803913427,4.952254934204289,1.8770951648558307,87.55182406150176
1690,-618.386101610031,339.8635302558186,399.00636733700117,-8.20717438996894,-0.10894725581857756,-2.2581823370011875,-46.97999629944116,-46.77697431972294,32.638477946157224,14.623798845309746,1.877087372629817,87.55143668473647
1691,-589.847204610031,322.6402172558186,399.00636733700117,-7.871046389969024,-0.29134325581856046,-2.008420337001155,-47.79875407730291,-53.752671705238114,44.546813107703876,10.065068112464704,1.058382077702094,87.17741631049815
1692,-561.3083076100311,305.4169052558186,399.00636733700117,-7.6842133899689316,-0.340404255818612,-2.090098337001166,-48.7062499541927,-58.26034255932493,51.88482499592817,12.387708207660433,0.15160153861952214,82.02430941692893
1693,-532.7694116100309,288.1935932558186,399.00636733700117,-7.444675389969007,-0.4372652558186019,-1.8986153370011607,-49.71766713979416,-65.48554902715361,62.73650783935623,1.700053612583146,-0.8607401716801575,89.08534708985967
1694,-504.230514610031,270.9702802558186,399.00636733700117,-7.316122389969053,-0.482477255818651,-2.0029863370011753,-50.85187026951197,-70.3004744576404,69.51391071992082,0.33039496664659895,-1.9949054288877022,88.49237140987412
1695,-475.69161761003096,253.74696825581862,399.00636733700117,-7.149800389968959,-0.41668725581862986,-1.8754163370012407,-52.132513275664515,-75.01874626256787,75.7552109144559,-1.014395248333208,-3.2755245427001953,88.31395573292137
1696,-447.1527216100309,236.5236562558187,399.00636733700117,-6.977477389969124,-0.41209925581870266,-1.7629443370011586,-53.58973866571273,-79.63920809851389,81.47371680014791,-2.026980809470495,-4.73273841629673,88.22829499021098
1697,-418.613824610031,219.3003432558186,399.00636733700117,-6.835440389969051,-0.449149255818611,-1.7274003370011997,-55.26250126718977,-84.20701494120004,86.73718292810223,-2.672511959946887,-6.405494084984443,88.17793446373751
1698,-390.074927610031,202.0770312558186,399.00636733700117,-6.7859603899689205,-0.35584325581862686,-1.66822833700121,-57.20202797605111,-88.76384735027825,91.59691789805595,-2.942490360561885,-8.345016210183429,88.14474038305973
1699,-361.5360316100309,184.8537182558186,399.00636733700117,-6.6443073899691285,-0.44355125581859056,-1.4757233370011704,-59.477019296721934,-93.34573606317424,96.08732501811346,-2.8277579685096774,-10.62000426499482,88.12117222252326
1700,-325.4870486100309,235.2890142558187,399.00636733700117,-6.759652389969062,-0.341297255818688,-1.4356753370011575,-67.86597907796072,-91.54110968886637,94.36614564948293,-2.87375261388004,-19.008957800993638,88.08253234989009
1701,-351.0218636100309,256.71526825581856,399.00636733700117,-6.893983389969094,-0.3724232558185463,-1.5732623370011538,-65.70008184356756,-86.97501793804416,89.73593487935699,-2.815660766806403,-16.843061884403404,88.088868804738
1702,-376.5566786100309,278.1415212558186,399.00636733700117,-6.959592389969146,-0.4092522558186147,-1.587604337001153,-63.844198550315724,-82.41691190108315,84.72097034472921,-2.365368078992933,-14.987179335996704,88.09569605523322
1703,-402.09149361003097,299.5677752558186,399.00636733700117,-7.106815389969029,-0.3182392558186393,-1.6965963370012105,-62.23662055504981,-77.82647041799613,79.27701724009695,-1.5191742171113365,-13.379603059604175,88.10324385745159
1704,-427.6263076100309,320.9940282558186,399.00636733700117,-7.26058438996904,-0.26043625581860397,-1.8514683370011653,-60.83091134734785,-73.15311397784032,73.33517584360973,-0.2586068499592571,-11.97389494052203,88.11135865870403
1705,-453.1611226100309,342.4202822558186,399.00636733700117,-7.367504389969042,-0.23677525581859982,-1.8607593370011841,-59.59147878897632,-68.32922639881787,66.78767714848264,1.4562884321658398,-10.734463585361869,88.12024798430393
1706,-478.69593761003097,363.8465362558186,399.00636733700117,-7.549909389969059,-0.13439125581862754,-1.9063473370011934,-58.49059733763728,-63.25594707923837,59.458605636397806,3.702445651796704,-9.633583509121538,88.13003668175485
1707,-504.230752610031,385.27278925581857,399.00636733700117,-7.7470193899690685,-0.012134255818580186,-2.044148337001161,-57.506356915357586,-57.77036097045119,51.035847475894705,6.6289158832236135,-8.64934463382789,88.14087578273157
1708,-529.7655666100311,406.69904325581865,399.00636733700117,-7.955269389968862,0.116395744181375,-2.0539463370011504,-56.62121951321141,-51.55036569586603,40.87341091572547,10.559405670271707,-7.764208893259314,88.15295058178505
1709,-555.3003816100311,428.1252972558186,399.00636733700117,-8.297519389968897,0.31139674418136565,-2.0799733370011495,-55.82098362740129,-43.691599171253536,27.111108660977013,16.44951167076026,-6.963974898209916,88.16649169442783
1710,-555.3003816100311,428.1252972558186,343.45081133700114,-7.885701389968972,-0.09344525581860808,-2.1932513370011293,-55.82098374199284,-46.3622972614126,40.16007141340672,6.071250790011068,-6.963974955505695,88.16648791290639
1711,-529.7655666100311,406.69904325581865,343.45081133700114,-7.599595389968954,-0.2721162558186734,-2.0844173370011276,-56.62121951321141,-52.67912326281157,50.9295678156025,1.6320063946359928,-7.764208893259314,88.15295058178505
1712,-504.230752610031,385.27278925581857,343.45081133700114,-7.3753483899690195,-0.34220525581855554,-2.006284337001148,-57.50635697265337,-58.17552360620716,59.804505299346886,-1.734579304472596,-8.64934463382789,88.14087578273157
1713,-478.69593761003097,363.8465362558186,343.45081133700114,-7.181287389969043,-0.44181725581859155,-1.9014723370012234,-58.49059733763728,-63.21877185861689,67.52510035876193,-4.401224233893123,-9.633583509121538,88.13003668175485
1714,-453.1611226100309,342.4202822558186,343.45081133700114,-7.038218389969131,-0.49858925581861513,-1.7148153370011414,-59.59147878897632,-67.98922092459465,74.43939551895055,-6.53543546982106,-10.734463585361869,88.12024804159971
1715,-427.6263076100309,320.9940282558186,343.45081133700114,-6.929244389969028,-0.5669052558185967,-1.8010563370011141,-60.83091134734785,-72.59502747416947,80.74142150483928,-8.22293901485966,-11.97389494052203,88.11135865870403
1716,-402.09149361003097,299.5677752558186,343.45081133700114,-6.802747389968999,-0.5969452558186958,-1.6803413370011526,-62.23662055504981,-77.11028864394306,86.54993224194857,-9.508270993016003,-13.379603059604175,88.10324385745159
1717,-376.5566786100309,278.1415212558186,343.45081133700114,-6.692405389969053,-0.6511452558186193,-1.5065083370011507,-63.84419849301994,-81.59118391975629,91.94134047580917,-10.411565255802541,-14.98717996625028,88.09579901574901
1718,-351.0218636100309,256.71526825581856,343.45081133700114,-6.630507389969125,-0.6245772558185649,-1.4664183370011301,-65.70008184356756,-86.08393231725205,96.9656058916211,-10.936480883586324,-16.84306234276964,88.08893532513802
1719,-325.4870486100309,235.2890142558187,343.45081133700114,-6.510178389969099,-0.6694292558186987,-1.377575337001133,-67.86597902066494,-90.62914966861159,101.65464498877054,-11.074250991848269,-19.008958603134552,88.08257600927408
1720,-325.4870486100309,235.2890142558187,287.89525633700106,-6.2931193899690925,-0.9745872558187045,-1.375847337001062,-67.86597902066494,-88.59412138042958,108.02187443118184,-19.476508665145804,-19.008958603134552,88.08257600927408
1721,-351.0218636100309,256.71526825581856,287.89525633700106,-6.402025389969083,-1.0325272558185645,-1.3713573370011432,-65.70008184356756,-84.11599859009122,103.21708645755585,-19.155809404899966,-16.84306182710763,88.08884554265151
1722,-376.5566786100309,278.1415212558186,287.89525633700106,-6.50301038996912,-0.9730962558185752,-1.4606753370011347,-63.84419849301994,-79.72478112138585,98.11985343413954,-18.45648106979912,-14.98717996625028,88.09579901574901
1723,-402.09149361003097,299.5677752558186,287.89525633700106,-6.630384389969038,-0.9151662558186899,-1.6165633370010823,-62.23662055504981,-75.3765188715392,92.7047527651967,-17.396861345963764,-13.379603059604175,88.10324385745159
1724,-427.6263076100309,320.9940282558186,287.89525633700106,-6.7284603899690865,-0.9145662558186132,-1.7348543370010816,-60.83091134734785,-71.02533362020495,86.93192773032888,-15.983139151609564,-11.97389494052203,88.11135865870403
1725,-453.1611226100309,342.4202822558186,287.89525633700106,-6.801657389969137,-0.9045402558186311,-1.759944337001059,-59.59147878897632,-66.61984411659753,80.741467570646,-14.20688427221786,-10.734463585361869,88.12024798430393
1726,-478.69593761003097,363.8465362558186,287.89525633700106,-6.963144389969045,-0.8019602558185852,-1.8343213370011426,-58.49059733763728,-62.097625634909214,74.04330687309186,-12.040577029226505,-9.633583509121538,88.13003668175485
1727,-504.230752610031,385.27278925581857,287.89525633700106,-7.150524389969007,-0.647747255818615,-2.038200337001058,-57.50635697265337,-57.37518269723319,66.69759546342503,-9.428010377524723,-8.64934463382789,88.14087578273157
1728,-529.7655666100311,406.69904325581865,287.89525633700106,-7.341759389968843,-0.5748302558186538,-2.123536337001042,-56.62121951321141,-52.32718141613817,58.47252871249737,-6.2628963489322835,-7.764208893259314,88.15295058178505
1729,-555.3003816100311,428.1252972558186,287.89525633700106,-7.546478389968911,-0.44192425581866246,-2.2762023370010525,-55.82098368469707,-46.73482639839752,48.937817607996806,-2.333969476157748,-6.963974955505695,88.16649112147005
1730,-555.3003816100311,428.1252972558186,232.3397003370011,-7.303561389968877,-0.7327772558186325,-2.227426337001077,-55.82098368469707,-45.75724798558494,55.3874560857438,-9.761186252125768,-6.963974955505695,88.16649100687847
1731,-529.7655666100311,406.69904325581865,232.3397003370011,-7.043968389968882,-0.8903802558186271,-2.057106337001187,-56.62121951321141,-50.87912438213607,64.27491733826992,-13.5133420660027,-7.764208893259314,88.15295058178505
1732,-504.230752610031,385.27278925581857,232.3397003370011,-6.831406389968947,-0.9695522558185417,-1.8927323370010924,-57.50635697265337,-55.58384642275805,72.13771106863283,-16.659462257207654,-8.64934463382789,88.14087578273157
1733,-478.69593761003097,363.8465362558186,232.3397003370011,-6.6820823899689685,-1.0682522558186065,-1.8156853370010992,-58.49067932789777,-60.028324157338076,79.27784482033626,-19.345394435702552,-9.633629517632485,88.13102887276867
1734,-453.1611226100309,342.4202822558186,232.3397003370011,-6.558899389969042,-1.1256862558186072,-1.6297313370010897,-59.591554247517934,-64.30968808420835,85.869546349921,-21.64583281740742,-10.734519735225792,88.12097449478816
1735,-427.6263076100309,320.9940282558186,232.3397003370011,-6.463935389969095,-1.1777282558185789,-1.4842323370010888,-60.830982107635556,-68.49859444193193,92.02516683684267,-23.603650516328962,-11.97395498649896,88.11190371345454
1736,-402.09149361003097,299.5677752558186,232.3397003370011,-6.389750389969038,-1.1832412558186434,-1.406210337001113,-62.23668661708359,-72.65077002239573,97.81932670005733,-25.23758840898812,-13.379663048285327,88.10365942374041
1737,-376.5566786100309,278.1415212558186,232.3397003370011,-6.272092389969146,-1.2532992558186606,-1.309702337001113,-63.844257851447516,-76.81501186484186,103.30324704864671,-26.54995322346809,-14.987235886931083,88.09611906997335
1738,-351.0218636100309,256.71526825581856,232.3397003370011,-6.182622389969083,-1.304221255818561,-1.1865473370010875,-65.70008184356756,-81.03739614653495,108.51152112622434,-27.528932231610877,-16.84306234276964,88.08893532513802
1739,-325.4870486100309,235.2890142558187,232.3397003370011,-6.093568389969107,-1.316401255818704,-1.2123213370011001,-67.86597902066494,-85.3662685305661,113.46781902251841,-28.150306049050066,-19.008958603134552,88.08257600927408
1740,-325.4870486100309,235.2890142558187,176.7841453370011,-5.949304389969086,-1.6413932558187128,-0.9423353370011114,-67.86597902066494,-80.88958031195519,117.94174988174025,-37.100925184178585,-19.008958603134552,88.08257600927408
1741,-351.0218636100309,256.71526825581856,176.7841453370011,-6.061192389969108,-1.6465602558185708,-1.069022337001087,-65.70008184356756,-76.82617462967706,112.81985835910332,-36.048491038643526,-16.84306234276964,88.08893532513802
1742,-376.5566786100309,278.1415212558186,176.7841453370011,-6.145294389969081,-1.5756422558185932,-1.153871337001192,-63.84419849301994,-72.86489019460564,107.48390384544446,-34.68042240788425,-14.98717996625028,88.09579901574901
1743,-402.09149361003097,299.5677752558186,176.7841453370011,-6.244720389969018,-1.521310255818662,-1.2012883370011878,-62.23662055504981,-68.95719690853552,101.91046388339447,-33.021894312573664,-13.379603059604175,88.10324385745159
1744,-427.6263076100309,320.9940282558186,176.7841453370011,-6.345404389969133,-1.4840862558186245,-1.3336093370010929,-60.83091134734785,-65.05786101404833,96.06583801217626,-31.08452198231779,-11.97389494052203,88.11135865870403
1745,-453.1611226100309,342.4202822558186,176.7841453370011,-6.433626389969049,-1.43298425581861,-1.5563703370010842,-59.59147878897632,-61.12127610197562,89.9028265415847,-28.866811315074255,-10.734463585361869,88.12024798430393
1746,-478.69593761003097,363.8465362558186,176.7841453370011,-6.52209838996896,-1.3717572558185793,-1.713177337001099,-58.49059733763728,-57.09719749791014,83.35500762034593,-26.35270591347966,-9.633583509121538,88.13003668175485
1747,-504.230752610031,385.27278925581857,176.7841453370011,-6.687562389968946,-1.2478442558185634,-1.7531703370010803,-57.50635697265337,-52.92467097222531,76.32639592087283,-23.50732255998039,-8.64934463382789,88.14087578273157
1748,-529.7655666100311,406.69904325581865,176.7841453370011,-6.852316389968905,-1.1988202558186458,-2.0746903370011864,-56.62121951321141,-48.52165784950422,68.67154908625196,-20.267440346616574,-7.764208893259314,88.15295058178505
1749,-555.3003816100311,428.1252972558186,176.7841453370011,-7.01265038996894,-1.0723512558186599,-2.183963337001103,-55.82098368469707,-43.76400539481026,60.153089269566145,-16.52006219861012,-6.963974955505695,88.16649112147005
1750,-555.3003816100311,428.1252972558186,121.22858933700111,-6.816578389968868,-1.3239922558186095,-2.090022337001116,-55.82098368469707,-40.92917833032004,63.521706848903605,-22.723506842437803,-6.963974955505695,88.16649112147005
1751,-529.7655666100311,406.69904325581865,121.22858933700111,-6.636970389968951,-1.4519292558186407,-1.920148337001109,-56.62121951321141,-45.37337394048174,71.82693686979314,-26.571112039180257,-7.764208893259314,88.15295058178505
1752,-504.230752610031,385.27278925581857,121.22858933700111,-6.454260389969022,-1.5179562558185467,-1.6896713370011156,-57.50644377575932,-49.48955975000219,79.36488702158647,-29.982260275650276,-8.649365031125397,88.14222698909983
1753,-478.69593761003097,363.8465362558186,121.22858933700111,-6.301782389969048,-1.6112732558186167,-1.4934593370011129,-58.49068001544712,-53.38165506224077,86.33727013273572,-33.051499442918534,-9.63362894467469,88.131039701671
1754,-453.1611226100309,342.4202822558186,121.22858933700111,-6.22787638996914,-1.654038255818648,-1.3527913370011078,-59.591560951124144,-57.12108983796709,92.87380740039681,-35.83873170550815,-10.734524032409254,88.12101477372114
1755,-427.6263076100309,320.9940282558186,121.22858933700111,-6.144004389969098,-1.7189662558186,-1.1937623370011181,-60.8309956867353,-60.76090713475565,99.0619711452368,-38.378195302382764,-11.973966273767523,88.11195797255773
1756,-402.09149361003097,299.5677752558186,121.22858933700111,-6.0466403899690135,-1.7880002558187016,-0.9841213370011133,-62.236709420803834,-64.34492922849657,104.96411309824033,-40.688274844906296,-13.379684018540628,88.10372032915403
1757,-376.5566786100309,278.1415212558186,121.22858933700111,-5.9564913899691305,-1.8717922558186615,-0.829620337001117,-63.84429434885907,-67.91295525732991,110.62616396268783,-42.774988395279905,-14.987270951948146,88.09618289747173
1758,-351.0218636100309,256.71526825581856,121.22858933700111,-5.88784238996908,-1.9446942558185185,-0.7838613370011132,-65.70018721050607,-71.50463286935471,116.08262605379069,-44.6330996349181,-16.843164730327633,88.08924781631947
1759,-325.4870486100309,235.2890142558187,121.22858933700111,-5.855076389969099,-1.9053192558187106,-0.6560933370011099,-67.86597902066494,-75.16268798572007,121.35903833501334,-46.245105963686804,-19.008958603134552,88.08257600927408
1760,-325.4870486100309,235.2890142558187,65.6730343370011,-5.8016943899691,-2.1279272558187188,-0.2733383370011069,-67.86597902066494,-68.28051696482262,123.62196224778624,-55.390200840061375,-19.008958603134552,88.08257600927408
1761,-351.0218636100309,256.71526825581856,65.6730343370011,-5.870067389969108,-2.180477255818573,-0.4481963370011073,-65.70008184356756,-65.16578334433916,118.22740091258747,-53.1164248201698,-16.84306234276964,88.08893532513802
1762,-376.5566786100309,278.1415212558186,65.6730343370011,-5.8990733899690895,-2.1087132558186568,-0.6530573370012007,-63.844418623404835,-62.048433140196884,112.67967317643911,-50.69241915180337,-14.987398148578665,88.09556135285558
1763,-402.09149361003097,299.5677752558186,65.6730343370011,-5.990469389969007,-2.0545282558186386,-0.8541273370011027,-62.23679857303675,-58.8989155957457,106.94915906938942,-48.11859390085605,-13.379778098210588,88.10295926931475
1764,-427.6263076100309,320.9940282558186,65.6730343370011,-6.0593493899691,-2.023945255818603,-0.9604223370011908,-60.83106002989569,-55.68894922773906,101.00011857279793,-45.38737869057235,-11.974038982111724,88.1110155715763
1765,-453.1611226100309,342.4202822558186,65.6730343370011,-6.1377663899691015,-1.9407712558186176,-1.1459483370011014,-59.591606558564635,-52.3879704047366,94.78656093740729,-42.48344208708701,-10.734584021090406,88.11983132939531
1766,-478.69593761003097,363.8465362558186,65.6730343370011,-6.210004389969015,-1.906212255818616,-1.4444633370010962,-58.49071021032293,-48.9603056284979,88.24785829035105,-39.38194579702335,-9.633684636172378,88.12952674931718
1767,-504.230752610031,385.27278925581857,65.6730343370011,-6.338183389968947,-1.778792255818587,-1.6438893370010987,-57.50635697265337,-45.36058844457917,81.30042405343299,-36.045433162890916,-8.64934463382789,88.14087578273157
1768,-529.7655666100311,406.69904325581865,65.6730343370011,-6.496266389968923,-1.6932502558186684,-1.7247603370011007,-56.62121951321141,-41.52728971750224,73.82471642686856,-32.414975819235174,-7.764208893259314,88.15295058178505
1769,-555.3003816100311,428.1252972558186,65.6730343370011,-6.64061038996897,-1.5953022558186376,-1.9288393370010937,-55.82098368469707,-37.367709688860415,65.63504672204519,-28.398315299743242,-6.963974955505695,88.16649112147005
1770,-555.3003816100311,428.1252972558186,10.1174783370011,-6.494557389968918,-1.8317472558186978,-1.920678337001199,-55.82098368469707,-33.1682556364947,66.56240463926943,-33.5251272693332,-6.963974955505695,88.16649112147005
1771,-529.7655666100311,406.69904325581865,10.1174783370011,-6.328052389968889,-1.891164255818694,-1.5566263370010986,-56.62121951321141,-37.06657000452897,74.70555647366392,-37.7565355790038,-7.764208893259314,88.15295058178505
1772,-504.230752610031,385.27278925581857,10.1174783370011,-6.160812389969067,-2.0085922558185985,-1.4077953370010992,-57.50644188499861,-40.62375779182228,82.15780846860285,-41.64103719510462,-8.649357067012044,88.14228119090724
1773,-478.69593761003097,363.8465362558186,10.1174783370011,-6.063937389969055,-2.074471255818594,-1.154095337001099,-58.490680130038676,-43.92360101247479,89.09615479274922,-45.26850713681655,-9.633623386984079,88.13110965981778
1774,-453.1611226100309,342.4202822558186,10.1174783370011,-6.008784389969094,-2.0940642558186937,-0.9801933370010989,-59.59156295647643,-47.02121820637808,95.63812788290006,-48.702999106254694,-10.734521396803398,88.12109149276992
1775,-427.6263076100309,320.9940282558186,10.1174783370011,-5.945612389969085,-2.191910255818584,-0.7835553370011006,-60.83100009851032,-49.95382768057981,101.86529366699553,-51.988675085985896,-11.973966961316878,88.11203761369126
1776,-402.09149361003097,299.5677752558186,10.1174783370011,-5.892812389969038,-2.2225982558186956,-0.5308123370011995,-62.23671732762141,-52.74770035212766,107.83775839712534,-55.159227859152836,-13.379688945977668,88.10380140268204
1777,-376.5566786100309,278.1415212558186,10.1174783370011,-5.782658389969129,-2.350793255818587,-0.3410023370011004,-63.84430764147992,-55.421586092979936,113.6017902487113,-58.24206314301221,-14.98728201003359,88.09626500232378
1778,-351.0218636100309,256.71526825581856,10.1174783370011,-5.809635389969117,-2.3618482558185576,-0.13410933700119898,-65.70020967045166,-57.98858323399534,119.19446228399997,-61.26106519891604,-16.84318541410404,88.08933112438288
1779,-325.4870486100309,235.2890142558187,10.1174783370011,-5.782384389969081,-2.3775582558187125,0.041958662998901275,-67.866135438143,-60.45704223396746,124.64672075564731,-64.2387568831994,-19.009111812048967,88.08291732023264
1780,-325.4870486100309,235.2890142558187,-45.4380766629988,-5.8292443899690625,-2.5287792558187903,0.37408866299880117,-67.86597902066494,-52.0043013639325,124.38780725867612,-72.43226150913715,-19.008958603134552,88.08257600927408
1781,-351.0218636100309,256.71526825581856,-45.4380766629988,-5.82913138996912,-2.6128872558185776,0.06925466299880156,-65.70008184356756,-50.21798024633392,118.95043325651801,-68.78726026210558,-16.84306234276964,88.08893532513802
1782,-376.5566786100309,278.1415212558186,-45.4380766629988,-5.8110423899691455,-2.6058202558185712,-0.18734933700119427,-63.84419849301994,-48.229341486034684,113.36926787533316,-65.20133520363969,-14.98717996625028,88.09579895845323
1783,-402.09149361003097,299.5677752558186,-45.4380766629988,-5.8457513899690525,-2.5447722558186,-0.3761393370011916,-62.23679479151531,-46.052007956754935,107.6140549328341,-61.6303283045814,-13.379772655111534,88.10288827984394
1784,-427.6263076100309,320.9940282558186,-45.4380766629988,-5.948108389969036,-2.408555255818669,-0.5541243370011983,-60.831057451585615,-43.68893354240747,101.64759789436933,-58.034805343610365,-11.974034341153585,88.11094572802108
1785,-453.1611226100309,342.4202822558186,-45.4380766629988,-5.994165389969112,-2.319629255818654,-0.7542943370011983,-59.59160466780392,-41.133385702420604,95.42396038437629,-54.375357825211275,-10.734579552019605,88.11976177231898
1786,-478.69593761003097,363.8465362558186,-45.4380766629988,-6.01929738996904,-2.3367582558186086,-1.0317933370011971,-58.49059733763728,-38.36811600073816,88.88268647462284,-50.60946626492855,-9.633583509121538,88.13003668175485
1787,-504.230752610031,385.27278925581857,-45.4380766629988,-6.068208389969072,-2.2717532558185667,-1.3100733370011994,-57.50635697265337,-35.3629321971626,81.94214503457177,-46.68481050603782,-8.64934463382789,88.14087578273157
1788,-529.7655666100311,406.69904325581865,-45.4380766629988,-6.232578389968921,-2.134079255818733,-1.4557503370011986,-56.62121951321141,-32.06846068502257,74.48466319547045,-42.533751620316735,-7.764208893259314,88.15295058178505
1789,-555.3003816100311,428.1252972558186,-45.4380766629988,-6.346853389968942,-2.0128862558186142,-1.710869337001192,-55.82098368469707,-28.403750491979416,66.3300914527823,-38.05731922736135,-6.963974955505695,88.16649112147005
1790,-555.3003816100311,428.1252972558186,-100.99363266299879,-6.284375389968886,-2.120877255818641,-1.4291783370012041,-55.82098368469707,-23.131832090631324,64.9317363302682,-41.9308825634911,-6.963974955505695,88.16649112147005
1791,-529.7655666100311,406.69904325581865,-100.99363266299879,-6.084889389968907,-2.2628372558186243,-1.257558337001214,-56.62121951321141,-26.601678478113794,73.15837344392074,-46.674244018380016,-7.764208893259314,88.15295058178505
1792,-504.230752610031,385.27278925581857,-100.99363266299879,-5.98263838996894,-2.3283612558185496,-1.0189173370011986,-57.50635697265337,-29.66085490221772,80.65354673861694,-51.09828950502787,-8.64934463382789,88.14087578273157
1793,-478.69593761003097,363.8465362558186,-100.99363266299879,-5.902595389969008,-2.430642255818668,-0.8008023370011159,-58.49067531719321,-32.391943718011824,87.60888991305164,-55.312995178237955,-9.633610380842129,88.13120677616405
1794,-453.1611226100309,342.4202822558186,-100.99363266299879,-5.871784389969093,-2.4849132558186398,-0.5513003370012086,-59.591555336137745,-34.8415712568356,94.14603445867981,-59.39063949197866,-10.734507874999434,88.12117995745349
1795,-427.6263076100309,320.9940282558186,-100.99363266299879,-5.856639389969132,-2.543270255818584,-0.291654337001205,-60.8309884101713,-37.035758454250676,100.35025242364358,-63.39178448626579,-11.973950861202834,88.1121208644589
1796,-402.09149361003097,299.5677752558186,-100.99363266299879,-5.829643389969021,-2.5892072558186214,-0.07618133700120211,-62.2366991648593,-38.98480531524436,106.28267382102106,-67.36711641407933,-13.37966746006035,88.1038817886607
1797,-376.5566786100309,278.1415212558186,-100.99363266299879,-5.786505389969136,-2.701270255818656,0.18684266299879937,-63.844279050885945,-40.6860995533413,111.98918695521586,-71.36502305090838,-14.987250726537978,88.0963444142742
1798,-351.0218636100309,256.71526825581856,-100.99363266299879,-5.807445389969075,-2.747046255818532,0.4648146629987906,-65.70008184356756,-42.12414489471862,117.50473600649094,-75.4353984209896,-16.84306234276964,88.08893532513802
1799,-325.4870486100309,235.2890142558187,-100.99363266299879,-5.860333389969014,-2.6880192558186877,0.697136662998787,-67.86597902066494,-43.26912358439367,122.85811622934781,-79.63774825934767,-19.008958603134552,88.08257600927408
1800,-282.0778186100309,279.5483292558186,399.00636733700117,-6.831955389969153,-0.3463132558185862,-1.269313337001165,-76.01446406080808,-89.76472881605551,92.61171662326849,-2.881796597549,-27.15744066389715,88.0674519288349
1801,-303.9951976100309,304.6628582558186,399.00636733700117,-6.980659389969105,-0.3728122558186442,-1.4067623370011688,-73.96732304376656,-85.20734986253653,87.83756126520137,-2.6676128270238415,-25.110300620883873,88.07034146958732
1802,-325.91257661003095,329.7773882558186,399.00636733700117,-7.0590323899690475,-0.3093892558185871,-1.4582153370011497,-72.20530267054129,-80.6428055561274,82.66353253126405,-2.060769505748068,-23.348280591433298,88.07323759935436
1803,-347.829955610031,354.89191825581867,399.00636733700117,-7.2234693899690114,-0.20094425581868336,-1.6027223370012393,-70.67307956882897,-76.02741726145727,77.03696643275926,-1.0522465591529357,-21.816057718904094,88.07611298804922
1804,-369.7473346100309,380.0064482558186,399.00636733700117,-7.341043389969059,-0.1462752558186935,-1.6647863370011464,-69.3286972997993,-71.30513423630187,70.87609719406795,0.383673509874901,-20.4716755071702,88.0789715317849
1805,-391.6647136100309,405.1209782558186,399.00636733700117,-7.462098389969071,-0.10137225581866005,-1.6927823370012334,-68.13977807574521,-66.39849848822479,64.05137315624572,2.2990859721252397,-19.282756053932992,88.08181678289975
1806,-413.582092610031,430.23550825581856,399.00636733700117,-7.6632583899689735,0.08375074418142958,-1.7790603370011695,-67.08094863259667,-61.1894228426918,56.345654487614986,4.79304222423425,-18.22392569405199,88.084653611535
1807,-435.49947161003087,455.3500382558186,399.00636733700117,-7.83938238996916,0.1837397441813664,-1.7980523370011952,-66.13205065354339,-55.471131071327825,47.35446633095709,8.063228175382534,-17.27502473561817,88.08749708648067
1808,-457.4168506100309,480.4645682558186,399.00636733700117,-8.0645953899691,0.40262274418131483,-2.0068713370011437,-65.27687063619452,-48.78993450817191,36.15701806859135,12.576736953739728,-16.419851307283942,88.09036743314695
1809,-479.3342296100309,505.5790972558186,399.00636733700117,-8.391791389969114,0.6918797441813922,-1.9693883370012486,-64.50222447790944,-39.46189781744618,19.26933394462426,20.13367532793415,-15.64520549277353,88.09318586983697
1810,-479.3342296100309,505.5790972558186,343.45081133700114,-7.978101389969083,0.15684074418129512,-2.0607463370011487,-64.50222447790944,-43.5100066725099,35.102239379758615,8.348881039694705,-15.645205550069308,88.09318369259735
1811,-457.4168506100309,480.4645682558186,343.45081133700114,-7.706816389969106,0.017450744181360278,-1.9518023370011406,-65.27687063619452,-50.355256407680685,47.03737034498905,3.2617065195550254,-16.419851307283942,88.09036743314695
1812,-435.49947161003087,455.3500382558186,343.45081133700114,-7.515233389969126,-0.1989212558186182,-1.7352863370011278,-66.13205042436027,-56.11001625515538,56.524629600558896,-0.46809041850783945,-17.27503069437924,88.08754383983675
1813,-413.582092610031,430.23550825581856,343.45081133700114,-7.307404389969008,-0.25805425581859254,-1.7942753370011246,-67.08094851800512,-61.30253049832434,64.64034197048257,-3.3885914037377374,-18.223928444249403,88.08471199593431
1814,-391.6647136100309,405.1209782558186,343.45081133700114,-7.152575389969115,-0.4204542558186972,-1.6126553370011152,-68.13977801844943,-66.16382700745291,71.83932874369046,-5.723590771532233,-19.282757486327483,88.08187046904516
1815,-369.7473346100309,380.0064482558186,343.45081133700114,-7.05666338996906,-0.44669725581860575,-1.6118103370011454,-69.32869724250352,-70.82353072278742,78.36186773568403,-7.5837430014282505,-20.47167636660689,88.07901748300007
1816,-347.829955610031,354.89191825581867,343.45081133700114,-6.947848389968954,-0.48714425581869136,-1.5672603370011302,-70.67307956882897,-75.36635631912698,84.35064669418507,-9.027022598742983,-21.81605829186189,88.07615091785526
1817,-325.91257661003095,329.7773882558186,343.45081133700114,-6.8131303899690465,-0.5825932558186082,-1.4062083370011464,-72.20530272783708,-79.85420793282665,89.89609474585816,-10.082021246073271,-23.3482803049544,88.07333798156007
1818,-303.9951976100309,304.6628582558186,343.45081133700114,-6.7342413899691,-0.6135812558185876,-1.2958253370011334,-73.96732304376656,-84.33644341421846,95.05716403390633,-10.75819526805307,-25.110300506292315,88.07042242852376
1819,-282.0778186100309,279.5483292558186,343.45081133700114,-6.630003389969147,-0.5983542558186059,-1.275875337001139,-76.0144640035123,-88.85542107473017,99.87210344456332,-11.051517172453067,-27.157441122263386,88.06748338421787
1820,-282.0778186100309,279.5483292558186,287.89525633700106,-6.428329389969122,-0.9688052558186655,-1.1886243370010448,-76.01446526401945,-86.84201724506045,106.18963733531818,-19.3824312870165,-27.157429491220142,88.06745823137065
1821,-303.9951976100309,304.6628582558186,287.89525633700106,-6.578007389969002,-0.9863292558186458,-1.1814823370010572,-73.96732304376656,-82.40407386495076,101.27494700385293,-18.908267286697157,-25.110300620883873,88.07033344817818
1822,-325.91257661003095,329.7773882558186,287.89525633700106,-6.655287389969033,-0.9080132558186733,-1.3358393370010617,-72.20530267054129,-78.03559806516238,96.05909481458959,-18.0635326337282,-23.348280591433298,88.0732304946777
1823,-347.829955610031,354.89191825581867,287.89525633700106,-6.774506389969019,-0.8795212558187018,-1.4954823370010786,-70.67307956882897,-73.6923182563022,90.51152607422937,-16.861899304312818,-21.816057776199873,88.07610680010504
1824,-369.7473346100309,380.0064482558186,287.89525633700106,-6.861848389968998,-0.8612552558186053,-1.4606343370011245,-69.3286972997993,-69.32674460233771,84.58539775879471,-15.304011589491646,-20.471675621761758,88.07896643246053
1825,-391.6647136100309,405.1209782558186,287.89525633700106,-6.91927938996912,-0.758448255818621,-1.5736263370010874,-68.13977807574521,-64.88404561523268,78.21059490295157,-13.374583834727272,-19.28275634041189,88.08181219923739
1826,-413.582092610031,430.23550825581856,287.89525633700106,-7.129107389969022,-0.6142492558186063,-1.8328573370010304,-67.08094857530091,-60.29515782179872,71.28074399592094,-11.036304799217667,-18.223926496192902,88.08464673604146
1827,-435.49947161003087,455.3500382558186,287.89525633700106,-7.300875389969121,-0.5045592558186058,-1.8808843370011346,-66.13205053895183,-55.463703647542204,63.62714053701129,-8.216848072426965,-17.275027371224027,88.08747359521108
1828,-457.4168506100309,480.4645682558186,287.89525633700106,-7.453079389969105,-0.33084025581865717,-2.0427773370010414,-65.27687086537765,-50.23710827043703,54.9596226559501,-4.778633596193858,-16.419845176635537,88.0903018294794
1829,-479.3342296100309,505.5790972558186,287.89525633700106,-7.657077389969118,-0.18499925581863863,-1.974754337001059,-64.50222493627567,-44.32773060532613,44.70328255304661,-0.4344362527205632,-15.645192085561124,88.09317355124438
1830,-479.3342296100309,505.5790972558186,232.3397003370011,-7.420746389969111,-0.512140255818565,-2.0801493370011883,-64.50222447790944,-43.59783978470053,51.54458787486837,-8.005634572407542,-15.645205550069308,88.09318386448469
1831,-457.4168506100309,480.4645682558186,232.3397003370011,-7.193952389969013,-0.6777262558186408,-1.90066233700108,-65.27687063619452,-48.951060037740994,60.967910254417546,-12.07302975981317,-16.419851307283942,88.09036743314695
1832,-435.49947161003087,455.3500382558186,232.3397003370011,-6.99745438996905,-0.8540602558186947,-1.7631833370010952,-66.13205042436027,-53.79566072860678,69.18469650469842,-15.442512849195957,-17.27503069437924,88.08754383983675
1833,-413.582092610031,430.23550825581856,232.3397003370011,-6.861074389969019,-0.9134682558185432,-1.6677263370010849,-67.08103526381531,-58.328210498778,76.58108574486566,-18.30379102596041,-18.22401003343943,88.08485500619999
1834,-391.6647136100309,405.1209782558186,232.3397003370011,-6.744168389969104,-1.0653202558186194,-1.5359773370010998,-68.13985657096313,-62.66374386095222,83.37012728901009,-20.754585106855064,-19.282832944869103,88.08198964426654
1835,-369.7473346100309,380.0064482558186,232.3397003370011,-6.635770389969082,-1.1338772558186179,-1.3214923370011888,-69.32877046650974,-66.8815516422567,89.68470580616187,-22.848655893684388,-20.47174758526083,88.07911964137496
1836,-347.829955610031,354.89191825581867,232.3397003370011,-6.554801389968986,-1.1219892558186757,-1.2902703370010897,-70.67314820917282,-71.04183073670437,95.6117347539547,-24.61271886144928,-21.816125614402818,88.07623984090506
1837,-325.91257661003095,329.7773882558186,232.3397003370011,-6.443467389969044,-1.1560522558186221,-1.1997643370011133,-72.20536558130719,-75.19540937621687,101.21046805246229,-26.055200385851176,-23.34834304383297,88.07334594567342
1838,-303.9951976100309,304.6628582558186,232.3397003370011,-6.365938389969074,-1.273347255818578,-1.0713733370010914,-73.96732304376656,-79.38883327697195,106.52127160967565,-27.169860326247523,-25.110300964658553,88.0703644451949
1839,-282.0778186100309,279.5483292558186,232.3397003370011,-6.252946389969111,-1.3342592558186084,-0.9831833370011793,-76.0144640035123,-83.66945482242708,111.57207482627621,-27.937466208329166,-27.157441064967607,88.06749627576825
1840,-282.0778186100309,279.5483292558186,176.7841453370011,-6.147682389969134,-1.605122255818685,-0.8449653370010992,-76.01446526401945,-79.29615265535563,115.97704385502252,-36.7156905361993,-27.157429491220142,88.06744448038357
1841,-303.9951976100309,304.6628582558186,176.7841453370011,-6.2858993899690745,-1.5857672558186096,-0.9309213370010809,-73.96732304376656,-75.27964299565114,110.77572686017649,-35.533465178065725,-25.110300563588094,88.07031935341642
1842,-325.91257661003095,329.7773882558186,176.7841453370011,-6.343678389969057,-1.5046762558185947,-1.0161633370011032,-72.20530267054129,-71.34539810050956,105.35196175156834,-34.0465875032461,-23.348280476841737,88.07321754583153
1843,-347.829955610031,354.89191825581867,176.7841453370011,-6.441179389969022,-1.4586862558186908,-1.0027553370011901,-70.67307956882897,-67.44666501491861,99.678601731569,-32.27461725954216,-21.816057661608315,88.07609505447024
1844,-369.7473346100309,380.0064482558186,176.7841453370011,-6.536187389969086,-1.4076712558186273,-1.2811493370010965,-69.3286972997993,-63.53855329777071,93.71717852840492,-30.223973751499,-20.471675449874418,88.07895594733289
1845,-391.6647136100309,405.1209782558186,176.7841453370011,-6.6163073899691085,-1.3734502558186819,-1.4960623370010921,-68.13977807574521,-59.57423350418802,87.41385026674365,-27.887642371422384,-19.282756168524553,88.08180291732111
1846,-413.582092610031,430.23550825581856,176.7841453370011,-6.730090389969007,-1.2580762558185938,-1.6076963370011867,-67.08094857530091,-55.50015757159539,80.69222253570386,-25.242775281315883,-18.223926438897124,88.08463831356188
1847,-435.49947161003087,455.3500382558186,176.7841453370011,-6.905310389969145,-1.126183255818603,-1.7059403370010955,-66.13205053895183,-51.248725819379445,73.44011621505581,-22.24479218212641,-17.275027600407146,88.08746448518212
1848,-457.4168506100309,480.4645682558186,176.7841453370011,-7.037921389969085,-0.9988372558186143,-1.905416337001185,-65.27687080808187,-46.72488758600429,65.48319571760167,-18.81440963788229,-16.419846322551127,88.09028492722445
1849,-479.3342296100309,505.5790972558186,176.7841453370011,-7.177903389969117,-0.8213032558186342,-1.959549337001107,-64.50222476438833,-41.77699830372,56.525481588800254,-14.807301642638121,-15.645196841110824,88.09311035399958
1850,-479.3342296100309,505.5790972558186,121.22858933700111,-7.011257389969046,-1.1000912558185405,-1.9557003370011046,-64.50222447790944,-39.078539033288145,60.01719508242123,-20.997542531372794,-15.645205550069308,88.09318386448469
1851,-457.4168506100309,480.4645682558186,121.22858933700111,-6.823329389969103,-1.2762992558186284,-1.7604803370011126,-65.27687063619452,-43.69374833594307,68.70720619789945,-25.069637405092983,-16.419851307283942,88.09036743314695
1852,-435.49947161003087,455.3500382558186,121.22858933700111,-6.695647389969054,-1.3897152558186008,-1.6693453370011184,-66.13214198301593,-47.923328050810525,76.51543933467167,-28.645750045655245,-17.27511394514687,88.087713206161
1853,-413.582092610031,430.23550825581856,121.22858933700111,-6.5092763899689885,-1.5281482558185644,-1.440054337001115,-67.08103354494192,-51.89321768171124,83.69006331217702,-31.84776135304274,-18.22400814267871,88.08485506349577
1854,-391.6647136100309,405.1209782558186,121.22858933700111,-6.4629293899690765,-1.5732692558186159,-1.182436337001107,-68.13986098273817,-55.685362168166854,90.38436639948812,-34.747211410513295,-19.282836955573664,88.08199554573183
1855,-369.7473346100309,380.0064482558186,121.22858933700111,-6.36985738996907,-1.610347255818624,-1.102682337001113,-69.32878129541206,-59.358451983555355,96.69943874896353,-37.38649754792055,-20.471758013092696,88.07912932436169
1856,-347.829955610031,354.89191825581867,121.22858933700111,-6.292474389969016,-1.6739312558186725,-0.9020193370011214,-70.67316717407586,-62.959183245475685,102.7061419472401,-39.789785234302386,-21.81614423553116,88.07625244597655
1857,-325.91257661003095,329.7773882558186,121.22858933700111,-6.181416389969002,-1.7735262558186378,-0.7034593370011208,-72.2053963491408,-66.52841552235512,108.45607920895318,-41.9678191471909,-23.34837346789189,88.07336101446343
1858,-303.9951976100309,304.6628582558186,121.22858933700111,-6.126351389969102,-1.8986702558186153,-0.6243323370011069,-73.96742531673299,-70.10540438727347,113.98776292362649,-43.91985856674856,-25.11040237818829,88.0704505607515
1859,-282.0778186100309,279.5483292558186,121.22858933700111,-6.058977389969073,-1.8899292558186858,-0.5567443370011063,-76.01457785022617,-73.73140234311393,119.3302356343459,-45.63369674174164,-27.15755473979416,88.06751575633328
1860,-282.0778186100309,279.5483292558186,65.6730343370011,-6.030700389969127,-2.085475255818608,-0.1576883370011899,-76.01446520672367,-67.0693265847929,121.5436596032536,-54.50913309983823,-27.15743000688216,88.06744362094688
1861,-303.9951976100309,304.6628582558186,65.6730343370011,-6.106417389969067,-2.173180255818636,-0.4134533370011013,-73.96732304376656,-63.957992322907955,116.09417877370126,-52.17354925779692,-25.110300391700758,88.07029912800625
1862,-325.91257661003095,329.7773882558186,65.6730343370011,-6.156931389968975,-2.0411212558186094,-0.5791293370011061,-72.20550601326279,-60.83223109833316,110.48054186891406,-49.68831766321748,-23.348483590380116,88.07319921118209
1863,-347.829955610031,354.89191825581867,65.6730343370011,-6.203736389968924,-2.065954255818667,-0.748519337001099,-70.6732461849558,-57.66305078826867,104.6706547725893,-47.0502691719435,-21.816223933960462,88.07607872517308
1864,-369.7473346100309,380.0064482558186,65.6730343370011,-6.293385389969103,-1.9697972558186052,-0.923823337001096,-69.32883807552956,-54.42172197106372,98.62536149171197,-44.248974290525965,-20.471815881830008,88.07894139420489
1865,-391.6647136100309,405.1209782558186,65.6730343370011,-6.37990538996911,-1.8849692558185893,-1.1057863370011063,-68.1399003449387,-51.076098047481544,92.29364128054124,-41.265556523333856,-19.282878093943356,88.08179002577072
1866,-413.582092610031,430.23550825581856,65.6730343370011,-6.4648783899689874,-1.7958722558185514,-1.4272253370011043,-67.08094863259667,-47.587184140239145,85.60679695780715,-38.07031230587309,-18.223925980530886,88.0846270835891
1867,-435.49947161003087,455.3500382558186,65.6730343370011,-6.594495389969097,-1.6971972558186508,-1.5159403370010978,-66.13205053895183,-43.904778374876486,78.47004113608071,-34.61865457818861,-17.27502719933669,88.08745417194181
1868,-457.4168506100309,480.4645682558186,65.6730343370011,-6.711814389969106,-1.5863732558186143,-1.718652337001096,-65.27687080808187,-39.95703894856085,70.74196181546675,-30.841013658880037,-16.419846093368008,88.09027415561789
1869,-479.3342296100309,505.5790972558186,65.6730343370011,-6.835323389969062,-1.3647132558186854,-1.875585337001091,-64.50222476438833,-35.63248678089655,62.19724930179117,-26.62356340323973,-15.645197242181279,88.09309327985729
1870,-479.3342296100309,505.5790972558186,10.1174783370011,-6.716198389969065,-1.6052532558186385,-1.7547223370011995,-64.50222447790944,-31.532694439810378,63.15161071989991,-31.67780276232924,-15.645205550069308,88.09318386448469
1871,-457.4168506100309,480.4645682558186,10.1174783370011,-6.562016389969017,-1.7503332558186457,-1.5278683370011006,-65.27687063619452,-35.599130667754295,71.63766581986229,-36.094714695244605,-16.419851307283942,88.09036743314695
1872,-435.49947161003087,455.3500382558186,10.1174783370011,-6.449853389969121,-1.8736852558186001,-1.2856973370011993,-66.13213906093118,-39.277421622119654,79.33444033083212,-40.110663486563425,-17.27511027821698,88.08771962328831
1873,-413.582092610031,430.23550825581856,10.1174783370011,-6.283686389968977,-2.0358762558185504,-1.107018337001099,-67.08103285739257,-42.66992672866859,86.45694394199626,-43.83794227511668,-18.22400665298844,88.08486491836985
1874,-391.6647136100309,405.1209782558186,10.1174783370011,-6.242213389969095,-2.0970342558186985,-0.8988973370010989,-68.13986218594954,-45.84124508804138,93.14234486945284,-47.349318591646735,-19.28283747123568,88.08200797891598
1875,-369.7473346100309,380.0064482558186,10.1174783370011,-6.2061343899690655,-2.0906122558185984,-0.6741633370010991,-69.32878467586305,-48.83439821031368,99.48384266269326,-50.69496887128748,-20.471760763290114,88.07914399208126
1876,-347.829955610031,354.89191825581867,10.1174783370011,-6.1459723899690175,-2.1736692558187087,-0.48816933700119947,-70.67317359120315,-51.679427189416664,105.54881337690347,-53.912228189885234,-21.816150079700666,88.07626929093573
1877,-325.91257661003095,329.7773882558186,10.1174783370011,-6.070384389968979,-2.2641752558186,-0.29875933700109947,-72.20540729263469,-54.39773721291441,111.38826200148488,-57.03069783896763,-23.34838389572376,88.07338015125379
1878,-303.9951976100309,304.6628582558186,10.1174783370011,-6.063981389969001,-2.30376625581863,-0.08833833700109928,-73.9674437086782,-57.004477800572175,117.04240644943003,-60.07544833170575,-25.110420369063057,88.07047244773928
1879,-282.0778186100309,279.5483292558186,10.1174783370011,-6.036819389969082,-2.254211255818632,0.09249466299880105,-76.0146091337218,-59.50978354446181,122.54424479255499,-63.06934681477374,-27.157585679515098,88.06754067999738
1880,-282.0778186100309,279.5483292558186,-45.4380766629988,-6.074787389969117,-2.4160262558186787,0.4086216629989039,-76.01446497754056,-51.33602745591931,122.2916260391042,-70.9904096653521,-27.157431897642883,88.06745359041251
1881,-303.9951976100309,304.6628582558186,-45.4380766629988,-6.110291389969007,-2.53822725581864,0.1402206629988072,-73.96732304376656,-49.469307067043026,116.8032902485624,-67.37140517506323,-25.110300964658553,88.0703644451949
1882,-325.91257661003095,329.7773882558186,-45.4380766629988,-6.091059389969018,-2.527825255818584,-0.13480733700119885,-72.20550114312152,-47.40689454752164,111.15979261695794,-63.79288657012765,-23.348478376464175,88.07317927225081
1883,-347.829955610031,354.89191825581867,-45.4380766629988,-6.132208389968923,-2.4869692558187353,-0.33287733700120015,-70.67324297639215,-45.15794931525967,105.3279396365708,-60.21263935152416,-21.816220324326352,88.0760613072561
1884,-369.7473346100309,380.0064482558186,-45.4380766629988,-6.19237638996907,-2.3500042558186465,-0.5149253370011948,-69.32883578369838,-42.72165524917372,99.26806704352589,-56.59173212569344,-20.47181307433681,88.07892609623175
1885,-391.6647136100309,405.1209782558186,-45.4380766629988,-6.249265389969082,-2.290260255818623,-0.7449663370011947,-68.13989868336108,-40.08736501726112,92.92918279726796,-52.8898182360264,-19.282875802112176,88.08177644667097
1886,-413.582092610031,430.23550825581856,-45.4380766629988,-6.276209389968926,-2.2617782558185695,-0.974751337001095,-67.08094851800512,-37.23308626480932,86.24330797641902,-49.061001585893436,-18.223928444249403,88.08471199593431
1887,-435.49947161003087,455.3500382558186,-45.4380766629988,-6.37591238996913,-2.1558102558186647,-1.2311803370011987,-66.13205042436027,-34.12222366178132,79.11728640439279,-45.048539815715785,-17.27503069437924,88.08754383983675
1888,-457.4168506100309,480.4645682558186,-45.4380766629988,-6.470088389969078,-2.0202112558186514,-1.443812337001198,-65.27687063619452,-30.695018283102755,71.41314044761393,-40.77430170764777,-16.419851307283942,88.09036743314695
1889,-479.3342296100309,505.5790972558186,-45.4380766629988,-6.579491389969121,-1.7855712558186951,-1.6431063370011927,-64.50222447790944,-26.85174012092491,62.91267471425886,-36.11982107557367,-15.645205550069308,88.09318386448469
1890,-479.3342296100309,505.5790972558186,-100.99363266299879,-6.520233389969121,-1.9154752558187056,-1.4258533370012145,-64.50222487897989,-21.643256398090053,61.47262201524631,-39.888270663228525,-15.645194033617628,88.0932011678101
1891,-457.4168506100309,480.4645682558186,-100.99363266299879,-6.358155389969056,-2.137446255818645,-1.1823173370012086,-65.27687063619452,-25.308970298598716,70.06384609681503,-44.81105534135292,-16.419851307283942,88.09036743314695
1892,-435.49947161003087,455.3500382558186,-100.99363266299879,-6.269773389969089,-2.211439255818618,-0.9659813370012102,-66.13213722746623,-28.5162430774189,77.8177202065489,-49.355137262249855,-17.275106725878654,88.08773572340235
1893,-413.582092610031,430.23550825581856,-100.99363266299879,-6.179654389969016,-2.3205582558186393,-0.7650453370012116,-67.081028846688,-31.367889375280964,84.96608587207808,-53.6491359398268,-18.224001439072506,88.0848801590472
1894,-391.6647136100309,405.1209782558186,-100.99363266299879,-6.117667389969029,-2.4267222558186177,-0.5721993370012086,-68.13985565423067,-33.922879841924725,91.65435571380645,-57.779709120653436,-19.282829965488563,88.08202321959334
1895,-369.7473346100309,380.0064482558186,-100.99363266299879,-6.111723389969086,-2.489127255818687,-0.26343433700121466,-69.32877464910165,-36.21428239272148,97.97972669317043,-61.810983616259534,-20.471749877092005,88.07915992030794
1896,-347.829955610031,354.89191825581867,-100.99363266299879,-6.111710389969005,-2.487831255818662,-0.010456337001102156,-70.6731581213427,-38.257975063273015,104.01126188228798,-65.7961447496401,-21.816133922290845,88.07628642237381
1897,-325.91257661003095,329.7773882558186,-100.99363266299879,-6.088463389968979,-2.511907255818585,0.22418166299880227,-72.20538311381573,-40.056282171466826,109.80010211885374,-69.78401030110949,-23.34835914394701,88.07339905886103
1898,-303.9951976100309,304.6628582558186,-100.99363266299879,-6.099446389969046,-2.6373042558186057,0.49229466299880187,-73.96740491943547,-41.59893596983951,115.38532117643915,-73.82392408353368,-25.110381006862532,88.0704936471777
1899,-282.0778186100309,279.5483292558186,-100.99363266299879,-6.097914389969105,-2.588907255818583,0.7202546629987978,-76.0144640035123,-42.86194098593097,120.79699601613335,-77.96984731935389,-27.15744152333384,88.06743577142508
1900,-232.351044610031,316.5685402558186,-100.99363266299879,-6.295119389968988,-2.477006255818594,0.7094646629988972,-83.95863091881307,-42.422031381985086,118.78088897158617,-76.38647438450951,-35.10160729271903,88.05907339510937
1901,-250.1245256100309,344.7680882558186,-100.99363266299879,-6.351076389969023,-2.559774255818695,0.4279236629987935,-82.03565736172351,-41.049307812915046,113.30409753577115,-72.2837716470072,-33.17863339185479,88.06072305519311
1902,-267.898006610031,372.9676352558186,-100.99363266299879,-6.372195389968908,-2.4573082558186456,0.16491166299879012,-80.37401587104996,-39.407602503314635,107.64370114425286,-68.26644265765569,-31.516992015772804,88.06233581679484
1903,-285.6714876100309,401.1671832558186,-100.99363266299879,-6.396603389969073,-2.4027242558186117,-0.02642933700120409,-78.92412113221577,-37.515481978647735,101.76617116629697,-64.28235266887312,-30.067097391530165,88.06387231771406
1904,-303.4449686100309,429.36673025581865,-100.99363266299879,-6.427627389969075,-2.383807255818624,-0.324394337001209,-77.64824926021483,-35.37851573245769,95.62864611894001,-60.28307144899777,-28.79122557682501,88.06533943344427
1905,-321.2184506100309,457.5662782558186,-100.99363266299879,-6.478803389969073,-2.33061925581859,-0.5320813370011166,-76.51665234361974,-32.98934400727449,89.17303214975604,-56.21786604898935,-27.659628602934138,88.06674346652123
1906,-338.991931610031,485.7658262558186,-100.99363266299879,-6.4787783899690226,-2.273281255818574,-0.7746433370012085,-75.50656510765234,-30.32633546909232,82.32203856998485,-52.03107820271326,-26.64954125237518,88.06808911519887
1907,-356.765412610031,513.9653732558187,-100.99363266299879,-6.588924389968952,-2.1611302558187617,-0.9634293370011164,-74.59939627507201,-27.348001556416403,74.96306146848737,-47.65159427939859,-25.74237207602017,88.06938096313955
1908,-374.5388936100309,542.1649212558186,-100.99363266299879,-6.669117389969074,-2.018128255818624,-1.1884343370012118,-73.78023152528836,-23.981893646813173,66.92454719734422,-42.980311545390705,-24.923206581391398,88.07062376589298
1909,-392.312374610031,570.3644682558187,-100.99363266299879,-6.813132389968985,-1.797177255818724,-1.4207133370011178,-73.03689670836626,-20.09815629911528,57.919595448531695,-37.860190748819626,-24.179870217483245,88.07182457084001
1910,-392.312374610031,570.3644682558187,-45.4380766629988,-6.889808389969005,-1.6076852558186374,-1.4897323370012003,-73.03689653647893,-25.252694727735644,59.410891086318024,-34.19697425674838,-24.179873311455342,88.07185447923692
1911,-374.5388936100309,542.1649212558186,-45.4380766629988,-6.737988389969075,-1.7939042558185747,-1.2945753370011985,-73.78023135340104,-29.29526176311753,68.30214543403946,-39.044568422910615,-24.923209331588815,88.07065441913501
1912,-356.765412610031,513.9653732558187,-45.4380766629988,-6.614936389968989,-1.924188255818649,-1.0743603370011954,-74.59948708888253,-32.86636978922667,76.27850690514441,-43.448752900548065,-25.74246162932355,88.06947189154164
1913,-338.991931610031,485.7658262558186,-45.4380766629988,-6.468877389969009,-2.0770612558186485,-0.893446337001194,-75.50664887408199,-36.089107615669896,83.60575280180664,-47.55209717889358,-26.649624216663916,88.0681754599386
1914,-321.2184506100309,457.5662782558186,-45.4380766629988,-6.443077389969062,-2.102924255818607,-0.6378573370011935,-76.51673381821821,-39.03589389918812,90.44701297455414,-51.445371638274544,-27.65970961916637,88.06682797779601
1915,-303.4449686100309,429.36673025581865,-45.4380766629988,-6.409826389969112,-2.0886012558187304,-0.3515913370011958,-77.64820749159158,-41.750910045617424,96.90993828627444,-55.19204321472804,-28.791183464427068,88.06542394471903
1916,-285.6714876100309,401.1671832558186,-45.4380766629988,-6.347723389969076,-2.2281092558185946,-0.21690933700119785,-78.92420741965971,-44.26106553346817,103.07064554979708,-58.84131769558725,-30.067183449790996,88.06395803220019
1917,-267.898006610031,372.9676352558186,-45.4380766629988,-6.295686389968978,-2.3347512558186168,-0.03666433700119853,-80.37410857562121,-46.58098430832015,108.98565378575228,-62.435088952691224,-31.517084605752494,88.06242439606997
1918,-250.1245256100309,344.7680882558186,-45.4380766629988,-6.288015389969075,-2.398806255818613,0.16547466299880398,-82.03575969198572,-48.7151652920765,114.69869686264241,-66.01259135968135,-33.17873560752544,88.06081604624326
1919,-232.351044610031,316.5685402558186,-45.4380766629988,-6.244430389968983,-2.346153255818649,0.4012396629989041,-83.95874671358347,-50.658303812286796,120.2449223607477,-69.61427739847149,-35.10172245723585,88.05912490401515
1920,-232.351044610031,316.5685402558186,10.1174783370011,-6.190914389968981,-2.2442952558185993,0.13233366299890115,-83.95863143447508,-58.57917867541257,120.49140169953631,-61.93986119035793,-35.1016031674229,88.05909184435038
1921,-250.1245256100309,344.7680882558186,10.1174783370011,-6.305690389969072,-2.231836255818621,-0.03979833700109836,-82.03589531109583,-56.03547100826208,114.93334565428559,-58.92686396133017,-33.178871455818665,88.06073182144738
1922,-267.898006610031,372.9676352558186,10.1174783370011,-6.34925538996896,-2.1385662558186027,-0.22916933700109965,-80.37420569196749,-53.386967526917225,109.21104501182066,-55.85442763226931,-31.517182008577663,88.06234303606306
1923,-285.6714876100309,401.1671832558186,10.1174783370011,-6.4107003899690085,-2.10481425581861,-0.5066103370010993,-78.92427777887696,-50.6218529822057,103.28940639366863,-52.69922204930696,-30.067254267374476,88.06387827647512
1924,-303.4449686100309,429.36673025581865,10.1174783370011,-6.48109838996902,-1.99436125581866,-0.6980003370010994,-77.64825819835643,-47.722786691866325,97.12456902117557,-49.43472791819129,-28.791234744149733,88.06534464736019
1925,-321.2184506100309,457.5662782558186,10.1174783370011,-6.546656389969087,-1.988742255818579,-0.8742203370010984,-76.51676888323527,-44.66543536752301,90.66008761337949,-46.028833933885736,-27.659745429028565,88.06674782100046
1926,-338.991931610031,485.7658262558186,10.1174783370011,-6.599720389969036,-1.8980252558185953,-1.043571337001099,-75.50656510765234,-41.41526495210248,83.8197097383407,-42.439823325805726,-26.649541538854077,88.0680929540161
1927,-356.765412610031,513.9653732558187,10.1174783370011,-6.735393389969033,-1.7167702558186875,-1.2083363370011995,-74.59939621777623,-37.92276822517557,76.49712897863799,-38.610897928283244,-25.742372419794847,88.06938422899898
1928,-374.5388936100309,542.1649212558186,10.1174783370011,-6.831700389969058,-1.5929802558185884,-1.540241337001099,-73.78023146799259,-34.111666341448235,68.53114749742853,-34.45714127078378,-24.923207039757635,88.07062628690727
1929,-392.312374610031,570.3644682558187,10.1174783370011,-6.9869053899689675,-1.4236382558186733,-1.5839753370010996,-73.03689670836626,-29.856015270733167,59.657945159070934,-29.840681774219878,-24.17987096232838,88.07182537298092
1930,-392.312374610031,570.3644682558187,65.6730343370011,-7.0949973899690235,-1.1953032558186578,-1.7421113370010985,-73.03689682295783,-33.8584413986502,58.67054223894523,-24.8508861296166,-24.17986849860986,88.07186187039247
1931,-374.5388936100309,542.1649212558186,65.6730343370011,-6.917257389968995,-1.3420622558186324,-1.4835783370010915,-73.78023158258415,-38.37104392966284,67.61723884771251,-29.283940059789966,-24.923204805222234,88.07072065305613
1932,-356.765412610031,513.9653732558187,65.6730343370011,-6.816718389968969,-1.4953462558187312,-1.2904113370011032,-74.59948949530528,-42.446554548574476,75.62407405317975,-33.21413173689725,-25.742464436816746,88.06946799542862
1933,-338.991931610031,485.7658262558186,65.6730343370011,-6.613465389969008,-1.6315192558186027,-1.2495293370010927,-75.50665110861739,-46.22032135645549,82.96649445056711,-36.78162130534702,-26.649626852269773,88.06817116275514
1934,-321.2184506100309,457.5662782558186,65.6730343370011,-6.570691389969056,-1.6922672558185923,-1.0135573370012025,-76.51673628193673,-49.77650589464953,89.81212949985513,-40.06987187093064,-27.659712369363785,88.06682310765476
1935,-303.4449686100309,429.36673025581865,65.6730343370011,-6.471131389969003,-1.7945132558186856,-0.7591773370012049,-77.64821052826788,-53.172263739897204,96.2708285029912,-43.13157486702376,-28.791186787582276,88.06541838702843
1936,-285.6714876100309,401.1671832558186,65.6730343370011,-6.411356389969114,-1.8309472558186144,-0.5988853370011071,-78.92421148766006,-56.45010520932935,102.41971662122853,-46.00134347617114,-30.067187746974458,88.0639516150729
1937,-267.898006610031,372.9676352558186,65.6730343370011,-6.322587389968987,-1.9311952558185794,-0.489319337001092,-80.37411441979071,-59.64425284286601,108.31557013324739,-48.70173034851315,-31.51709067910512,88.06241683302707
1938,-250.1245256100309,344.7680882558186,65.6730343370011,-6.278550389969098,-2.008337255818617,-0.2945963370010958,-82.03576857283154,-62.78459355149571,114.0018020511848,-51.24626089764901,-33.17874471755438,88.06080710810166
1939,-232.351044610031,316.5685402558186,65.6730343370011,-6.195981389968978,-2.0125152558186983,-0.13245033700110298,-83.95876109482413,-65.89960184794616,119.51268682493709,-53.640735118043025,-35.10173706765963,88.05911413240861
1940,-232.351044610031,316.5685402558186,121.22858933700111,-6.2122923899689795,-1.8162352558186967,-0.42985633700111237,-83.95863154906665,-72.35930696497047,117.34195594669686,-45.01028084542482,-35.10160213609887,88.05908685961755
1941,-250.1245256100309,344.7680882558186,121.22858933700111,-6.344085389969109,-1.8204542558186176,-0.5577813370012166,-82.03565736172351,-68.755100370248,111.92854561784121,-43.2024428707879,-33.1786336210379,88.06074161902566
1942,-267.898006610031,372.9676352558186,121.22858933700111,-6.42750738996898,-1.6973182558186863,-0.6786673370012011,-80.37419148261417,-65.18440567589228,106.31634958731722,-41.162300876988574,-31.517167913815907,88.06235094288064
1943,-285.6714876100309,401.1671832558186,121.22858933700111,-6.521778389969086,-1.606176255818582,-0.8613573370011096,-78.9242692418058,-61.6064738370347,100.47238892009914,-38.897589565077986,-30.06724590219066,88.06388492278555
1944,-303.4449686100309,429.36673025581865,121.22858933700111,-6.608688389969075,-1.5314362558186758,-1.0531193370011067,-77.6482532709194,-57.98213104167281,94.35402363870713,-36.40484317064917,-28.791229988600033,88.0653502050508
1945,-321.2184506100309,457.5662782558186,121.22858933700111,-6.704711389969077,-1.5186162558185856,-1.2674543370011122,-76.51665228632396,-54.268556143071926,87.90284888922405,-33.668478903252186,-27.659629004004593,88.06675269114173
1946,-338.991931610031,485.7658262558186,121.22858933700111,-6.768424389969027,-1.395940255818573,-1.438804337001116,-75.50656505035656,-50.415797592032725,81.0387633384257,-30.658348067481906,-26.649541710741417,88.06809702201645
1947,-356.765412610031,513.9653732558187,121.22858933700111,-6.938658389969021,-1.2491982558186692,-1.5743383370011088,-74.59939621777623,-46.357877694164074,73.6441036859546,-27.32276660435812,-25.742372591682187,88.06938789592887
1948,-374.5388936100309,542.1649212558186,121.22858933700111,-7.089794389969086,-1.136382255818603,-1.6667553370011063,-73.78023146799259,-41.99979592173715,65.53708239823372,-23.57495020093417,-24.92320721164497,88.07063001113293
1949,-392.312374610031,570.3644682558187,121.22858933700111,-7.23809638996903,-0.9213992558186419,-1.8020003370011182,-73.03689670836626,-37.18653206885623,56.408357499023836,-19.26058287374033,-24.17987079044104,88.07183075878419
1950,-392.312374610031,570.3644682558187,176.7841453370011,-7.386219389969028,-0.648612255818648,-1.8443323370011058,-73.03689728132406,-39.73888584102258,52.764303866889634,-13.064229499359861,-24.179859503172477,88.07188816915527
1951,-374.5388936100309,542.1649212558186,176.7841453370011,-7.164559389969099,-0.8117832558186819,-1.7648593370010985,-73.78023135340104,-44.91143829190498,62.22959122234025,-17.355837739719735,-24.923209331588815,88.07065441913501
1952,-356.765412610031,513.9653732558187,176.7841453370011,-7.015145389969007,-0.9337972558187175,-1.5958433370010994,-74.59939633236779,-49.574605078744824,70.52301814076276,-20.985026554817058,-25.74237121658348,88.06946914134423
1953,-338.991931610031,485.7658262558186,176.7841453370011,-6.835438389968942,-1.0369892558185825,-1.448658337001092,-75.50665294208234,-53.91727984417334,78.01915520776616,-24.13732225702527,-26.649628743030497,88.0681696157691
1954,-321.2184506100309,457.5662782558186,176.7841453370011,-6.775569389969064,-1.194547255818577,-1.33737433700108,-76.51673393280976,-58.05057337131549,84.92758666058361,-26.91125886209154,-27.659710192124166,88.06681995638688
1955,-303.4449686100309,429.36673025581865,176.7841453370011,-6.63924238996907,-1.2637322558186384,-1.1153643370010968,-77.64820388195746,-62.05081114422979,91.38051317122952,-29.362708406703824,-28.791180313159195,88.06541403254919
1956,-285.6714876100309,401.1671832558186,176.7841453370011,-6.5445373899690935,-1.3222902558186433,-0.9621373370010815,-78.92419928365902,-65.97581950134766,97.46585179021149,-31.521759712177644,-30.067175714860756,88.06394611467806
1957,-267.898006610031,372.9676352558186,176.7841453370011,-6.445052389968964,-1.3907762558186505,-0.8591283370010956,-80.37409419438056,-69.8743800693465,103.24493650358268,-33.40096382008579,-31.517070568286513,88.06241012942087
1958,-250.1245256100309,344.7680882558186,176.7841453370011,-6.3832093899691245,-1.4557582558186368,-0.8408523370010812,-82.0357356850541,-73.79173044446198,108.76149527838014,-34.99881047097609,-33.178711944368494,88.06079902939675
1959,-232.351044610031,316.5685402558186,176.7841453370011,-6.265232389968986,-1.489396255818633,-0.7060073370010969,-83.95863091881307,-77.77327770384554,114.04628678087767,-36.30065148315399,-35.10160694894435,88.05910456401342
1960,-232.351044610031,316.5685402558186,232.3397003370011,-6.362269389968986,-1.1965732558186346,-0.8276213370010908,-83.95863166365821,-82.0468245956295,109.70240381934656,-27.683209082063204,-35.101601448549516,88.05908588558931
1961,-250.1245256100309,344.7680882558186,232.3397003370011,-6.522783389969106,-1.184575255818629,-1.0151493370011053,-82.03565736172351,-77.80236298958289,104.55354477757464,-26.7801860002011,-33.17863367833368,88.0607493539559
1962,-267.898006610031,372.9676352558186,232.3397003370011,-6.613430389968983,-1.1071402558185923,-1.1358793370010858,-80.37401587104996,-73.62734398289768,99.13552706590524,-25.53854595003649,-31.516992359547476,88.0623577610784
1963,-285.6714876100309,401.1671832558186,232.3397003370011,-6.72265038996909,-1.0627192558185925,-1.1516543370010766,-78.92412113221577,-69.475235152017,93.41636726348166,-23.972811807394113,-30.067097792600624,88.06389070965928
1964,-303.4449686100309,429.36673025581865,232.3397003370011,-6.828953389969058,-1.007772255818736,-1.288636337001094,-77.64812492837329,-65.29806600661402,87.3490284574084,-22.083917493480037,-28.7911017033497,88.06535518978363
1965,-321.2184506100309,457.5662782558186,232.3397003370011,-6.945727389969079,-0.9091062558185854,-1.5324093370010985,-76.51665228632396,-61.04215784973628,80.8651077375391,-19.857139883720116,-27.65962906130037,88.06675687373364
1966,-338.991931610031,485.7658262558186,232.3397003370011,-7.043489389969011,-0.7584902558185718,-1.5785333370010903,-75.50656505035656,-56.64158031330651,73.86320824720747,-17.257013750032453,-26.649541710741417,88.06810074624212
1967,-356.765412610031,513.9653732558187,232.3397003370011,-7.2146243899690035,-0.6666662558186545,-1.7387473370010866,-74.59939621777623,-52.00639844675846,66.18603634128245,-14.21618246050036,-25.742372477090626,88.06939173474609
1968,-374.5388936100309,542.1649212558186,232.3397003370011,-7.393669389969091,-0.4591252558186625,-1.8840943370011871,-73.78023146799259,-46.997836199829244,57.56995087613787,-10.609784932465088,-24.92320669598296,88.07063608448557
1969,-392.312374610031,570.3644682558187,232.3397003370011,-7.553944389968933,-0.2656672558186983,-1.9019963370010942,-73.03689676566204,-41.36392208948925,47.51204032433728,-6.186895560056242,-24.17986872779298,88.07184886425051
1970,-392.312374610031,570.3644682558187,287.89525633700106,-7.788016389969016,0.050619744181290116,-1.8494643370010522,-73.03689647918314,-41.78985519016384,40.156215865811724,1.5948688746374393,-24.17987462925827,88.07184800481383
1971,-374.5388936100309,542.1649212558186,287.89525633700106,-7.557650389969069,-0.123642255818595,-1.965749337001057,-73.78023135340104,-48.10221710549361,51.30876045174481,-3.244228155535662,-24.923209331588815,88.07065441913501
1972,-356.765412610031,513.9653732558187,287.89525633700106,-7.376958389969047,-0.29775025581864156,-1.6321743370010608,-74.59939616048045,-53.54265534323584,60.48693315566053,-6.980841400599859,-25.742373966780892,88.06941396550856
1973,-338.991931610031,485.7658262558186,287.89525633700106,-7.193825389968993,-0.39603625581855795,-1.6548943370010534,-75.50656516494813,-58.502474695434564,68.48251879318661,-10.01549505918485,-26.649540679417385,88.06817397024832
1974,-321.2184506100309,457.5662782558186,287.89525633700106,-7.106910389969073,-0.5735802558186265,-1.5082973370010677,-76.51665234361974,-63.171038744704546,75.66369551710754,-12.526902918184192,-27.65962854563836,88.06682047204889
1975,-303.4449686100309,429.36673025581865,287.89525633700106,-6.903725389969054,-0.7265962558186629,-1.3853123370010394,-77.6481973502386,-67.66152756854365,82.23564575909963,-14.607123080569803,-28.791173838736107,88.06541225638001
1976,-285.6714876100309,401.1671832558186,287.89525633700106,-6.820973389969083,-0.7130602558186183,-1.3820053370010328,-78.92418455864369,-72.05076942147564,88.32347829147645,-16.30443348582142,-30.067161047141205,88.06394279152285
1977,-267.898006610031,372.9676352558186,287.89525633700106,-6.710527389969002,-0.7651622558186091,-1.2130313370010413,-80.37406915612492,-76.39834566895418,94.00951826855251,-17.64157608933494,-31.517045587326646,88.06240554575851
1978,-250.1245256100309,344.7680882558186,287.89525633700106,-6.624497389969122,-0.8630982558186133,-1.088806337001074,-82.03565736172351,-80.75367288948522,99.34802296006173,-18.623390952084726,-33.17863367833368,88.06079329981878
1979,-232.351044610031,316.5685402558186,287.89525633700106,-6.50373738996899,-0.8599552558186474,-1.0771533370010502,-83.95863091881307,-85.16258151873507,104.37580690969354,-19.240862067502384,-35.10160700624013,88.05909745933675
1980,-232.351044610031,316.5685402558186,343.45081133700114,-6.663665389968969,-0.5257402558186186,-1.0927253370011272,-83.95863172095397,-87.14961284594007,98.1006754481167,-10.978695783677987,-35.101601104774836,88.05909046925167
1981,-250.1245256100309,344.7680882558186,343.45081133700114,-6.8349183899690615,-0.5409542558186331,-1.245750337001141,-82.03565736172351,-82.64684633869223,93.15646381003201,-10.538626038028358,-33.17863367833368,88.06075445328028
1982,-267.898006610031,372.9676352558186,343.45081133700114,-6.926364389968967,-0.49893425581859674,-1.335317337001129,-80.37401587104996,-78.16576788827192,87.85368303704921,-9.718281911919224,-31.516992359547476,88.06236217285343
1983,-285.6714876100309,401.1671832558186,343.45081133700114,-7.0597503899691105,-0.4042542558186142,-1.4734403370011933,-78.92412113221577,-73.66171967443637,82.14709702262287,-8.517060424566983,-30.067097792600624,88.0638945484765
1984,-303.4449686100309,429.36673025581865,343.45081133700114,-7.18096938996905,-0.3134102558187237,-1.4488513370011447,-77.64812492837329,-69.08132168313176,75.96742508526452,-6.919061481494745,-28.79110164605392,88.06535845564305
1985,-321.2184506100309,457.5662782558186,343.45081133700114,-7.313543389969084,-0.2673782558185849,-1.4830893370011609,-76.51665228632396,-64.35559306168378,69.20770849510316,-4.886308408717204,-27.659628946708814,88.06675985311416
1986,-338.991931610031,485.7658262558186,343.45081133700114,-7.440772389969027,-0.040627255818606045,-1.684826337001141,-75.50656510765234,-59.38639507792811,61.69575951182753,-2.3447540315523776,-26.64954142426252,88.06810424128467
1987,-356.765412610031,513.9653732558187,343.45081133700114,-7.632643389968962,0.0388117441813165,-1.7165873370011582,-74.59939627507201,-54.01568482982505,53.1308138530536,0.8483184466817212,-25.742371503062373,88.06939878212698
1988,-374.5388936100309,542.1649212558186,343.45081133700114,-7.859348389969057,0.290339744181324,-1.8711723370011555,-73.78023169717571,-47.9391289089973,42.90435470237755,4.997074042066383,-24.92320291446151,88.07066278431881
1989,-392.312374610031,570.3644682558187,343.45081133700114,-8.072546389969034,0.4704437441813525,-1.8019633370011547,-73.03689647918314,-40.34466821634911,29.34838893089636,10.95750883573808,-24.17987457196249,88.0718480621096
1990,-392.312374610031,570.3644682558187,399.00636733700117,-8.568003389969022,1.1683287441812809,-1.7798223370011783,-73.03689911478901,-31.818303300963887,4.270617874239477,27.508909018248662,-24.179876233540096,88.07185344791287
1991,-374.5388936100309,542.1649212558186,399.00636733700117,-8.090632389969073,0.699218744181394,-1.7110613370012402,-73.78023261390818,-45.77815796572668,30.866251189248402,14.87422219637693,-24.923210534800184,88.0706541899519
1992,-356.765412610031,513.9653732558187,399.00636733700117,-7.863556389968949,0.4154887441812889,-1.5679623370011768,-74.59939610318467,-53.095809168447424,43.458559760761084,9.600685819511172,-25.742373909485117,88.06941396550856
1993,-338.991931610031,485.7658262558186,399.00636733700117,-7.666256389969021,0.31491574418140544,-1.677299337001159,-75.50656499306078,-59.10212928714216,53.12756621367924,5.939157604879058,-26.64954262747389,88.06812332077925
1994,-321.2184506100309,457.5662782558186,399.00636733700117,-7.488892389969067,0.1330377441814221,-1.4810253370011424,-76.51665234361974,-64.47342973907,61.2582169111249,3.180956598106704,-27.65962791538478,88.06683141554278
1995,-303.4449686100309,429.36673025581865,399.00636733700117,-7.334735389969069,0.0017937441813273836,-1.4350553370012449,-77.64812498566907,-69.47888099705898,68.38577223387291,1.060099919763455,-28.791101244983462,88.06541655356348
1996,-285.6714876100309,401.1671832558186,399.00636733700117,-7.22203438996911,-0.025301255818590107,-1.3908543370012012,-78.92412113221577,-74.26177258640314,74.78081637081509,-0.5507692596692484,-30.067097563417505,88.06394370825532
1997,-267.898006610031,372.9676352558186,399.00636733700117,-7.091946389968996,-0.10261525581859132,-1.3516273370011618,-80.37401587104996,-78.91185020970902,80.59955984766653,-1.7181122109616385,-31.516992302251698,88.06240434254714
1998,-250.1245256100309,344.7680882558186,399.00636733700117,-6.995523389969094,-0.23542125581860773,-1.239865337001163,-82.03565736172351,-83.49192413608469,85.93895875440658,-2.4760732652947253,-33.17863367833368,88.06079054962137
1999,-232.351044610031,316.5685402558186,399.00636733700117,-6.853899389969001,-0.17381425581862686,-1.236064337001153,-83.95863091881307,-88.04972553138603,90.86123183851572,-2.839139775109951,-35.10160700624013,88.05909350592798
