x_t,y_t,z_t,x_m,y_m,z_m,j1_target,j2_target,j3_target,j4_target,j5_target,j6_target
-0.40214412224114987,-0.0035212622371453466,-0.09918558505719234,-0.402290993774386,-0.0026667066925625815,-0.09937717925157305,-0.4002615411776746,-0.7630432156417624,2.3631382261209666,-1.6535305357550765,0.9672053572834018,-0.0969046022442805
-0.43540593304969644,-0.002880446237239015,-0.10003013235506311,-0.43543560383330504,-0.0020597796312698483,-0.10018405942221478,-0.344107522136313,-0.8008327064613745,2.226808633542096,-1.2468972943819294,1.1039917563735973,-0.2213167537076446
-0.46858210545953793,-0.0032595295476098227,-0.09984223233126022,-0.46865105153303976,-0.0024645432242767565,-0.10008127907995532,-0.3393581683994053,-0.7703220360424665,2.147311455625873,-1.2885006439485702,0.9748417650718402,-0.017128831302664
-0.5018769516189898,-0.003834038668813995,-0.09910874256326059,-0.5020500819638555,-0.0030084385089623675,-0.09927764900709966,-0.3182123712286677,-0.6978282738007184,2.1141789081821383,-1.6696188230872997,0.9587550935732674,0.0977586430253993
-0.5354994202121925,-0.002603912377255356,-0.10005773849635088,-0.5355117194593327,-0.0018364647456788705,-0.10028440680108616,-0.257882781399096,-0.7272060148185959,1.960839698503638,-1.1384027969206052,1.2382346102335156,0.0273825982917892
-0.5687017765540341,-0.0023938314115383875,-0.10061753140552374,-0.5686836977263038,-0.001662768812440353,-0.1008313187771634,-0.248426536216229,-0.6988594213463211,1.817236839982764,-0.8832606680533948,1.1953097218637136,0.0306595908976832
-0.6021004654264897,-0.0026843817070669705,-0.10031187839536213,-0.6020958952425265,-0.0019446728291349184,-0.1005624780100234,-0.2389804103608135,-0.659057201864159,1.749880658507811,-0.9928084384358228,1.159845740907703,0.0862641532370398
-0.6352138591653359,-0.003645252172080421,-0.09958116847433843,-0.6353626306681582,-0.002837593117673582,-0.0996256299498438,-0.2388113440547705,-0.5879277413940627,1.723304881747282,-1.434969578935923,1.0540078584915822,0.1283249450828365
-0.6690239411973115,-0.0021635531472610913,-0.10024510933888643,-0.6690346833043443,-0.0015634118914706779,-0.10034473960122245,-0.1884148906651539,-0.5758538615956406,1.5631329731350778,-1.0033463574873864,1.378630969621864,0.119369394007152
-0.7023909377066143,-0.0024893328366710765,-0.09970174888710874,-0.702375782881246,-0.0019453630715373345,-0.09986130996777631,-0.1813014838732645,-0.5176983108694988,1.4928538039899646,-1.194416483734799,1.361906069805424,0.0238744643317714
-0.7020038532042109,-0.00196804398496357,-0.045770947274966285,-0.7020822241240884,-0.0015383087142889149,-0.04585908744740478,-0.2085064679599866,-0.6100019139395516,1.3612724280324162,-0.5139709336308798,1.121449666003457,-0.0448336429150639
-0.6689564685400253,-0.0027682749414422473,-0.04385652033766703,-0.668925069890064,-0.00218442945093332,-0.04398225661820736,-0.197292696739014,-0.6600212902988867,1.6574630359528886,-1.3184805307507366,1.3061525897443875,-0.0539307498797079
-0.6356995351476902,-0.0025460050333175376,-0.04373702697070465,-0.635618082213044,-0.0020512687113791615,-0.043946012537563126,-0.2024950811727741,-0.7061368924501101,1.7614241189321564,-1.3409428207592895,1.3475338135578534,0.0503846580934728
-0.60229508798316,-0.00222067817347935,-0.044324747222597244,-0.6022877570994799,-0.0017100233165928973,-0.044490868461752146,-0.2157222543103087,-0.7696603379887854,1.8220048217810856,-1.123240190176542,1.334311427965555,0.1351669171431364
-0.5688676599968865,-0.0025893681099966536,-0.04443416583660369,-0.5688668684849862,-0.0018656470407109344,-0.04455654463836363,-0.2412400066907629,-0.8124617155513061,1.914530059031209,-1.131746223800873,1.2464185590487071,-0.0409533567638487
-0.5355775740965054,-0.0027406471733138144,-0.04378547589428157,-0.5356095618485007,-0.0020628117411104424,-0.04384641120888878,-0.2461026662737082,-0.823014508509754,2.055689417739858,-1.4499171340925252,1.3154948331118073,0.0295552122382374
-0.501590893757052,-0.0027965676875780394,-0.045036946612353544,-0.501728424851712,-0.00211337370706589,-0.04518712943333525,-0.3183133609841611,-0.8904276806979468,2.032281417051898,-0.9154548789145528,0.9580430300348112,0.0038076864407829
-0.46870297548462536,-0.003303144450598737,-0.043624825439671215,-0.468848711426877,-0.002569821905510984,-0.043658701067583815,-0.3182508031207041,-0.8728201006422949,2.2480651976940536,-1.6143760522839454,1.1062386971452147,0.1791999476161336
-0.43482163590843537,-0.0030388304289599467,-0.04475530713258344,-0.4349974852275496,-0.002423182014153133,-0.04490180231088363,-0.3884069804237411,-0.9537895177592488,2.2285466992452427,-1.0696831171362398,0.8395521681240012,-0.0801183450655007
-0.4022050742533737,-0.0034243019698784135,-0.042860782128341365,-0.4023492691503775,-0.002706342120149606,-0.04297809146553065,-0.3746683062629636,-0.849748050919902,2.449775258759198,-1.978528710864361,1.101300447511555,0.089166377559601
-0.3991842869774164,-0.04939878004071191,-0.04408475916436677,-0.3992679853020655,-0.04867812038696535,-0.04422497330193327,-0.2485925666487505,-0.972531556218807,2.3813366515638865,-1.3662091685912563,1.1501103094486531,-0.0398979107066042
-0.43223153634661315,-0.053711133953996626,-0.0429739850129029,-0.43238601479289124,-0.05312931511524728,-0.04305656895994177,-0.2139403081420812,-0.845173403661561,2.3589810777648648,-1.8906607391842192,1.179478144440357,0.2425563070603069
-0.4654393840748375,-0.05714119997844929,-0.04319040524980412,-0.46555416592466314,-0.05666389503236651,-0.043276093524293055,-0.1666765418544233,-0.8459394946883454,2.2611840969196635,-1.7399837614714715,1.310577607616077,0.2237710611296939
-0.49859320628843734,-0.060957381515109196,-0.0437905781797461,-0.4986042359000262,-0.06041791882242292,-0.04392206598485951,-0.1584128253000214,-0.8635998537036245,2.1412830509751366,-1.435243172019054,1.2428103628480702,-0.0923389413237494
-0.5314035341538014,-0.06488160148838354,-0.04420490100639833,-0.531575833201305,-0.0643951913775209,-0.044264591789778984,-0.1565621286729417,-0.8413736354572001,2.028994269332186,-1.2872632462365834,1.1368115818233555,0.2126281563175331
-0.564436165033478,-0.0681028607506555,-0.04521484390229694,-0.5645786245902379,-0.06767419420952528,-0.045303018498190295,-0.1403785003141839,-0.816030382488854,1.838852925428484,-0.8064915051770316,1.1350260818833071,-0.2668026543411761
-0.5980907891356478,-0.07192274519558385,-0.04396801354827727,-0.5980892634964701,-0.0715490980608355,-0.04413066450686108,-0.0857124651520626,-0.7603987506193786,1.8424898047842813,-1.2439598096101228,1.4334602873139586,-0.039143259089803
-0.631063908373225,-0.07531131313182034,-0.045092246401278395,-0.6310667712679866,-0.07507784703164408,-0.04532199584587483,-0.0931447867095842,-0.72836304781843,1.6381790186115612,-0.7352879795761535,1.2930605917954887,-0.0293333103014918
-0.6638893690384429,-0.08052148370608193,-0.04381537661384388,-0.663972502930229,-0.08016916032642754,-0.043993684649663536,-0.0981998980331972,-0.6575099338144774,1.657896415423428,-1.3479659707241771,1.160977297964414,0.1207455019080336
-0.6971076378056478,-0.08407652028325982,-0.04425185093728276,-0.6972348176678231,-0.08375939791165606,-0.04423897564633608,-0.0808591522459347,-0.618414087152205,1.5321482187063955,-1.1944794212695744,1.2235568222500337,0.1399891666346016
-0.6973749535705758,-0.08363888221945644,0.011509056556575597,-0.6973830779781727,-0.08334272869202482,0.011424025221735381,-0.0644512064612419,-0.7170593888818608,1.5513796484356153,-1.132134747951695,1.366137475988383,-0.1155505282327897
-0.6641946440966431,-0.07979491786615357,0.011526707424578675,-0.6641943637368418,-0.07958671757640849,0.011353648704763734,-0.0822849505484133,-0.7725167743602035,1.6575030674390234,-1.1441415234735963,1.2950476327465807,0.1496926159504954
-0.6312003238164839,-0.07503935615107891,0.010503594065374081,-0.631166109259922,-0.07492241966196712,0.010400636092886582,-0.0857993604385876,-0.832186423173197,1.6641869428474676,-0.7290310151110129,1.350164718070051,0.13899455314418
-0.5976467025287954,-0.0717203565512377,0.010249925521435178,-0.5977211023137684,-0.07152003853948687,0.010184267867290882,-0.1297721953996871,-0.8775281987828407,1.7477179813957298,-0.7097474175223866,1.1039643597529345,-0.0077932841075631
-0.5647177183729045,-0.06836452861027476,0.011747697585340316,-0.5648097267246955,-0.06799939132962411,0.01168557938753367,-0.1144158801870767,-0.9104357495634527,1.978582152567646,-1.3371873373670988,1.3195249730653522,0.0314253375430135
-0.5312202099812959,-0.06417581655274571,0.010365106853993163,-0.5313863395962369,-0.06380824980398773,0.010255917664944885,-0.1652184556419462,-0.9769337684438764,1.9457735819934667,-0.7705503208529012,1.0764723965917158,-0.1049880037517647
-0.49808596460551613,-0.05996948348486125,0.010064107719139284,-0.4981910479946189,-0.05964647503485657,0.009975227426413661,-0.1792648292340177,-1.019608553455297,2.00282816176046,-0.6458397769685389,1.111072522556369,0.0056023862357057
-0.46531402146694456,-0.05607279355536928,0.010497727187587503,-0.4652489447962377,-0.05570522206713003,0.01031913538979318,-0.1849506645537277,-1.0763942271987692,2.1319329725582605,-0.8018061720932166,1.206256649851419,-0.1150127649812398
-0.4319291492186078,-0.0529567738852382,0.010831129705035414,-0.43208075711739735,-0.052385738075910696,0.010739964670067175,-0.2357326029970514,-1.1180792768164816,2.2652294651600755,-1.023956256146778,1.0592506718702197,-0.2347794919715595
-0.3989505910598066,-0.04970963863292721,0.011904922807662463,-0.3991345477961613,-0.049108985174508374,0.011837470757013475,-0.2680506102246425,-1.1099360645520069,2.443806866908673,-1.5457973137668346,1.051354313519223,0.2123685820895393
-0.39063726489759115,-0.09507695533287178,0.011407712799296529,-0.390753567797745,-0.09471016566655699,0.011282163531887058,-0.146546123166948,-1.14828748918235,2.399793989617144,-1.2693462313512724,1.077918317405758,0.104958024348114
-0.42351592993946113,-0.10244990048271299,0.012155820096726675,-0.42352456696076135,-0.10200779888496203,0.01209662821062385,-0.0415990063315674,-1.057809481483484,2.357096859761154,-1.5580020715738911,1.4706000596414954,-0.0661278905652116
-0.4556548414108684,-0.11039093037768151,0.012096510768488637,-0.4557981839298569,-0.11006549298561369,0.012048112491507605,-0.047376221698633,-1.0213377897729208,2.2727394469748843,-1.53843440982742,1.327142412486876,0.2507500799673554
-0.48807977891363974,-0.1172173226913788,0.010413259593015513,-0.4881575138419734,-0.11693484837456754,0.010325766196868286,-0.0401428313910026,-1.02973806417521,2.039043334273603,-0.7716080793927964,1.2546260837392147,-0.117787204513426
-0.5206849634575406,-0.12519381714130515,0.010963997010762668,-0.5207484323492356,-0.12482794825514956,0.010822336895685254,-0.013232019872615,-0.9831517571484384,1.997507704321724,-0.9609216754969648,1.316534342955341,-0.1228974526387158
-0.5534701925568617,-0.13263787262385954,0.011329002257786863,-0.5534125696455348,-0.13220084591192313,0.011116182126613614,0.0324003798994896,-0.9308779103169416,1.918662658971925,-1.0241673208824649,1.5270214022678834,-0.1295265726990146
-0.5854799274200148,-0.14096897937288017,0.011249096798002702,-0.5855900587135561,-0.14060354473034375,0.011195431773006331,0.0098762083950303,-0.8798008404921895,1.8440857352076847,-1.0972122282684804,1.2818959165294332,0.0992240732023979
-0.6179707585945198,-0.14884428930075097,0.011861251547516615,-0.618033876607764,-0.14839692651218106,0.011811991975469067,0.0373239612728779,-0.8109926181410256,1.7856389851244463,-1.3194217093643523,1.4022102396674183,0.0550728937067499
-0.6504831497971344,-0.15630223291485087,0.011218736464556643,-0.6505807873990042,-0.15589005566051622,0.01113790358634326,0.0386098189739874,-0.7783141885708011,1.6339248862652935,-1.0189639478240808,1.3323406538709328,-0.0862794412343643
-0.6830862356824927,-0.16341649033108277,0.010498329637056427,-0.6831788940869402,-0.1631244559445541,0.010425314427584738,0.0497733479655839,-0.7210933649170972,1.447420519363276,-0.6805592436695305,1.347901868684616,0.0018489883396792
-0.6834148534933807,-0.1629007023653909,0.06634403194029576,-0.6833781677330794,-0.16272347097094125,0.06624370769307125,0.0694982138928912,-0.8075651647697057,1.4561730930507135,-0.6715329101779437,1.5149703015321832,0.1735817623337183
-0.6509262775805698,-0.15537275969692985,0.06682376041239999,-0.6508907810817867,-0.15504721858621004,0.06668472434633844,0.0718946288680282,-0.8695074379527923,1.6073319074211732,-0.8652445720968975,1.599972889843052,0.0088764990823166
-0.6183312096682293,-0.14814030273094753,0.06742769458025566,-0.6182597372420523,-0.14775470663925533,0.06720315913435448,0.0586464307687317,-0.9200530466195644,1.7637631467022086,-1.1289440433488551,1.5642987229154333,-0.0732786996607846
-0.5859738614236017,-0.14005961579302229,0.06685456302216672,-0.5859076887657879,-0.1397246519277903,0.0666392771488294,0.0463010584650369,-0.9853736642611453,1.8127305302320664,-0.904155863558131,1.5458959761589206,-0.0190421589824949
-0.553394141857836,-0.1325414017755263,0.067190449868687,-0.5533925872380147,-0.1321940052988895,0.06710073955636968,0.0407107821577565,-1.0323192517202182,1.9490242791746208,-1.1193575254000576,1.5831582092282712,-0.0412677995232826
-0.5205243862109349,-0.12557459288316503,0.06718852121475502,-0.5205808274782563,-0.1253365527942595,0.06703244016043955,-0.0261534177564173,-1.0870318370985856,2.0594509005727195,-1.199819792734624,1.231723625305131,0.1585987550041583
-0.48809600708616663,-0.11682883260929999,0.06569476086657923,-0.488130528426413,-0.11669765859385295,0.0655933926402169,-0.0437606738088458,-1.1429977501337167,2.0008801305358865,-0.5749626009624169,1.232274124926449,-0.0194769388526512
-0.4556209515053956,-0.11016429394547937,0.06725718424588936,-0.4557118969461835,-0.10992460519398245,0.06720435067509309,-0.0612323440698201,-1.1888832695266534,2.252704697244697,-1.2970005658285573,1.248648911308056,0.1264626892969635
-0.42352447374253677,-0.1020287905798717,0.0676134557879618,-0.42348373035012654,-0.10169719634046265,0.06759118585468557,-0.0292275813613982,-1.2212735575734894,2.3521901565719787,-1.4228679078673356,1.533570244748482,-0.1619885646095622
-0.390760131954462,-0.09479576205993338,0.06728357255665608,-0.390856338900077,-0.09453296975024979,0.06732409604405987,-0.1147155577045548,-1.2932417605817914,2.437704044397985,-1.3771337362164942,1.2360042774632856,0.153438734745039
-0.3772093455087784,-0.13854623630821522,0.06583114342196,-0.37725974147621777,-0.13833984016577996,0.06585850206571309,0.0011826779091044,-1.32553960069043,2.2959201300035845,-0.7146961479436706,1.23379226817912,0.0887982972826924
-0.4086267437718454,-0.15065275592997135,0.06717263058985339,-0.4086786860079941,-0.1503988945064328,0.06713902412497567,0.0454059736134921,-1.2495894664118945,2.329791669659789,-1.249539448125795,1.320023046648406,0.1193321343986046
-0.44038236972951544,-0.16086406494825353,0.06614775852430524,-0.440268543715802,-0.16069114271482426,0.06596272564768858,0.0988887145863786,-1.2059181223804762,2.113352776911663,-0.682989759154697,1.4931328703287132,-0.0317193495515817
-0.471888271739628,-0.1724745786862205,0.06701311009596193,-0.47178895091298123,-0.1721254315741892,0.06673461258446198,0.1493260833572742,-1.1458841447363546,2.0863389831661205,-0.9613565418257576,1.6918980822762384,0.0217878906999433
-0.5028132262515531,-0.18469749972563293,0.06749989248219013,-0.5028455056229221,-0.18433924269619592,0.0673760860841988,0.1385609060264596,-1.0773365370738417,2.0657399301185624,-1.258264192596826,1.5429497897544584,-0.0733077746894568
-0.5344673913323144,-0.19550533356781816,0.06708739361709715,-0.5344595555796842,-0.19511490174014828,0.06697571996137973,0.1753545327207204,-1.0330385450364288,1.92277965015833,-1.0243046485021252,1.7074119338213194,0.1059732485683548
-0.565952211813038,-0.2066420487483803,0.06664808033399071,-0.5659022097405486,-0.20624640662876087,0.06642826308350924,0.1829969054011098,-0.980091763516973,1.7698016407716928,-0.7602987388724678,1.692190182037832,-0.0973814716388505
-0.5971260888611969,-0.21792517402616773,0.06568167176574002,-0.5971066274761626,-0.21771572608150006,0.06556905290001074,0.1640391108359176,-0.9086803067758478,1.5845777012073397,-0.4187564366915888,1.4811731476274232,0.0426322723989747
-0.6285316801399389,-0.22967786836794982,0.06634442138394234,-0.6285324645852547,-0.2293961349489039,0.06625600251954465,0.1820667272265961,-0.8671058203632782,1.5598624210425829,-0.674777678528212,1.5505520908682886,0.031756102542527
-0.6598689913134874,-0.2412330376157703,0.06681910940228264,-0.6598897000343218,-0.24087272181836739,0.06678026260232099,0.2025322293019353,-0.8078142781023696,1.4970651242583335,-0.8499579941787503,1.6552606499538802,0.0329262173195541
-0.6598861647428083,-0.24100678315131804,0.12138990414992028,-0.6599075984359031,-0.24078310000778852,0.12130888341229404,0.1744486636260296,-0.8680839398096474,1.3692870424517194,-0.3931281423624551,1.4187923257074768,0.0150424045378931
-0.6287254625121714,-0.2293689185801599,0.1222124041051182,-0.6286673847441966,-0.22908552225974296,0.12205229772436912,0.1976392696535547,-0.9463564266245514,1.548595465212295,-0.6616747808213495,1.675291439591355,-0.1722466148600991
-0.5971860285297088,-0.21809558531042186,0.1217466364854747,-0.5971854375398699,-0.21786814104928462,0.12160206176169214,0.165353569296907,-1.0073638451418885,1.6218868757720264,-0.544276185370375,1.4911529131864372,-0.0902270772258964
-0.5656729674145732,-0.20708003218822557,0.12241482754591711,-0.5656938076405789,-0.20681671481070082,0.1222398616055705,0.1547101987318893,-1.0801647766414173,1.7985193835456208,-0.8428274287371176,1.4889241870409338,-0.0390801118617401
-0.5344287800448625,-0.19555349480226455,0.12283311130900455,-0.5343923886610905,-0.1952346982986126,0.12252134608215573,0.1605661724430453,-1.1375456317027357,1.9116466067006304,-0.9525569880351544,1.6068303964817083,0.0093963014789104
-0.5030581885874469,-0.1840386734212486,0.12262271096274137,-0.5030584457687493,-0.18374989233445915,0.122454208897261,0.1484956579054199,-1.199568958795404,1.9980442554713929,-0.9399060124850124,1.6059797696748603,0.106601304704883
-0.47154920044619664,-0.17284550396746673,0.12233129921197522,-0.47154915099645345,-0.1726610801291732,0.12224543141996129,0.1029682513402101,-1.2679430384417647,2.085717756206821,-0.9129946960326394,1.4163496567134448,0.153993620700791
-0.4404764833045063,-0.1608541023362211,0.12186837375321152,-0.44036545326247617,-0.16061672003974206,0.12173764816596025,0.1040854543683833,-1.3264165573365017,2.109247915305048,-0.6777380074450967,1.5217512036891376,-0.147712253241695
-0.40875068804574843,-0.15015886924282057,0.12310635511894283,-0.40878830121794796,-0.14994208331792092,0.1231030641883717,0.0898198371130498,-1.3705691619855245,2.328002065741477,-1.288343718719721,1.5472727546150793,0.0455090538356941
-0.377503886066353,-0.13872378751109302,0.12255561146281983,-0.3774887416455719,-0.13845449866099316,0.12254520999236393,0.0406019973947362,-1.4658113153440824,2.375417906359818,-1.0735578932482754,1.4209280163477531,-0.0317477634375911
-0.3911059928781394,-0.09372761455386804,0.12233535643405856,-0.3910198434811295,-0.09361908620379804,0.12226660950100474,-0.0821789191296491,-1.4718645603015563,2.3533341904711884,-0.968429025926408,1.3907905279808954,0.1718422014335248
-0.4231387826973391,-0.10233859911272508,0.12287582589736522,-0.4231995106339421,-0.10218905159218389,0.12293215346967366,-0.0856058621364312,-1.3775526292792355,2.3391122466380185,-1.3092606416229338,1.2433545702504354,0.2173809469650796
-0.4557043865016037,-0.1097616012347843,0.12214530642532134,-0.455690808890899,-0.1096111669751095,0.12210895076592097,-0.076193047205054,-1.333680552257522,2.1811732180080066,-0.953884206840602,1.1618850407475518,0.0824189428887209
-0.48851008530780926,-0.11707046820684205,0.12295003561520196,-0.48842682910985025,-0.11670364362236826,0.12286897560808027,0.0165506859787871,-1.2520084725198974,2.1314732940240173,-1.1575949708811002,1.5940033956386,-0.1439439685372034
-0.5206595877935063,-0.1252902286762128,0.12276364090184785,-0.5207193929176432,-0.12493380178130224,0.12272658050434586,-0.0040486911755119,-1.1963900258113236,2.0470207306448103,-1.1394874666439234,1.3758178148009923,-0.0978605443897411
-0.5533610225205753,-0.13244247765740205,0.12238912077781922,-0.5533451114634484,-0.13222977803838856,0.12224731358538359,0.017192527922289,-1.1427207750494313,1.904868641684983,-0.8970644249564041,1.4240558300215849,0.0900572886404345
-0.5857344264275494,-0.1402458321645478,0.12181678751629282,-0.5857293017922933,-0.14004526964698355,0.12177744020392592,0.0097590833468284,-1.0790076428906126,1.768748440773087,-0.7219907739400502,1.2810292080363634,-0.0975556567664313
-0.618526475006672,-0.14723802439121764,0.12169757066823551,-0.6184827360150851,-0.14695959364348013,0.12159479105770192,0.0553689806999808,-1.0062569168460316,1.619540887181632,-0.5413024246863145,1.5394700124294245,-0.1674028170202888
-0.6508906405071124,-0.15541550510568672,0.12286854823729365,-0.650803354377772,-0.15511749545876624,0.12275937637707326,0.0780106083182055,-0.9490349772497866,1.635053753358501,-1.0062476941630676,1.648975186608299,-0.186231856667693
-0.6835462376634893,-0.16266297260845156,0.12189168641811618,-0.6834849582270016,-0.1624294081756679,0.12184912665631874,0.078154767545429,-0.8814680157089501,1.428436825539852,-0.5904995638839319,1.587700581723977,-0.0016756542390186
-0.6830860876876461,-0.16353082492177098,0.17785412137063467,-0.6831477028004046,-0.16334734892944544,0.17786348773643462,0.0466115234244037,-0.9632312571514036,1.4792880757913132,-0.8161046503919538,1.320704121520171,0.0325600301752619
-0.6511318653570776,-0.15435532518392017,0.1770067063235223,-0.6511003019890707,-0.15430294465697877,0.1769245433825681,0.0701131055593866,-0.9959087332688208,1.4288636391106548,-0.3163095242787901,1.5857264027267206,-0.0050008657497402
-0.6182572495091986,-0.14768047131122577,0.17718282058671223,-0.6182827659737372,-0.14760216552302702,0.17707550407402092,0.0167667165345921,-1.0849187798578734,1.600893408356308,-0.5273770455566384,1.242269826126618,0.0235165186179351
-0.5856870521655725,-0.14041509181996162,0.1783825894300897,-0.5857038541844608,-0.140166405136519,0.1781637562785237,0.0242573224967106,-1.1637979144165398,1.8150250228796825,-0.975048112885856,1.387287842432186,0.0104943449503998
-0.5535077094786615,-0.13145619380473822,0.1768054133059091,-0.5534591620121164,-0.13142189504909532,0.17661527471739102,0.0148549226597665,-1.195528968780016,1.7201636690693274,-0.2990545688574921,1.4081442945180838,0.0366189320687593
-0.5208680153184287,-0.12463042697988404,0.17825470410623667,-0.5208734312445054,-0.12443164418754489,0.17821167963506726,0.01440016080373,-1.2959088624435635,1.9957485094053844,-0.9838502159178146,1.493446162646496,0.0528467474859657
-0.4884102556044738,-0.11664325880650932,0.1773757196025909,-0.48840470282502163,-0.11663423574722889,0.1773183137447147,-0.0322821631257936,-1.365078167120823,2.0060629680603155,-0.6621255928093901,1.3026979253744797,0.0909086342705864
-0.4561690989362264,-0.10867106480243287,0.17805088952267462,-0.45609349816599043,-0.10845318214661023,0.1778821757720552,0.000852256139582,-1.435001054981381,2.1255414338644085,-0.8255545442929524,1.5940827366731574,-0.113700354876121
-0.42339707215623484,-0.10157502464046059,0.17765675108599036,-0.42338206516709087,-0.10152847479357527,0.17769799828175975,-0.0852404974255902,-1.520302407925037,2.2263449856980664,-0.8615896411823409,1.245283688948691,-0.111522304224469
-0.3908496515879151,-0.09334181656896666,0.17648389775975498,-0.39080947802940935,-0.09331251450687089,0.17651703976555985,-0.1333385058288851,-1.5630271784822336,2.17880262688444,-0.3728607281535647,1.1446273572460282,-0.1638520104358654
-0.3771651386709664,-0.13906136406863195,0.17796723165081224,-0.37724202168836996,-0.13885127367890704,0.1780723759612638,-0.0057779870611267,-1.5997032033276264,2.3507813677014013,-1.0426208190416926,1.199930093381484,-0.0360344677813122
-0.40908033772886787,-0.1490197067502314,0.17685310676694968,-0.4090057635631531,-0.14894485166013866,0.1768065500402432,0.0673105699044844,-1.4880012219742529,2.1005936775839764,-0.4040754546820237,1.4326303055955218,-0.0618568904575123
-0.4403309262137086,-0.16119180574921413,0.17789410724885718,-0.4402827391170895,-0.16099656999643983,0.17779161918332015,0.0888803261794901,-1.440503326960327,2.130341157550588,-0.8202677073269031,1.437907489546301,0.0112278555466267
-0.47158081762328985,-0.1728017584791991,0.17821381903177802,-0.47157258341805625,-0.1725682836389445,0.17812990371183682,0.1130615529236509,-1.3665753196084125,2.0752184696046285,-0.9496370784370408,1.4763695582544178,-0.0821943454766982
-0.5031312339286574,-0.18370760114498214,0.17793419159315985,-0.503153518119172,-0.1834636970608333,0.1779195996735235,0.1534106386164659,-1.292609447872215,1.9454433541231184,-0.7970686183516702,1.6372511515490382,0.0591113184660936
-0.5344583853330478,-0.19494252994791075,0.17686552242325812,-0.5344708997170909,-0.19479694345286114,0.17676542371776885,0.1336275443579553,-1.2010849452447565,1.7347701636402002,-0.3454734894420586,1.4245954049422167,-0.1849802404216469
-0.5656819338323933,-0.20698879422812066,0.17836447416141235,-0.5657020336921113,-0.20675771529103498,0.17807609970598337,0.1599626687589883,-1.1627635306438688,1.788242618613519,-0.8700798106746417,1.52659138684324,0.1632532680307736
-0.5972903941571277,-0.2179549300162465,0.17840391340534484,-0.5972491839118325,-0.2176370011274189,0.17816204668676736,0.1998838901383877,-1.0881255942694876,1.6701155091080322,-0.8259471715730187,1.7543051754843262,-0.0936555488970802
-0.6288144230087287,-0.22888180646908646,0.17699181012432658,-0.6287986900521166,-0.2287276741054662,0.1768830455142624,0.1894123968040921,-0.9898262650341224,1.4124040519154466,-0.2726056693913214,1.6092742660370307,-0.1200279508320765
-0.6599332609044133,-0.24076012096168894,0.1783996076491795,-0.6599469633395837,-0.2405020668538407,0.17828080441852445,0.2178636132771934,-0.9520115648378508,1.4653844586325215,-0.8289217298704039,1.7859606034251891,0.1108620079389997
-0.6601117639497915,-0.2407919845436947,0.233275256876981,-0.6601025893580881,-0.2406235270447289,0.23309252887375137,0.1884861565368285,-1.005573040283304,1.3479831970181504,-0.4732034892636072,1.537092150488922,-0.0032888846296112
-0.6286772497388852,-0.22941480248828344,0.2337338070905859,-0.6286759809403899,-0.229145070144013,0.23347289032985963,0.1917812277169286,-1.085492113397625,1.4991760653360924,-0.6364155176793935,1.6282444625381478,-0.085859217191448
-0.5974579763912831,-0.21741229939998213,0.23329170532532278,-0.5974927850888491,-0.21724532263814592,0.2330488848132055,0.1931377717095714,-1.138974930444495,1.5342077684686943,-0.4402971181461192,1.7023448804014525,0.1267191724158132
-0.5660363405003516,-0.20605572352933543,0.23255792069191789,-0.5660322859595384,-0.205998745383447,0.23233267056918905,0.1537900728325532,-1.1909167498591806,1.5678614601677978,-0.2209445137228374,1.4823210293930096,-0.0481051335128244
-0.5345879341039572,-0.19500489271310079,0.23370368770363648,-0.5345764443410124,-0.19476811412582928,0.23351405801196862,0.1665012256167859,-1.2986397918716968,1.8005413693794567,-0.7008646594614665,1.647060222983872,0.0824377738340991
-0.5032829099564022,-0.18334444871650873,0.23301219923288588,-0.5032722249798802,-0.18324518465071338,0.23283522196438092,0.1353604276974391,-1.358820343966965,1.8237280263594784,-0.4539811840153018,1.5226533027787124,0.1204915488971432
-0.4718165920263408,-0.17218797400731936,0.23316056530044277,-0.4717923909258761,-0.1721183094482875,0.2330117386855805,0.1060676903794033,-1.4443408732056928,1.9461285866327136,-0.5702164529780314,1.434813967594689,0.12354823914356
-0.4406507635227662,-0.1602048686097582,0.23365540102923377,-0.44057824866196205,-0.1600936502744308,0.23344967928191648,0.1435456959603733,-1.51316373924778,2.0429913747240818,-0.6744291614695048,1.7406704962153323,0.1256413965353942
-0.4090388847478661,-0.14919072510643094,0.23257769582253868,-0.4090191555443735,-0.14921810051331558,0.23250540967767477,0.0423218560682512,-1.588125064073452,2.066856169478899,-0.4061011625462409,1.3040009594852284,0.1348556468237824
-0.3775906184108836,-0.13810022949944642,0.23358538475618612,-0.37761995896341716,-0.13800909802250247,0.23350089935193394,0.0420667400029133,-1.7003443210148954,2.2510560668744546,-0.7954595003434042,1.4277848242762374,0.210175137425665
-0.39125886619020517,-0.09291778240991495,0.23344849726381212,-0.39119882648097665,-0.09284373666902913,0.23334295358690796,-0.0499939098710706,-1.691636612584115,2.221224104161532,-0.6965669276779165,1.5412444819771045,-0.1379127488664542
-0.42368079977952267,-0.10099834540170347,0.23339839642607782,-0.42359398488927574,-0.10093769168737485,0.23322678793780535,-0.0561023153872826,-1.611131176118631,2.146694665798435,-0.6969632561852324,1.3965302167932254,-0.0348753996300499
-0.4560321778001613,-0.10878300362473892,0.2329618642813457,-0.4560155105121798,-0.10879469027696444,0.23292819252991434,-0.0534575663639218,-1.525747053519842,2.040684286465994,-0.6031480704602581,1.292869678403072,0.1974409961537913
-0.48845274314115783,-0.11607375629703366,0.2320054733546408,-0.488453143073223,-0.11611305580108615,0.23196173511121937,-0.040311198199074,-1.4002879785748334,1.8317113592362944,-0.187629487136034,1.2535801274359608,-0.1438084386974418
-0.5210108682909614,-0.12417403824488435,0.23395677466648268,-0.5209716057802247,-0.12402776015816838,0.2338149304330454,0.0304317167908183,-1.3752423573665429,1.936318975233436,-0.8798502115912781,1.5951300148518106,-0.0331276129525845
-0.553666664961598,-0.13165805238525216,0.23316293247643213,-0.5535884212157047,-0.13156563267823848,0.23302275982106843,0.0263200411409472,-1.2959812950710072,1.764963292482979,-0.5502587676213535,1.4859304885727314,0.1433052280581588
-0.585917621546143,-0.13998042365067784,0.2332307589927642,-0.585881073973321,-0.13984315774995837,0.23321307328846266,0.0172355037341858,-1.2340757498316917,1.7119806985083033,-0.6801269781481483,1.3361211629688745,-0.1028245870948736
-0.6186831370375583,-0.1465856582553981,0.2322305189913596,-0.6186299967523047,-0.146601914040513,0.23214935172862283,0.0461771667085599,-1.109459002620702,1.441797479466392,-0.140722839625353,1.469726159885866,0.1417920091482458
-0.6509365149097541,-0.15515471145413456,0.2326795231332659,-0.6509282264536065,-0.15514173294028283,0.23269579557202572,0.0327064691994558,-1.0755076819274665,1.4429568254438685,-0.4370059195576279,1.2837759148225256,0.1482836542395933
-0.6835659940384196,-0.1626971216174848,0.23355629879818607,-0.6834651912063846,-0.16253751065689348,0.23352410838481494,0.0774928416138784,-1.016928383979934,1.407404381039436,-0.6718888022812584,1.582137426168896,-0.0495749829579934
-0.6838104222736899,-0.1618448135042192,0.2873328792810604,-0.6837404303935157,-0.1620503491869154,0.2871374923417961,0.0514066933688814,-0.9431413751109918,1.018809578090054,0.234402476676812,1.3618856229808056,0.0690760962446828
-0.6509466213126011,-0.15514090115752088,0.2890641697859794,-0.6509798573656952,-0.1550276671226223,0.2889579038243885,0.0507309511396183,-1.141715000708318,1.4518684816307357,-0.6028244429653684,1.430589714441889,-0.125075758428113
-0.6183246507621964,-0.14774163977939356,0.2890249236920884,-0.6183372140789691,-0.1476841226981886,0.28893349826327996,0.0226927080924173,-1.2199992812845109,1.5711789885140108,-0.6753730806455334,1.28900568355225,-0.0706649504629992
-0.5858344138848876,-0.139941487639585,0.28915487387485606,-0.5858457924141545,-0.13994065286190094,0.2890495107837867,0.0146853114646781,-1.2960331081444054,1.6806480887392858,-0.728560137246089,1.3174112255149577,0.2481906753977747
-0.5534448151991326,-0.1321431695395409,0.2889469223923383,-0.5534533365462622,-0.13206612861099576,0.28885455365120893,0.001692519859306,-1.3672202621618397,1.748897350542447,-0.6466727179916183,1.3178161603364185,0.0930734900862955
-0.5209385558233026,-0.1243253631747608,0.2888539926772183,-0.5209623360475649,-0.12438174426877165,0.28879491889303954,-0.0186024686404358,-1.443046041647419,1.8350890875620696,-0.6437155007248849,1.2815150668592743,0.1887309951431031
-0.488553083941624,-0.11622722316830657,0.28792798985771567,-0.4885995613732407,-0.11627337120860588,0.2879316839663045,-0.0454437234510667,-1.4859076226768622,1.8129480168532988,-0.2849071526610012,1.2218285265055917,-0.1391696943326508
-0.4558533618271012,-0.10913566003309541,0.2887963031466581,-0.4559080159971303,-0.10918971362345178,0.2887872730090459,-0.0755055333705212,-1.6057452584814087,2.016126332239102,-0.7049982800416936,1.1659295531003124,0.1059660802696988
-0.4236672250286153,-0.10062590527911265,0.2884968117848913,-0.4237246288923045,-0.10068338940779423,0.2884271395402298,-0.06566235303158,-1.6711631515873469,2.0278914180763383,-0.4558233556389335,1.3473538460744765,-0.1076418324941275
-0.3911969922701859,-0.09260532304183354,0.28761582280187414,-0.3912246451467332,-0.09271253383354441,0.28761823945652804,-0.1103441383544066,-1.7130118636636589,2.0104992921984923,-0.1345717154304795,1.257101726363528,-0.1987996994446947
-0.3776040647239922,-0.13820380110401015,0.2890326683772579,-0.37759433259384617,-0.1381495189354684,0.2890170090949295,0.0160424281119828,-1.782409920611015,2.1797142136380465,-0.7245500274773553,1.3050971678899153,0.0741688082469265
-0.4092269238274541,-0.14874450854670215,0.2888596106398928,-0.40928754462796635,-0.1487450080799228,0.288689889016775,0.0926295534788201,-1.666000426853026,2.028402212226357,-0.4796298211905099,1.5615799152487373,0.1499549560914812
-0.44062846853885673,-0.16014376983797243,0.2877898861809557,-0.44058965874102196,-0.16022821786529223,0.28772084911459633,0.0762318288461156,-1.5417478166199972,1.8472463453296248,-0.1310557471919868,1.3677168412597285,0.1062677883836564
-0.4718240111381492,-0.17194500389642714,0.2896117668054934,-0.4718161159065599,-0.1717750920492356,0.289459867361247,0.1516881058116785,-1.512432870967139,1.9431030668776577,-0.7813442635042742,1.7060916565969348,-0.108574734001575
-0.5031766593022642,-0.1834428208695691,0.2895441286198621,-0.5031871985575413,-0.1832592674315639,0.2894004830484533,0.1609085620314392,-1.4361813195929485,1.8535200526267008,-0.7522149483423908,1.685146464876934,-0.0061201719172663
-0.5348469266257387,-0.19445334688699265,0.2883467107980743,-0.5348112136588251,-0.19441708380870285,0.2883163450853592,0.1546766573301967,-1.3315760676264998,1.6359440363324511,-0.2914540399428964,1.5670119713198396,-0.1109696672697029
-0.5660092771682119,-0.20635647348638936,0.2881047699492254,-0.5660252210062174,-0.20632876807200354,0.2881654209919051,0.1381977108889365,-1.2608276120896649,1.546449423583124,-0.2863793628925464,1.3697441810332052,-0.1086100567994976
-0.5974202829390611,-0.2176137497196581,0.2881992320351632,-0.5974504570089485,-0.21767665014295723,0.2880109975973546,0.1512317680316584,-1.174856432196289,1.417094606244058,-0.1946510012830273,1.383442060237945,0.0373090555588704
-0.6290247308135465,-0.22865424140416715,0.2876857108113227,-0.6289980584393211,-0.22863509272521298,0.28767714803921246,0.1778024961060906,-1.061571346346618,1.2223454997112526,0.0320611946800211,1.5164796364446058,-0.022479250803904
-0.6603348031405182,-0.24054007045930362,0.288361568865019,-0.6602894703077953,-0.24043822197682269,0.2883218351273234,0.1839654905361669,-1.0304296499823624,1.2211860582014555,-0.2406765166196676,1.499095467269556,0.0213781943192237
-0.6603656068876381,-0.24057117052407823,0.34406788619184986,-0.6603549297570499,-0.24052713352337068,0.3439894961085491,0.177651287469303,-1.064121858844322,1.1469148266964933,-0.2052039543720365,1.445885537068155,0.093932061039212
-0.6291756307343227,-0.2285319492077237,0.3434048224404234,-0.6291509278064678,-0.228614852626609,0.3433077515353299,0.1764167711673585,-1.0877328771330692,1.1273252573658965,0.1072730183120045,1.5053983352190032,0.0347247687427354
-0.597560414762329,-0.21764581805043517,0.34400121958851515,-0.5975611938884802,-0.2176755236208719,0.3438361584413431,0.1523781492299916,-1.2207700374167805,1.361113399772857,-0.2056146178735503,1.392239678688223,0.1704867081986547
-0.5662334323301955,-0.20590869133349668,0.3433703621678236,-0.5662643685321148,-0.20599698234841837,0.343400398354445,0.141991928534034,-1.2684162876218548,1.392000145145456,-0.0249793370406599,1.3972862984095809,-0.0323406056949835
-0.5346920610453848,-0.19473365300152262,0.34468436962670973,-0.5347410319322091,-0.19470171978388684,0.344471299426165,0.1496969348251413,-1.40062161125134,1.63338166428277,-0.4649419291806871,1.5333783736053554,0.1542204841474261
-0.5034546810697984,-0.1829629343446201,0.3447205423550324,-0.5034854996766718,-0.18287269117756716,0.34445387477783135,0.157285501447649,-1.4680725529384702,1.6992143156929922,-0.4187475492459911,1.661966857261688,-0.0860572186197554
-0.4721188062563593,-0.17135923463185376,0.3431821349464068,-0.4721522070810331,-0.17144853384956937,0.34317368503177703,0.1017067215081688,-1.486227677081647,1.6387405965869437,0.0441031521694532,1.408823362546693,-0.193716494344077
-0.4408477511639692,-0.15966864034261288,0.34352705270816714,-0.4408447443472089,-0.15984050936035715,0.3433658232014075,0.0979281860177567,-1.5753522581723425,1.7391297841869324,-0.0137540949550967,1.4878393555783995,0.0308140439383226
-0.40930721490229277,-0.14862486146026496,0.34469765515108625,-0.4093509076932532,-0.14865744319625837,0.3445051569525626,0.0982008458071779,-1.720809450299292,1.957766177887444,-0.4713488915141113,1.5899770336534136,0.118722592109846
-0.3777500264956288,-0.1379501959564859,0.34437491855936253,-0.37774848535298466,-0.13797554653457497,0.344435238393483,0.0095217311382942,-1.8312855101692749,2.0670914600874823,-0.5678757028496109,1.27395416666704,0.102029902284789
-0.39110502724368257,-0.09235491078433561,0.3426426867290882,-0.39124519084783677,-0.09260445375532905,0.3425946617706885,-0.1295700608125902,-1.7008282744177947,1.8338182627434725,0.2012701161605812,1.1633389211301886,-0.1345382906338526
-0.42368486415419904,-0.10076548683327508,0.3440120463046301,-0.42373046031532335,-0.10094116934630282,0.34404393724865046,-0.0929083687965253,-1.7283135611301408,1.955068281553217,-0.438801625818547,1.2045692534906518,0.1221843290969939
-0.45606128226267284,-0.10865561716621315,0.3441556559080018,-0.456160526765399,-0.10876019781780283,0.34411815823062525,-0.0684758112631809,-1.645641179821118,1.888477596945246,-0.4762439961624167,1.2069495677828836,0.0991802791726321
-0.48886651325610564,-0.11575458494712554,0.3437479756724902,-0.4888536132000436,-0.11584742385274685,0.3437425468584357,-0.020254388561764,-1.533347156126687,1.7320302322494534,-0.2298662665239406,1.3753052726674246,-0.0643229813613928
-0.5212366460721259,-0.12341900727837758,0.34318453280848205,-0.5213123204395771,-0.12355420422583983,0.34316421684399034,-0.0165665332847613,-1.417009006733453,1.568685637124764,-9.855203686814916e-05,1.29482463609399,-0.2132654612961699
-0.5538025032167676,-0.13112118375034143,0.3432525361267372,-0.5538218463855469,-0.13129413496880604,0.3432695371082887,0.0016789990871632,-1.345158830523303,1.4880140874000736,-0.0275670294690795,1.317722601143516,-0.0048622110955389
-0.5859978940189373,-0.1398050599501705,0.3443369510221586,-0.5860072316991326,-0.13978229363622388,0.3443509118994693,0.007292665729206,-1.3329702063183748,1.567195373041173,-0.5385438256473769,1.2626853344673092,0.0572039788250902
-0.6189499385266327,-0.146308153991156,0.3441033824855134,-0.618903668289533,-0.1463874421217119,0.3438684075591413,0.0592307366014632,-1.211418563532065,1.3413091944822213,-0.1632979327169588,1.5687271658762685,0.1050881086348409
-0.6511908046232344,-0.15486427225463986,0.34417432482628596,-0.6511651936429101,-0.15494434829820192,0.34405273350540694,0.0361059467794055,-1.1607357395818845,1.3067173333164188,-0.3402449205195763,1.311809994650635,0.2048451314554928
-0.68401613100721,-0.16179450747047452,0.3428856436442436,-0.6839309698474165,-0.16204621447235734,0.34279497315244484,0.0498700252094752,-0.9630740093729564,0.9168251743815894,0.3013075920458568,1.348727371939228,0.0524658955133867
-0.6842197315619533,-0.16152956218943135,0.39921323812863985,-0.6841651308782367,-0.16173226799340507,0.39900639295187623,0.0694197707517401,-1.0110559792400418,0.882534678214312,0.1919189369504592,1.5143110166336475,0.0078696108542835
-0.6512017293546261,-0.15476339467560682,0.39992033745801275,-0.6512625254112953,-0.15492028686127154,0.39974472057931437,0.0344159263307104,-1.1844334570116095,1.2164229811776028,-0.2991212040237667,1.2978981287276756,0.1118350260135994
-0.6189846164457184,-0.14640933971375564,0.3992301081050485,-0.6190379491111541,-0.14656562356086694,0.39913645810494536,0.0382985277003831,-1.2144503273997038,1.1957499908934164,0.0216162070142011,1.4096684528442776,-0.0200813568615569
-0.5865227324969577,-0.13864282687210666,0.3997713183433573,-0.5864939469061915,-0.13870656898827144,0.3996069126696853,0.0440554171826255,-1.3221110234999518,1.365325878547675,-0.1620954956710205,1.52980243812841,-0.0209253993121318
-0.5538298693761198,-0.13130627646499482,0.3996117793944317,-0.5538944995130873,-0.13143060551114072,0.3995908966386909,0.0070235469451311,-1.414807919930053,1.4895028111882862,-0.2433222958321921,1.354578711680066,-0.1004753778282383
-0.5214044353717324,-0.12316312331489276,0.39872808856395814,-0.5214952586134247,-0.12344622863502734,0.3986846219345634,-0.0178430171888503,-1.4295809098742331,1.442415805734707,0.1308184806318384,1.286485465658159,0.0745083183867478
-0.4887838894372743,-0.11591751246569412,0.40005447007237077,-0.4888121635737504,-0.11616372771089185,0.3998947382527471,-0.0283310901498969,-1.5944302128078238,1.7127887917061138,-0.4088612180956277,1.3266586270174976,0.1625601711942317
-0.45634034575165056,-0.10778873535641369,0.4002654025475177,-0.4564526854321292,-0.10790260943894957,0.399951016460095,-0.0139110833004512,-1.6657651104458429,1.7692281580336786,-0.3491786899258509,1.512717906918163,-0.0440972958387497
-0.4240306117364414,-0.09955262807935475,0.3998942854138382,-0.42409284854549123,-0.09979048630411995,0.39958692590174955,-0.0236858593632547,-1.721616401890286,1.7819074673998898,-0.1621614488315144,1.5617833577455098,0.1587160627290464
-0.39159093595680877,-0.09222318128681127,0.3995152291551687,-0.3915726214419099,-0.09250453795432079,0.39952348782874975,-0.0892117705463357,-1.8238876297518585,1.8740312135006487,-0.2056545968341225,1.3576916289807723,0.0393242921859244
-0.37807919129147144,-0.13739705084446951,0.39941234475799026,-0.37810985872282143,-0.13751663168823244,0.39943963287311673,0.0072321280242868,-1.8248290801120752,1.873174726287357,-0.2006702844840471,1.2629673012358982,-0.0772621941166358
-0.4095721356850548,-0.14821883903350408,0.39978963606760337,-0.4096286942243539,-0.14833286190742062,0.3995364566091592,0.0903042595485676,-1.717607158707298,1.7731084373184212,-0.1338603435329237,1.5497391224579324,0.0066595061172636
-0.44084053711285043,-0.15987169817047717,0.3993201355571528,-0.44095863219677844,-0.16002576827462145,0.3991575900977703,0.0835892686534798,-1.620208192781086,1.6650746561619982,-0.0263410116570987,1.4086164895993765,0.0051065492873365
-0.472258243494479,-0.171254722518996,0.39886116113305914,-0.4723434008261841,-0.17138707773922765,0.39888692518889474,0.1031722328530087,-1.515052754262405,1.5397747172427856,0.0979741486894907,1.41756594853066,-0.1619848642643901
-0.5036481946458948,-0.18266799371844494,0.39888005773752566,-0.5037251818523291,-0.18280976725001813,0.3988558875756935,0.1219352438838434,-1.4295649435872528,1.442113971359838,0.1272890881916542,1.4373818501486548,0.0023282901223264
-0.5346863504905854,-0.1949098814509491,0.39978322380400605,-0.5347996196441098,-0.19490870802223675,0.39982112175698653,0.124845064207486,-1.4257890250118064,1.519612646868464,-0.331337503942497,1.3646432715144972,-0.0972044912509848
-0.5664730473613349,-0.2056292864599785,0.3996130581528828,-0.5664866210979784,-0.20563835071308484,0.39944976970326646,0.1666565331405287,-1.3038387300270058,1.323391974125964,-0.056722862011187,1.574567102744946,-0.0728688544051032
-0.5978725022064479,-0.216716947652195,0.399785164205962,-0.5979018496729478,-0.2167993198249725,0.3995949580392643,0.1945820220305805,-1.2176042905026738,1.2124774149461972,-0.0498894957088964,1.713430826335216,0.1649629517188091
-0.6293073990900846,-0.22859680086119313,0.39904571874054307,-0.629297384474241,-0.22870809170116635,0.3989037037839313,0.1691019719875419,-1.0975689686249115,1.008221192834668,0.1923144930632689,1.4467927852066644,0.1097730814785209
-0.6605419489388393,-0.24051272782657446,0.3997799161404866,-0.6604938728115448,-0.2405088070718022,0.39958451442855714,0.1744230440729666,-1.0749255697786275,1.0302123318608132,-0.1141096154979761,1.418575477402996,0.1217621276703222
-0.6282906068479949,-0.3150007451579454,0.40024007837144987,-0.6282129025435007,-0.3149964020982006,0.399987062251209,0.3228411920710829,-1.0769432411614428,1.045297155835578,-0.1748999322732252,1.6887109640305376,-0.0778750401979118
-0.5982347487466074,-0.2999357774130337,0.40052631945715367,-0.5983010549014716,-0.3000053265281182,0.4001242255051365,0.3169506130748845,-1.1718694585854346,1.194350773853567,-0.2671594090483524,1.6991304240086222,0.1150771768394496
-0.5684583099750489,-0.2849300553945251,0.40031224433277146,-0.5684816092855546,-0.28489818211950413,0.40013429461290867,0.3134167978780446,-1.2515877264245427,1.3012696437949405,-0.2830670591476765,1.73250726389342,-0.0727946448715948
-0.5388727582625014,-0.26959537054046673,0.3992443969304932,-0.5389034186642003,-0.26959544461023394,0.39911072404104153,0.2975784112942929,-1.2589650413867837,1.23201399994519,0.1550044531124119,1.6793512488081266,-0.122703754604529
-0.5089619558619254,-0.2545240254322025,0.39978643908124933,-0.5090337162470517,-0.25450105103724463,0.3995601048066303,0.3003813488773637,-1.3681744667248292,1.397379458477083,-0.0359734395726345,1.767090193352094,-0.0955190030060495
-0.47911466419527426,-0.23938396016440439,0.399514691648034,-0.47923092232190295,-0.23942376839989818,0.39934542402737694,0.2872819924189005,-1.4327074752186566,1.4587034163083734,0.043003748945972,1.74968510900581,0.0330573509414779
-0.4492311816533121,-0.22483761442192438,0.3999487343127373,-0.4492856734989905,-0.2246828764706394,0.39977619007490095,0.2673944012918827,-1.551742376688604,1.6243319508615226,-0.17597628667446,1.7021922186774194,-0.1606543158842086
-0.41952731075970173,-0.2091208596416831,0.39942991172315323,-0.4195962621573808,-0.20922253073839295,0.3991978373788527,0.2656057246637933,-1.576760222011616,1.602279982245301,0.1034447446801509,1.7729239427731551,-0.0024428878334381
-0.38939275940352136,-0.19497535170553448,0.40016142611571315,-0.389546929925896,-0.19485345891296807,0.3999531205868152,0.2221053846752125,-1.7352497830998397,1.816737824118116,-0.2800201059131049,1.6285496254177971,-0.1526613863817529
-0.35981157328684976,-0.17954265665067198,0.3993775739287956,-0.35989223099129836,-0.1796085150067794,0.39926576185977425,0.1910544846416151,-1.7755199235401296,1.796370246327638,0.0106732991002802,1.5802140611468474,0.0959065949956854
-0.33666715469851205,-0.21940169057312248,0.400068935984605,-0.336695169488012,-0.21948917369088758,0.3997136680417455,0.3799797626937518,-1.7599361567999618,1.7965234531616048,-0.0662664045720968,1.9306131500801784,0.0040432051370493
-0.3643827695392565,-0.23839124232596667,0.3999038055112615,-0.364461166598012,-0.23843327092954333,0.3996147955415641,0.3515623107545327,-1.7025199069890216,1.7530825662156948,-0.0971621455947611,1.6959012742750943,-0.0549830722011464
-0.39232284288184344,-0.25653573347763237,0.39901897369306877,-0.39239593634922265,-0.256680371864468,0.39894765553520045,0.3622078323193745,-1.56777765226426,1.5816619140033907,0.1821630111701635,1.6621244299110849,-0.1490661616287329
-0.4201827659145891,-0.275121196545872,0.39972937814005766,-0.4202339347025951,-0.2751520979574642,0.3995809170805125,0.3884464958902507,-1.53235277057739,1.5846198749506328,-0.0669880717615849,1.7304793684596236,-0.0722651528828404
-0.44802047171361203,-0.2934588081555376,0.40008052116989673,-0.4481057597075204,-0.293437457728404,0.3998100775829527,0.4132845645329865,-1.4591357868592747,1.5185870604851717,-0.1355997007623339,1.8126648845239544,-0.0717763877068167
-0.47610980661498703,-0.3115512284060423,0.39882999136913655,-0.4760749237020548,-0.31170861650225523,0.3987597327056797,0.409288247506038,-1.2969988581009586,1.257752871981177,0.3257495160436092,1.7157832676644986,-0.1308212175995384
-0.5035951176989376,-0.3307929298134868,0.3999986231938127,-0.5036554589058011,-0.33068110718360333,0.3999941353980178,0.4112280017270762,-1.32891488892434,1.3899545848803443,-0.2461183549992722,1.659811762898732,-0.1809199171187043
-0.531393735893027,-0.3488735825712786,0.40080056078319537,-0.5314718796098935,-0.3486351570742933,0.4005726618503414,0.454061554458836,-1.254963681045108,1.3343826995322097,-0.4325711248576587,1.924206296636779,-0.2873578174730058
-0.5598490507693454,-0.36649940017079585,0.39983734024695966,-0.5598394241115822,-0.36641731790939974,0.39955185217156836,0.4707684367961167,-1.073178494457235,0.981653342563936,0.1460007661545304,2.0140456698303435,-0.0931991824624232
-0.58735366878459,-0.3854255855888626,0.40076813335797845,-0.5873758773387172,-0.3852845991751598,0.40041724876454676,0.4683859717613026,-1.0761645271491656,1.066112257127395,-0.2950646595502331,1.9432178547707144,-0.0810071139978294
-0.5874022991161117,-0.38555775173332607,0.3446239300632908,-0.5873979958082995,-0.3853980521666773,0.34445339735832975,0.4602138615839264,-1.0482623593025222,1.127509771422483,-0.2270254329780505,1.8700882429307617,-0.0356706771162107
-0.5592913733356473,-0.3672620671434429,0.34515485942009305,-0.5593151540678345,-0.36710842970756663,0.34485753351639464,0.4578784292661333,-1.1507600003369252,1.3142222872684126,-0.4477163403555746,1.902001763329065,-0.2522461352909535
-0.5314800972094136,-0.3487366284552249,0.3450257091774033,-0.5315063858275028,-0.3485784797181601,0.3447673372801975,0.4567144938457903,-1.2204586096497834,1.3994311706294802,-0.4145768162218206,1.945877214129972,-0.2332259072116866
-0.5037724410627115,-0.3304450663083047,0.344148569106472,-0.5037342737944557,-0.3304100465815226,0.34403135162088405,0.421695775624102,-1.2774423710122282,1.4236883493919574,-0.148231899076964,1.735714320265508,0.03559093571539
-0.47596586196033186,-0.31165973522518153,0.3437055536475118,-0.47595703386067706,-0.31172310484991206,0.3436059917250632,0.4188856668245151,-1.3166420444836016,1.4422899716226525,0.045869317403592,1.781997143294899,0.1034639398528742
-0.4479421238599187,-0.2934049205687235,0.34477061529661207,-0.44799145979754484,-0.2932956821880399,0.344413621432467,0.4313535618455826,-1.434343533438339,1.636031499906311,-0.2925591645268102,1.933842699614873,-0.0764412196204702
-0.41989310069797686,-0.2756013151952704,0.34435812857014114,-0.4198966843615375,-0.2756012669122039,0.3442527933881318,0.3711169165898904,-1.5376622765748014,1.7539908084721798,-0.3228468648194202,1.6266994224812104,-0.0328437403643868
-0.3921891576828583,-0.2566794444087427,0.34445752948828373,-0.3922146652413101,-0.25672104872915313,0.3442341731706761,0.3895194952109455,-1.596299396972172,1.8001903971936954,-0.2574069835790542,1.816039399217164,-0.0479877053058195
-0.364069500283879,-0.23865998005820419,0.34496400172674174,-0.364143673235633,-0.2386346801096913,0.34464780801912137,0.3651447073378095,-1.7076825321875946,1.943312261137919,-0.4606144779616676,1.766562007956626,-0.0562665597279141
-0.3363410493603776,-0.21986773463146375,0.3432641181128078,-0.336441437469211,-0.21995249172383752,0.3431433053117628,0.3127508789103141,-1.703270924159694,1.8373421813150497,0.1450168305103956,1.6052275247670345,-0.0138339035763039
-0.30859616212297164,-0.2573048739414161,0.3447225083707514,-0.308697289498497,-0.2571932516583445,0.3444804105253438,0.504556510361124,-1.7567370111802834,1.9561019715475192,-0.3206052098050191,1.972822012837533,0.0573367453612378
-0.3343287921049208,-0.2785703831403294,0.3436978918229115,-0.3343501978367649,-0.2785836355061464,0.34344786185992665,0.4959342672162572,-1.6080329980994013,1.7556218209147172,0.1120026953647137,1.843002391335105,0.2444385783350759
-0.359805323945587,-0.30026952543122204,0.34466270404540655,-0.3598656358097586,-0.30015927230063244,0.3442473797226701,0.5299195073528118,-1.5765046800318434,1.7725616042523846,-0.2124587136840534,1.9572668157591488,-0.025908496127097
-0.38515065802041865,-0.32181336004549344,0.345280219168589,-0.3852392729960599,-0.3216213490643893,0.34488146765239774,0.5607566441064509,-1.5187458264961975,1.7636931102087203,-0.4938943723662126,2.0877930019531057,-0.0137750567664527
-0.4109717451041726,-0.3431286354059829,0.34393422448470634,-0.41106983282179654,-0.3430106726259961,0.3438109464452093,0.549741807885118,-1.3847183563800574,1.5305424715216311,0.0115156433845835,1.9478161850714075,-0.114369818041379
-0.4366233932311022,-0.36447136261903945,0.344473885054116,-0.43663419735852427,-0.36427766768303366,0.34425415896445466,0.5805172749208465,-1.3173933178359944,1.471716216846466,-0.1357584214160327,2.1156535639738525,0.0951558845308735
-0.4620836704536475,-0.3862696832134809,0.3441673974803216,-0.4621696609637963,-0.3861017913457174,0.3440276769916057,0.5666680342116557,-1.2461719179349162,1.369052978711073,-0.0562565435383377,1.95042986937452,-0.058365082761508
-0.4877771639727011,-0.40756928996780145,0.34363068521022283,-0.48779466872180455,-0.4074797848249862,0.34346988049328697,0.5696689918474145,-1.1164020893135267,1.1544609606529388,0.2297296209601063,1.918125726048494,-0.0679259847500279
-0.5128971152095362,-0.4297613623133171,0.3446693527461614,-0.5130193956562645,-0.42960146113853825,0.34450350465417195,0.5646217897889003,-1.137949177789075,1.2641129096126775,-0.2806734836059208,1.8213761611688333,-0.0714035525462253
-0.5386815559210052,-0.45086781753745425,0.3447319754149301,-0.5387412645625999,-0.4506151126662717,0.3446249918922055,0.5945265381916829,-1.03706262348625,1.1143299510604647,-0.251920379349472,2.033770982159428,-0.0290359255324865
-0.5385000088427813,-0.4513480113985247,0.40046990866311516,-0.5386205272619082,-0.451141037775271,0.4002654656375698,0.5689407989675286,-1.0795567158099124,1.0612558696014265,-0.23886758645498,1.8033574917933863,-0.1966079419725597
-0.5135718425902336,-0.4288934786037276,0.3994409296137672,-0.5135320016539416,-0.42889274162221547,0.3991946516448134,0.583661120468232,-1.0303574941448217,0.8921213811079882,0.3380409885215196,1.983412098516463,0.2482853026374294
-0.48768489529419246,-0.4074039241248895,0.4004082094657017,-0.48786462652249635,-0.4073152987957381,0.3998732639474938,0.5899137467897249,-1.178755073726119,1.1537673342346046,-0.0137986222650261,2.088731292945951,0.1199317220444347
-0.4623024308813526,-0.3858126043579235,0.3998835806668691,-0.46234925401919075,-0.3857054730880582,0.3996541307828682,0.5854052277105732,-1.2377189009975835,1.217529217340923,0.0813434229040619,2.101527037400407,-0.1160676783681702
-0.4363812428311364,-0.3650549430001949,0.4001718275130252,-0.4365612008304784,-0.3648919212961593,0.3999069186004547,0.5456675798835473,-1.3792412501994802,1.4291093994881106,-0.1426577321348032,1.8551473135541483,0.0321691599525237
-0.41092663513164823,-0.3433692826968673,0.3995371195818434,-0.41110773520254895,-0.34332461839119294,0.39936150609629795,0.5278513854316698,-1.4222079584330931,1.4414613564641252,0.0784457143789989,1.8009152067983385,-0.0665550539652573
-0.38496678812875923,-0.3222525222044544,0.40079810564663787,-0.38518533473370886,-0.32201260764936673,0.40047781120164117,0.5301997952310549,-1.569855028517686,1.6920531342231344,-0.4306766239367561,1.886822066009865,-0.092881567710878
-0.3599793664213292,-0.30004027989005205,0.39932415380089253,-0.3600703438607802,-0.300020209164536,0.3991881375528326,0.5185767410847633,-1.5520161444290002,1.568649326261287,0.1724085078141484,1.889751681556655,-0.0319028287750615
-0.3339496450956852,-0.2789229618672371,0.4007735867877001,-0.3341880445341997,-0.27877552893052454,0.40042707463441124,0.5188383486471468,-1.7209326934767182,1.8244918376178896,-0.3943960374671449,1.9684581975932536,-0.0707484936377977
-0.30831737046788016,-0.2578529201347924,0.40066532938831434,-0.30846842428943777,-0.25764689482471875,0.4004898979030235,0.4722275501143631,-1.827975698847253,1.927443779875844,-0.4511836023331841,1.810696625148444,-0.071262875128621
-0.2764915381547676,-0.29152576315825485,0.4004573768788276,-0.27671885142510055,-0.2913636600101969,0.4003064735630763,0.6135950353738622,-1.8012054645943678,1.8787682580849625,-0.3281870231049795,1.9352203301328377,-0.04712610129988
-0.29983269275900076,-0.315190125503878,0.3994518257189739,-0.2999598417283748,-0.31520490699281095,0.39916293076549164,0.6378716310967976,-1.6104201629122417,1.6212971966352328,0.2250092879050966,1.983558986734285,0.1031410115819011
-0.3225780161249806,-0.33973111417563456,0.4004071609013289,-0.32275622012851335,-0.3395960020335923,0.3999471751010559,0.6654587508366965,-1.5888690131896286,1.6504116557216149,-0.1229153717321964,2.0763973721629867,0.1035677529016125
-0.3454963683250814,-0.36407484967616277,0.4002968877174666,-0.3456403888381528,-0.3638631006671041,0.4000161768341434,0.6806489900193942,-1.5089543432193482,1.5718941695804949,-0.1422503594164528,2.112457752554608,-0.1270217172469561
-0.36829734155969646,-0.3884658248571977,0.3999298712176027,-0.36854401466066444,-0.38835374598155875,0.399771252552675,0.6749102093713102,-1.4242590333361105,1.461839360540332,-0.0334394647055016,2.009395897155588,0.0606999853253498
-0.3907113661597229,-0.412929942651555,0.40108401005816546,-0.39104495695013747,-0.4126633712420612,0.40073616057866634,0.7004660951968331,-1.3961292506415148,1.513798111317267,-0.5030335915493671,2.1446452283322106,-0.0936792488649298
-0.414202214058355,-0.4368612632089677,0.4002248674596664,-0.41437713777068785,-0.43663698590076716,0.39998466921171755,0.7121774923533031,-1.2531632532068526,1.258356383724406,-0.0584357593681992,2.19157503165278,-0.0026953356463317
-0.43663164365277074,-0.46164820788017913,0.40097192938974774,-0.43690696798518147,-0.46124482904564,0.4006528678525587,0.7136387101050454,-1.2313555155011828,1.2950798834220514,-0.4173779374221431,2.154948505687316,-0.3411554643830352
-0.4601763607808423,-0.4857464115260738,0.39907688209005304,-0.46021844349721924,-0.4856678226271093,0.39889561204305585,0.6930395674473631,-0.9970043041235036,0.8239439389781542,0.4835482231730852,1.922911387779204,0.0274695179687851
-0.4829557396620025,-0.5099082061151238,0.4002931298311846,-0.4830652521761507,-0.5097249694747167,0.4000341677234443,0.7231006139422664,-1.0025239639958312,0.9013670058592922,-0.0020633951255839,2.15321213858598,-0.0151188553006118
-0.4826944423820591,-0.5104219318694808,0.3446802962534051,-0.48280403217359114,-0.5101394425519328,0.3445126319057372,0.7072006902029369,-1.030721545688634,1.0935632358563092,-0.1866421085261138,1.9992620888235664,0.0587966248794264
-0.46017189200553005,-0.4853746211676152,0.34408092754161035,-0.46019773939912445,-0.48522202569559164,0.34377492818664024,0.7174874676281751,-1.0137543487419292,1.008575753683461,0.2277276337614973,2.143299430703588,0.2207627407351804
-0.4370394131457266,-0.46157458908490734,0.3440879114527954,-0.43711237502521716,-0.46149142775536506,0.34388018910528784,0.6851834091004916,-1.1568521445204472,1.235691267662701,0.0375542003394877,1.9113252772744067,0.1963813951089577
-0.4137114751966003,-0.4375308710135841,0.3449573900812199,-0.41395352917472783,-0.4372041075607422,0.3448304886726674,0.6938555028509548,-1.2885385257046305,1.4859984704811344,-0.4205458323423423,2.0363582416628443,-0.1770863591688556
-0.391200587172708,-0.41296189360790087,0.3438134011778555,-0.39131460218951797,-0.4128161889564547,0.34380054320376974,0.6692075025552735,-1.310106811653845,1.4376225987019975,0.0283005384076786,1.906523930557945,0.1505880529875405
-0.36775888305972765,-0.3886968598788229,0.3456664260649321,-0.3680237070411405,-0.38835837397755024,0.3452354417704182,0.6992649364322596,-1.4441872026483529,1.7142205040705054,-0.6633110963640081,2.191018488782671,-0.220531887352426
-0.34560851690482075,-0.3637339615328743,0.34408088133623654,-0.34566685279227805,-0.36365034943092,0.34373869182286926,0.6792848272020509,-1.4245394964344005,1.5677676698758545,0.1072970894866967,2.102887690491232,0.2650635222149144
-0.3220211158455304,-0.34020434782137227,0.34545891506982673,-0.32224893200409566,-0.3399183964108817,0.3451146659558741,0.6667962019983111,-1.6080229976191598,1.87786133521955,-0.6138007508068775,2.084991010652166,-0.300543087040749
-0.29954579234436657,-0.3155003732018279,0.34488149264854595,-0.29970739646989425,-0.31531945598081806,0.3445328233063604,0.6589221038252475,-1.6549649700034494,1.8641016054231048,-0.3122420145771336,2.106506350441947,-0.1656979652383721
-0.27690941436051764,-0.2908256249214865,0.34410609613361837,-0.2769824898982175,-0.29078661300599756,0.3438392913797959,0.6389389774493841,-1.6842031700000548,1.8407307094768963,0.0208807614962207,2.068501867458716,0.1802318578430028
-0.2413253743477828,-0.32070117101550966,0.34459271153564636,-0.2413988390660453,-0.32060552649316576,0.3441931009624749,0.7916651714139338,-1.6753761094044728,1.8493225487628404,-0.0891267462984979,2.2810013433096064,-0.1091650980456226
-0.26122002493059837,-0.34773188466230476,0.34365262406548897,-0.26123979704394773,-0.34767149930946367,0.34348089391633496,0.7653720580353518,-1.5651719574587484,1.7083714127094796,0.2021724137648002,2.0476288024179308,0.1057443073092754
-0.28027315863650293,-0.37546063250916206,0.345170607954712,-0.2805161133807233,-0.37526227512389576,0.34499291768915347,0.7619315805831421,-1.6169269852775772,1.8776052363442608,-0.556733836535475,1.9530527874618384,-0.2485604472604512
-0.3010157755710603,-0.4013769610282768,0.3445145664336635,-0.30107868887290795,-0.4012757701577152,0.34420427833757755,0.8081281378964578,-1.451820244949463,1.6241069132366546,-0.0946104916029106,2.1927028966107773,0.0685640732063204
-0.32086800089643913,-0.4279922566646663,0.3448618317219543,-0.3209765369781137,-0.4278158076651568,0.3445435924158394,0.8358862391529538,-1.3766040538242832,1.5575674935838937,-0.2376828525942018,2.362883733939652,-0.0305161915604639
-0.34088683227086775,-0.4551725944228078,0.34402407491267845,-0.34089961750144515,-0.4550485991331381,0.34387870071152826,0.809056483966339,-1.283970946499848,1.4014760461882645,0.0716978813701052,2.08262857309936,0.2336316611078874
-0.3598681816172149,-0.48270179787977857,0.34527313984921665,-0.3600660551512206,-0.4824481117473729,0.3452415969805874,0.8067710735907969,-1.3079818075061067,1.5532763187840812,-0.6281725133162399,2.0086934684813214,-0.193071255728892
-0.3808506326361874,-0.5083746770494308,0.3443318097418167,-0.3808419820049283,-0.5082407195080056,0.34409881617827387,0.844993536366192,-1.1015660234201912,1.1561247736081022,0.0895098347100709,2.300185463394648,0.0293947598124577
-0.4007196070562259,-0.5350751422985766,0.3447692418251519,-0.40071873596912894,-0.5348657775195186,0.34443378753639753,0.8604202552200046,-1.0333430429957984,1.0746819292868297,-0.0591412481437734,2.428385392711923,0.109059009096514
-0.42080769792788064,-0.5622151496497054,0.34375243359475827,-0.42067550869529435,-0.5621462444240832,0.3435538469331092,0.837702689409952,-0.8836254042654392,0.7862613833593382,0.4108479405413492,2.135534682414228,0.2736380037006034
-0.4203740155862395,-0.5623392184768922,0.40068808385762095,-0.42048565614651345,-0.5620969113258802,0.40045197208572264,0.8525041568904257,-1.0239137041346549,0.9678537997437724,-0.2198562877517291,2.2924465958091176,-0.3503615078805877
-0.40022177985453955,-0.5358893030136147,0.4007216907909203,-0.4004514435755759,-0.535656385070587,0.40043135917901945,0.8322846544818776,-1.133660022795416,1.1339198507993284,-0.2529921911579897,2.128427558270888,-0.2107633608728667
-0.3808943042087051,-0.5085204212669922,0.39967253366049876,-0.38091700451845634,-0.5084221047664272,0.3993540655508068,0.8339500730213509,-1.0877527667019828,0.9803265834366188,0.3434428657900685,2.1917181361511577,0.0099637625875224
-0.3607755911456035,-0.4820497361830699,0.39998847657086184,-0.36086113126730457,-0.48194823736718984,0.3997947274088306,0.8172413346805518,-1.2486129980290528,1.2391572204189707,0.0299538164151766,2.094197979801775,0.1278662546848195
-0.34104776033972406,-0.4547839343104761,0.39943090761539884,-0.34106959067695225,-0.45469574742877744,0.3992474868589478,0.8235127190301759,-1.2443513200584913,1.1974687823205397,0.3497542659976025,2.2001949176559785,0.0971892605315956
-0.3203059999466235,-0.4284379869412656,0.40119378274352896,-0.3205633685624139,-0.4282597633620912,0.40084088579999727,0.8215142071247001,-1.4692980412769336,1.6062180518344382,-0.5727914419965479,2.2384831081258234,-0.246658492996957
-0.30073308011018635,-0.4015050012270278,0.40079112874599165,-0.30091482180069673,-0.40135561256586216,0.40046588809756944,0.8140147385566476,-1.525380304292211,1.625426028875088,-0.3624086624602922,2.2371107891054365,-0.0017962191193916
-0.2811588566717888,-0.3744260041282669,0.40022554626653234,-0.2812525983349725,-0.3743309729970647,0.3999692407799068,0.8090933028064367,-1.5585710552933143,1.613723600421323,-0.0868126460601459,2.2621688406110447,0.05532810954218
-0.26086560317741037,-0.3482140962131993,0.40049999220464105,-0.26109237026331944,-0.34810206218500284,0.40014281480768754,0.7610897100572989,-1.692661491050803,1.7662368678762803,-0.2265507712497725,2.0227628963693505,-0.1091916121579554
-0.24120891800158756,-0.32102580798530855,0.40017640960022294,-0.2413981738409398,-0.32098900020029003,0.39981946185121503,0.762436269169287,-1.7347432339595434,1.7721537849939004,-0.0482185577252742,2.107854627558133,0.0713011570157649
-0.2024999468880513,-0.34640001958539884,0.3995215692436717,-0.2026463176069594,-0.34634410578185715,0.399192214669491,0.8984824139108607,-1.6356219558566638,1.6419500368636974,0.3273912145616662,2.221958802425622,0.169319794385121
-0.2187774647719919,-0.37591299940110784,0.40037339051194026,-0.21908537846142034,-0.3757382355992557,0.40007997522506145,0.9004222257303374,-1.6656106864521818,1.7292786431773592,-0.16321946864841,2.1606057417957896,-0.1121993292234058
-0.23582016618588783,-0.404205703243193,0.40003935571000776,-0.23599478402549467,-0.4041121059346992,0.3997585851920124,0.93960925950263,-1.5118595618702892,1.545717623580539,0.0731649749818559,2.3708055626543096,0.1600865333278989
-0.25216467926538305,-0.4338029366325882,0.40038816435398406,-0.25240718147337804,-0.43356743227237116,0.4001672289057264,0.9258370326212892,-1.5051211403706837,1.5745311245206537,-0.1879955495583272,2.202784787007221,-0.0296467301766707
-0.2687773405483172,-0.46224230577455516,0.4007717467874844,-0.26908541248463425,-0.46200636360256875,0.4004568918083234,0.9625037024652912,-1.4165267498349303,1.497892204665355,-0.352852660200381,2.462360063979244,-0.2671849521529301
-0.28509442245028066,-0.49151266192942816,0.4010921451860725,-0.2854302278649796,-0.4912370467347915,0.40084425910143734,0.9580090192386717,-1.3777803624784632,1.497272608557573,-0.5752437371067178,2.3645103497571203,-0.3959108611053246
-0.3024698471925067,-0.5198245812934299,0.4003277026509074,-0.3026485812486746,-0.5196581715322409,0.399978539880532,0.9754348959769076,-1.1901657049405607,1.1619034871224674,0.033749717908841,2.503974333508172,-0.0772617199576002
-0.31921257740306164,-0.5490313772456319,0.4001499647304807,-0.3193190991829774,-0.5488108760802813,0.39991109287233895,0.9716631673528592,-1.1129813239982544,1.0476262731279782,0.0924432928910241,2.412124491150016,-0.0770537180468586
-0.3358597487973285,-0.578439051980845,0.3996420568847914,-0.33593752985681075,-0.578262009353118,0.39959141323287234,0.95328003000862,-1.030168575054104,0.905991066285524,0.246578843838733,2.1731574143284123,0.2189099998154606
-0.35275773761237766,-0.6066506902288477,0.3998305601902967,-0.3526822494104919,-0.6065491945625922,0.3994833703430345,0.982958642498569,-0.8057884447091408,0.5257604502884345,0.5226421401655421,2.465844294006523,0.1696994546947761
-0.3517604494344452,-0.6070655020273843,0.3456227893890858,-0.3519767668460281,-0.6068222349974405,0.34538304492114363,0.9832851833568528,-1.0350067729696288,1.1811091309909747,-0.7047049897043407,2.4702881905722034,-0.3760129444070519
-0.3359985662539758,-0.5776197272624694,0.344545901620807,-0.33597829436855886,-0.5774694202317112,0.3441490240653516,0.9827117968245228,-0.9673895041879894,0.9498041883855716,0.1903718465498589,2.505198715457692,-0.0043271231447938
-0.3185901172874488,-0.5490135814166478,0.3456389570459441,-0.31881330613389774,-0.5488741408632909,0.34518147618958206,0.978459213684194,-1.1802464286557046,1.36605407118084,-0.6159527910809657,2.494254531169341,-0.2094663414250717
-0.3025823817083321,-0.5200718597831683,0.3440707265727384,-0.30259660542861966,-0.5199652763427588,0.34381830331260566,0.9551895513528584,-1.147341258608331,1.207200919273613,0.2409946673513427,2.286854722282792,0.1887229220395569
-0.2854726316634728,-0.4911640963512341,0.3451408015364296,-0.2856910474714207,-0.49093626321160555,0.34487037164491074,0.9696065765179922,-1.3110818231633854,1.5040047235076832,-0.4281749343341055,2.4857563939124496,-0.1214791875010892
-0.26914185996041223,-0.4622853338488519,0.34431028116604623,-0.2692292820794453,-0.4621283510023732,0.34413726964763625,0.9468084956440485,-1.3406699641873012,1.48344218332066,0.010447089629157,2.3141772340192084,0.1941321212172271
-0.2514818768901616,-0.4341998290193966,0.3454366330733911,-0.25178188267583174,-0.4339050982013279,0.3452562154377845,0.9166390168914368,-1.5269507629888346,1.8054898853142545,-0.664269912647367,2.1356753200561167,-0.2865231622248103
-0.2357099176877211,-0.4046578581715717,0.34436903352467807,-0.23581569733844118,-0.40448414798206733,0.3441165036246818,0.9176624068020258,-1.5180539270279398,1.6897652647149153,-0.0462823383286092,2.206561179760364,0.036200492669923
-0.21886704443718144,-0.37524419494419087,0.3452819220238051,-0.2190633019229411,-0.37510352599108626,0.3447892538557795,0.9484254048826752,-1.6147239571509795,1.8386560177132285,-0.4361758462531764,2.509895875940172,-0.1498484751320927
-0.20202343019436358,-0.346754293877867,0.3452384470531436,-0.2022419632425273,-0.3465540700908139,0.34491143454982964,0.9176226702184582,-1.729896939417216,1.9583698151359887,-0.4974048081414142,2.343729156927866,-0.2656792686273888
-0.20169363142639793,-0.3468820814344422,0.29002577014269354,-0.20191638262093636,-0.3466484300275728,0.2896771661248992,0.924369875204528,-1.6921883336328418,2.1075859155551253,-0.8307605967411256,2.390246039939256,-0.4314295266194166
-0.2181594285552239,-0.37596925979393214,0.2902471332416092,-0.21839879846449783,-0.3756912912713052,0.2898767043315413,0.9308557385933084,-1.6159998568901657,2.063136996672064,-0.9488851618388274,2.3674963593151146,-0.4571054315398397
-0.23490597799883953,-0.4051847802607586,0.289738871769455,-0.23511138775951668,-0.4049666109219122,0.2895980974948619,0.9121758710548322,-1.5505780869962338,1.96165857989949,-0.7302507212639098,2.16875266680732,-0.0270090321231992
-0.251741903748907,-0.4335720791818284,0.28999851769691054,-0.2519671389305166,-0.4333157524955409,0.28968021359305524,0.9570707099713625,-1.446243694751048,1.8564971188808128,-0.8277364203754041,2.464560964031338,-0.3604400388433109
-0.2691689068861825,-0.4622813270012241,0.2885759512404313,-0.2691659028390068,-0.46211728583668693,0.2884123720379931,0.9446249258049582,-1.2938427421682426,1.5567696842309449,-0.0057464265440265,2.295219047539123,0.0506814633539449
-0.28483070235468766,-0.49166950592401615,0.29016200321128083,-0.28508887798745397,-0.4913373441884293,0.28990835794452935,0.9629144863330676,-1.3085682557114182,1.7180002415067372,-0.9322242961104998,2.413750163713537,-0.4546568902075925
-0.3016762143235816,-0.5203273923774661,0.2900955321871463,-0.3018666829462875,-0.5200909137527829,0.28982606924997206,0.974212521851146,-1.22777093736707,1.601328682591114,-0.8920897491049606,2.4891902163771453,-0.5089408593054916
-0.3183435465806346,-0.5497058590727129,0.28977191488715465,-0.3186004583401002,-0.5494678213374911,0.28955505663189696,0.9556943327621364,-1.166122525772484,1.478043241211008,-0.6202297866009774,2.243460054296245,-0.2149088355522712
-0.335342372350376,-0.5781080327148933,0.2898406403909535,-0.3354546561203073,-0.5778924697386312,0.28955144911058667,0.9804701738408266,-1.0670970781329956,1.331470377026342,-0.6316239347093804,2.4753138114541544,-0.1231896678687949
-0.3525834836490516,-0.6071080337882296,0.2885059299643195,-0.3525384943535264,-0.6069527491058924,0.28835173908324524,0.9656454654527238,-0.8970979445532277,0.9636667397892776,0.1569467524684551,2.2567036728155943,0.0720146015951606
-0.3517591221993277,-0.6075508517990028,0.23413262224085274,-0.35191452666086515,-0.6072545547305898,0.23401477202684293,0.9703856381703302,-0.9657634171694314,1.318577237253023,-0.6816840390938586,2.309827167890332,-0.3906323647307532
-0.33555611777642375,-0.5785362977067587,0.23326202154887063,-0.335577598044235,-0.5783515540988565,0.23316758439383484,0.9536439450481023,-1.0055860375313437,1.3058350911931882,-0.235844097451995,2.176723603042989,0.0326602334112209
-0.3188178307834266,-0.5494883714227341,0.23343549103744357,-0.31889070425784327,-0.5493518062134138,0.2333229073824181,0.9542733989698736,-1.0833624633981769,1.4366780645771584,-0.3370247794663505,2.229615325102513,0.1178460387397444
-0.30164829134956384,-0.5208715703748146,0.23422896215962577,-0.3018064605873616,-0.5206329194091905,0.23401060883644434,0.9503082898679952,-1.1877314006703492,1.657162339337118,-0.7547708185445061,2.240799564932473,-0.3277073006647688
-0.2856057302393271,-0.4915265312473311,0.23337243967758042,-0.2856029336387157,-0.49140570008070605,0.23315446771307585,0.9433314677059634,-1.2148844560012824,1.6158982990464628,-0.2920274951138526,2.229855444833168,0.1998108571964798
-0.2690880863886037,-0.4622713938624047,0.2337615037287009,-0.2690410616093376,-0.4620569440335671,0.2333586493702019,0.9606395478006062,-1.2673581794389677,1.6997363145667546,-0.3832188291735581,2.443421032886836,0.0933256963262931
-0.2524189772930968,-0.4334938903223529,0.2333092687276974,-0.2523611236028224,-0.4333241909078074,0.2329818338667506,0.935600500409266,-1.3352086161158525,1.764914939213729,-0.2160974223905576,2.277937133367212,0.3081404016731675
-0.23574418515237006,-0.4045308071797316,0.23320826989148957,-0.23570117035518587,-0.40435580626477907,0.23291880010143134,0.9271681259911836,-1.4032045665980173,1.8455877548908344,-0.1973981776903941,2.2747994128032367,0.1836211209429885
-0.21869135151462157,-0.37608762412466523,0.23353639932862988,-0.21876074968913528,-0.3758513558943144,0.23336450047104484,0.9042819424002584,-1.53160710575102,2.024248335017204,-0.4863107771790096,2.1850054240758023,-0.0927122160879334
-0.20163283187987915,-0.3474001645189872,0.2341500903188123,-0.20174559677605203,-0.3471612654241162,0.23391657863974838,0.8887901440792021,-1.6384400300118056,2.1871853719747527,-0.7930817357409765,2.164653104818793,-0.2156785352623251
-0.2412076492151858,-0.32113541922634886,0.2328054106004784,-0.24107574595285305,-0.3210318748171887,0.23257487756059791,0.7502431593428556,-1.5767609460853584,2.0214036910820505,-0.1426791350706944,2.041199731681921,0.2069765433579178
-0.2611381017865696,-0.3478093335178321,0.23354470163980035,-0.2610640709463471,-0.3476077825546587,0.23325833392703385,0.8048253013122837,-1.5065598580408142,1.987211532087492,-0.411374040517606,2.2975999359672272,0.0195357019456698
-0.2802794324370526,-0.37519176463180354,0.23450607767402007,-0.2803937198905769,-0.3749263677288187,0.2342282636238617,0.8099798673636371,-1.4738521112613343,2.055021836782,-0.9711681581129712,2.268663874311116,-0.32123647167746
-0.30097230284239584,-0.4013965527830224,0.23350086400455808,-0.3009205740782024,-0.4012023685301454,0.23319515929959542,0.8210045368272421,-1.3528868908049227,1.8022204562943145,-0.3466737920092901,2.2919951576386133,-0.0625365578567356
-0.3204381178751375,-0.4288937513270188,0.23387299988003754,-0.320478410333554,-0.4286017567276237,0.23364375721180064,0.8079485338140846,-1.3292068682995006,1.8152178503969043,-0.6093967943139056,2.131585677503547,-0.1690531191985695
-0.34064004532296155,-0.4554057087933854,0.23312551485632463,-0.340623605708937,-0.45523718322694245,0.23296295395074795,0.8077355564780908,-1.2275074151284042,1.6255211221966803,-0.2529682471609948,2.0723044778433577,0.1449880908945071
-0.3606163222052065,-0.4820265884675372,0.2327122644469524,-0.3605766661520491,-0.48199018135682004,0.23257048835644453,0.8077276327915084,-1.1329302660531375,1.4685485249999637,-0.0524715846653496,2.016348379798006,0.2331069278127926
-0.38066268500723494,-0.5087515797051442,0.23285220916627064,-0.38059154005264967,-0.5086336111051362,0.23269720272393626,0.8252432510277279,-1.0527802334962408,1.3526165192749513,-0.0467274276510676,2.1119507023136386,0.1847260016129861
-0.40025142093550464,-0.535965520613472,0.23346320794382913,-0.4003022236882623,-0.5357299158824266,0.23337558907348588,0.831131418607165,-1.0305183925437458,1.3650669358264276,-0.3768861420211329,2.117507818321604,-0.1239241475960675
-0.42050183712885514,-0.5620248848565496,0.23377308153832216,-0.42043302008639705,-0.5619007343457484,0.23344090764230765,0.860844319736346,-0.9190176235871252,1.184341105549879,-0.3281754592416361,2.3911194279503665,0.0333777226532578
-0.4197832856433929,-0.562891238527517,0.1786309813831877,-0.4198477388862496,-0.5627014235903438,0.17840882129290273,0.8410926845852185,-0.9235717863531648,1.396605627568384,-0.7570613909561152,2.169906268808566,-0.054731617241543
-0.3996713343161648,-0.5362897911697277,0.17854124045130118,-0.3998015133148446,-0.5360765081750676,0.17846380944713985,0.8298195242364317,-0.9989759955897736,1.5292836874662443,-0.8201619658550401,2.1051761541377783,-0.1334970842056204
-0.3806235942352287,-0.5087754845853646,0.17741631595080987,-0.38049757450745236,-0.5086908341685047,0.17724380158401615,0.8270568214936107,-1.0078343221562065,1.4355221129012747,-0.1953018734932441,2.128224639283576,0.1277240502322669
-0.3600554050205019,-0.48245726440289227,0.17870692103646976,-0.3601224507424154,-0.4822060426772037,0.17844787232186482,0.8336345656443496,-1.1204688374181693,1.7159429249189977,-0.8642104998037556,2.237855444070199,-0.2746489434596699
-0.3407917213084753,-0.455220244572187,0.17770227193870491,-0.34065026290009837,-0.45503820177602816,0.17740009156519437,0.8209460982685433,-1.1481112084065668,1.6620681833828552,-0.3130985421237287,2.1786304552988334,0.0404677751700655
-0.32086884593280035,-0.42843631116751235,0.1779361174687592,-0.32070418706500853,-0.4282480685206296,0.17758954540117608,0.8189245040535384,-1.2224224392673246,1.782712509324872,-0.4280023391095326,2.217415540324545,-0.0161263326649812
-0.30094093618161355,-0.40158235128774145,0.17788847997181806,-0.3007899738101086,-0.40142669610424425,0.17756728315741077,0.8117736623798613,-1.288402292775202,1.872541503231821,-0.4354193581036667,2.220024694685856,0.1908884013066805
-0.2809613012616199,-0.37463050813844473,0.1782597194746627,-0.2808611820700456,-0.3744538867205557,0.17791611556974296,0.8237493033065619,-1.3553141058970868,1.9872456123576183,-0.6268375785220064,2.3748219810553923,0.0754083269939975
-0.2611409622132267,-0.3478025280318976,0.1781470584873988,-0.26098149563358863,-0.3476435328798387,0.17775810177065218,0.8105582571270298,-1.4216469548597424,2.0560806420405093,-0.5509489921492903,2.338439597745224,0.095470405118256
-0.2410881361379003,-0.32120398846655646,0.17840557751459132,-0.24094840357319752,-0.3209708177966369,0.17802820899251282,0.8024352740818013,-1.5090011127885097,2.1818715520586123,-0.7293722866491699,2.3516228570041804,-0.0398251598967163
-0.27564116336130595,-0.29260263370035977,0.17850752849160062,-0.27575790883036877,-0.2923583398843728,0.1784996908612632,0.5841206039674542,-1.5723197504001871,2.3230007771904333,-1.0293161365731622,1.7890013167712038,-0.1394790362928901
-0.2989858617983572,-0.31612382113254817,0.17896545589010973,-0.2990555246948969,-0.3157743692416664,0.17866388716019668,0.6795355438203541,-1.4557483465344372,2.204545177230486,-1.0997821124812894,2.236791336779301,-0.332918351372248
-0.3222914148134165,-0.3402252075559924,0.1780876731455212,-0.3222665120166162,-0.33999059349426625,0.17779077774233934,0.6658768786112179,-1.3901408105828543,2.027629071986075,-0.6170881333535574,2.0790792541408205,0.1675195660403807
-0.34465468727136306,-0.3650363351252145,0.1786854345234825,-0.344778723129137,-0.3647018762340175,0.1785051433621807,0.6730795435809562,-1.333753125121309,2.0338207134379864,-0.9698038183273728,2.060096422571158,-0.1023894283269681
-0.36802228128554,-0.38893290627610855,0.17815236065269233,-0.36802925163674133,-0.3886125342637053,0.17794235141142045,0.6887876509746316,-1.2543115733490415,1.8624170634859576,-0.6545698064492727,2.1104255668426752,-0.163552456103126
-0.390397122454803,-0.41368681676456015,0.17871597327319697,-0.39054503885691183,-0.41333531593396217,0.17849880386481656,0.6875619169100391,-1.202186003784658,1.8515812656061603,-0.9291967536783998,2.042790037881516,-0.1842717248747476
-0.4136841469719727,-0.43771868676567677,0.17805912041935593,-0.4137265286870468,-0.43748013628768617,0.17780251658024748,0.6858174134362192,-1.1299409683753066,1.6743411340942806,-0.5698906351025328,1.972273969369806,0.0311832044024247
-0.43633389454019683,-0.46186152196984404,0.1789304037818684,-0.43639148592020327,-0.4615177276892426,0.17870477261524995,0.7244664997853687,-1.0546303882428791,1.6497856546691594,-1.007888444604243,2.258073658738354,-0.4389951823920341
-0.4595127525608074,-0.4862155153451956,0.17794617056100678,-0.4595985572053033,-0.4859764022609666,0.17779349568122996,0.7037573737847058,-0.988949802335272,1.4510224800744442,-0.5012181780272238,2.016527957208444,-0.0192653557275472
-0.48264163466692295,-0.5102404236522533,0.17738970037799628,-0.4827016061469642,-0.5100221999125187,0.17734135972169837,0.7110641696907396,-0.8885090770653412,1.2486349337335234,-0.2348309098245966,2.03549530088206,0.1277301010914602
-0.4824299269275068,-0.5106008765477437,0.2336639713930727,-0.48252050540684266,-0.5103158206517732,0.23345781628727202,0.7059128733771454,-0.9773042258790604,1.2960989695840937,-0.4348504431366562,1.9873227045166133,-0.2115717770904241
-0.46005268732956556,-0.48539996424870846,0.23303833115386186,-0.46002214504092037,-0.48521452382934593,0.23276975236169467,0.7212811445162366,-0.9727407704059594,1.2306386061825425,-0.0377042413062942,2.180139914541192,-0.004190530317548
-0.4370344257650843,-0.4614117819049776,0.233241012077634,-0.4370231149646378,-0.46117602474267244,0.2329534704989883,0.7082579804286722,-1.0782184222397788,1.408656565153036,-0.1987844912663674,2.1063374410147144,0.1369565384485764
-0.4132046280364389,-0.43792098614271646,0.2344592195069062,-0.4134038914624999,-0.43762469808932924,0.23417176684233565,0.6908443371720199,-1.2101662901786452,1.719641659341011,-0.8704804188680924,2.012119134873945,0.0073316723886676
-0.3903830744304905,-0.4134903232130897,0.23444420152532505,-0.39060258560433825,-0.4130910679468136,0.23421631311656624,0.697779950938624,-1.271508659847516,1.8059945040122365,-0.9114999105317104,2.122919609701404,-0.1739845394817885
-0.36779809516046874,-0.38913071353010553,0.2338575844393908,-0.36792867599087764,-0.3888367425429853,0.2336346710638206,0.6728840508108922,-1.3439679444298296,1.8404144798662203,-0.6371180131383203,1.995084667401665,-0.0623322962756329
-0.3446981183504898,-0.36508811869531804,0.23389270100142012,-0.3448331932890497,-0.3648316293912882,0.23370659911054914,0.6446085056244315,-1.4297162654513118,1.9580597679404503,-0.7094384398325548,1.874581084342372,-0.1126125462015616
-0.3217907407518891,-0.3404537976359614,0.2344846145988345,-0.32195231991003204,-0.34014360821422607,0.23419458112564792,0.674123690642793,-1.4865803939564777,2.068670778985513,-0.945074397839532,2.132882644192204,-0.045746103813788
-0.2996465630269791,-0.31542888740401165,0.2333417675508859,-0.2996145803019742,-0.31525681269511757,0.233117612282088,0.6660559431090061,-1.5228969290148116,1.998595767255892,-0.3800517749021761,2.150265239602948,0.0401800436827284
-0.27642251839897397,-0.2917199916477294,0.23396256727287693,-0.27641630100721415,-0.2914837680700043,0.2336150453344582,0.6308406193331466,-1.6479103587078037,2.1715578606306,-0.6623954027843117,2.0249519644989427,0.0454670319874739
-0.3079274151246407,-0.25819810161553947,0.23436629371927553,-0.3080253754506944,-0.2579370038894948,0.23412643055312013,0.4953727882356791,-1.665407515711686,2.250747535527908,-0.9367783581646448,1.9257226865554944,-0.1897685407957281
-0.3333891743202593,-0.2799841670980808,0.2343152656062807,-0.33345044528780515,-0.27972052821938925,0.2340644724277048,0.4866287367331745,-1.593024098034154,2.181361768052096,-0.9222383180786072,1.7935305560043115,0.105735097996483
-0.3593791059879989,-0.3009370295404452,0.2337849454824822,-0.3594291741933714,-0.3006364068392907,0.23362298862030975,0.5286287110007497,-1.4967283542683707,2.024111052158797,-0.6753571516626389,1.94948940115656,-0.1483351995554271
-0.38502225772002596,-0.32241959483149235,0.233092882435776,-0.38502148163340194,-0.3222272591866325,0.232871104174496,0.5083965854935433,-1.4118233970118734,1.871744055860844,-0.3712511454325149,1.7522350780182163,-0.0660305338958426
-0.41087286154801644,-0.34343493803359043,0.23337578976848458,-0.41080200070359596,-0.3432022187030468,0.23307769666429082,0.5578798830451022,-1.3195160902209706,1.7620844346470497,-0.3734175102962869,2.0046168218461027,0.144023142118864
-0.4357853787461515,-0.3658478806697941,0.2338531677649967,-0.43587495527195624,-0.3655346948480308,0.23364106235790866,0.5344646139289058,-1.291390287174868,1.7868672863940986,-0.6833521925901955,1.7766060989437902,-0.0766063495154774
-0.4618759645837464,-0.3862936817111912,0.2338696175968334,-0.4619127812916425,-0.386063341314411,0.23341647702746798,0.5876350774703134,-1.180032260111502,1.5962396201670437,-0.4758978467378898,2.1203644668121893,0.1067508351309114
-0.4876004973991311,-0.407698363140988,0.23322555763236905,-0.487564075369716,-0.4075313182157436,0.23301740720836706,0.5852857535905609,-1.0938198984460454,1.4405022724598266,-0.266461701310563,2.0484421205826626,0.016901247985003
-0.5125821401444101,-0.4300546550534651,0.234004652821206,-0.5126304983848806,-0.4297626605926964,0.2338385922839929,0.5746117543710039,-1.073209194963832,1.4898291911243229,-0.685031848366624,1.9052161710490632,-0.2075317012481381
-0.5388481917503137,-0.45064476712068985,0.23320542031537417,-0.5387450428090533,-0.4505033637986029,0.232874969484124,0.5938616010966662,-0.9350635536955818,1.1823254762931334,-0.142052996396528,2.0274928972004105,0.0868124808308015
-0.5388274731254726,-0.4506045520004052,0.17730794789034773,-0.5386916659610571,-0.4504595570018447,0.1771662988368407,0.5951822806629776,-0.8764863682733872,1.2185720116894423,-0.1577760837397592,2.039980075640437,0.2555065162294778
-0.5124743377038947,-0.43011804539366943,0.1784008852952527,-0.5125542334356699,-0.42983925114568056,0.17829239354352475,0.576456193288581,-1.0115077832398978,1.5439412723336146,-0.7822979197519939,1.9209597649145609,-0.1949223520280227
-0.48685771867382194,-0.40872907165354333,0.17851184516196308,-0.48694103154205726,-0.4084474203578816,0.1783099815382377,0.5662169011489544,-1.0806519530922678,1.6565737807218497,-0.8215444211209402,1.890248892658956,-0.0164703173943414
-0.4616597612158727,-0.38680879082816966,0.17734178803420073,-0.46165276366548613,-0.38669071647273157,0.17712657701923187,0.5408894209278556,-1.122829356579456,1.622174125997355,-0.3334594032433351,1.756465572619871,0.1945215186623627
-0.43601784231049334,-0.3655030192154528,0.1782086198857681,-0.4360406092632738,-0.3652606217131959,0.1778433191697579,0.5505276904082606,-1.2063907472923845,1.7964269680261085,-0.6437133741023118,1.8898011259292389,0.1341984344096625
-0.41072488480700026,-0.34355469636455865,0.1781406854549286,-0.41067070116636306,-0.3433029922048887,0.17785097847418693,0.5685683985772543,-1.2551021781906448,1.8578210927744587,-0.6238934221500929,2.0817108632244263,-0.0996553191949884
-0.3851652543900864,-0.32208903963793967,0.1779071916530811,-0.3851165312359106,-0.3218536402973482,0.17768664665698,0.5522212175648331,-1.323005021048956,1.9363884776354665,-0.5709141354503071,2.029663305762801,0.00864779667255
-0.3586246798034077,-0.3018875419683494,0.178840963980783,-0.3587660343364142,-0.3015342274991601,0.17868129782739392,0.4952369954377733,-1.418325445678971,2.179372504993318,-1.1125387431848068,1.755490598168004,-0.0457329848237426
-0.3341339042552965,-0.2789419172906742,0.17768359564955827,-0.33402628339229484,-0.2787916011601221,0.17739724892062056,0.5228092314111796,-1.456985318626962,2.0792622257176703,-0.4678097451360687,1.990887784126027,0.1243382915197846
-0.3083828482918354,-0.25775459900627246,0.17704273014911198,-0.30824410399732816,-0.25765224518981034,0.17688972743661574,0.4534865985680634,-1.5406343287660424,2.14557191790186,-0.3298139951420067,1.7203955765216854,0.1432663230778903
-0.3363167602547695,-0.2202605428452888,0.17743115294710943,-0.3361309202344246,-0.22020922207667087,0.17730186009584134,0.3525785533134957,-1.555910460171699,2.188327886349628,-0.4977515940773189,1.794672000328597,0.0516851727410885
-0.3641002584128858,-0.23858044901499587,0.17701662358805842,-0.3639424578564569,-0.23856143926812212,0.17683761760334682,0.3526191270250018,-1.46349177795839,2.06008096296517,-0.3140108594678796,1.701365287149124,0.140173932736249
-0.39162104572241235,-0.25780109416994373,0.17800524769429088,-0.39159529843149504,-0.2576576659416067,0.17781250398842915,0.3594846520828749,-1.4310306109345672,2.1029018821361047,-0.7475920672904137,1.6470069489616606,0.0361135350299335
-0.4193783802217859,-0.27622634846921146,0.17800306327795606,-0.41942425227307095,-0.27610239610383247,0.17790786103540593,0.3736948847891828,-1.3608900774401766,2.0269662273527658,-0.7793031411944833,1.642047487347826,0.0149829479900254
-0.4477490305960128,-0.29392091231798695,0.17790044304883396,-0.44766801519325106,-0.2937215470802765,0.17767305618911827,0.425064152475576,-1.2695702284803074,1.8714302992411005,-0.5941024655649243,1.891090499791696,0.1457975140615106
-0.4757295696187195,-0.31197865046399725,0.1773038372863841,-0.4756007724490084,-0.31189130630450645,0.17693964071912074,0.4223525817965936,-1.1762395645363914,1.6888115336232463,-0.2636693553966247,1.806159210352594,-0.0350562097532884
-0.5035152845375651,-0.3305505894372172,0.17716232332976445,-0.5034200360788343,-0.3304977563667423,0.17698852596090336,0.4209994752263157,-1.119358973610031,1.6107466554478602,-0.2929324034650973,1.7306363932531277,0.0630360476469018
-0.5315942330622236,-0.34863043309018754,0.17760790735885856,-0.5314709872371643,-0.3484676470862687,0.17738614421892535,0.4595040493165072,-1.0464049889171925,1.5164092250348131,-0.3705048144461336,1.968878794745173,0.0552559625152597
-0.559253094503859,-0.3673754674697136,0.17703655137276533,-0.559215484275112,-0.3672759744330162,0.17693689057288473,0.4350069942781096,-0.9794745197138246,1.389550474244996,-0.2265952413140937,1.7128854841534569,-0.1478822677822462
-0.5871494469210028,-0.38574170750654047,0.17805875459358234,-0.5871030566908912,-0.3855901450887188,0.17775518842975233,0.4636612224850562,-0.9310895455179806,1.363657518446038,-0.5139825348312308,1.9007030487268943,0.1334019398353345
-0.5872103088865052,-0.38580511603188705,0.23301219944549936,-0.5871728287339412,-0.38574311304093245,0.2327826803607667,0.4410976790948857,-0.973340212237514,1.2551139982908248,-0.2367520015418502,1.7048453282699343,0.1507748180130299
-0.5590039021420212,-0.3678762612735343,0.23332183565186054,-0.5590485551013408,-0.36770848801375844,0.23322762158351112,0.427664903482265,-1.0745759830535366,1.4514912947643728,-0.4845959815685337,1.653702493032668,0.0107819109845257
-0.5312707347931485,-0.34918047671585783,0.23390258129876293,-0.5312562910137957,-0.34899924508466507,0.2335556588020478,0.4448871494823345,-1.1426297414785294,1.5705388000426703,-0.5992373470977643,1.8505421140439056,-0.0085844875029303
-0.5034957210673339,-0.3305293752008357,0.23368741734380807,-0.5035134443722599,-0.3303435729315534,0.23336415489255324,0.4465844736683033,-1.200938808482124,1.6322165329146996,-0.5108809514413926,1.9215881461410853,0.0838866666296844
-0.4752219632348958,-0.31278048290433064,0.23410186509747521,-0.47526522227453216,-0.31252074481495706,0.23393717071047054,0.4247980639094115,-1.2923041975744791,1.8196627378084047,-0.8248102127133463,1.8232994908910545,-0.0187802072151361
-0.44757996639689485,-0.2941811258064431,0.2335311133300846,-0.4475458344005627,-0.2940931986108348,0.23333365873368678,0.398759153576107,-1.3608184153207348,1.8521252455655093,-0.5860269643762512,1.718167594381412,-0.024903935738024
-0.419766732973346,-0.27568848248492345,0.23353798611214802,-0.419719642345982,-0.27560329355415425,0.23330598600209343,0.3924641201876642,-1.430800885768568,1.9317321600400232,-0.57521721695649,1.7547976852846912,-0.0508416600395209
-0.39185935700129715,-0.2571927959011584,0.23244527847660046,-0.3917816430684191,-0.257229335340625,0.2323346384076171,0.3397984153350033,-1.4788048898927313,1.924327289946084,-0.2294326598158478,1.5382962507940243,0.1542530125345171
-0.3640593461988375,-0.2386548917423622,0.23415586850964162,-0.3639849886955916,-0.2385257752251614,0.23377141836141904,0.4039860651206792,-1.5759098077052274,2.1238856978687632,-0.7606157344927169,1.976922912369555,0.0332753042819007
-0.33594569897766197,-0.22059736134704416,0.234503121328758,-0.3358952554619941,-0.22044761176687583,0.23412058690643456,0.3793165792223782,-1.6651730874367794,2.252057986596202,-0.9431790513724668,1.92724169935126,-0.0626859813620051
-0.35912610136508,-0.18076428199572933,0.23310874268866522,-0.3591373638320777,-0.18072213182279873,0.23301800369504072,0.1484064403337286,-1.6920436620967323,2.19837567882178,-0.5899901108641594,1.3808014615643156,-0.0028163245983168
-0.3889856945976161,-0.195549673039908,0.2343999022365582,-0.3889889569976368,-0.1952703056368796,0.2340845124366207,0.2588972662800222,-1.5906280116322442,2.184921826511005,-0.9476887052526322,1.8199161675922328,0.0590653964229836
-0.4190761906866819,-0.21007773235937763,0.23383914385546303,-0.4190393974487304,-0.20988859851498426,0.2336510699691408,0.2840803200539996,-1.5050043083142384,2.0440992830553446,-0.7238856743604045,1.8792802240309472,-0.0199777195588835
-0.44860329988808473,-0.22560198955650204,0.23430323541315573,-0.44863578301200946,-0.22528575881646298,0.23406614674304432,0.2883509221015963,-1.4358575103038873,2.015471030336136,-0.9241925421530208,1.829779277194348,-0.2118184761875228
-0.47893256286520375,-0.2398926318022139,0.2332734727725185,-0.47883086399786057,-0.23970613978628166,0.23303711589405343,0.2996688279499966,-1.340685622290223,1.7975779496949515,-0.4311142045592167,1.8307368783487248,-0.1249412011838391
-0.5086930436626762,-0.2548666632665293,0.23239060357961563,-0.508606512093628,-0.2547736309878485,0.2322426030053837,0.2836940014464013,-1.240290907210563,1.6201367438109884,-0.121316489304792,1.6527490784279504,-0.1364627077915865
-0.5379770575414687,-0.2710345191592336,0.23366591469658332,-0.5380102601818022,-0.2708117432152965,0.23354668739913287,0.2772723982971721,-1.2327272055710454,1.7211158856817157,-0.7242328211565443,1.533431896536177,-0.010299147859071
-0.5682429603046882,-0.2852023912275136,0.23317361875002732,-0.5682289371763825,-0.2851240583816762,0.23298202424128517,0.3070592883165788,-1.1360956978063124,1.522817364351562,-0.4012584375788912,1.6837074165614956,0.1539278283336891
-0.5977340976123864,-0.30090501562441085,0.23328489443758568,-0.5977965769554455,-0.3006909267232619,0.23319155712957915,0.2941057431436378,-1.082511496374135,1.472837034113354,-0.5330076348884312,1.5160612611028252,-0.083000207265139
-0.6280685475721096,-0.31507172589615107,0.2324716671641649,-0.6279892888342491,-0.31501520157445473,0.23237357312107668,0.3151096195298284,-0.9559105404078378,1.2059158690440768,-0.0976590265206036,1.6234050463117755,-0.1233995126301072
-0.6280855552440519,-0.3148237001688298,0.17666507762123848,-0.627923555550717,-0.31484770139321583,0.17657810415468686,0.3207361688157215,-0.888121087211426,1.221179080036478,-0.0645797088585724,1.6708845597027828,0.0575259528206446
-0.5977788955885854,-0.3008004453284017,0.1776322917530834,-0.5978071628819939,-0.3005942424085794,0.17756020860082242,0.3021774484246866,-1.0188993847363,1.5106532513666533,-0.5673636253674763,1.5805606125318103,-0.1473279105454996
-0.5680294042362681,-0.2856633075111522,0.17831834083190531,-0.5679822297397775,-0.28545875930199627,0.17802688457626895,0.3130228437024374,-1.088142075643043,1.65366161760132,-0.754152822226489,1.7294717102966102,-0.1357988698211363
-0.5382156346874665,-0.27062040173922797,0.1778632205001999,-0.5382004986644147,-0.27044358630155313,0.1775556379360536,0.2905815657181412,-1.1517855559726098,1.7103556633711303,-0.5923183927530946,1.6289096818884108,0.1521733539554599
-0.5080813409212604,-0.2561451339604577,0.1784346364256018,-0.5081075222659976,-0.25586487909330324,0.17826776685702683,0.2788428330713079,-1.2257667955164486,1.889948918589969,-0.930946712767275,1.6198397033184486,-0.152092926460396
-0.47802875124558775,-0.24142614271267882,0.17853472934971412,-0.4781295011245369,-0.24110840122229715,0.1784486236278261,0.2575477919623457,-1.2915287707350045,2.006583513880602,-1.0455715053575316,1.559631102910977,0.1214092995498026
-0.44885363312687515,-0.22520179017485809,0.17703223691447353,-0.4487863931187972,-0.22503476091986657,0.17691256435115854,0.2538002940745691,-1.3323690589267283,1.910512814937616,-0.361696045194976,1.6209705446374283,-0.0477867530925846
-0.4188923531937824,-0.2107122378885069,0.17770934849086148,-0.41886659299280304,-0.21045716260257505,0.17750177967566624,0.2315380893726257,-1.429544094105716,2.07800825147416,-0.6400978185704975,1.582913836169368,-0.1287406890148998
-0.3891699206726212,-0.195324153874259,0.17709582253417777,-0.38907685274515413,-0.1951813365551538,0.17698841841617882,0.2085450120382459,-1.487245955106538,2.1042222346908828,-0.4340080833128565,1.5593399647299684,-0.0256599665954455
-0.3591173007356884,-0.18076751257188023,0.17867188985383486,-0.35910928579105605,-0.18052498906448253,0.17853312451383765,0.2325709777012754,-1.5707706931507317,2.33360006171724,-1.0740475049063498,1.7769866869892104,0.0253423169371798
-0.3592832233935564,-0.18055533806080162,0.12193001380000754,-0.3592378624234417,-0.18032025279216107,0.12186221871082685,0.2067271490899545,-1.459044034424796,2.2773875466567706,-0.7090980543829342,1.6537921233036776,-0.0408559154352277
-0.3891420426879102,-0.19553315595431764,0.12186086798865446,-0.3890248148425768,-0.1953329848644679,0.12167924648164032,0.219262508690095,-1.3868343319337944,2.175743753353613,-0.6292128922113731,1.6140084730010642,0.1082359902194469
-0.4186292584183873,-0.21133022078336483,0.12309756224236784,-0.41862553510414446,-0.2109669022635558,0.1229670487696808,0.2496473661803104,-1.310595807546693,2.215138181423745,-1.175057618532501,1.683246042087914,-0.051928702982444
-0.4487350300457267,-0.22561683770399893,0.12244088454846225,-0.4487159954865752,-0.22539901764242903,0.12231473484954122,0.2766439043451436,-1.2559838581172105,2.053235480471611,-0.8470211126311877,1.7580491636526323,0.1281102844339146
-0.4785086036850458,-0.24045259548867232,0.1215353528538445,-0.478450244935405,-0.24028183988625237,0.12127776629578371,0.2574973032777503,-1.1798089380705994,1.8626115116632391,-0.425901550364864,1.559308711064066,0.1054323612595085
-0.5080881078194526,-0.25614460291626767,0.1221612435465004,-0.5081515600022137,-0.2558324089395712,0.12197122984181026,0.2631778122133523,-1.1392263316952844,1.85935265016622,-0.723408148420666,1.5139652305616265,-0.0325377497220062
-0.5376350059791075,-0.2715681059113754,0.12275162907297393,-0.537734988663312,-0.27124184772400595,0.12270175885624017,0.2756884193580444,-1.0762380580414033,1.8387149825533504,-1.024095558241986,1.5220791595480918,-0.0720931224819745
-0.5678994898317733,-0.28586027115699686,0.12297089253995033,-0.5678356848732193,-0.28563913996439216,0.12281176217013003,0.3201665256212029,-1.006754487214967,1.7210834701910755,-0.989617648619714,1.7848045578977887,-0.009446960591378
-0.5979738161228356,-0.3004315090689215,0.12261495992136255,-0.5978647285366793,-0.3002629269804843,0.122467357435669,0.3355428995827907,-0.9418107012527006,1.5685851484678848,-0.7891206855852695,1.851605947617612,-0.2217235577403293
-0.6276244718334789,-0.31583552377825963,0.12191716385532557,-0.6276095842315503,-0.3156131681317171,0.12191131478791478,0.3121268084302224,-0.880576283774845,1.4249526496635705,-0.5806119021198897,1.598305816382851,0.0389187119572271
-0.6279288714320517,-0.3151733455100428,0.06620687794643132,-0.6277936756355216,-0.31508333256062043,0.0661403677524979,0.3346908369691523,-0.7879647821466111,1.389330492887992,-0.5048483266373265,1.7900369045889803,-0.0450248054720567
-0.5977033025593473,-0.30052487113059895,0.06551949833796535,-0.5977034224049058,-0.3004080368679307,0.06552399198984427,0.2951784091757048,-0.8424401287578496,1.458187850015193,-0.3449389382701753,1.524635751068958,-0.0246658728495399
-0.5678068996062643,-0.28611817211417473,0.06759562957073442,-0.5677420079201095,-0.28582811132744934,0.06741571109921715,0.3217372088735946,-0.91120727166116,1.753121012083259,-1.1502422556256522,1.7970585489705373,-0.2474253357917581
-0.537778640893427,-0.27141605667867186,0.06722546114677097,-0.5378609668998988,-0.27110130360425033,0.06708814780864383,0.2888776864727109,-0.9791489321835614,1.8428017046163767,-1.0564412654267406,1.6166655816094355,0.0401798139952167
-0.5082365891746484,-0.2560081018450134,0.06723056001309377,-0.5082304871697996,-0.25572966933799607,0.06707174009915295,0.2998023657171771,-1.0299783284126534,1.922816090872475,-1.0438076194747623,1.7630826393992454,0.0797281359842778
-0.47811085458897046,-0.2415954227990167,0.06766869563403866,-0.4781701112295463,-0.24119765042095725,0.06752652422123914,0.276274626400248,-1.070154314987085,2.0639031971527952,-1.289574999329012,1.678811053553094,0.1416849517760807
-0.4485013635280436,-0.22612185813270352,0.06653686406170875,-0.44852846409629665,-0.2257845275125469,0.06637011016129662,0.2446146576226677,-1.151664841312655,2.0587538360148283,-0.8150233106671356,1.5664427955828693,-0.104823462647337
-0.4186149345818252,-0.21136046664764382,0.06778695489841133,-0.41867066870995595,-0.21097510159443245,0.06761229621369987,0.2689378305704739,-1.1656943675490787,2.241242618426046,-1.3624405238528534,1.79187141478105,-0.0890100741837516
-0.3888128549596743,-0.19647696264575198,0.06783960574510925,-0.38882648444665446,-0.19608921591883946,0.06770594473856262,0.2484254178843716,-1.2114844123352968,2.338578519027857,-1.430767622517466,1.7646454249743335,-0.0487706039059259
-0.35884383096555883,-0.18179203383771667,0.0672252954477133,-0.3589061014748901,-0.1814456295906401,0.06722383228431915,0.1724573514655718,-1.30268762443547,2.4103904210354656,-1.2562623679965668,1.4933629965595898,-0.0974960695395168
-0.3356687523124604,-0.22168906651427558,0.06791052963160707,-0.33560671907902906,-0.22145593357784107,0.06783688228618948,0.3581689316440366,-1.2511063959349642,2.428192690464922,-1.5061947958669295,1.8219146191782505,-0.1459172816876459
-0.36373089263094416,-0.23964578387342986,0.0670425837297225,-0.36369708368890086,-0.23945294504438214,0.06703268981612986,0.369488353615838,-1.2465904490845867,2.277361229111694,-1.09832023936516,1.7893971292802249,-0.144605586002712
-0.39168268277809215,-0.2579475090996664,0.06767209276330136,-0.39159368908158454,-0.2576634659026029,0.06737183326434368,0.4101154277271872,-1.1733304096334192,2.2044391328528707,-1.2262421607101264,1.936544165918868,-0.1353893324135477
-0.41952028329224494,-0.2760613432264328,0.06623549052938303,-0.4194436259140237,-0.27591502689170083,0.0660888569898838,0.3756003481204102,-1.1439534032576766,2.0137817800412687,-0.6595605390790054,1.6534028859804175,-0.1282260308633862
-0.4475908680463489,-0.29422268881583274,0.06724368697236506,-0.44753021136740634,-0.2939288180847241,0.06703499532937779,0.4458278750747819,-1.0708419681549088,1.975747412547625,-1.001498799381582,2.035280526954846,-0.0250844880982157
-0.4747519753738001,-0.31363467300799835,0.0672343225189677,-0.47485121259673174,-0.3133864730845807,0.06718423241606125,0.3941440220340051,-1.0320509688863972,1.9457762856081635,-1.1099271436053009,1.6127011414947754,-0.1121197074749971
-0.5035737380031228,-0.33060628791066976,0.06670877852299575,-0.5034178720723811,-0.33038544911269974,0.06641359881066339,0.4539492532618534,-0.9594021128911964,1.713671270328616,-0.6500071258026048,1.9789004491104896,0.0699344522151634
-0.5311670080162424,-0.3494878755406737,0.06725980996603129,-0.5311024251385347,-0.3491762196265499,0.06700006251322449,0.4573491488670065,-0.9115781805997454,1.688866342047711,-0.9131308145996236,1.9510910926350429,-0.122022267597456
-0.5588326119871572,-0.368050133501226,0.06629772035692012,-0.5588887003233902,-0.3678071018083529,0.06623085572660783,0.4291381841484218,-0.860108323904722,1.532418870844208,-0.5988938514782256,1.6655413499315568,0.0630401228151416
-0.5868384220692027,-0.3862091495391281,0.0670435386808424,-0.5868519636826272,-0.3859145069408164,0.06699220989160086,0.4675181538473323,-0.7945481497097528,1.4721162371871692,-0.851255591152766,1.935356698748168,-0.0623809980298601
-0.586779061276402,-0.38633411414692337,0.010498428425773275,-0.5867897868230816,-0.3860890639863128,0.010419178676670382,0.4378124677432553,-0.7077716102490839,1.3928911733233047,-0.5286577139361928,1.6769857967838018,-0.094239007539421
-0.5589786233334142,-0.36783889566763656,0.011825868731341397,-0.5589393344175139,-0.3675532078211986,0.01160405644685435,0.4721205950619853,-0.7561819091280912,1.5947483171270118,-1.03899321923675,2.0261316439070995,-0.048642174737711
-0.5312558418119826,-0.34948484927950985,0.011627869212575706,-0.5311434571494493,-0.34912546731491373,0.011342175442256089,0.4629615689296766,-0.8129727323174016,1.677447613502152,-0.9436982675545758,1.99771130557464,-0.1652131434599426
-0.5029357383106616,-0.33163473333787596,0.012121513637893003,-0.5029535858662976,-0.3313216420215984,0.011932392962381164,0.4454872745126388,-0.8526689714396216,1.8458694995732108,-1.2730128412198622,1.9131616448113231,-0.0471631889435153
-0.4750674905167276,-0.31336546011175825,0.011433100520296755,-0.4750861015506545,-0.31309924198433425,0.011260671586338714,0.407755176525852,-0.9263723672457576,1.907250883249432,-1.0133926553712156,1.7052809863734533,-0.175410223928826
-0.44692493872470884,-0.2953012270030679,0.012218378005570752,-0.44697789797985277,-0.2951190941161112,0.012081469028381628,0.4013395641021207,-0.9402359998848692,2.06470463159949,-1.413493919159576,1.7348156366230985,0.1029546477684122
-0.419275591725627,-0.27645918723607843,0.010786706440641825,-0.419290615148712,-0.2763036544855074,0.010728087496575526,0.3662609062566142,-1.028654727297972,2.051231921008551,-0.8491345205657135,1.5978285791947495,-0.041672079489714
-0.3915271558166917,-0.2582872733813536,0.01145523183710054,-0.39148514390965233,-0.258085110189329,0.01137606434809657,0.37206275507081,-1.0603509250935377,2.193314775077752,-1.1443945064056011,1.7171180285970138,-0.0407328738995778
-0.3637527576147723,-0.239650418269681,0.011104688276948379,-0.3636858889439912,-0.2394594797970873,0.010946249355261749,0.3550552933243915,-1.115306783588211,2.2408303162007623,-0.9748561259098664,1.7139788609621762,0.1148003096158123
-0.3359128318535912,-0.22155210422153437,0.012211710461230187,-0.33581837055576474,-0.22133945019916457,0.012043771886788415,0.3749541880904328,-1.0942614487855042,2.404298800494065,-1.515505998378888,1.9051781054899184,-0.0497163324817062
-0.30807624915610754,-0.25873907423078607,0.012235194245465004,-0.3080199157076346,-0.25837649070686075,0.012078863275227038,0.5306773716902269,-1.0811955894258132,2.385555790807105,-1.548574157650681,2.1131757141441083,-0.2740359557214775
-0.3331788282615025,-0.28068281885617247,0.011727344724793342,-0.33332415537062154,-0.28038160339990054,0.011667561145361357,0.4798105364262932,-1.089670134161662,2.30080268261515,-1.2927945135569845,1.757714259436339,-0.0451551863070962
-0.3591559357045404,-0.301629472126287,0.012014851630999038,-0.35913715483565684,-0.30127038553977364,0.01185640060723608,0.5468343983300494,-1.025617315349308,2.1965633480168965,-1.3499278466111286,2.0619140911537936,-0.1160414728717684
-0.38490838226958696,-0.3226864180582332,0.011565915801115687,-0.384865771123633,-0.32242451209518125,0.011311069211403357,0.55508648452897,-1.0026328615752869,2.0537845045901246,-1.0338936721737264,2.0489696921702656,0.121689997878108
-0.40993012698625464,-0.34489900990250466,0.011835462465329304,-0.4100460079608367,-0.3445591838057422,0.01173484101601369,0.537157405755468,-0.9552623968481768,2.0253538489358185,-1.22843589846692,1.8624943561780176,-0.1051458491907104
-0.4362234477728472,-0.3652925498072713,0.011039216437694867,-0.4360999741206943,-0.36504538394679736,0.010758973424143245,0.5680627476711688,-0.9072696444270264,1.8006797097873113,-0.6968075020050319,2.0188304227396063,-0.0777491350909693
-0.46175895057607774,-0.38675030921774867,0.010739595039055364,-0.46165473795690504,-0.3865003472752363,0.010556991141631406,0.5691667863755474,-0.8550468206282362,1.681534759735893,-0.5794448110160313,1.9699553428590584,0.0910137195581524
-0.487180132233036,-0.4084070542620944,0.010583031887343384,-0.4871276632320714,-0.40817873486318884,0.010505554059714196,0.5646102986835455,-0.8086802011395045,1.5882889738809869,-0.5537118511762325,1.8773680535366808,-0.101113014950203
-0.5121690375439244,-0.4306422251207838,0.01198029045914968,-0.512248963015998,-0.4303104884354897,0.011812346871114376,0.5747790618708608,-0.7582994530404288,1.6276707277471465,-1.1367848346606388,1.90664035335234,-0.0949026137840083
-0.5383170850265748,-0.45134626079248835,0.01068356036832175,-0.5382786270825551,-0.451154272810083,0.010501462886619883,0.5762544345053202,-0.6949625374086872,1.3633660776969707,-0.488627958928792,1.8673089855021128,0.0287169229219874
-0.5381435048659683,-0.4514430038338705,-0.04399448140200189,-0.5381831992319706,-0.4511946161066422,-0.04409884711611165,0.6032048524495752,-0.6016711584114609,1.4376772707812089,-0.984431396864918,2.1177177989227864,-0.1706715110619194
-0.5127791745970934,-0.4297854444924887,-0.044104419041419596,-0.5127287468425599,-0.4296143403369832,-0.04440686719864986,0.5960244864791675,-0.6553616367659041,1.5185692309826535,-0.8635460357807103,2.0950512594043893,0.149120817409845
-0.4869577781487502,-0.408548334049389,-0.045132594017850275,-0.486934250402107,-0.4084105964440809,-0.04528875608452054,0.5495379326689527,-0.7131085203132814,1.573209045035617,-0.5577454234101626,1.7588598702660354,0.0955606159576301
-0.46099168574375593,-0.3878006737287474,-0.04327119880554962,-0.461080535198642,-0.3875176524077881,-0.04350168962528398,0.5681875687143987,-0.7304923358493545,1.8319262537098115,-1.4064448815276829,1.9622846691910367,-0.082799916963125
-0.4359372574779869,-0.3658601880812466,-0.04385714496498874,-0.4359058444347461,-0.36554735416299994,-0.044095715327882035,0.5732545090074916,-0.7910110957388428,1.8702015978894704,-1.139465177209673,2.0585605131535534,0.0102077469429771
-0.4098306215666054,-0.34509929417021584,-0.04393527835558737,-0.40996184965706267,-0.3448149735061625,-0.043974483608471934,0.5236121040215704,-0.8363962070100728,2.008594948829701,-1.2551683421182462,1.7732039884167738,-0.1594528300972029
-0.38463677287730375,-0.323192397886956,-0.043485707524690026,-0.3846592322282397,-0.32289278629435825,-0.043656341462650634,0.5576658718692502,-0.8437013607147952,2.0949311179862296,-1.4462905900694891,2.066511953015051,-0.092483773467868
-0.35922110835825355,-0.30167328199383764,-0.04435810437147715,-0.3591298608038723,-0.3013666930833467,-0.04460344190390703,0.5108036925494819,-0.9249594250391944,2.1258847358883948,-1.0198426417265267,1.8444373677380508,0.006379146903261
-0.33339655242634114,-0.280605186938094,-0.043605141698785474,-0.33346840743062006,-0.28033860113522774,-0.043754593867164994,0.5053516941647196,-0.9153726259892832,2.282695612806972,-1.466339717075717,1.8938654590836888,0.0933876811935423
-0.3077149443473785,-0.25925294932952164,-0.0441623836297383,-0.3077706016449201,-0.2590460371992137,-0.044286716617775446,0.4425488666601103,-0.9818889297704784,2.3475010958104363,-1.2554836864632268,1.66847271807519,0.1473757897480658
-0.3360929829191101,-0.221313353358351,-0.04402412453585872,-0.3359662020981085,-0.2211648395254918,-0.04424131094228695,0.3682847927480361,-0.972399110198296,2.333999555675097,-1.2742283472304885,1.8718051823828568,0.1928128114592202
-0.363692150321126,-0.24017250444772592,-0.04366211747311698,-0.36366968526983545,-0.2399451146995317,-0.04382138739389015,0.3697214533178439,-0.9220595091895089,2.288601723718608,-1.4427719984989134,1.7906267067980064,0.0832194629077842
-0.3917194332173585,-0.25823336772792566,-0.043846588360715734,-0.39161151341434264,-0.2580170744678884,-0.044097094448165716,0.3932637991591909,-0.9078306947783568,2.175761621469791,-1.27270585497657,1.837590031185912,0.0651741825573322
-0.4195425929938871,-0.2764866904785621,-0.04410358282720956,-0.41948467791508526,-0.2762871953192394,-0.04423740634813406,0.4047706328197149,-0.8800527043548882,2.074889522112695,-1.1722925733975562,1.830177810420144,0.102797853427893
-0.44721960350646245,-0.29494533065982037,-0.043209870683431593,-0.44723016253521203,-0.2946748288471872,-0.04336089840385625,0.4429342947342403,-0.7908908200599947,2.028814409380286,-1.5710916791315497,2.0146102080635,-0.0400159380041218
-0.4749965594765597,-0.31317704555932085,-0.044859502261430886,-0.47503321735586146,-0.31302494713112,-0.04496865287469631,0.3933784962649387,-0.8181980750532265,1.839207407590804,-0.8151806163283668,1.6075243184088226,0.1450679334616311
-0.5032994737120926,-0.331065878497134,-0.04470472916886434,-0.5032438351540883,-0.33081535103492277,-0.044888925912897046,0.4384124552498734,-0.7635671191262992,1.7164791623535702,-0.7627559714186969,1.8594304249853009,0.104736355784317
-0.530887643338738,-0.3497838425636738,-0.04488921461514685,-0.5308396625882661,-0.34961038475711315,-0.04513771746025894,0.4144294681061473,-0.7248066968991522,1.6179773564538422,-0.6804298535595938,1.6152524317894592,0.1569007183380133
-0.5585198153173112,-0.3686240467821514,-0.04339402410750666,-0.5585364676360474,-0.36831382137584934,-0.04355654606863589,0.4510177146292089,-0.6484681232380844,1.6356269883667665,-1.3247941870047468,1.8442489707146803,-0.2172894992143526
-0.5870634280897604,-0.3858431865072092,-0.04518533103019862,-0.586906741403109,-0.3857303975326511,-0.045396615487336256,0.4507891561659063,-0.6017206652247427,1.329573578895423,-0.445079823844718,1.7878165416347755,0.084892906466147
-0.5868874053780969,-0.3862789887705635,-0.10012638046706081,-0.5868603583442598,-0.3860385940086664,-0.10035277235236728,0.4588996232421456,-0.5169773039466983,1.380252734272272,-0.775444013613428,1.858498191104348,-0.090902337963187
-0.5584830125107794,-0.3687734786715129,-0.09933932039357728,-0.5585643517984452,-0.36848286544450337,-0.09958641675576277,0.4357220356202367,-0.5605402627456129,1.5848488218465215,-1.1884465364637162,1.7186764324829262,0.136437234398052
-0.5308378538484495,-0.35015889452990173,-0.09987169568638035,-0.5308512091642271,-0.3498664036959639,-0.10007790786592623,0.4279392642378945,-0.6148888538685995,1.649648591751138,-1.0030176637845578,1.718398999345184,-0.0682763698317487
-0.502507190335418,-0.332348213747757,-0.09881334828964966,-0.5026086888259982,-0.3320941562697692,-0.09890591043620481,0.4209321204409337,-0.602712992143875,1.826069722440299,-1.5705265576856524,1.7301454464660893,-0.0783681132230582
-0.47523000814160044,-0.3133418199826948,-0.0989056458191557,-0.47517971357435185,-0.3130139713820172,-0.09913410022603936,0.4521096755937468,-0.6420917115565592,1.88741614816294,-1.50862314379094,2.021879452698947,-0.2629053639348768
-0.4472478048508705,-0.29516217115686955,-0.09881955854609499,-0.44729044685436087,-0.2948090890176898,-0.09908107261180989,0.4380200105818845,-0.6683092701380762,1.988117312647092,-1.5737818875254257,1.9799773794244349,-0.075453257501898
-0.41920741887673374,-0.27686804348299865,-0.10001163773875561,-0.4192256597261964,-0.276692239095524,-0.10021154614255405,0.3651745927323739,-0.7607763560370806,2.031357608240805,-1.094913245507005,1.5913804063938084,0.1367909567648331
-0.3911178924929899,-0.25932248621720067,-0.09905027199230464,-0.39120728850846576,-0.2589959596286952,-0.09924498944996005,0.3415851765403244,-0.7354159380251035,2.189371646829759,-1.5665675760619568,1.5481385346385252,-0.1364928709629613
-0.36386986569505186,-0.23996259524427443,-0.09980117344898741,-0.3637688713141147,-0.23973982510544029,-0.09997038765687492,0.3697067535953291,-0.7964893286095176,2.210464981612569,-1.2630998596442289,1.790548832190919,0.0379708740752229
-0.33553155527023254,-0.2226966348004086,-0.09883603653022865,-0.335682369521771,-0.22230813391742027,-0.09900301577183175,0.3144326200443617,-0.7348636419159633,2.366299423347378,-1.7669162515222547,1.6131150095187898,-0.0463564824207654
-0.30771046550922515,-0.2597415238037137,-0.09841287724828,-0.30777624006276155,-0.25946656958316017,-0.09857549848556588,0.4776848697702114,-0.6760979087809709,2.3639925999814047,-2.000689908849641,1.837403949447309,0.002940579087368
-0.33349989068266717,-0.2806693773194972,-0.0988647376318518,-0.33354016753497484,-0.2803708537121612,-0.09902853088072465,0.5277833678687052,-0.7193806705370624,2.251116130502563,-1.739278844272147,2.019328982665691,-0.142178387286882
-0.3592508205217572,-0.3019249147675489,-0.09917692295495434,-0.35917975776548183,-0.30157440540077834,-0.09944222882305105,0.5413271711406189,-0.7400495295428837,2.139480269173105,-1.4684104597161092,2.027234845267184,0.0088283311152346
-0.38399918300535374,-0.3241623781771888,-0.09864138146143184,-0.38416453777325216,-0.3238476012476729,-0.0987399504815728,0.5112333138510858,-0.6708593277749193,2.1081797334600534,-1.7552124189586786,1.7694751068082617,-0.1351714119712554
-0.41047486872385874,-0.3444245090637272,-0.09954218362753553,-0.4103935894104186,-0.3441288196845148,-0.0997808554350286,0.567377249945793,-0.7043173899218456,1.9249166192983085,-1.201636289573992,2.0729587321475016,-0.1630553169378901
-0.43596454572670945,-0.36569998383004637,-0.10034276167398523,-0.43589956916470246,-0.3654535369939049,-0.10057312481426098,0.5508285549197471,-0.6882629888282987,1.7699435257094578,-0.7933867675728301,1.891960460764216,0.1307606995193095
-0.46126910492326373,-0.3875434140846979,-0.09889060768791103,-0.4612510830616805,-0.3872388764309317,-0.09908212358244205,0.589618740209501,-0.6027080279353534,1.7791456775155492,-1.4961797222393731,2.137310315516032,-0.2201224107279582
-0.4869321067332219,-0.40876374327051374,-0.1004446144883344,-0.48693813166040933,-0.408523538158043,-0.1006403059635194,0.556322234778686,-0.610721015520304,1.5715624568659798,-0.7114121315510209,1.8117467354330064,-0.1051231655335818
-0.5125406573692597,-0.4301536469220286,-0.09922225412712184,-0.5125221336697414,-0.4299346743822822,-0.09948262769593187,0.5994983345106815,-0.543046587916991,1.5408639790317995,-1.1934722184676574,2.1277068493166054,-0.0485419956080748
-0.5384105724272469,-0.45128650654469876,-0.09981993241947068,-0.538332761116358,-0.4510203674592275,-0.1001628247120921,0.6020487175395424,-0.5009658304301401,1.351606373062341,-0.7939114923166963,2.1062951578513154,0.1324026112180543
-0.4816630972977316,-0.5111702949655423,-0.09895133933082406,-0.4818048333098306,-0.5109275555956353,-0.09907451853688143,0.7208088429086272,-0.4819562973864251,1.4564842937897344,-1.3580183065811906,2.130144572127365,-0.2473179002497558
-0.4594136129491748,-0.4864547708857179,-0.09967713401974096,-0.4593840707113587,-0.48626017393086585,-0.09996972502894806,0.7146195287226771,-0.5510004191510065,1.4875217018506,-0.9200454544549448,2.116030825338263,0.1661072096026887
-0.4367320006135131,-0.46164038588855155,-0.10006140137525711,-0.4366966633356208,-0.46154684723792605,-0.10028849578600604,0.718904156079661,-0.5855740780917125,1.5350873122687867,-0.7656092073158467,2.2041045007229947,0.1977133680606217
-0.41341098395668335,-0.43826877994128627,-0.09921755238517543,-0.4134174456226019,-0.4379169276606477,-0.09944344522079519,0.7093891690291594,-0.6213731336745223,1.7471278613122951,-1.2853818457892638,2.166933322816765,-0.2295615279141927
-0.3909494817228444,-0.41348981365010723,-0.09987712011730958,-0.3908096493619744,-0.413192794470401,-0.10023585021932391,0.7005311710524396,-0.6728909231413374,1.7626177144144624,-0.8915761521214458,2.14517539146091,0.0949718198042748
-0.3678847929175951,-0.38931963609517745,-0.09920720040414156,-0.36780773828849345,-0.3890439174505258,-0.09953324898778888,0.7129635227494546,-0.6838315973296991,1.9150336684633589,-1.333638337896407,2.3042871303396417,-0.1893484313897926
-0.34488041009759746,-0.36533628542972985,-0.09938476937884892,-0.3448447368083134,-0.3650579669179654,-0.0996654817947405,0.6861576826891675,-0.7255542129288446,2.0153434532957704,-1.2934979414492709,2.1516529412871748,-0.0829311529710645
-0.3211112558368737,-0.34214267456233505,-0.0985540910027019,-0.32125966603136613,-0.34184958953233646,-0.09867342792872437,0.6293626205068903,-0.679338124731907,2.191031539999868,-1.8346750760896176,1.8572144903333303,-0.2361656405138683
-0.2991462846618804,-0.3167387416269071,-0.10003164699463303,-0.29901954388443586,-0.3165267982938967,-0.10022775156853184,0.6377869181685645,-0.8011513974515698,2.15960379189424,-1.0949285617304243,1.9830796664849213,0.220482092688667
-0.2758400755255716,-0.2930072618815911,-0.09854627582481178,-0.27590590072544463,-0.2928229699524478,-0.09873549399840537,0.6491907966081065,-0.6824456799871852,2.33602601327994,-1.988602341914859,2.125292749782215,-0.0539928639818887
-0.24073002015692135,-0.3221816711455096,-0.09978272242363864,-0.24057799939426064,-0.3220395266475522,-0.09997648542029468,0.7788410642342796,-0.8005744190051072,2.2379764973961347,-1.2466226408177414,2.202253458479353,0.1947024066322105
-0.26042676047582886,-0.3491969937807259,-0.09939261883422733,-0.26034892116166164,-0.3490529053921153,-0.09952384304377032,0.793810530074877,-0.7576867618362164,2.194941403254851,-1.4683477871562212,2.223065471998722,-0.122706885989265
-0.28015361387404697,-0.3760103256393167,-0.09868138167590271,-0.2800399426127012,-0.37589592410573586,-0.09891423257981555,0.8155939410859196,-0.680997642363347,2.141978013410961,-1.8237138432337905,2.3106734500965143,-0.1547797696941621
-0.2999720208305493,-0.4028257508819052,-0.09891464190604778,-0.2999423118641191,-0.402748619596245,-0.099062936275199,0.8123712274225121,-0.6840674651859011,2.0527660731999813,-1.6413769400220484,2.224558048851005,-0.0850533980843133
-0.32044805227074696,-0.42909259680220546,-0.09961988829040824,-0.3202862880545635,-0.4289759779849235,-0.09986290743903402,0.8242174268319271,-0.6972500775957462,1.8825583946025808,-1.1183839817281416,2.260860894093745,-0.0055881590609061
-0.3402926774706964,-0.45580233685422394,-0.09929647492620854,-0.34014463928450284,-0.4557004741353537,-0.09953787764908305,0.8415696074333141,-0.6496381689608004,1.8080936304929685,-1.2798757945888417,2.363687876361272,-0.1177691507513376
-0.3595046545197147,-0.4833904902568885,-0.0990417892270048,-0.35951841630362824,-0.48323527060245486,-0.09915958936425692,0.8148186737499592,-0.6132773572458321,1.778265704190412,-1.4193505731420055,2.074060071264487,-0.0945571731040271
-0.3798702796203731,-0.5096752055072821,-0.0995275752389715,-0.37983141153262756,-0.5095760062561061,-0.09964694633728581,0.8314784181463781,-0.5890198664527815,1.621757443583154,-1.1177801299241883,2.168634317848455,-0.0700602714095413
-0.3993267441212054,-0.536710338162609,-0.0988879937740308,-0.399344158837356,-0.536570569048282,-0.09897613376819003,0.8375011393347322,-0.520248788312597,1.5684060775723747,-1.450687894279473,2.178809918046269,-0.4181449203864091
-0.4200824429956373,-0.5629556787442574,-0.10012388297393496,-0.41988937216833255,-0.5629093153514945,-0.1003237575458312,0.8327187747421174,-0.4981291584563516,1.324413223250108,-0.6841446833581859,2.086328415316073,0.1100036438282887
-0.419658567813081,-0.563265632264561,-0.04417369655875015,-0.41963290207336534,-0.5631888863100889,-0.04423308626810956,0.8287646011925185,-0.6067494838633678,1.427415270753702,-0.8937588769598701,2.048267650942213,-0.0648321919610404
-0.4001402289432829,-0.5359950398340882,-0.04448748819321157,-0.40005885993996537,-0.5359519028763073,-0.044659990507111454,0.8344111907564615,-0.6451780151392827,1.4638299217326622,-0.6878454688144542,2.148761681871321,0.1880206582482051
-0.3800971132202655,-0.5091482907605209,-0.04354574555584207,-0.3799818627998962,-0.5090351418308274,-0.04384916864427348,0.8556577069847542,-0.6779306647436498,1.6379040933792153,-1.2004419870788916,2.4161613826050097,-0.0388013388677968
-0.36042219641703416,-0.48232418372641717,-0.044900307449648985,-0.36023402563130485,-0.48224949108565773,-0.04509933350200647,0.815600969229437,-0.736425378062334,1.6299859103205885,-0.5461252149102425,2.08053420328414,0.2749741684165991
-0.3397943482961946,-0.4563202957108488,-0.04357304455438965,-0.33980505536677086,-0.45616324716223466,-0.043692273309483776,0.8181078940388464,-0.7731832735746229,1.8910026814463248,-1.3327760428422493,2.155166909719722,-0.1677529946809564
-0.3198770166927898,-0.4296324826474299,-0.04394638486227166,-0.3199431197452878,-0.42943243507487394,-0.043978617792417976,0.8010293802658333,-0.8265023482805001,1.9700002851269351,-1.2143171514545237,2.079874286633819,-0.1522846320640813
-0.3002826114890205,-0.4024902357419349,-0.04382888000256155,-0.30021337955122157,-0.4023734599084058,-0.04399244417807875,0.811540608321482,-0.8552764994926529,2.043215090937724,-1.2469664356861383,2.218260954375417,-0.0418155456731397
-0.28016478920546556,-0.3761210188571296,-0.044077537850270986,-0.280100833087999,-0.3759453256068929,-0.04423572585522864,0.7690948453826891,-0.909558776431961,2.139626089193692,-1.1636149111663188,1.996632579944684,-0.0809259747157615
-0.2602952688366564,-0.34913914269822766,-0.0444643435308488,-0.26027968549569924,-0.3489906158476062,-0.044559626552089344,0.7547303899610367,-0.9512762429354212,2.195960977259623,-1.0371560715018804,1.9864098559771204,0.0425819820145454
-0.24080594299475375,-0.3219532224918339,-0.044151372155880504,-0.24064027232241786,-0.32180544655799426,-0.04433466950590968,0.7867280810584236,-0.9588449385370938,2.267700684981686,-1.1680767154693596,2.250073783370186,0.0191982709626761
-0.27608866179387526,-0.29247563931212966,-0.04332071772091277,-0.276067048657526,-0.2922709080296029,-0.04347991130735397,0.671290598411407,-0.8944492894915257,2.3522204478544086,-1.714237117330947,2.255764995908772,-0.075156895923699
-0.2989311703790248,-0.31688349820203854,-0.04440784943792981,-0.29892004664444116,-0.3166315345650223,-0.044519520864574585,0.6251978158390683,-0.9539212681172712,2.2122820053690244,-1.0766685432847931,1.912959240114894,0.1292499224183245
-0.3220664435687941,-0.34098331919972596,-0.04398282028663487,-0.3219753127716504,-0.34066465212243663,-0.044241941839952,0.669527624987539,-0.9036192818612688,2.1261924756997246,-1.1606996605831936,2.1026788694000462,0.0399390800108196
-0.3444104874635924,-0.3656608665477519,-0.04324906463366089,-0.34449190869230734,-0.36537468803550305,-0.043357220551267846,0.6806711596590098,-0.8206982142253181,2.109105978307361,-1.6058098065501325,2.112613451949533,-0.0685582112674585
-0.3673639969373889,-0.38973925561146217,-0.04336123917677493,-0.3674664164792103,-0.3894729646710922,-0.04346523843877326,0.6961251579338086,-0.7943658434823591,2.0043939116380063,-1.5142647961663858,2.1663997649988307,-0.234432650581954
-0.3903187159662121,-0.4141150229006828,-0.04415210881963399,-0.39039151325122623,-0.4138902434898662,-0.04427329893728321,0.6693876165443928,-0.8026993031877532,1.8706921315912213,-1.0548090224430506,1.9078239285609024,0.118606486880668
-0.41339361933937707,-0.43797852409058735,-0.043342838315291815,-0.4134009458658516,-0.4376654876016674,-0.04362159978610893,0.7220341809812321,-0.7216570422824171,1.7850572696059397,-1.3677375199043795,2.2825824068858926,-0.1959400321742301
-0.4363995203130431,-0.4622464704276811,-0.04356426701864356,-0.4363662319006798,-0.46194082565911115,-0.04382870402071631,0.7215768843259447,-0.6893654353737935,1.6685665665613492,-1.196155541661592,2.2297514985723232,-0.1588715127572939
-0.4593483663490731,-0.4864774775575443,-0.04477061814339508,-0.4593607292286216,-0.48627258018880903,-0.044934054228437374,0.6942426749101607,-0.6584969441073949,1.4759375945907358,-0.6243754522604181,1.933238448775259,0.063989185420429
-0.48243079607658435,-0.5104853817679295,-0.04497974119441405,-0.48240718465051785,-0.5103292167569682,-0.04502747511259719,0.7078026412091463,-0.593336019050402,1.3273399384004474,-0.5156995803650064,2.004864919571684,-0.0537927260037847
-0.4827624141178115,-0.5100935381650029,0.01109593731821981,-0.48261362723513607,-0.5099032407461036,0.010776922837230555,0.7271843565540359,-0.6681271466203045,1.3194967002766944,-0.5002954970883184,2.1952308982348736,0.0714930098600103
-0.4591467800908977,-0.48644671482140506,0.012179458862697438,-0.4591664147969461,-0.4861879024003714,0.011936590807987622,0.7261380633953154,-0.7382261451186491,1.5945323684246049,-1.192890012891763,2.228764586050568,-0.1991871158722569
-0.43658045994016814,-0.4620624666492102,0.011148629137535374,-0.43656770401549355,-0.46181159187068993,0.01095712814743766,0.701592363129933,-0.8055327857678369,1.6132153156493183,-0.7124227461103692,2.048023387643761,0.1313970930731325
-0.41388722482258833,-0.43740807390150405,0.010741738997162128,-0.4138292315800862,-0.4371453411411724,0.010602499619110663,0.701812860241195,-0.8411917746824473,1.653801699687759,-0.542795060626931,2.1019668049818776,0.1848367537069317
-0.3907624359291494,-0.4133921190908701,0.011689920706313677,-0.3907814783786546,-0.4130930346720308,0.011421732478893694,0.7106727810177822,-0.8963310610502626,1.845440327025808,-0.9999508909859358,2.230304951014592,-0.0357618369893724
-0.36771283047492137,-0.3893337281862185,0.011135194290515016,-0.3677426333216776,-0.3891512613914317,0.010941942000013326,0.6680105950356356,-0.963311208903193,1.9286742382524176,-0.8217335000117467,1.9610433711629,0.2307682077786732
-0.3443263084705961,-0.36582089622735114,0.012133676297363408,-0.3443954539434215,-0.36549757597147714,0.012005085863567914,0.6551199787505686,-0.9831150279786752,2.129345398360452,-1.3789277891046443,1.941349295446024,-0.1657652509495166
-0.3214271667515815,-0.3414682816070741,0.012046110200967023,-0.32153587653097654,-0.34122043830246607,0.011975245210345951,0.6431919121061753,-1.025626820375157,2.217627831039274,-1.3964799556059877,1.9387341032280343,0.0417168313536229
-0.299039360760316,-0.3166766740273225,0.01158801175350716,-0.29901503458667883,-0.3164238765437408,0.01140555744162863,0.647577727137354,-1.0887946724271431,2.24341144186083,-1.1366728235671395,2.039241779229352,-0.1249681835419638
-0.27615919920766996,-0.292281248824637,0.011167302959432643,-0.27612987907204095,-0.29207431854386545,0.011007410959793535,0.6164347615069192,-1.146393712994716,2.300407529508412,-0.9748375530771208,1.949740153732443,0.0656292058793681
-0.24019655318067085,-0.32255571322236976,0.011969265614340594,-0.24021147395783343,-0.32236754161246844,0.011897853924579229,0.7596681631408506,-1.1005271440198534,2.3700192220909644,-1.4253927444742118,2.092491327000788,0.0161776256742389
-0.259816477402105,-0.3495642336018683,0.01220617143005488,-0.2599055788926963,-0.34933282203767474,0.01220950028428601,0.7664751390960767,-1.0411303528666074,2.3112416370264377,-1.556085858068074,2.0540883630668905,-0.304339167117011
-0.28086981767106306,-0.37503021855652385,0.011047770834354147,-0.2806674379409622,-0.37490283964367516,0.010884964201133288,0.8074747948571952,-1.0277649876568802,2.0485512450346484,-0.7693933462918165,2.250413005406555,0.1618386045352942
-0.3006445185541071,-0.401959894976565,0.011207823066494513,-0.30050542375617956,-0.40187327027361,0.011022409866674644,0.8112092534164645,-0.9888769204458754,1.9834269088201388,-0.8272642263500223,2.215757434246893,0.2091782250043374
-0.31997592574924233,-0.4291541288754225,0.012180708544872116,-0.31999546035603016,-0.4290018186540201,0.012037100107807785,0.8309092092977721,-0.918990298497318,1.9975258919664745,-1.4045912125636968,2.318178462098224,-0.2085493487119656
-0.33964367151096103,-0.4562966929759326,0.01212984485414067,-0.3396903578611038,-0.4561318417118047,0.012113860076793489,0.8176613549467366,-0.8820894667435324,1.926327109366156,-1.3752729037137277,2.151502512724579,-0.0773317735676633
-0.359627739056796,-0.4831222042811562,0.011950298882071506,-0.35964148674912566,-0.48297057974039936,0.011882944398695541,0.8145804434425501,-0.8501697923694813,1.816747582552932,-1.20769811868674,2.072087553913872,-0.0304937171860175
-0.3798159785058137,-0.5095177268731476,0.012041079407729915,-0.3797632291179176,-0.5093381138754324,0.011934400262113187,0.8419087717402478,-0.7877854152801813,1.6941087721782404,-1.2200246114974616,2.2689012526997203,-0.1968247248752521
-0.40037103411321295,-0.5355166317518751,0.011447389655003332,-0.4002403838556899,-0.5354758207977157,0.011183616806884742,0.8557512490848902,-0.7228900920858186,1.460423722261778,-0.7220402045782097,2.372506046962748,0.1169709271333889
-0.4198367516305511,-0.5629404453321805,0.011639821380699099,-0.41978097528023267,-0.5628410519139371,0.011569851512580397,0.8449616409384881,-0.6887422938655838,1.43743506494864,-0.9291945328441772,2.210165831038105,-0.2247613424689887
-0.42028656855700347,-0.5625061725113297,0.06698083023626247,-0.4201506993350735,-0.5623781228382247,0.06673743129448485,0.8517284856875635,-0.7549953738713868,1.3506701547077302,-0.6099544806325703,2.283719351384944,0.0623362483167739
-0.40066708222240227,-0.5353365969507046,0.06652012568268834,-0.40042231074760515,-0.5352596458972189,0.06632004420479017,0.8506228171571424,-0.7884785491064275,1.3801224069607407,-0.3800557069429731,2.314650229377264,0.0841517031044283
-0.3797686832737772,-0.5093618775104157,0.0678487072688771,-0.37973420922052736,-0.5091605871433386,0.06766608990507252,0.8474661017185747,-0.8781143074135747,1.703436927752506,-1.251416721453051,2.32591586632498,-0.2567396164693933
-0.3596406204621122,-0.48281788429441913,0.06802349235858625,-0.3596663030331981,-0.4825844755828752,0.06779557622891859,0.8355813054681152,-0.931821465433396,1.8264879567700385,-1.3420136372131872,2.255966427936726,-0.3275426221466895
-0.3406584017705498,-0.4554013698157451,0.06647659832343239,-0.34046846076544124,-0.4552503229840442,0.06625778383575222,0.8181104154290701,-0.9873383331313326,1.7414230258842434,-0.5032308681334232,2.155181825164437,0.1686217249844541
-0.32007166112264074,-0.4289907363482565,0.06767661704007631,-0.3200983863682644,-0.4288332505525478,0.06749637605951514,0.8295431140139944,-1.0439221351617616,1.984157269191157,-1.2316735610420892,2.306235681706269,-0.0750243627547875
-0.2998519329181758,-0.4028531981468294,0.06769352351005489,-0.29990037016177185,-0.402564525379012,0.06753415135849129,0.7913632640537496,-1.1096952216007585,2.108126646179617,-1.2527393556659272,2.073289955211526,-0.2746036359918213
-0.27963286884772176,-0.3762968176755172,0.0677834845519402,-0.2797479761013435,-0.37606605194236986,0.0676693171702721,0.7631111400773052,-1.1600387501874352,2.222755755582577,-1.3466967702594064,1.9601721007665385,-0.2290560048668855
-0.2606271778127884,-0.3487026090006835,0.06713708754009047,-0.2605302985600061,-0.3484838689660763,0.06692672101774993,0.7867025182532315,-1.222346425834541,2.207095785924343,-0.9758878356484032,2.177220851943176,-0.111565910409948
-0.24018247549371036,-0.32219845798715835,0.06803993183553136,-0.24018460666274566,-0.3219709545539222,0.06786791959315608,0.7911253451866234,-1.220625691473387,2.3853656702547834,-1.579239175594192,2.2775797293603635,-0.1434580136081726
-0.2756355405205206,-0.29276883279631094,0.0679946942003894,-0.27569210328376154,-0.29248827554134627,0.06794479455102545,0.6298856253335479,-1.2330270212166712,2.4155385745262583,-1.561413792500453,2.019857951860544,-0.0441631214147562
-0.29847801586805167,-0.31695256015416895,0.06805601090098587,-0.2986108470849782,-0.3166753584967892,0.06792896446245789,0.6514908047048071,-1.1833622680106586,2.3234229847775447,-1.5329692001623767,2.062148453383937,-0.1226451661398506
-0.3215583065838417,-0.3413008351337593,0.06768985444891784,-0.32160513485033654,-0.3409865571170645,0.06748464088841515,0.6466611037147474,-1.1688277222630763,2.2084989021053207,-1.2623452888086844,1.9595948546019344,-0.2481181429538592
-0.34426211393359224,-0.36566992789728175,0.06792682426356617,-0.34436328812192113,-0.3652876942143614,0.06782731961918079,0.6665844531428786,-1.0962123838194446,2.141230072013853,-1.4155205622263871,2.016353356859097,-0.322378333915728
-0.3674407505398995,-0.3896655046396913,0.0671679645435684,-0.3675611962347239,-0.38937950849443714,0.06708687122248018,0.6666435319509985,-1.075991651119944,1.9878552375375405,-1.0126976231516895,1.9515858919063904,-0.1275296634955327
-0.3904523281803621,-0.4137049407496801,0.06757215723328223,-0.3905555372511498,-0.4133445193440083,0.0673729651425406,0.7019089774307226,-1.0048376647726025,1.8954132133908617,-1.1223554347400548,2.1564451833784126,-0.1100934037922898
-0.4130898957042247,-0.4383387307683546,0.06740421325401594,-0.4132413504648822,-0.43804731159116733,0.06726232694177345,0.6822211085654986,-0.9657122014671172,1.813789616857196,-1.0438771314520945,1.944194837257081,0.0555026955603246
-0.43666645778396235,-0.4619071637443656,0.06673684730038279,-0.43667056914313956,-0.46162484164313144,0.06654826414068259,0.7062416539330738,-0.8933199676812906,1.59798112983602,-0.631336631816172,2.088490252799245,0.0112548956895532
-0.45956961408254426,-0.4858831903107887,0.06722847166115212,-0.4595554571778103,-0.4856142352806791,0.0670642660472271,0.7356809571157923,-0.8238738640910626,1.516996559582637,-0.8547095299713576,2.3302730439960744,-0.2139170169339102
-0.4820092451750985,-0.5109350063884973,0.06686693304553638,-0.48217607519920824,-0.5106712124801109,0.06687364695235014,0.7037088739556472,-0.790696688468258,1.443972897016491,-0.7569434573783242,1.9670355929958367,-0.0308962907824335
-0.48243228222689016,-0.5105012454405087,0.12229837546237156,-0.4824902584896458,-0.5102562844050994,0.1221603099193741,0.7122047340786182,-0.8496116655504653,1.3608952473670044,-0.516239018633208,2.0463190428738045,0.1220973522355355
-0.45977483159829613,-0.48592684000430203,0.12135662343862233,-0.45967485734949975,-0.48575247956147116,0.12127290854481947,0.6941025782565116,-0.8792619420981529,1.35578431061775,-0.1470853759325767,1.932027707393392,0.1509366263967391
-0.4365846635438534,-0.462005514095541,0.1222975942141867,-0.4366636726478233,-0.4616924908776818,0.12208950280696418,0.6979268307411948,-0.9812731473961916,1.5828880579156328,-0.5509828239908057,2.0167244739510526,-0.1522035591091421
-0.41333166831844503,-0.43817907762630315,0.12277714044640366,-0.41341591850760784,-0.43784689174753544,0.12258362532101424,0.6805035676117726,-1.0614241298200735,1.7672774926582535,-0.8385478244137681,1.9309027713003808,-0.1778144386653943
-0.39092484390005533,-0.41320509346442064,0.1217795513684048,-0.3908700319246199,-0.41302983285337036,0.12162169247904667,0.6722869315076987,-1.096164146349187,1.7381088915171166,-0.4033690603307178,1.9288378275645848,0.1973103651388097
-0.3677688901892268,-0.38930852670251265,0.12262049196739634,-0.3677997731079181,-0.38904300908070416,0.1222643987764276,0.6667684486544028,-1.1788312027199777,1.9183363099233937,-0.7289567791499869,1.9524547531839191,-0.0093822225171731
-0.3450227119061694,-0.36471780168358436,0.12292308623348162,-0.3450096872704342,-0.36441406027735274,0.12262923359118952,0.6899840943531235,-1.2248051078777995,2.019961806612784,-0.903609383464957,2.179494829816612,-0.1299546624413436
-0.32188493336164836,-0.340825260638927,0.12250017375163991,-0.32189681470949416,-0.3406131702732662,0.1223797157145354,0.6374366436935852,-1.3096509365968378,2.121756081920412,-0.8337141631049789,1.90450736405624,0.1505295181139532
-0.2986579270801131,-0.31663085519720185,0.12341315628147305,-0.2987602752007236,-0.31634143158976646,0.12332146690419737,0.658009323358189,-1.3372802341016334,2.2848549850712576,-1.3234516381189565,2.100993434533102,-0.1156852129891792
-0.276389019855173,-0.2917462417158763,0.12287059751675633,-0.2763515843418579,-0.29146417801229146,0.12261252989086094,0.6615295458458332,-1.4147915313220898,2.279068214319402,-0.9510801316329358,2.1965728550893155,-0.1958445392200478
-0.24065373864101733,-0.32190279637189617,0.12216573558527526,-0.24060112057566047,-0.32172193877125993,0.12204096454660117,0.7374879428156476,-1.4307082700362117,2.2413481209684694,-0.6818464556704171,1.973966594746507,0.132795725258858
-0.26026424790987135,-0.34875497083920515,0.12330902635257165,-0.26029250100257995,-0.3484912199595899,0.12315859448852268,0.7987268328132675,-1.333536799916967,2.2501005088430084,-1.246882188607285,2.255755966622182,-0.1892924014115702
-0.2801340826260984,-0.37578104253244554,0.12318592802437957,-0.28013369144227906,-0.3755245308308314,0.12303324458655937,0.7873084706956064,-1.2876348115310905,2.164890497548841,-1.1358481730447785,2.111984750236888,-0.0119075002795372
-0.30059652854506563,-0.4020540724030914,0.12183343058713676,-0.30045379280079154,-0.4019274910380961,0.12160994535802726,0.7727028019582107,-1.217516063759006,1.9211970434605063,-0.4261647080987196,1.9492623780457192,0.2458140854476114
-0.32036104010036437,-0.42899915122215837,0.1225361193589771,-0.32034078385091247,-0.4288148805774053,0.12228822676996687,0.8013261919690668,-1.1668218546222895,1.89599208483056,-0.7032083693566391,2.08206111556946,0.0248827112829252
-0.3400711346791195,-0.45577878191521504,0.12318958394860645,-0.34005886546610326,-0.4555793138831538,0.12299403211929118,0.8283444033609584,-1.0984710383481762,1.866937416231556,-1.0516968455959672,2.2417636503836817,-0.1748230703522355
-0.36008802080813207,-0.4826955356118713,0.12256319869353159,-0.3600705386141542,-0.4825345063691286,0.12246115238856028,0.812848796560389,-1.0499188024459274,1.728010274914081,-0.7446427825182163,2.057845690634334,0.1246048546936431
-0.38027987533605984,-0.509197207539045,0.12222550777104546,-0.3802200432869197,-0.5090759652921549,0.12209602453331161,0.8226382902097802,-0.9725689905204388,1.5643540357359331,-0.521987827119629,2.088855087197868,0.0382935949492977
-0.3996677566375222,-0.5360711471506439,0.12338433310883716,-0.3996924357611301,-0.5358924694443089,0.12320809694360456,0.8478829568977666,-0.9112691575679656,1.5801286543108404,-1.1035520073967553,2.2849903601412285,-0.1725139835788018
-0.41963138887995954,-0.5630046127874178,0.12299973104950837,-0.41967254374072055,-0.5628312278143446,0.12298926553360653,0.8416772278087352,-0.8570031701198872,1.4543196375144474,-0.9267614714271728,2.175914735598342,-0.0308867949481075
-0.3523952603857435,-0.6070900999580542,0.12215174227741622,-0.35231398658999125,-0.606942809874846,0.12205262867039654,0.9749977864187818,-0.7942575297152548,1.241436049545701,-0.3336648813138048,2.3641162196360543,0.1320382179698884
-0.33580243902843615,-0.5778751169363184,0.122725382497813,-0.33563584383113393,-0.5776880770808431,0.12234223026334377,0.9866533113185304,-0.8572564228388497,1.3757873000742196,-0.533835306774578,2.5609486544473485,0.0795838714386034
-0.31859495375561836,-0.5495520733898864,0.1229238259272888,-0.31859530750383536,-0.5493424071765718,0.12272900243149021,0.9706099339249264,-0.9613172212537968,1.5994670598538487,-0.8365673061776597,2.400086894385691,-0.1615438356039167
-0.3019779565278534,-0.5205912653661989,0.12303627549722704,-0.30191505618376624,-0.5203886102255816,0.12276039197677528,0.9686968474126392,-1.0213804648174536,1.7055350345803104,-0.8905942438258472,2.4257361775046693,-0.0578385618858812
-0.28515320492955926,-0.4920466004306415,0.12258410578493158,-0.2851869920858293,-0.4918175628917919,0.12242596169815415,0.9398309262001056,-1.0964092112809327,1.7939271313588394,-0.719751491562509,2.199883802886593,-0.060749485886149
-0.2691710264402358,-0.4623515649756672,0.12229482132934777,-0.2689593187004125,-0.4621712850116838,0.12197384684957922,0.9554300333554816,-1.1062671042700405,1.7700393239606012,-0.421586766527835,2.392627015319281,0.2093083372221342
-0.2519192707393409,-0.43398305723176467,0.12271376403168857,-0.25192879298977305,-0.433769549088002,0.12250350034332409,0.9397731704897652,-1.2088735854311174,1.975486311681811,-0.8027861767065776,2.311572588210181,-0.163016656679757
-0.234263539408143,-0.4059000683191903,0.12326947970695772,-0.23442290821274048,-0.4056211047085009,0.12329310544529078,0.8992346459558593,-1.2805142121338662,2.1935073210652174,-1.2677594494812308,2.0832390001741032,-0.2873536517438766
-0.2189817750609899,-0.37564427337023787,0.12266446854340277,-0.21881512128343517,-0.3754462037741863,0.12237282509230023,0.9455655074870402,-1.306515464532222,2.1028397898053086,-0.7495536678463499,2.484946813909964,0.13850901095417
-0.20153347843451855,-0.3473436102633638,0.12333585825868094,-0.20154940164980412,-0.3471137503971314,0.1231497103521817,0.9271249140667112,-1.3829103586515648,2.3193356839893884,-1.3035501532268836,2.409925528764669,-0.3575276321350551
-0.2017827112263335,-0.3474566510669993,0.06665208090307805,-0.2017042761976602,-0.3473686979250726,0.06663583058031478,0.8821408758940104,-1.2817741471737247,2.264722328623874,-0.8416973936390688,2.126643934692722,0.2329889027093332
-0.2184278211641898,-0.3765560627843649,0.06684295422541181,-0.21832831461658148,-0.37635995933644495,0.06674156693764764,0.8945315936375451,-1.2269724697160822,2.190803360600963,-0.8744613755820696,2.124138739965081,0.0275137002867911
-0.23459873351421315,-0.405561040816826,0.06785554609939685,-0.23464150206863144,-0.4054055522311431,0.06769368935029574,0.9274761170078358,-1.1387163891588687,2.190982917976587,-1.397999381424015,2.27707628960661,-0.109193277949902
-0.2514875974159097,-0.43415460622073976,0.0678190258392355,-0.2514666878783003,-0.4339536941508256,0.06767621643967818,0.9560149643056156,-1.0753736112802672,2.0830642598855587,-1.4317005772540965,2.454428566594108,-0.5125749492705598
-0.2685419640219932,-0.462892493063463,0.0673832820683061,-0.26850704565955025,-0.46268467072256575,0.06716020836813233,0.9582735947303788,-1.0401443284082914,1.9229898203392315,-1.0233586133238712,2.419986473812971,-0.0840587948919675
-0.28483718088070814,-0.49187145345993577,0.06782564644682124,-0.2848615436059745,-0.4916993736315575,0.067625015783782,0.9680284572199068,-0.9757307725513824,1.885809436932127,-1.3379413705385854,2.468191889271844,-0.2757142318064693
-0.30191145552824744,-0.5204695211679808,0.06756525014223065,-0.30186105050387346,-0.5202891794469661,0.06727447599843032,0.9785416470417658,-0.922660253673376,1.7274205333287211,-1.0767156243762894,2.5429645677549315,-0.2194251563514311
-0.3181453191206136,-0.550122029689718,0.06743136785485246,-0.3182001325025229,-0.5499261772385957,0.06728932025411101,0.9510105470425804,-0.89418805118809,1.6728758974547937,-0.9913291520447308,2.198375066794489,-0.0154588768012575
-0.33520151304804474,-0.578230323679263,0.0675172303592313,-0.3351320238934272,-0.5781100637381094,0.06737557670429219,0.98651836409785,-0.8083143513569198,1.528953517089546,-1.101016747891456,2.558962858764476,-0.3166198880983764
-0.3518393959756911,-0.6075284915157385,0.0671915553085343,-0.3518367011972097,-0.607389414128195,0.06714184834478308,0.972610510454084,-0.7627080890476003,1.4050991803056423,-0.8392834140641936,2.335638058960868,-0.0857537943201656
-0.3518646175305796,-0.6072337684800366,0.011884285276704848,-0.3517951295168389,-0.6071916845707416,0.011728852480295943,0.9854996217453138,-0.6657916422820449,1.4108171452982692,-1.0606610263864005,2.501111888528233,-0.1249408027953014
-0.33557123697573904,-0.5784509741960715,0.010820848251456891,-0.3354187454958723,-0.5783659679834307,0.010716894508778387,0.9587822421002086,-0.7172095959353966,1.4098559183415658,-0.4628841666422261,2.2280877417640506,0.1179184471901404
-0.3188455333533671,-0.549261030102435,0.011694049000060814,-0.3186699334145815,-0.5491163606758536,0.011477856152146844,0.9838436030579204,-0.7676543642109346,1.5845157005732151,-0.95941465907833,2.566305464159945,-0.2783082694197292
-0.30163613411224477,-0.521055166817388,0.011830827326037104,-0.30163905062026575,-0.5208290005967261,0.011729409454983885,0.9613747478173628,-0.8367809500006977,1.7611308938969543,-1.131114633485354,2.348060912822993,-0.2813925056023749
-0.2856962833638394,-0.4914652257028449,0.010864428640662345,-0.2854639764157863,-0.49139433594052356,0.010686824435299488,0.9512019959359036,-0.8667474246299958,1.7093868881290906,-0.5171554384065464,2.3000247934997,0.3547314516964248
-0.2680058238692495,-0.46354317412283,0.011828559896452972,-0.2680548226745836,-0.4634015358831259,0.011743614748990177,0.9300049787054796,-0.9414098686279576,1.982789584910344,-1.195293736458919,2.175518779741324,-0.0208496879815909
-0.25231319786173706,-0.43369722063380517,0.011265067997659556,-0.25209124803688127,-0.4335403814054144,0.011000477898659832,0.9507542993295744,-0.9652928139124132,1.933909088310778,-0.7516230383151865,2.405694778474821,0.1335328240964814
-0.2351907284803192,-0.40512425562455956,0.012002504115059948,-0.2350490549520482,-0.40489947053780584,0.011754535730635705,0.9574240681759294,-1.001342100122705,2.1276358521972973,-1.3477568823527837,2.528522384505796,-0.2655246906430468
-0.21779363434137866,-0.37699709678599264,0.012082881133309565,-0.21785751595721348,-0.3768335256855094,0.012095801494581285,0.9057727123571392,-1.043170353450945,2.2876510085070043,-1.5101857000808383,2.1945455657916577,-0.2419930457710424
-0.20223143883284886,-0.34703179096954234,0.011274181718477109,-0.20198412147549488,-0.34691663052434984,0.011042761480752944,0.922957090863168,-1.1040972404232194,2.2217969661659147,-0.8901944062528484,2.3803175876879026,0.3169630929843965
-0.20103395676820027,-0.3484653172516388,-0.04346174212692176,-0.20106359143752217,-0.34831220810844543,-0.043486007841258986,0.8773481508251884,-0.9081855242257122,2.364646745996982,-1.651689873688662,2.0998254386102886,-0.2170836565406841
-0.2176472377841111,-0.37718633836502696,-0.04347563554254949,-0.21774384401482705,-0.3771060662351896,-0.0433955048826968,0.8998984258410223,-0.8759476567136941,2.278602310214394,-1.6671753942819774,2.157326494666309,-0.2515591875860417
-0.23454097155675308,-0.40578418322971244,-0.04312597540397246,-0.23451822583359694,-0.40562440790163096,-0.04323869752232594,0.9391044924034936,-0.8198662392290026,2.1819282622322,-1.8070537534809543,2.3667322160422204,-0.2100679338753508
-0.2518243563776613,-0.4340674147231211,-0.043759209574659855,-0.25170213143997705,-0.43398500021337055,-0.04388659165968234,0.9591335432550832,-0.8346345684288763,2.0188356902888955,-1.345680360931366,2.484740703456021,-0.1283919603399215
-0.2677124371848485,-0.4635905407322521,-0.04326777245638295,-0.267777317549014,-0.4635101183923724,-0.04324927605107387,0.943833219915522,-0.7720212061078908,2.004562707054548,-1.6630650494116186,2.2884247801342097,-0.3198177129121684
-0.28494860163245234,-0.4920763047717051,-0.043707021508311024,-0.2849128520988081,-0.49200334850223826,-0.04379130259426617,0.9602955451379946,-0.7640674255541704,1.8508650162652875,-1.3005583624437422,2.3871387004272124,-0.261099979532716
-0.3024400784481809,-0.5202857637635135,-0.04438009995941374,-0.30218724065354696,-0.5201922923923494,-0.04468304308357818,0.9699013414566569,-0.7067976139027641,1.5969263767415516,-0.6405891424093797,2.4391808622946822,0.2775091472810893
-0.31825884030180873,-0.5499394368098118,-0.04348677002214698,-0.3181876956423268,-0.549813387849511,-0.04368147682422367,0.9696539482069104,-0.6756883651189733,1.6588045614353355,-1.292200289350065,2.389282960779063,-0.2155429391186145
-0.3353441759896773,-0.5784294770064444,-0.04395055828131262,-0.33522666631056547,-0.5784089800298491,-0.04413973318250208,0.9764629183797142,-0.6297061739884429,1.4811666899274565,-0.949329618776774,2.424531683491664,0.0522404243274663
-0.35219508089720825,-0.6071583340419394,-0.0440770540731452,-0.35201666933049325,-0.6071390738775717,-0.04423512103453689,0.983586568231738,-0.5688516231240941,1.3357729769314224,-0.8442011925443249,2.474411697626289,-0.0754903128426791
-0.35259363766053137,-0.6069037989003905,-0.1000734593097085,-0.35226555921956837,-0.6068751099244387,-0.10032926383720042,0.9833032237404308,-0.4447459102035616,1.1984990435877032,-0.5299686236099039,2.470533576635105,0.0735262972378945
-0.33457523287440366,-0.5790798140064184,-0.09899695875672783,-0.3345633380131542,-0.5790874000781201,-0.09907466518430377,0.962992443404148,-0.5212712275061802,1.5494417678062948,-1.4037573366663316,2.2717572438170226,-0.1042100265611747
-0.31850886369067055,-0.5497427026173591,-0.09945741047287547,-0.31841449600684324,-0.5497362302612195,-0.09964321816463985,0.9696467739197924,-0.5747018816702587,1.5834967457092457,-1.111958533517078,2.38920265272158,0.0933199914636078
-0.30166050062867344,-0.5212135731914691,-0.09938761433552323,-0.30156856544029786,-0.5210906917221215,-0.0995340093352523,0.9571297300391102,-0.6180268670649145,1.714736899775386,-1.218685561044664,2.305682918802136,-0.2390050190872128
-0.2852736861027885,-0.49201506903108516,-0.10027979739576189,-0.28513501708346045,-0.4919525385508673,-0.10038835799136317,0.9369106493875172,-0.6676144956054149,1.7287359246791514,-0.7733984014532962,2.175376615446389,0.0391417022155016
-0.2674370698057612,-0.46395407294052726,-0.09882910692008359,-0.2675625841294072,-0.4639247380572783,-0.09879204920127428,0.9249359454048928,-0.6437187528737169,1.982818519039486,-1.7148382306400616,2.13639227719896,-0.1760782618830263
-0.25210509993016783,-0.43397159144024694,-0.09982182987089294,-0.25191420648379775,-0.43391648512120495,-0.10004115399668466,0.949111729526912,-0.7204070829663127,1.924957719174744,-1.0189890487124185,2.3910174454411166,0.0715048076212685
-0.2348641427203091,-0.405863013822701,-0.09966054001838762,-0.23480510165584254,-0.4057140466015889,-0.09979985430203547,0.9120612550211522,-0.7566420197181349,2.08652018435685,-1.2449153606341885,2.1679809181047585,0.0113667640017389
-0.2185034851617872,-0.37655465909531183,-0.09925353523796869,-0.2183012400154638,-0.3764360854211008,-0.09948661398400024,0.9423571763714698,-0.7437304465477856,2.169057427047988,-1.5270175396246377,2.4578931792367618,-0.11886164869281
-0.20109537213971876,-0.3482791024433062,-0.09862737770590546,-0.20111296680809246,-0.3482243059520749,-0.09870099995621659,0.9097473513203448,-0.6657908699953796,2.321316308991281,-2.07875843968874,2.292017487250304,-0.3960165425764179
-0.30836519327040995,-0.25808641327047505,0.0671560951735423,-0.30824043624078284,-0.2578181138652511,0.06697422286537012,0.5270535650925661,-1.2840581037236136,2.3169080219763103,-1.0504289056343574,2.093021589897009,-0.0238524666044623
-0.3329767373612862,-0.28079707745230054,0.06788386802526293,-0.3331082855115447,-0.2804455434715499,0.06782077744416778,0.4842741371888213,-1.2053016162035886,2.342372409628428,-1.4660039149286876,1.7811305850170136,-0.173532522142275
-0.35878997830547366,-0.30188623469265646,0.06774203905652955,-0.35887903914054253,-0.3015919754818935,0.06756772807167402,0.5162645797119074,-1.1676569518178403,2.2259814124675144,-1.3147249022726415,1.8762003481825804,0.0566344707834041
-0.3844961758875994,-0.32322931143097355,0.06706469062487636,-0.38453826376769007,-0.32296509735237355,0.06685889144058826,0.5082378095646147,-1.1429135079200892,2.084355270239401,-0.9715466124002728,1.751272062156097,0.0293944497657157
-0.4103901515950963,-0.3440640213838796,0.06738181682573219,-0.41038037776830083,-0.3438115472676905,0.06719081123465394,0.570688652253744,-1.06489214447368,1.9814550366898347,-1.0649685111828653,2.097403244248132,0.0317558351989344
-0.43588520504516093,-0.36572385303134675,0.06659625769619179,-0.43592295303247663,-0.3654469776193713,0.06652009901070349,0.5468605949681971,-1.026483260125675,1.843592472765757,-0.7440909775605848,1.8636174160297097,-0.0737778433225653
-0.4616279959984976,-0.3869548963916564,0.06692093690451384,-0.4615942380561785,-0.3866924612589029,0.06673379316775388,0.5737950538850223,-0.9628464164628991,1.747014526872885,-0.7873665544608515,2.006573693659096,-0.0480598897181678
-0.487069846771035,-0.40863534038354055,0.06691506137494227,-0.48704667632511345,-0.40839212292631666,0.06675136699630478,0.5695057558414836,-0.9126121537581696,1.661480637950353,-0.785454709188854,1.916800484870364,0.0574938229380044
-0.5125214094331618,-0.42992778260088016,0.06755135893070537,-0.5125326353283028,-0.42960082326258275,0.06742431971690024,0.6037816422443427,-0.8370960511112808,1.5945369523141562,-1.0745205359635284,2.1689302529268986,-0.142124819280105
-0.5382257178137563,-0.4513398421449003,0.06691225881979361,-0.5382583903880721,-0.45110014919573643,0.06691022772262895,0.5954386939153711,-0.7858603727881293,1.4388430189156116,-0.7761270827644298,2.042411123062278,-0.1355064207799952
-0.5386444676882302,-0.450809107086742,0.12124967003318449,-0.538495144124621,-0.4507514756181565,0.12115492201501282,0.5754352081770229,-0.8132463991200112,1.2365076724925927,-0.1026954436752833,1.8600856943084183,0.1930887109084698
-0.5131419138059262,-0.4292411482178179,0.12212735881859234,-0.5130242104124395,-0.4290332715966838,0.12181376463088366,0.5952970419321719,-0.8954215949573143,1.4145461090070164,-0.3717800446083967,2.088292965639228,0.0337925954650777
-0.4874206553684172,-0.40794241042026425,0.122689168605414,-0.48735647466535714,-0.40767513311897363,0.12228159642478895,0.5966210394553388,-0.9752137260540704,1.587817868395768,-0.6318162393788511,2.1488789623286664,0.0604731320680462
-0.4610609718813669,-0.38766494503177173,0.12298242048114948,-0.461158004544421,-0.38731316087598977,0.1228405141960903,0.5489331976971954,-1.066641905674838,1.8143049065994337,-0.992768849882054,1.8157996017159856,0.0262272236787186
-0.43593433006263127,-0.3656196796297295,0.12246700663477993,-0.43596829912114915,-0.3653681472518004,0.12224765051061513,0.550061676212291,-1.1225256671871398,1.8346969412259977,-0.7241012359385137,1.886461418594504,0.0320987514121555
-0.4101045440094806,-0.3442109450826756,0.12346282396655647,-0.4101791002162881,-0.34389272941339316,0.1231975166223565,0.5708864129482629,-1.162213530495262,2.0068886937167543,-1.2027598855842814,2.098874273676831,-0.239461056075561
-0.3851055648264761,-0.3222091669723474,0.12228085759524712,-0.38504341303248124,-0.32197256981626987,0.1220588939394564,0.5502415764127582,-1.2304616655854712,1.975908235495603,-0.6455018869247109,2.016435958999553,-0.0459265766895971
-0.35878658213835,-0.30188650067570005,0.12286940025510897,-0.35888306410565385,-0.30154510024931797,0.12283032481678843,0.4957177941990021,-1.3136782299541458,2.190353298650323,-1.0780402456765317,1.758208354503778,-0.1891613571058181
-0.33391643024493883,-0.27951693699762026,0.1220641589554092,-0.333790426857151,-0.27926950683627044,0.12186069192477972,0.49873474991286,-1.3703458097560164,2.1564880058033093,-0.627220431362097,1.8580359335996333,-0.0909344524321946
-0.30780969943579206,-0.2587580500403115,0.12272263813258331,-0.30782676692832023,-0.2585642106673148,0.12262718885055812,0.4522530699629641,-1.4546207176647612,2.3475861030663143,-1.0193842509582831,1.7145048943840375,0.1102923756822296
-0.33559714913046956,-0.22159523098140593,0.12241328074105841,-0.3356344779299602,-0.22133554329768404,0.12239558439053233,0.3023794794131444,-1.4659754979051098,2.343805214138789,-0.9562110298138116,1.5566974837446788,-0.1568617261844229
-0.36364239374852747,-0.23958019680195938,0.12322759272180618,-0.363614110527437,-0.23931686398083224,0.12314800194119059,0.3913218044347455,-1.3574030586922636,2.2927408848915665,-1.242740830445114,1.906568351299665,-0.2682890991515059
-0.39142410087136925,-0.2582052098369587,0.12234029873221423,-0.39141186084341145,-0.25798217338526885,0.12226275974903422,0.3460089227801228,-1.3288125585629074,2.1559649621682,-0.8710580570066777,1.5725175074720354,0.0199383330690405
-0.41917126078116795,-0.2767325093460236,0.12302053491592685,-0.4191446149972506,-0.2765142806657934,0.12296585596256956,0.3782962459662942,-1.249616645468019,2.125864080572608,-1.150705960498989,1.6695062677927712,-0.1616670657326095
-0.4472467741119861,-0.2946969272584341,0.12239544907837066,-0.4472764512230305,-0.2945202723009637,0.122249415141806,0.389110956448488,-1.1982926982794295,1.9649526874824208,-0.8128245493480506,1.656315835856426,-0.0798449614750342
-0.4756195004542802,-0.3123440799673565,0.12236557918241016,-0.47552403799160736,-0.3120842151773915,0.12213855821152744,0.4421971075157369,-1.1158654869835836,1.813846237327052,-0.6705363933069455,1.9480063928824607,-0.151834925188667
-0.503261772155018,-0.3310587938803299,0.12284742335593966,-0.5032225018075986,-0.3307861248155527,0.12262049600487697,0.44735213996826,-1.0619012304257551,1.7783858816603209,-0.8829079364266059,1.9274997484275345,0.0903057452067175
-0.5310134462319723,-0.3497326197541807,0.12222313835292362,-0.5309743884333209,-0.34952635107036806,0.12207713690601844,0.419722071851289,-1.0101285384783525,1.6522404882791584,-0.6732929793255273,1.6555042247366751,0.0301393851999951
-0.5591442527334106,-0.3675890481429845,0.12207162022728987,-0.5591260385669481,-0.36739541273395077,0.12193478124615156,0.4480825738948208,-0.9318183447432364,1.4994509236764664,-0.5338575823934724,1.8198538894272325,-0.1039627383506158
-0.5873400737879323,-0.38544923040678736,0.121426429145967,-0.5871821237612772,-0.38531775556784326,0.12133121472246355,0.459055439389024,-0.829039852538763,1.2760672974795124,-0.2048515817225005,1.859869688888856,0.1442880966067585
-0.6276955323759419,-0.31564397421212925,0.01161395172098461,-0.6276100261213994,-0.3154677778055833,0.011374471051627736,0.3436882013218598,-0.7111520318678259,1.4857155342048012,-0.9314248285764184,1.8685832438739496,0.0952810312619911
-0.597698684080721,-0.30067818506199495,0.010243378030503153,-0.5977061418627365,-0.3004246724425039,0.010111540256633814,0.3031143864896428,-0.761391372459109,1.4823608449757568,-0.4645243899367188,1.5880506255107836,-0.1007121382253859
-0.5677726971168235,-0.2860880380152639,0.010542163396936557,-0.5677467105935032,-0.2858003204523631,0.010416702411725159,0.2846515907194593,-0.828350907639055,1.6398143093432689,-0.6475641314308738,1.5134774692320985,0.1282230722247623
-0.5381898693293041,-0.2708754936054649,0.011595302271606505,-0.5381123055555113,-0.2706426264638894,0.011403301413352083,0.3169858662220504,-0.87098093459567,1.8129957560772445,-1.0442754348438088,1.821475849249926,0.1436500180590316
-0.5080506840138309,-0.25644360602040184,0.012242200918386638,-0.5080568008495854,-0.2560516249088901,0.012137817838341974,0.3090537930550017,-0.8892685189120377,1.9680221552944897,-1.420718082203322,1.827588477883209,-0.2426875104732957
-0.47798021095747045,-0.2419785457587631,0.0123166401347798,-0.4780613339762898,-0.24153856698230503,0.012142118488590807,0.2682092724323701,-0.9363114568616662,2.0781070851750263,-1.4644210813047611,1.6273389544761434,-0.0561943857559668
-0.4483670584753423,-0.2268764522419319,0.012270689726187643,-0.4483551147542528,-0.22643412813705924,0.012080971815251317,0.2609588349286675,-0.9819293086595416,2.163465411142215,-1.458393594928946,1.663635049551301,-0.1107936553539512
-0.41850081987609966,-0.21175777451029254,0.011578549065797552,-0.41859684237250205,-0.21138402032739087,0.011527403307895269,0.226915053617243,-1.0567196786722892,2.2213209729102186,-1.243458879285596,1.557422630663968,-0.0404209543939799
-0.38903481020505715,-0.1962188040351206,0.011857808724892071,-0.38904117202881616,-0.19586539012110882,0.011765394052247401,0.2626913118022873,-1.0786424290603651,2.304233041743496,-1.3553556355567382,1.8401457074856824,0.0111355796185308
-0.35911039033739206,-0.18162594543536217,0.011514700479953193,-0.3590565197230805,-0.18127935817092744,0.011360613164117565,0.185979611179138,-1.149902754386251,2.382510054982559,-1.2158746537725555,1.5565017176798674,-0.0159703826325818
-0.37777800400772765,-0.13878663658329288,0.011975131476317815,-0.3777198763966885,-0.13845692211726937,0.01184333629803022,0.0901213737922161,-1.1161060535106229,2.4146164140653488,-1.439764548357962,1.652613344569284,0.1594112591063923
-0.4085341457777429,-0.1512168669177845,0.012061682659334778,-0.40862214709498196,-0.15084540639927282,0.012055290767463894,0.0399439983423408,-1.0621183464681505,2.361167252458789,-1.5556686112863405,1.2916109122414374,-0.0507639703249007
-0.44029049821601085,-0.16133701549757956,0.010732081323237753,-0.4402010297420827,-0.16105011963249005,0.010580201338507057,0.0908133943215623,-1.0785456572856624,2.143442412395858,-0.8555310851498326,1.4485892381543328,-0.1450024248874482
-0.4714663222204186,-0.1726101623799402,0.010263286222663266,-0.47147944695718036,-0.1723671098936914,0.010262017220219976,0.1027993355040726,-1.02869103505504,2.0204108283089592,-0.7026666035282685,1.4153421484031945,-0.1898228476108276
-0.5028533026609088,-0.18415519953294646,0.010464233843664749,-0.5028427287847717,-0.18389312948888023,0.010345426951671198,0.1168023051922095,-0.9818779273121264,1.93875500509488,-0.7223956586219415,1.404623953354137,-0.0491353694204561
-0.5342754271435124,-0.1954083088231895,0.01033729401655482,-0.5342255994859432,-0.1951386356332985,0.010143262931136664,0.1346735314844203,-0.928044908229265,1.817752327253176,-0.6077106326392316,1.4317039248692476,0.0412658121269604
-0.5658426179955073,-0.20691613961605568,0.010837882947049444,-0.5657889122213646,-0.2065440744150141,0.010718498326419183,0.1688870967332478,-0.882692820331771,1.7723917946285397,-0.7992086174843811,1.5905634322422555,0.1098880459651967
-0.5972633761868462,-0.21840673497144078,0.011272125323633118,-0.5971900568594133,-0.2179908257545207,0.011120351999484128,0.1905852417654889,-0.8283562343363324,1.7037336947420476,-0.9290772085796593,1.6827991998250855,0.0952084795208634
-0.6285333272286694,-0.2294319191118827,0.010225319644073385,-0.6284963628942029,-0.22917655787650557,0.010118787391071072,0.1805233232836114,-0.7652653837623054,1.4952323638169256,-0.4988379784033467,1.5382210512849923,-0.0281881709030935
-0.6600051055809093,-0.24106065055823778,0.01130153604849825,-0.6599536651153934,-0.2407129868916572,0.011136969212779211,0.2122939060521766,-0.7175692919188394,1.482608389133211,-0.8665336286037775,1.7381358259865536,-0.1894590528198252
-0.659673058682,-0.2417048546761236,-0.04406996441862824,-0.6597401119025531,-0.24128877027241943,-0.04407953454951788,0.2009143401511139,-0.6194203074937876,1.5133227562067146,-1.1118092564629345,1.6416076169658362,-0.1211756455139831
-0.6285295809863491,-0.23014762251787513,-0.043523381730851296,-0.6284485129218573,-0.22965374644127695,-0.04383234696584496,0.2103353263057639,-0.6589195499108236,1.628530573404925,-1.2329082146524877,1.7783509809468407,-0.1781662886369339
-0.5967678182044752,-0.21941204141568582,-0.04351097836742478,-0.5968064658804615,-0.2189448278257731,-0.04370592827605563,0.1692848962709501,-0.7018510966599432,1.7609439910103193,-1.3596059405962309,1.5209712657639862,0.0766662029021127
-0.5652103862127492,-0.20810097875797137,-0.04397004356443628,-0.5653387286930805,-0.2077526976760937,-0.0440136112886987,0.1353265174658968,-0.7575445038620847,1.8495193051694687,-1.2839884123251295,1.3488155656806669,-0.1072045016189155
-0.5338578711414278,-0.19676259878078764,-0.043857969443950054,-0.5340110076455308,-0.1963639112908372,-0.04388900970385981,0.123924967031813,-0.7930496676816068,1.9531988039205004,-1.359290601411226,1.3583294768326244,-0.0332901709117496
-0.502746888388494,-0.18455536189211663,-0.044781806792504056,-0.5027796344888346,-0.18429193658919293,-0.044929984586536666,0.1100452009499535,-0.8620798055316863,1.9605680918917825,-0.9262627573660098,1.3612799020477615,-0.0144711360731171
-0.47151904073383394,-0.17376024848289992,-0.04354265513322009,-0.4715405131405999,-0.17330081123905766,-0.04365675629535837,0.1164082923506737,-0.8527057298543022,2.1451380220260283,-1.4910661158648806,1.4962175521380692,-0.0258788092954049
-0.44028845195337285,-0.16215535288031693,-0.04341459918158537,-0.44032675118097714,-0.16169984701898268,-0.0435183000502114,0.1180910041190963,-0.8720264974187377,2.2360259838527448,-1.5762615981025687,1.598960332415591,-0.0275279398449992
-0.4086914490494789,-0.15118175795391062,-0.04347421574006652,-0.4088277346125176,-0.15074785413649766,-0.04355677781561256,0.0555204034104859,-0.902924200258754,2.3314457408323044,-1.6042032226146208,1.3722404778558692,0.005691230196398
-0.37731065623952215,-0.1400298603889753,-0.04315445398904782,-0.3774674451351621,-0.13960250841284233,-0.043238871382096394,0.0141022341509002,-0.8924945266444473,2.4346025430378884,-1.7879694373795734,1.2958517825375058,0.0697771149751984
-0.3911937680172462,-0.09479744131774023,-0.04351572611949099,-0.3912059343654772,-0.09446589503313459,-0.0436327786012023,-0.0819293813440276,-0.9307335770017692,2.4137098889340827,-1.6078003979772213,1.391963039782263,0.1870262290677145
-0.4231575133722639,-0.10233399601456628,-0.044773706780340206,-0.42321919985962225,-0.10196578510858414,-0.044889210234062164,-0.0979089999541531,-0.9689448664298804,2.236439401021144,-1.0340588402419648,1.1777322369143297,-0.0194234819697958
-0.45567710471863093,-0.11006099219593296,-0.04472782471500612,-0.4556635612827996,-0.10970095834783325,-0.04487952067461019,-0.0730009687162347,-0.9343551962064552,2.1509643890174868,-1.022009323436266,1.1806124257782464,-0.1771504560295853
-0.48805822107560837,-0.11727369619950057,-0.04523406161949634,-0.4880952339455422,-0.11698389404259325,-0.045343304751865834,-0.041017264620689,-0.8997245643487073,2.0133286961053223,-0.7899822852945371,1.249230056412039,-0.1348599573458222
-0.520581997128348,-0.12516619543713475,-0.04500628736571119,-0.5206389746133877,-0.12481168834493098,-0.045122052262566395,-0.0208272528080248,-0.8615293169627969,1.9468204504538065,-0.8693531385555624,1.2669171207929812,-0.076214331297411
-0.5532586648504975,-0.13328374495986728,-0.04370178525264433,-0.5532975888095268,-0.13284576505558354,-0.043773451387461165,0.024881617383262,-0.7864637145142437,1.9571673510422016,-1.4028571495872009,1.4761989227279324,0.0856400856192136
-0.585683195844172,-0.14046522315102772,-0.044969931683250794,-0.5856730333100377,-0.14013851462678031,-0.04505867039504587,0.0170135873958718,-0.7769088373455455,1.7619334613409636,-0.8464404020961034,1.334496713176356,-0.1577323765091054
-0.6181516007300887,-0.14853053042245806,-0.044510078241356915,-0.6181092906112472,-0.1481580373262704,-0.044696814392038216,0.0250151526353867,-0.7291220819984696,1.699550627443764,-0.9887373889388642,1.30716065036283,-0.1398857372851352
-0.6508620714767533,-0.1558632799890272,-0.044416327862010246,-0.6507952572605947,-0.15544125931266864,-0.04455048139277012,0.0609098820086111,-0.679712595288871,1.5970143723265675,-0.9790019986576364,1.5121821591663656,-0.0832050392487833
-0.6828797146875132,-0.16428867191271207,-0.044081798624110005,-0.682931040107198,-0.1639185045505729,-0.044125478872482214,0.0468419199523779,-0.618616915944747,1.533979750063521,-1.1927679300259375,1.3226912918265707,0.1889396455091403
-0.6829735852712712,-0.16390995629829314,-0.1004026259637668,-0.683031991318733,-0.1635744103469565,-0.1005001469127569,0.0436256542942476,-0.529177687573358,1.4346523921427128,-0.8983750048711743,1.2948641653676578,-0.0301040559231871
-0.6508527856790901,-0.15578665900796299,-0.10010071044088785,-0.6508029294197438,-0.15541591824541157,-0.10031445497931042,0.0609053263024166,-0.5763400500501752,1.5507330185718633,-0.9537576488991664,1.5121446458661447,0.15046555734324
-0.6181068545274849,-0.14878587692459672,-0.09981101112924341,-0.6180981224625186,-0.14838746795463986,-0.09999672934159311,0.0263416619540253,-0.6129041599354501,1.6916609786289527,-1.158399607885937,1.3174954512492878,0.0750768762875924
-0.5858012392818954,-0.14090631014853894,-0.0997443643410958,-0.5857537720714037,-0.14046387410124997,-0.1000095333491044,0.0256804084701256,-0.6536680953473564,1.7871061116171951,-1.1611838171561308,1.3976033113863284,-0.0598135804987833
-0.5533663789478727,-0.13342267507133984,-0.09927383029113317,-0.5533526470270683,-0.13289326575818936,-0.09942278009308737,0.0248411064509341,-0.6642607367649651,1.9176838919550283,-1.4320067346287657,1.47592474552948,-0.1272138701869694
-0.5210565755611077,-0.12551277863438912,-0.09919532156502683,-0.5210201935800043,-0.12495692234950198,-0.09935679868715178,0.0280971147106008,-0.6903169077340681,2.008636846825711,-1.481049309967878,1.5803067760811196,-0.1771514752152128
-0.48871140819112197,-0.1178108693015207,-0.09906465492579239,-0.48862189211464413,-0.11721463972784123,-0.09926100701920766,0.0194808425533765,-0.7091843313961981,2.101577240145554,-1.556018456189331,1.6114029419631546,-0.1704170925220731
-0.45600260203776594,-0.11043173127053109,-0.09936316704508266,-0.45600640847484947,-0.10997829060957429,-0.09952457158274104,-0.0448428402585201,-0.7505551552159884,2.1853169019882657,-1.4851568117123972,1.3413484295035063,0.020610541366393
-0.42365800656865094,-0.10265314231167838,-0.09908610195792038,-0.4237353372265113,-0.102141300228431,-0.09922509719905193,-0.0445122865495788,-0.7445054240842284,2.2829962838820475,-1.6475662253287962,1.4557542189575925,0.1455551646515345
-0.3907979825356763,-0.09567704449841805,-0.0992525173969593,-0.3909848668287868,-0.09510660042715602,-0.09939695029884223,-0.1467732337594136,-0.7702756667128159,2.3615223203554097,-1.613375005469211,1.076744520432003,-0.0288246675925765
-0.3779483606219448,-0.1394151549979257,-0.09842917743406351,-0.37789032452721544,-0.13894824879676174,-0.09862369766380207,0.0948584289274356,-0.6818670086563934,2.3752832081452624,-1.978636704232145,1.6749864483606407,-0.0882361515456189
-0.4091050479512538,-0.15041941438390619,-0.09988188959101084,-0.409089124332687,-0.14996914324474972,-0.09997579057747215,0.0931558508119811,-0.7983318456789474,2.230456066752404,-1.2930256927057049,1.5642616785079513,-0.1227524702665894
-0.44029017856075264,-0.16244834912870323,-0.09908264070660092,-0.44032180835356444,-0.16195742526221707,-0.09928486395376912,0.0979884362684866,-0.7351925705036204,2.1923996681298163,-1.5724880204058092,1.4881716490892858,0.0888405642621572
-0.47187452994987933,-0.17335264451579144,-0.09894588119929001,-0.4718189329988461,-0.17282796517852198,-0.09915194901510427,0.160835835582191,-0.7004180364246455,2.09588534462344,-1.5931050795444233,1.7613739385657468,-0.2087828235650946
-0.5028115376814779,-0.18527422719167633,-0.0992101718300708,-0.5028804890351888,-0.18482136073863537,-0.09935386011297663,0.1275040227625306,-0.6923228238324626,2.0122756853351227,-1.4781644570659551,1.47278588159306,-0.0423950073766761
-0.5345244456764602,-0.19584652486351428,-0.0997764690650796,-0.5344645729854268,-0.1954501622793338,-0.0999854563914123,0.167857840826064,-0.6889243668161069,1.866777329361284,-1.147809474927798,1.656277101195629,0.1731932720103777
-0.5658158324071038,-0.20730426378863162,-0.09997228715324685,-0.5657772665516825,-0.2068423361793859,-0.10019385621129169,0.1724873916702121,-0.6579552949049199,1.75561326698371,-1.0301676750107722,1.6164091996785697,0.0923394675529314
-0.5970220382226099,-0.21856131950607968,-0.1005288099268442,-0.5970586237221938,-0.21815502701309736,-0.1006549550110747,0.1722134227966099,-0.6213363883897327,1.614902525458632,-0.8119296011014545,1.5431672434528432,-0.0163939273155868
-0.6285772442777775,-0.23001969610701806,-0.09991412286012269,-0.6285352187459479,-0.22956301661864587,-0.1001412482570756,0.1982284900255995,-0.5721664124168528,1.5482991098290757,-0.978536961862294,1.6800369831975548,0.0979250108444804
-0.6599668642257782,-0.24114506073055295,-0.10030605159710652,-0.6599349183257739,-0.2407437309370094,-0.1005243179733262,0.2053711184685092,-0.5247136966413253,1.3959421319327294,-0.7754383552028621,1.679265102702356,0.0663279723158285
-0.6271873828612216,-0.3166583216067479,-0.09987505904628242,-0.6272711691674633,-0.3162850820726778,-0.10008868229905188,0.3062743655739175,-0.5268396375719839,1.4511268126485517,-0.9808049363602134,1.5491297528481036,-0.082007696886122
-0.5976331332114532,-0.30125766125267833,-0.09902816935118745,-0.5976067316425694,-0.3009216156093477,-0.09926121833385554,0.3405574746675457,-0.5417898942429389,1.590850802036245,-1.3394354705932767,1.893804261283505,-0.1171875473308365
-0.5676191346279568,-0.2864331098802614,-0.10036668386687636,-0.5676477426490292,-0.2861132598325992,-0.100545415308494,0.2840671614109258,-0.6219890171245064,1.6258945261242896,-0.8520879455886714,1.509044437130897,0.0121373132922113
-0.5375143137021103,-0.2721765727404097,-0.09886489985484365,-0.5376450630701456,-0.27174265597870023,-0.09898921450976371,0.2891618821152093,-0.6076723608111068,1.831282861027618,-1.552211997237101,1.6187027593620007,0.1094727804421742
-0.507807386522728,-0.25712082419059346,-0.09891738182433685,-0.5079226536771758,-0.2567018501055317,-0.09899212955583347,0.282556483617236,-0.6398932078155193,1.9259236340309265,-1.5822998692629795,1.6450229660013165,-0.1610609020040314
-0.4780145876954099,-0.24191909854515636,-0.09998679105008881,-0.47815376100302887,-0.24143478844922459,-0.10018810817887534,0.2448785463354625,-0.7299760384884983,1.952110671584825,-1.0988098171368796,1.479277132865687,-0.0404558759087372
-0.44869963404116625,-0.22651137198965246,-0.09928783662642048,-0.44869394307179733,-0.22609200908771765,-0.09950403633881325,0.2866278957528991,-0.7253433057275012,2.0701233303252025,-1.4138608836511803,1.819135876555692,0.0233843021876238
-0.41871192266439583,-0.21203712856631213,-0.0984513895275636,-0.41873285942272404,-0.21155454658092537,-0.09866823713467406,0.2696062842602904,-0.6739963630074355,2.197269232842678,-1.861320864461724,1.7956833615448868,-0.1683150428957551
-0.38865228534788765,-0.19749253825940116,-0.09832524320642566,-0.38881775573104493,-0.197031510822899,-0.09849615716571891,0.21774409039531,-0.6692630783839024,2.2975973324341386,-1.972779212125308,1.6062531454762352,0.0071345184279429
-0.3590343825864585,-0.18261504376897933,-0.09830368006453054,-0.359089024488279,-0.18216360475218502,-0.09854729357571385,0.1824104452951078,-0.6792743254066713,2.383650885000261,-1.9914211771450272,1.539817718760041,0.0825797004924777
-0.35863859790194347,-0.18268149817573007,-0.04290067553236181,-0.3588729327840517,-0.18222565137160218,-0.04292416724566078,0.1676951411145388,-0.8554630039316806,2.4386738371620584,-1.9198136130705152,1.4711318317794309,-0.1076355091377427
-0.3886995534620627,-0.19684516192412618,-0.044294992642778974,-0.388765007382809,-0.19645909795616062,-0.04446580014714389,0.1907273359454397,-0.9613764809798776,2.2631061099451664,-1.177736372069024,1.468645525551718,0.1166335419092279
-0.418570033187478,-0.2116309507982476,-0.04454694196653412,-0.4185442037012203,-0.21125086521774358,-0.044780590231420836,0.2108897961958482,-0.9365916172488395,2.147275357350168,-1.0118349309258408,1.4691282676697748,0.0409894212776102
-0.4485345679224007,-0.22673230210224124,-0.043397247285485205,-0.4485006115492001,-0.2263479653158452,-0.043510879980525836,0.2755664425569746,-0.841241852263312,2.1359319048256884,-1.5304193245447546,1.7515100137485788,-0.0113054821769456
-0.4782443010167167,-0.24159037754871773,-0.043611447006889,-0.47831573471367594,-0.24125893021755968,-0.043680079486083545,0.2866475536365249,-0.8194247930002723,2.03520991532674,-1.4177122863368752,1.7455749124356306,0.1386701547980067
-0.5081509245649599,-0.25643190661645,-0.04420453927847301,-0.5081588403473266,-0.2560830644021971,-0.04431855159972013,0.2848120021560669,-0.8097033622363705,1.901072885367399,-1.1064490447845463,1.6603475702549586,-0.0015864519795281
-0.5382548010944368,-0.27093648636530426,-0.044080276185954156,-0.5381510077345519,-0.27063564778359955,-0.044288359318776595,0.319781779303677,-0.7618689357998338,1.7872414298647712,-1.0615092025230526,1.842347160383003,-0.0421017663304188
-0.5677052448563211,-0.2863255242774459,-0.044741184178248614,-0.5677375320300104,-0.28595022099131817,-0.044908688473259115,0.2901885377094659,-0.7293043481548582,1.6548073735956343,-0.8098255825878122,1.5554428062454615,-0.1303079135726914
-0.5975677231797941,-0.3013342274333506,-0.04443114479538506,-0.5975695052065916,-0.3010327741632094,-0.04459807443831498,0.3044125217377389,-0.6795150078776748,1.5776752319224308,-0.9065039839610604,1.5984316795928146,0.0844827170921149
-0.6274567740326008,-0.31599029630491193,-0.045115214538581076,-0.6274080155852144,-0.3158098347073106,-0.04522613110179314,0.3040136221497174,-0.6230272184434056,1.4008073913158716,-0.6193580022637848,1.530137418067695,0.1533552613781559
-0.6645762383625291,-0.07930508299486565,-0.10013138346767615,-0.6644437687274085,-0.07883651474701077,-0.1003145391557217,-0.0549408470988215,-0.5759151522799173,1.5540168798002796,-0.9694327246640544,1.5162155398085249,-0.131942276024739
-0.6308615037706844,-0.07647352764179406,-0.10010693873958168,-0.6308942857493912,-0.07604727014110874,-0.10019622485442886,-0.1154275880834663,-0.6121612766746467,1.6812780627897244,-1.135346322036492,1.113533326700324,-0.052199508572599
-0.5979243381572771,-0.07207597356384161,-0.1002481479132656,-0.5978822054086318,-0.07172591735494052,-0.10045755553179572,-0.1152275600981531,-0.659669760150317,1.7563833811376508,-1.0137023378282572,1.216387747174794,0.1424102804297522
-0.5648011391559237,-0.06798369191294203,-0.10042089480411853,-0.5647700734086384,-0.06760552789549845,-0.1006161964046623,-0.1223358873235946,-0.6997000039091392,1.8356319717934,-0.955386836070594,1.2643501689995649,-0.1258824145400203
-0.5319022537476402,-0.0646298822687554,-0.0989582888136899,-0.5319010622627233,-0.06409444909798716,-0.09907349131048765,-0.1069309390077779,-0.6683831106830973,2.0278565682729983,-1.6323192348453095,1.4618455322510346,0.0620709331551805
-0.4982509594294707,-0.060482473315706387,-0.10063245752314558,-0.49833165829230935,-0.05994800377384135,-0.10077111623454078,-0.1720335002056248,-0.7642131325007653,1.9998270633209063,-0.9306928983163508,1.1575039244687586,0.021045476133402
-0.46543624584079135,-0.057426780134376486,-0.09940390774657949,-0.4654794660634506,-0.056797546225249136,-0.09955245724373513,-0.1986550841545731,-0.7479375177587677,2.1865236726268407,-1.505425790985644,1.1256760304605151,0.0089316121284674
-0.4322691626819864,-0.05368955996059126,-0.09928187229935373,-0.4324356557991972,-0.05297000294725023,-0.09940749489392095,-0.2267541724269919,-0.7564426602996059,2.2795168089917786,-1.5946109665009534,1.1095248025935716,0.1455054415112187
-0.39931538356454105,-0.05012876837737691,-0.09868310985069402,-0.3994382829382476,-0.049358773114590915,-0.09886039889729482,-0.2661529580275172,-0.7142870583013456,2.387518322834449,-1.8846941615937816,1.0611797253346928,-0.051265895962274
-0.4021021329043182,-0.0022169461248236827,0.010955734382019591,-0.4020239348726587,-0.0017042088114590454,0.010892557296005072,-0.3653746591161999,-1.1629070582094374,2.368305281467679,-1.101590763676116,1.1479897422887246,-0.1159301467369293
-0.4353278098678877,-0.002726449351231462,0.011190285243768434,-0.4353121098259427,-0.0022268476266191963,0.011141000969671612,-0.3591513058118982,-1.1060200511732263,2.305367507686875,-1.228648243470388,1.0187882290341743,0.187612008081643
-0.468711965365447,-0.00286369645360764,0.011352658936603179,-0.4687090644810036,-0.002298515433005164,0.011371076191723737,-0.3239704594428048,-1.0535675988269508,2.236825249409944,-1.3144655990336025,1.0715075542278942,-0.0262004037039118
-0.5021780627816718,-0.0030127690180967864,0.01190529676772265,-0.5021279125620888,-0.0023510648666475106,0.011896060224133056,-0.2820964159190731,-0.9832602630913908,2.181858893685181,-1.5114495882937975,1.197223455351904,0.0088498864215162
-0.5353862032460462,-0.0031379561463908525,0.0119420178381421,-0.5353921555048505,-0.0025386120161566376,0.011896505765840441,-0.2710358109373505,-0.9373743062427796,2.0919942909526554,-1.516597370119702,1.1497258139896145,0.2140492076279372
-0.5686111028608728,-0.003107127318910833,0.01147749306644202,-0.5686838612713305,-0.0025373165251539737,0.011511085241825564,-0.2640371055121724,-0.9098273352828148,1.9754725568859577,-1.351118405942239,1.0807126062467125,0.2557753379394225
-0.6021864195957005,-0.0026880616876642496,0.01119801328397373,-0.6021514924496119,-0.002128830291321729,0.011250311033163686,-0.2354083945179894,-0.874580712811758,1.857811337196696,-1.1815029800538048,1.1872961641753932,-0.0964746849186166
-0.6354031321430144,-0.0029602640573839697,0.011046266590428155,-0.6353960645969104,-0.002393087688110484,0.011143975009925276,-0.2356460037135135,-0.8234461550783432,1.7530129165850852,-1.1602552878864227,1.0810362614410156,0.0612379283632273
-0.6686768627495555,-0.0031412093626874485,0.011169428050206239,-0.6686713021507102,-0.002621020271175608,0.011189857267780458,-0.229590234534176,-0.7672205564454382,1.655629650259221,-1.1975929761214077,1.0271710499104918,0.097463695434699
-0.7020669634414645,-0.001985671872489216,0.009671905381363477,-0.7020626350143595,-0.0016252750940684811,0.009683021687133647,-0.216325970557996,-0.6973801186743755,1.3687497593941655,-0.468516648901411,1.04790056964526,-0.0605288321813612
-0.7022884310165356,-0.0017181563485734247,0.0653791386026036,-0.7022420890492601,-0.0015007871056030575,0.06554537269734463,-0.208484492874903,-0.7944498144676428,1.406224520334571,-0.5278160236703728,1.1216523420361888,-0.1052258294344814
-0.6688542092657055,-0.0024889349107079534,0.06653119099260348,-0.6688155202670647,-0.0021407481263769554,0.0665133083705591,-0.2207217758834252,-0.8689623969688198,1.6338785836797358,-0.9934513341110942,1.1071448500353762,0.1445099236374938
-0.6357863440945012,-0.0016619138080835574,0.06665017839639609,-0.6356517952382261,-0.001413363019815101,0.06653233481396276,-0.2016528225590614,-0.9306745867945754,1.7254457760224922,-0.924117136754842,1.3540398929871742,0.1521343301379425
-0.6023145190396579,-0.001560026364638646,0.06614227847451888,-0.6022184736636689,-0.0012411657708534989,0.0660483693809374,-0.2212798515281653,-0.9859324627941812,1.7769214195676462,-0.7470715635713394,1.2934124645389833,0.1497456212538201
-0.5684995343268004,-0.0017164789486453502,0.06528594047064373,-0.5684787563713832,-0.0013734790333130228,0.06525656769024273,-0.2665942003919865,-1.0159344245822617,1.7819397705091689,-0.4602982394093127,1.0613542336499044,-0.0873037902508246
-0.5353262361617728,-0.002742821645303646,0.06687642521614397,-0.5353526836215483,-0.0022313188470841974,0.06687716992417063,-0.2785096947504826,-1.086360705137654,2.056734325983081,-1.204859503215173,1.098026564898568,0.0391014953660522
-0.5017683023533315,-0.0031523598201540163,0.06698825821594609,-0.5018094420079178,-0.002709116978162753,0.0669195157041116,-0.3250922510231451,-1.1317134232904178,2.155844450014854,-1.313521286309311,0.9094333412092244,0.0275875959432405
-0.46852394731210506,-0.0031258605570152294,0.0674515354893323,-0.4685840617594894,-0.0026813065964839365,0.06743826957698755,-0.3316036113389748,-1.1632600230578776,2.282225753956753,-1.5181534751026935,1.0242034612132924,0.0972407677351365
-0.43495033392841953,-0.0023575383596224284,0.06592877883751615,-0.4350230592477216,-0.0020191872534898875,0.06599386005359056,-0.3796725168818904,-1.2581288093213514,2.237548732450094,-0.8654415041714829,0.8954639428072451,0.0677500995192303
-0.40202475734676213,-0.002546862130249219,0.06695159344811354,-0.40201871322759053,-0.002197055397360974,0.06705220509585132,-0.38331059129117,-1.3022819672293502,2.42736380063338,-1.3262026539151457,1.0570311558403738,0.0492306952372603
-0.39936394780662976,-0.04816698961184953,0.06662508276474233,-0.3992482877656675,-0.04786433871904779,0.06667303518513287,-0.2082958231413592,-1.3235098774333875,2.378584580575817,-1.0702486335303751,1.3448039943328194,0.0009187702286688
-0.43234478885663435,-0.05243164433538491,0.06674683340738033,-0.43232064948361193,-0.0520424509822212,0.06675864273070746,-0.1969639211254095,-1.2618607867273242,2.304059268283039,-1.1142203105797042,1.2696540527766145,0.0137016726154928
-0.4652711908436416,-0.056618092634753134,0.06659798523031636,-0.4653131813911251,-0.056203883370162404,0.06660660316519608,-0.1961484234554817,-1.206321801375415,2.207787706810985,-1.07021345728341,1.140602665216674,0.008463584419426
-0.4984778847865169,-0.060684784608489806,0.06738368607628807,-0.4984512605294961,-0.06036788288259336,0.06733885997510498,-0.160728780957609,-1.1259355692323796,2.176612013652999,-1.367021894833842,1.2284741301937183,0.0513290090145726
-0.5315657952871388,-0.06451779111126943,0.06721807557419138,-0.5315924492125493,-0.06418344957749975,0.06731445861753432,-0.1378546725826259,-1.0747062762330746,2.08238786372418,-1.3326362994996692,1.262495530764589,-0.0675427597903355
-0.5649320135179595,-0.06767752067377573,0.06656409037097295,-0.5648439649729552,-0.06751001794033856,0.06650396401711635,-0.119092201035289,-1.04313923110902,1.918362134998244,-0.9480116323497132,1.287040819375778,-0.0139407714296173
-0.5978801202458592,-0.07196939154227378,0.06676779033400584,-0.5978838373007804,-0.07176711335248365,0.06676238989437466,-0.1145815740004638,-0.983228553628495,1.850660456579643,-1.0701098859502451,1.2212712706071134,0.1626478085951408
-0.6308990773560272,-0.07608950921650315,0.06671737222504212,-0.6309098670726273,-0.07586998701066833,0.06665855426409276,-0.1140508810643701,-0.926201303676331,1.7463295183471803,-1.0474956674949252,1.1249947566202332,0.0869986411604593
-0.6645067491888064,-0.07882313065718563,0.06611681310801938,-0.6643932769265606,-0.07874326402118016,0.06611959872921902,-0.07253881826189,-0.8699026186038687,1.570448512144659,-0.7019282748403404,1.3747450744138243,0.0614442321479682
-0.6975812438314578,-0.08316264615493525,0.06704494617286362,-0.6974761958820592,-0.08295136949010472,0.06708531620506955,-0.0497712293574421,-0.806589852971205,1.551745736154034,-1.0709023077242597,1.490461980703551,0.1813292754038302
-0.6977603908494804,-0.08212093298130192,0.12115176205972895,-0.6976332695158821,-0.08220315735245062,0.12113482089705978,-0.0635990514284738,-0.865243942701257,1.360368359201905,-0.3670028107931218,1.3734146674697554,0.1485744077314716
-0.6646655848250382,-0.07842720350572444,0.12194945952050353,-0.6645300052176153,-0.07828845513291997,0.12186475308606705,-0.0528536449595979,-0.9503624788037977,1.553928421622734,-0.6562855289619565,1.5328963824107298,-0.1164394427068047
-0.6312266099610822,-0.07549642226435205,0.12248891927378867,-0.6311146603892542,-0.07537740190109804,0.12242370469435397,-0.0903811922691009,-1.0179033509870823,1.740294716883514,-0.998558293378931,1.3146332002886387,-0.0567190733358566
-0.5982994864414193,-0.07088429730330535,0.12192801125509119,-0.5981327718023292,-0.0707765200555689,0.1217614305892294,-0.0895906021185912,-1.0780008854066114,1.7605444645824715,-0.69001952880221,1.4054531911519632,0.045304382683069
-0.5648082160171028,-0.06794201210372941,0.12259775816255934,-0.5647726249299553,-0.06775753401507041,0.12257105678406557,-0.1205391980842076,-1.137396432741622,1.950408429504722,-1.1064983250774736,1.2769357087855893,0.0003373426487498
-0.531830194921534,-0.06370490257010122,0.12262127530873713,-0.5317588351612127,-0.06348116188258211,0.12255238642375474,-0.1164298898654476,-1.2002113790724258,2.032172457322506,-1.0665433425111104,1.4012877019570098,0.0235032722315278
-0.4985860253754142,-0.060225236108458015,0.12292024943463631,-0.498474718288223,-0.06007946220887211,0.12284595915034464,-0.1514454763213235,-1.2517165260748793,2.156045288182396,-1.250321586017784,1.2855930225432315,0.254613911873482
-0.4651062149298714,-0.05583679323532009,0.12098132203294173,-0.4651385738865215,-0.055616371277892235,0.12107205407477012,-0.209320674063608,-1.3121709427302468,2.068863028505298,-0.5252635206042204,1.061037231487404,-0.0043079753651933
-0.4320984466280262,-0.052189955744274284,0.12147949739392956,-0.4320967219649319,-0.05191667528910068,0.1215077245483382,-0.23350291238313,-1.3963529711772202,2.20999329631314,-0.7278629565500019,1.0718435949400504,-0.1733204391342027
-0.39895822082891075,-0.04848839885934522,0.12157937152618749,-0.39895991494576794,-0.04812782430219284,0.1216105991789189,-0.2705044373526357,-1.4711531012142196,2.3099818070565643,-0.7878585973618595,1.0385777705402006,-0.1005339622272765
-0.40168261163887314,-0.001514805991157114,0.1209726257277056,-0.4016764512214134,-0.0012604631984213955,0.12103209207764985,-0.3918788332920093,-1.450045958734241,2.2436391388392423,-0.536048592089176,1.0121769760474058,-0.1864950320907623
-0.4351166634300638,-0.002555145063778382,0.12209018502099282,-0.43518594934645977,-0.0022292684590897206,0.12220415632261085,-0.3722207818930165,-1.3944781579712116,2.29422175178632,-1.115186613454911,0.9413942456065164,0.2372047997970097
-0.4683992022382024,-0.002461548106383736,0.1216709820577222,-0.468413957243997,-0.0021923590890789574,0.12175664020360387,-0.3560386430359119,-1.3254960927724468,2.160564484124733,-0.9269547694953362,0.8629206003300833,-0.0296468562206921
-0.5022800553240584,-0.001861931218606879,0.12258930188688,-0.5021326322404843,-0.0015786217558914095,0.12255854399463931,-0.2644708852503852,-1.2613146446853902,2.1324363266229174,-1.1242495179120873,1.3058698637033856,0.2386301172369478
-0.5354011525804019,-0.0024292618550820462,0.12233798336585973,-0.5353827434654644,-0.0019827458978862005,0.12238272521316959,-0.2725486134666921,-1.1998927361035283,2.036437328637682,-1.0996988095360636,1.1393537837256584,0.0587968672890384
-0.5690058871053155,-0.0015003701805426347,0.12189625520429888,-0.5689076947794147,-0.0011281747779945449,0.1218970353719879,-0.2277417975688891,-1.1429952261608056,1.8814582385234024,-0.7983720185172323,1.340441469021954,-0.158424226692011
-0.6023221502773213,-0.0018808613363462492,0.12267629508263707,-0.6022236900387214,-0.0016136592683910613,0.12265569357521655,-0.2115086677939484,-1.0745081571605226,1.859837282986888,-1.1156164559699064,1.3650822434752508,0.2080919548544924
-0.6355358153974263,-0.002357119615613414,0.12206173578976288,-0.6354802847805113,-0.0019907390618978185,0.12213734894811071,-0.2304481592951908,-1.017216009299842,1.7273904456292613,-0.9656451829018264,1.1246440169848675,0.2128424776658404
-0.6688628594629773,-0.0025054979225941857,0.12192588442682095,-0.668815097285901,-0.0020973071119373965,0.12202763181186513,-0.2243315001171208,-0.9534901270755114,1.6158074727588012,-0.9274437787204048,1.074995451060202,-0.0500053590645008
-0.7024106086097806,-0.0019497379541015564,0.12197559136232324,-0.7023267624345142,-0.0017697840629410273,0.12206385551004462,-0.1989584685852903,-0.8916346799996493,1.503921737793796,-0.8663229621336122,1.2080464225881151,0.1836411390194809
-0.7026568268524667,-0.0006169199508353595,0.1765643079629569,-0.7025245739902974,-0.0006138078483029054,0.17652866520254346,-0.1856611153466492,-0.9211395462766044,1.301249807074159,-0.247662444167978,1.3244806403084244,-0.1672952891333854
-0.6692099870837408,-0.001401229780693106,0.17792326794855354,-0.6690646076606506,-0.0012173659276883504,0.1779291221499291,-0.1843300582912541,-1.031340046034721,1.5948081168075587,-0.8616155942639301,1.4116566056857724,0.117103934692059
-0.635655302952058,-0.0007839067007555612,0.1762385385647358,-0.6355873197908033,-0.00072595040722713,0.1762663160421876,-0.2190745674594887,-1.048363448522446,1.4949308784465811,-0.2049350472837421,1.2173073965121208,0.010044369670092
-0.6020318517849864,-0.0013202017577126097,0.17625553371435704,-0.6020429100541934,-0.001173946375372291,0.17624249839505843,-0.2547279303713927,-1.114780441995523,1.6054341641558976,-0.2622560944160756,1.0346752092907971,-0.0615708751305814
-0.5687045844652561,-0.0023970323642052323,0.17778889269234843,-0.5686850779433168,-0.0020856069247308234,0.17784777797091816,-0.2666470093231647,-1.2291322022749875,1.9097469193852763,-1.022689800125165,1.0609526016824864,0.0359681412496848
-0.5352656143572024,-0.0010862770467796549,0.17610315402435298,-0.5352062620550164,-0.0009533096505615138,0.17610701446716995,-0.2830772896989297,-1.2412062638013135,1.7784065626851753,-0.2076805392025278,1.0658133633325797,-0.2068736245902416
-0.5017115544596626,-0.0012729258758049627,0.1759664955921289,-0.5017064922332186,-0.0010995476759667541,0.17602047785853753,-0.3152561653756311,-1.3007896705818045,1.8600622891673364,-0.1892783599174219,0.9794577578615832,-0.242541781415448
-0.4686973664389186,-0.002143664418580357,0.17801048298744562,-0.4686495073272754,-0.0019028155012868128,0.17804113723286505,-0.3168866519412163,-1.4383458628944985,2.192867620229171,-1.0996295819990785,1.11444142648351,0.2448386192238705
-0.43509535428046836,-0.002275941542910517,0.1773734976914763,-0.43511918751740974,-0.002174423493604541,0.17747871055293651,-0.3866809608206645,-1.5148111068598369,2.236050438172964,-0.9664905757792256,0.8508073943590775,0.078019759234174
-0.4017013429499462,-0.001869581965480727,0.17683646383449764,-0.40172086457050504,-0.0018052418380159092,0.17692603471900734,-0.4266524549460824,-1.584625174535239,2.253977726385889,-0.6955157407155954,0.8161137506850182,0.0763476066489365
-0.3989889943538576,-0.04873063629742855,0.1780354967289197,-0.3990076488221155,-0.048497820515396375,0.178089186171492,-0.2610207340350308,-1.5967609830751843,2.366840443392681,-1.1268142928348692,1.0875259972816282,0.22260848636768
-0.4320674264387614,-0.05265094173033555,0.1779802808360427,-0.4321406368254214,-0.05235452614952299,0.17811015568064476,-0.2242844582710734,-1.5142717538776918,2.2817611243276907,-1.1178302694909807,1.1231600525366394,0.173736840020235
-0.46532317249149546,-0.055756772696360334,0.1770272126635795,-0.46530330670804404,-0.0556438229012721,0.1769495795577113,-0.2076851861824225,-1.4292481734600564,2.069856985848377,-0.5959550835399332,1.0710782502144038,0.1504247637387359
-0.49863859333269944,-0.05966929546702035,0.17788612065387843,-0.4985875879364392,-0.05958232742697194,0.17785374891963043,-0.1517824804679612,-1.370476662912798,2.070611998362999,-0.9191931415221544,1.2835311447656528,0.1762998479751583
-0.5315314817744808,-0.06405623553819395,0.17776680282008997,-0.5315499960922829,-0.06395322847811177,0.1777963980460968,-0.1602467704918773,-1.2993033975566797,1.9888388790014195,-0.961452659504188,1.111335306029316,0.2329633260470633
-0.5646376170716298,-0.06814259339239047,0.17798506992521493,-0.5646350093869691,-0.06799250959514136,0.17794812828197104,-0.1439331247029662,-1.2295930889293765,1.913447335812056,-1.028939069832281,1.1087615081422824,0.113890516665585
-0.5980785402861555,-0.07136201992594784,0.1780333040588298,-0.5980246920723725,-0.07128553813755319,0.17786907254470308,-0.1031057734779516,-1.1656488273784682,1.795103806081077,-0.8884659616281447,1.3068417507605083,0.1599488767997101
-0.6313111667615529,-0.07516325762929044,0.17813068916311117,-0.6311740597866201,-0.07514826433038825,0.1780711834688367,-0.0828962117432188,-1.098066251208996,1.712355243329779,-0.9407674975874945,1.3725473241141648,-0.0903156187007092
-0.6645221852465081,-0.07857229574282545,0.17701006075629536,-0.6644399587275862,-0.07869853069186215,0.17705362518383647,-0.0861952131514005,-1.0167524805179822,1.49546188264254,-0.5092625049247816,1.2626343479943485,0.1475234433299754
-0.6976778417737707,-0.08273733829517395,0.17798049870502594,-0.697562804335206,-0.08267804371584976,0.1780216643436995,-0.0536610060948246,-0.9626016388768176,1.4876347129440155,-0.8494673232016741,1.4576891816326167,-0.0641476088964871
-0.6979687805151836,-0.08199363383784078,0.23308277533410676,-0.6978251734361742,-0.08200267453946294,0.2329419589866507,-0.049084602486956,-1.0050157776995756,1.3439037407873613,-0.4573139206829451,1.496240670461377,-0.0413637671532214
-0.6647346851466907,-0.07792726373450298,0.23244117350452514,-0.6646491808760752,-0.07807740779905173,0.2323831256025294,-0.0707068737358369,-1.057688478051035,1.387284216424228,-0.2709709927912067,1.3895866537211328,0.0772863961476182
-0.63122637190407,-0.07440550229874501,0.23165476016318495,-0.631224421312689,-0.07454649240688759,0.2316506088808694,-0.1147507097738662,-1.0895021301906036,1.4057796287697863,-0.0536231719242819,1.1191760066952172,-0.0527760845600067
-0.5980974890638195,-0.07125889955180528,0.23330261036809644,-0.598055462247455,-0.0712281923312747,0.23332693650335345,-0.1099426913003669,-1.237261036132422,1.7384971670247733,-0.7844365127708066,1.2561163531494923,-0.0518836509671754
-0.5648732967460424,-0.06719566191804562,0.23242952977183018,-0.5648670570717292,-0.06721513692267339,0.23242887677825189,-0.1478220939479717,-1.284913859740015,1.732544451709158,-0.4580410302386055,1.0796555885898362,0.1026121755362523
-0.53185330577766,-0.06264382077593933,0.23200860741528231,-0.5317933052342458,-0.06271879271932237,0.23199561265824956,-0.1464461240914545,-1.331756015848029,1.7542633647178238,-0.2233177462375928,1.2054572318356245,-0.0915803371279873
-0.4984296352741705,-0.05974693160104315,0.23263989950375666,-0.49849136299292823,-0.059666830087392625,0.23266643700428455,-0.1927608673887308,-1.4434652427891266,1.9502964740593367,-0.6080309567252105,1.021633588502424,-0.1167002546004964
-0.46557567059643784,-0.05546604301553259,0.2335236589064492,-0.46549339440620785,-0.05549799487978743,0.23347379825744285,-0.1685133902042688,-1.5350055617935163,2.106679704148528,-0.8578129682349624,1.3002163549435055,0.1380988892963643
-0.4321486152108499,-0.05221701167677714,0.23310959634170375,-0.4322060793312116,-0.05203942237693672,0.2330809311007336,-0.2400584590709469,-1.6166611639183686,2.1703993389160967,-0.8038444159998162,1.034572956395191,0.0892293088187812
-0.39925628932730384,-0.047711582448484155,0.23318988383077202,-0.3992476806935729,-0.04756973640410902,0.23320530556073601,-0.2290696900972406,-1.7045865192805756,2.243920485464216,-0.7560059009171964,1.2456707360481865,-0.0456009287358587
-0.4020263104261538,-0.0009250236425995652,0.23240657924934124,-0.40196606687189684,-0.0009850724937693536,0.23233904557242183,-0.3890658692984976,-1.6784547399427678,2.162133250427525,-0.4636051409670485,1.0270193346649252,0.1427440396795924
-0.4350661495105256,-0.0009588603494645742,0.23146991394143052,-0.4350937830859288,-0.000957159165906097,0.23161987093722816,-0.3723791263156863,-1.5357268322531843,1.9855745084165035,-0.1492788374610234,0.94043312771392,-0.3178509580165309
-0.4686558399983106,-0.0008663382162337734,0.2318490217426885,-0.4686452561419791,-0.0007545946681265219,0.23191386123234586,-0.3212691483194354,-1.4812323066250244,1.9342961043005056,-0.2479078696423946,1.0879807822409795,-0.2386433219154531
-0.5019835939595965,-0.0014707874677328155,0.23229597319846346,-0.502018761519539,-0.0013069414241988625,0.2323150983267395,-0.3146635465769112,-1.429013837721164,1.9095724573775128,-0.4706352104802325,0.9835742751172774,0.0671145693229045
-0.535388521130383,-0.0020178193368648864,0.23331298952761612,-0.5353794575426433,-0.001853873083400636,0.23334049733345635,-0.2835184797782681,-1.3810579515220038,1.9461208997789263,-0.925136532613732,1.062671828875815,0.3092765050390995
-0.5689477382895842,-0.0015953983542424401,0.23319323148598184,-0.5688995031196223,-0.0013545876176244212,0.2333517296831044,-0.2412618664584251,-1.309325319492587,1.8401075677120549,-0.8255395784998187,1.2462651780313507,0.18038364431216
-0.6022456525473868,-0.001545216570124356,0.23253074618051556,-0.6022277001006963,-0.001420198838609995,0.2325516586261677,-0.2527402845006787,-1.2196544253616897,1.6609816615866295,-0.5364414773941566,1.0509037278039264,0.0641107418038817
-0.6355443506202643,-0.001986387921281061,0.23309626570119057,-0.6355444912209158,-0.0018106889355463153,0.23308826727940468,-0.2379062227939039,-1.1629438618146208,1.6337342851707204,-0.7816564116588509,1.061775705699595,0.2956309844099176
-0.6691707421200707,-0.0011836438989078013,0.232533875810085,-0.6691247168180188,-0.0011811168499312585,0.2326737668085069,-0.2114176271711509,-1.079672449536902,1.4613730726804397,-0.5046818228826768,1.187915064456489,0.094085341192438
-0.7025751227808852,-0.0014749087138678152,0.23284500024894536,-0.7024707812011082,-0.0014381228592576373,0.23294980508961066,-0.2024679994282365,-1.015730734390928,1.3915979975317896,-0.6236814712441361,1.1765655951581833,0.1000846457628132
-0.7025366604737192,-0.0015822918347535297,0.2881121186180733,-0.7025036730123431,-0.0015248831702287559,0.28818947363782604,-0.2188291200770966,-1.0481524477597692,1.2860659442915825,-0.4674091516069687,1.023735194686508,0.0765715877629635
-0.6692683551102412,-0.0009345442228208692,0.288855609954261,-0.669199212857824,-0.0009505373987732683,0.2888273466610447,-0.1918622246626169,-1.1429390339395369,1.455608837344302,-0.6155092353326634,1.3506004659860835,-0.0198586059374177
-0.6357531756023819,-0.0012569715126919383,0.28831478521942416,-0.6357817608538648,-0.0011846566708232885,0.2883500630007534,-0.2275056096315664,-1.2068790264764775,1.5160111335928796,-0.5053934573522065,1.1489550600057434,0.1842934664445943
-0.6023210074832777,-0.0006931901141223754,0.28725859996326614,-0.6023745489860711,-0.0006708214619217043,0.28730706374360093,-0.2450295071016031,-1.2184414445896066,1.4554714995157187,-0.0423419190958029,1.1126391205020347,-0.1513574944547699
-0.5691233339344289,-0.0009746957220266371,0.28848787388145997,-0.5690522122535844,-0.0008485328897960163,0.2884045479206686,-0.2417241146269253,-1.3573401905000009,1.706647937550695,-0.5045084653493861,1.2430019301404087,0.0062782374240146
-0.535782737768754,-0.0007345618613501727,0.2887669390410152,-0.5356771521562613,-0.0006685823592265395,0.28865617084102163,-0.2419067232123928,-1.4390068275579897,1.8176975346916795,-0.5805286231112543,1.342671241859701,0.0872143809458303
-0.5023135166794868,-0.0009442710758178156,0.28881462738274966,-0.502255205954996,-0.000886154250961454,0.2887689710820242,-0.2692760975942985,-1.5223554965307426,1.925494907641513,-0.6655625622466217,1.2765714523858964,0.0946795603358952
-0.4688712382990775,-0.0005968623168105761,0.2875850671931248,-0.46885491058035844,-0.0005439330356890783,0.287714484345322,-0.311770916903896,-1.5586160847071329,1.8830135025539685,-0.244880116146402,1.1449491473560445,-0.0391847446812714
-0.43519498430400466,-0.0016773689631641858,0.28844036389169825,-0.435303256463201,-0.0017451841302767862,0.2885133395557519,-0.3817448889588579,-1.690076511119857,2.1003623117125665,-0.7736703567065297,0.8824157203006946,0.234044157285302
-0.4019836311234799,-0.00043519793049494413,0.2874230266062478,-0.40201730916995,-0.000588172536344949,0.2874149145697226,-0.3911629713603481,-1.7105746112156923,2.013290915557217,-0.1483600819442636,1.0159675356329974,-0.1398586839343645
-0.3990850650479109,-0.04825207965920862,0.2886162798764606,-0.39913677666038333,-0.04808587399224812,0.2887551992739151,-0.2758260040810616,-1.7873921914033426,2.1910528371430127,-0.7904995816171017,1.0105759294991472,0.0405797592806886
-0.43230832068384933,-0.05107814788167096,0.2874637870092543,-0.4323403466965394,-0.05112491922634657,0.2873665968342373,-0.2399705408669383,-1.615460216550353,1.9220297543097589,-0.1117759784472083,1.0350739458092262,0.0480448576096508
-0.4655064130548685,-0.05545911591424687,0.2887272670961118,-0.46553047211547455,-0.055502601968724724,0.2887012384915984,-0.1925147479750451,-1.6044008647647248,2.0090879907446366,-0.6787644808017639,1.1620827764277246,0.1806416661576131
-0.49890244439308706,-0.058659240820916704,0.2887269482292529,-0.498838600455499,-0.0587646103423988,0.2887049735123564,-0.1332164975381511,-1.5153645340334705,1.898882059686878,-0.5705243179086121,1.3956097714799365,0.0998649719069768
-0.531950356293573,-0.06292204204328716,0.2890126162291536,-0.5319040403178543,-0.06299374003273328,0.28891592058415005,-0.1253923355376347,-1.4446903727631533,1.84670249372543,-0.6848877237830524,1.343698795431969,0.1047285808103799
-0.565142848484126,-0.06674920328847468,0.28829452932994776,-0.5650916419439225,-0.06687502562746954,0.28825739866291267,-0.130045716908925,-1.3506930482356587,1.6853709209148953,-0.4372664375036583,1.2098021102565075,0.04930429061721
-0.5983958361745852,-0.07021126396036151,0.2878625218480868,-0.5983468847573539,-0.07039253174877663,0.28790738397725096,-0.1063097170475071,-1.253787519483172,1.528892083005247,-0.2364317800629396,1.2831558267069827,0.1075359464520091
-0.6314192758889713,-0.07388577608433022,0.2870394254735477,-0.6314054939330267,-0.07418963978892976,0.28698612731682055,-0.1068808533940046,-1.1064800160149848,1.2750684554271388,0.168852012150916,1.183789567094899,0.0302271804686764
-0.6643703056349561,-0.07909128693315584,0.28873598797900923,-0.6643719109880343,-0.07913739748888074,0.28877155404687344,-0.0987527487877173,-1.1439659870269503,1.4668372775430978,-0.6758976287513891,1.1562033077455247,0.07295227470154
-0.6979311431887909,-0.08198600212093071,0.28746137893523793,-0.6978519622300416,-0.08227746605409156,0.28750306311227464,-0.0878145909803462,-0.994796238622988,1.1355456993639113,-0.0400546378787396,1.1611607663397692,-0.0622734337493193
-0.6980487565096953,-0.08171009541058473,0.34459377596102286,-0.6979242468512233,-0.08195481739885092,0.3444361097867895,-0.0494315100261966,-1.0910745741233896,1.2315076275979342,-0.4333571112020902,1.4933206500210223,0.13712243987873
-0.6648619527410327,-0.07796825941308717,0.3431781148325194,-0.6648203110479433,-0.07826898777093107,0.3431455818851161,-0.0978353667234905,-1.104831514363442,1.168503028260952,0.0038927371090013,1.1641209332165037,0.1415676323007755
-0.631715785009676,-0.0740247889599115,0.3438122256396411,-0.6316407175658143,-0.07430540543354877,0.34370502034025113,-0.0948060901590053,-1.2234415127551943,1.3684447087773313,-0.2285007645621473,1.280034986168877,0.1811935561137945
-0.5984269732123665,-0.07045368031966716,0.3439208888488579,-0.5983769527380922,-0.07066851203417379,0.3439426647791387,-0.1135688876310125,-1.3178384583586231,1.5156184328447422,-0.3781501954573549,1.2289156180457983,-0.1154130813044886
-0.5652897094303189,-0.06619507761600968,0.3433896615734749,-0.5652867360473628,-0.06645245479347162,0.34336417581615963,-0.1289343978724506,-1.3604228244726495,1.5219915698604538,-0.126006839502589,1.2177249324549084,0.0370467364795232
-0.5319957270859351,-0.06289852816649419,0.3439715971798461,-0.5319874544324388,-0.06305364113647809,0.34386208804600493,-0.1582063642361411,-1.4742239055388953,1.7009905636529812,-0.4088585385568266,1.1254853237731774,0.1535933619756337
-0.49886645118208184,-0.05865383842424026,0.34471760977885574,-0.4988554117186997,-0.0587700814799057,0.3445743297677453,-0.1311372257738896,-1.5712775337288936,1.846465514126508,-0.6052840838296527,1.4080127745705653,0.1909070493716393
-0.4656373683317836,-0.05461207998468283,0.34285034804308595,-0.4656855162364277,-0.05478236796737433,0.34283537156255545,-0.2066380984646967,-1.5620879925494813,1.7215572411063276,0.0470113416743624,1.077479111084065,-0.0242841954103756
-0.4325064265575869,-0.05042242466223801,0.342953805876209,-0.4325959349542804,-0.05059544376984995,0.34287971764771263,-0.2152282403812044,-1.6458705540014746,1.7993472668129709,0.0612655998896447,1.172530338815763,-0.0608924827501975
-0.39920976854479084,-0.046935594765366635,0.3426966119342219,-0.39934555807443517,-0.047017881481375694,0.34272274901587746,-0.2778098966062687,-1.724429443018468,1.8703289801328271,0.0803060126391495,1.000027455378058,-0.1661473693587694
-0.40210986202354987,-0.0011126645250281349,0.34382724999094516,-0.4021201995031053,-0.0013129578069715209,0.34392512620635723,-0.4139487380988589,-1.8301690190176887,2.061139876101449,-0.5936188649011882,0.8909292723985001,0.3164666066408359
-0.4354355294194996,-0.0005308657399779228,0.3430623078827406,-0.43553766641210373,-0.0006951131507478177,0.34308896530126953,-0.3693032181957312,-1.6759068252320957,1.854399649211567,-0.1297971259909651,0.958994341897692,-0.1016343800315282
-0.4688507887600072,-7.54482973689824e-05,0.342617141346877,-0.46890073645909086,-0.00023105359281564396,0.3426963813659725,-0.3170822053953452,-1.550022937338009,1.7014286579910776,0.1107055174287809,1.113289005660377,-0.0356562520709569
-0.5024207296176796,-0.0005836353738246933,0.3439826031083614,-0.5023793415521711,-0.000648268275298184,0.3439449934763663,-0.2807209834240805,-1.5573723308838467,1.791956235152634,-0.4228218156343066,1.2058312702828309,0.1250049085585098
-0.5356728821257446,-0.000280688427443632,0.3428359088374958,-0.5357375100914998,-0.0003374722611853079,0.3428768212671636,-0.2716737769741928,-1.4051761511886314,1.5504855085338445,0.046251515601563,1.145357408792024,-0.0235623446987252
-0.5689738759395864,-0.0013394517046125126,0.343814805302331,-0.5690053702512758,-0.0013331308365447728,0.34387958413801084,-0.27395264635429,-1.4005577448024322,1.633723377092723,-0.4995791780282563,1.0044924817616607,0.2390910302671423
-0.602665617416196,4.1150044569582614e-05,0.3432015981123068,-0.6026262713402323,-0.00017165274517634901,0.34324402810423477,-0.2205146612304314,-1.270913305180682,1.3979766828158855,-0.0407611155472396,1.2990672441762765,0.0925146944842456
-0.6360089317403149,6.407692378388678e-05,0.34326581616990576,-0.6360422258056909,-0.00020320562544558132,0.3431609079553632,-0.2097991368457732,-1.1849657656624193,1.2775680770851086,0.0105395008506534,1.2907190499616616,0.0877351457320458
-0.6694912302238226,-0.00022206450671549856,0.3440854494738227,-0.6694185742290478,-0.000392936351228578,0.34393372268378886,-0.188418900727548,-1.154780501900594,1.2889965880335552,-0.2889707712183322,1.3785991575793846,-0.0177693814131671
-0.7030140043046766,0.00015866094532218504,0.34304468296279744,-0.7029227579079872,-0.0001396919871503588,0.34300962982753813,-0.1862501076019849,-0.999438056636325,0.9930810357837876,0.1455503177526673,1.3194006948281949,-0.0120840404230442
-0.703077101321817,3.7705371234689845e-05,0.3996836767142383,-0.7029650252214837,-0.0002650335717820721,0.39956166915380653,-0.1780570505334551,-1.085090113446029,1.0565777231672548,-0.1755884311514517,1.3895828988511445,-0.0899523429299109
-0.6693355240638004,-0.001094957796420673,0.39972486167768023,-0.6693393301335797,-0.001202281747691894,0.39965983509832365,-0.2224660057842493,-1.193516932528494,1.2499475897944228,-0.4225575387074607,1.09167388075159,0.3240443016887644
-0.636057200107587,-0.0003238145079609185,0.39843421577234156,-0.6361482408045299,-0.0005297669496675123,0.3983162730206303,-0.2376787138828375,-1.1618678342657556,1.0952263077725366,0.2342876087764542,1.0637247570053594,-0.1020680122954469
-0.6027379735225534,-0.0005014839786897088,0.39911446423074076,-0.6027077807458503,-0.000617627599805097,0.39919787975382437,-0.2399605454720283,-1.324037918790136,1.3689400241715113,-0.1787484583235676,1.1522610221994176,-0.087680455205096
-0.5692091629661403,-0.00043733862010345145,0.3999526168526719,-0.5692301678169074,-0.0005486610193876371,0.399851072025269,-0.2336745857157964,-1.4360584204881162,1.5500882714818935,-0.4258291931157894,1.299384345166608,0.1970873926649137
-0.5357878804185344,-0.00028884733329113,0.39846098530412366,-0.5359028560585402,-0.0004263303135028096,0.3985311661691081,-0.2831237271168487,-1.433084851834543,1.4547158811584309,0.0844310308719391,1.065480968142765,-0.0606193660882423
-0.5023537052999808,-0.0005060199535946407,0.39862130961529474,-0.5024532076424065,-0.0006957789381817556,0.39861426050844445,-0.3195925234131906,-1.5261342024660278,1.569689878299247,-0.0114774860491615,0.9489935592524006,0.0547045740094001
-0.4688995572030652,-8.264413234962669e-05,0.3981326351732646,-0.46905542443099607,-0.0003234893738799094,0.398194873053292,-0.3337492254178333,-1.5637434140544686,1.5788395892359937,0.220612297190224,1.0106869910776322,-0.0805178014685363
-0.4354869889159487,-0.00011094642905429795,0.398316404081414,-0.4356652196209535,-0.0003800308878334595,0.39822601251776324,-0.3698583858395956,-1.652423291669351,1.668871277337484,0.1892162804655406,0.955660659252656,-0.0963533918866814
-0.4022997751728308,-0.00038705202676219373,0.39877261121314744,-0.40233529370650223,-0.0006897314635166824,0.39889188337431447,-0.4141074904700619,-1.810957061910432,1.85232058523549,-0.1677786448388305,0.8900219195612529,0.2280477473322126
-0.3995601450520135,-0.04684267020706357,0.3993254647756347,-0.39961544514920666,-0.04703381317488792,0.39933274049478706,-0.2578195774795442,-1.8326460012424712,1.887349934378036,-0.2530432217339822,1.1038021415824204,0.2671548470682019
-0.43253553596037914,-0.05133792131224066,0.39953272775931237,-0.4326166484289597,-0.05138533409794551,0.3995489888818652,-0.241480990790194,-1.7627750091689849,1.8619925593436744,-0.4204135854157234,1.026386157602964,0.0557594651787951
-0.46593045696825347,-0.053762931829349,0.3993629195641011,-0.4660250810450073,-0.05402180350903709,0.39916179974431204,-0.1463059052394446,-1.6232702701060937,1.6711855133692357,-0.0451170847215083,1.4242130774237198,0.0285623480056664
-0.4988951718032348,-0.05837535620884381,0.3982033110143649,-0.4990181509060046,-0.05861174847795235,0.39828436355339036,-0.1873223782678739,-1.4867010841174657,1.4985676653448683,0.2095748428880255,1.0581656400166368,-0.0726775683383
-0.532277855232127,-0.06181152137016467,0.398791078903292,-0.53232587688483,-0.06214661131794305,0.3987949624510353,-0.1350975259667937,-1.4427634811839158,1.4669836416094064,0.06459593346261,1.280600802566413,-0.0679770329082085
-0.565092845909813,-0.06697962970865813,0.399619344109168,-0.5651471664016363,-0.06715367728638655,0.3997008074708291,-0.1481564547583467,-1.4364250799650726,1.5549547352879145,-0.4688435252901639,1.0771337572256965,-0.0072031467995663
-0.5985775365646743,-0.06992422519047926,0.398400629787247,-0.5986055737929057,-0.07031076780272698,0.39846419456282667,-0.1270808553130629,-1.2569282035729274,1.2279586660567166,0.1817291761525359,1.125168614058568,-0.1218197669700034
-0.6319096994653415,-0.07336619270094559,0.39912166893593803,-0.6318951326965725,-0.0737213480699861,0.39905468352396883,-0.0791342495783795,-1.211109217628879,1.1883151769859444,0.0395183445699705,1.4014243250755989,-0.159087890850099
-0.6650993324306842,-0.07769375618253177,0.3988007356425794,-0.6650424939920963,-0.07807889320007044,0.3986925876048093,-0.0951525914148621,-1.1050748659104452,1.0272278092210598,0.1440454191683646,1.1871364101285025,0.0770856077506967
-0.6983507681941848,-0.08144011550417178,0.3996970360517408,-0.6981983326156916,-0.0817614379204746,0.39950423242117433,-0.0598911682282778,-1.076015156082116,1.032880022614454,-0.1201625247531805,1.4049733909792632,0.1133662649305651
-0.598513335973967,-0.29962494842358556,0.34423688004017383,-0.5984050844139974,-0.2997090540497759,0.3440322849195171,0.3244459884442863,-1.1168605073953586,1.2034706758272442,-0.1087828260975376,1.7599856635724906,-0.116336543967408
-0.6284126214679996,-0.314727665483993,0.3434426064732192,-0.6283005421074797,-0.314852572983889,0.34319274885566653,0.3120790654882461,-0.9710276325646552,0.9339179163729296,0.2547190745910832,1.5979043604166296,0.0630895452171076
-0.6281990358489407,-0.3149413921364449,0.2886700004756705,-0.6280720928204842,-0.31493813424616784,0.288583174256447,0.3283099406511081,-1.0231811823767565,1.2124229551208543,-0.2513891985806951,1.7352375796983148,-0.1692324323474863
-0.5979604698161184,-0.3001288315584093,0.28976377517279217,-0.5979544968112789,-0.3000208505856348,0.2894267455198112,0.3366375859392332,-1.1270089580426532,1.4388050396826395,-0.6430322127514918,1.860765373281884,-0.0161278710310468
-0.5682649461511723,-0.28524115081288354,0.2884346628820516,-0.5683074870320354,-0.28517972580031875,0.2881447377503946,0.2892628240278641,-1.1694787025124511,1.4061752615484029,-0.1740729177889202,1.5484274304557832,0.1683319273303167
-0.5383288829521437,-0.27039621233148214,0.28937706762863585,-0.5383144165706484,-0.27019857767999755,0.2891860300331233,0.3052316946595352,-1.278723471750297,1.6309948551613296,-0.5983362085981141,1.7349205734107889,-0.0665418382451505
-0.5084985112043053,-0.25515625663280234,0.289833685925588,-0.5084479452052698,-0.25498287374390505,0.2894906867992499,0.3155752576766244,-1.349455439103698,1.744275337595358,-0.7245976681489426,1.8737666823597416,-0.0589401211336828
-0.47903261718708273,-0.23964941981951277,0.2886064383678508,-0.4789517309256033,-0.239591691455922,0.2883063809551235,0.2906108190650158,-1.3845920735212591,1.6865029813487302,-0.2137905634082884,1.7713103955963412,0.162787823747335
-0.4490221811898003,-0.22498451788780274,0.28833910484312403,-0.44901216925141885,-0.22493261992873523,0.2880680486975252,0.2474555550561468,-1.4664115322275346,1.7748221579163843,-0.1861212189693133,1.58328898179429,0.1259255174624942
-0.41922391900579886,-0.2099933792430734,0.2887679827840183,-0.41920199001581027,-0.20987335562576434,0.2885547862397709,0.2504392285123886,-1.5640132513737148,1.908853071319613,-0.3677484624638181,1.687661286837287,0.141908817802502
-0.3892282228156539,-0.1950906692315995,0.2893705748538346,-0.3892796219339399,-0.19494934620396598,0.28906099478368297,0.2454513737798245,-1.6621473970223355,2.0445931909274098,-0.5770198353816132,1.749097741708919,-0.144302439163062
-0.35910275866105873,-0.18085888150993915,0.28924756670962043,-0.3591247383740423,-0.18072683824600377,0.28920352675112987,0.1659438044124841,-1.7766806561137125,2.1783617050055986,-0.7317279222939077,1.462952702492334,0.0386865939606266
-0.3364773336479617,-0.21963878143530832,0.28901889095696653,-0.33642966383691175,-0.21966656839016202,0.28865520150510104,0.3850229086481525,-1.7001888973000006,2.029724061302028,-0.3265801973238096,1.956410827620608,0.0641521536785556
-0.3635374496212806,-0.23951520919257901,0.2895073101861692,-0.3636274648675229,-0.23938715865107627,0.2893937691761643,0.3293256574436149,-1.6823383527676028,2.1068094318523247,-0.7701106630402466,1.5818892828076097,-0.1192066271572378
-0.39199551331000565,-0.2572039166389764,0.28823825434982114,-0.39194490809265115,-0.25719036757628616,0.28810336158450095,0.3437120251590908,-1.548665690507166,1.865170126049072,-0.2056935908993136,1.5598569648027274,0.1107548065139987
-0.41977479628708186,-0.27568753072607455,0.2893312073240819,-0.4197261741376492,-0.27557770101743756,0.28917623311155155,0.3962311534221823,-1.5007882567177373,1.8904319341822111,-0.6043254993494176,1.7777227022024888,-0.0360619438875708
-0.4481134433690492,-0.29315735206562366,0.2887772801658202,-0.44799703362932236,-0.2931166588993814,0.28840156017336854,0.4345941502184378,-1.3644690656796543,1.6585022815648278,-0.18071760215002,1.9561552642350684,0.1831352683401026
-0.4757331047764013,-0.31219219582348046,0.28887738065106666,-0.47569671003061753,-0.3120818410492448,0.28866032132029856,0.4188847548659917,-1.3270390520631876,1.6398109776053973,-0.3438596277227486,1.7819907096501373,0.1471550757957578
-0.5037303137239427,-0.330214996621996,0.2883222291999919,-0.5037171348591278,-0.33017981448442135,0.2881320233162968,0.4299299593063583,-1.2158035237535183,1.4543996592979165,-0.0795961733891146,1.7961736724476287,0.1096013538652513
-0.5309491901813068,-0.34954017175323115,0.2896530118378482,-0.5310658211429784,-0.34929348972409985,0.28943454872714103,0.4321192638778042,-1.2087121759083164,1.5586029590703214,-0.6795750860173357,1.7506285926047287,0.1134124923141701
-0.559673695909703,-0.36684084704252246,0.2881128174952256,-0.5595657775915379,-0.36680255703643794,0.2879946728833802,0.4497090981897269,-1.0428105769932046,1.1933750712458924,0.0510528184422911,1.833352616098896,0.0388689966695028
-0.5876042494147394,-0.3851910843838554,0.2884837257558213,-0.5874764364590851,-0.38520371160698824,0.2881922613794047,0.4592657790950891,-0.9738234951854188,1.0970002344179193,0.0005874879191805,1.861722695276386,0.1733081841152404
-0.5385898582022227,-0.45079607239331704,0.28943689928532684,-0.5386281500206467,-0.45051298605463846,0.289181815620249,0.6038527295971612,-1.0101584153512675,1.2185565243935184,-0.4050521551866262,2.124153197911056,-0.0443624555123367
-0.512809142315663,-0.4295651392220174,0.2898227603024995,-0.512852691179503,-0.42925662698929407,0.2894860295469226,0.5948920930772417,-1.1071591104552645,1.3979221761623446,-0.6031720877078586,2.084543321205861,-0.2672840707344099
-0.4876008736369278,-0.4077871883873877,0.2878233304601476,-0.4875785756896545,-0.407734416274342,0.28770519900262176,0.5537003057384511,-1.0988303123329253,1.2621749580044783,0.1566329693230668,1.7912219393078497,0.0673067772661877
-0.4621391624542346,-0.38605693390989854,0.28880661661841217,-0.4620991214622767,-0.38599098022349704,0.28844650705032504,0.5747041446876082,-1.2061909568863578,1.4509837849186402,-0.1329210738920676,2.0138408980107254,0.1599223687898341
-0.43627387562184256,-0.36493667041091293,0.28963424985754094,-0.43630176982031144,-0.36460864477859534,0.289283790083269,0.5818426982674891,-1.3181374187434394,1.6653894129474214,-0.552892062338199,2.126280869256832,-0.1911826531890339
-0.41078756320094334,-0.34348462157850246,0.2880945145793169,-0.4108271781243049,-0.3433565142329253,0.28795408579633064,0.5242480521720347,-1.353993779449024,1.623173478536471,-0.0290022814939101,1.777348896851194,0.0287670672803668
-0.3847091472799719,-0.32243813383336767,0.28987639407783156,-0.3848469448496774,-0.3221763853344734,0.2896221210135064,0.542076950569748,-1.4942537283080726,1.9178834597250347,-0.7732684459303023,1.9627606299018163,0.0391143955548556
-0.3595744881361721,-0.3007000919167833,0.28924689635171313,-0.3596132214001876,-0.3004608150084379,0.28895750346896953,0.524553237391677,-1.5554669276045092,1.917447736691055,-0.4627382953162922,1.925101388485716,-0.1006156468605996
-0.3337428517120585,-0.2795698398542544,0.2893508154951778,-0.3338422713597986,-0.27937122810227316,0.28907900231854555,0.4829382715063528,-1.658823736957716,2.03762883965401,-0.559160861015386,1.7741087025494655,-0.1033184624557486
-0.3086675389723698,-0.2571249862048374,0.2882288264636989,-0.3086678691793888,-0.25712366647367546,0.28798770734100876,0.4824283384764936,-1.6612536745018212,1.9523401400998583,-0.0442987907191132,1.8608256720029408,-0.0055053915778384
-0.27615017799133795,-0.2918059721763973,0.28986031955061947,-0.27628532261064265,-0.29154013154256553,0.2895749000064544,0.6295211101830152,-1.7327073901718908,2.1398445859364337,-0.74723950233677,2.0179299546364504,-0.1455250875307174
-0.2995575402107211,-0.31554453939666466,0.2878674254629528,-0.29955332916762395,-0.3155331890073859,0.28775909502599084,0.606776432806206,-1.5635232208515504,1.846919412676244,0.0518816007719116,1.8136116898771688,0.1486182731204826
-0.3221863487001916,-0.34018721738782387,0.28962663158322977,-0.32230384364457654,-0.3398600843368239,0.28934391928549136,0.6727008670190786,-1.5480479536666136,1.9361993078997388,-0.6114169859395293,2.1234718644222346,-0.1754395784639451
-0.34543922080083617,-0.3640465477332608,0.2892239891086399,-0.3454766681161557,-0.36381162854295157,0.28883678365788623,0.6902288545969144,-1.4341954178243592,1.7623114394497552,-0.3229705662025353,2.1812967293652434,-0.059616336283621
-0.3682155932279879,-0.3884921667076682,0.28951779542148215,-0.36827784119899437,-0.3881639442161007,0.2891277048960244,0.7031349715928528,-1.3719899885008773,1.7121354255354309,-0.460250615096927,2.22198845692445,-0.2017657321602795
-0.3908927414894886,-0.41292978912872,0.28985386686818493,-0.3909982148088167,-0.4125695417554183,0.28946790428255714,0.7123496230381732,-1.3120851499165989,1.6710073475422291,-0.6362462767400028,2.244920370258079,-0.0594335997568169
-0.41399350849406547,-0.43731648782626015,0.2884158276360777,-0.4141049795246846,-0.4371407492435021,0.2883094817740447,0.6808974486627366,-1.2056401817413602,1.4425272425234752,-0.0836038020221332,1.933944185765883,0.0712167278138795
-0.4370274884068807,-0.4615172310357433,0.28821761161266884,-0.4370434535206119,-0.4613956031516335,0.2880828810200442,0.6866951371639853,-1.1103071693777222,1.2930929709033494,0.047680523658335,1.9235761168068544,0.2580021870263165
-0.45950764544139694,-0.48597525018272103,0.2897769626148437,-0.4596203429374548,-0.4856394921605766,0.28952099632070544,0.7220696368071389,-1.0970883943789946,1.3804067140489806,-0.6014402069032618,2.1879174760445483,-0.3578555833183339
-0.48291185588144253,-0.510187408746288,0.2881571040220099,-0.4828783146938135,-0.5100666749986931,0.2879720237252763,0.6969509776905238,-0.9371557159468944,1.019468861868468,0.1613499351311906,1.9058786281684457,0.1283786638075912
-0.41986904225858196,-0.5625471996450879,0.28992920866330185,-0.42001724126494683,-0.5622407626077086,0.28971782832246284,0.8552535843394171,-1.01374092344171,1.2721217843510688,-0.6897707583895207,2.323946594615088,-0.25915804597894
-0.3999923005788531,-0.5361646649758078,0.28939856734572506,-0.40008256630350747,-0.535989125727135,0.2893188761012817,0.8216732878246686,-1.1035009602752537,1.3719912073304252,-0.4942280087484931,2.03051217230143,-0.1228168496270587
-0.3800758428270161,-0.508817989305852,0.2899932271473071,-0.38021915917592836,-0.5086213242048881,0.28966347578845353,0.8479323630401847,-1.1627962503140108,1.4873998473611847,-0.7090671349807369,2.3308348338059908,-0.3659709661061159
-0.3607009696043511,-0.48148427134659416,0.28939180442372753,-0.3607613118398642,-0.4813317051670075,0.2889699598017059,0.8522550169301524,-1.179288498266723,1.437382911818501,-0.286325662637712,2.424778222319227,-0.1454182794112664
-0.3401616071377457,-0.45583811006992003,0.2897075297647312,-0.34029496313731505,-0.45547749924397934,0.2894856105283152,0.8114781194009408,-1.3267254385579756,1.693504673230148,-0.6388504626580329,2.101717961553637,-0.3144420101910166
-0.3208669419281699,-0.42843986474162943,0.28882151555552704,-0.3208439950336056,-0.4282787423095731,0.2885935980952478,0.8069972738554356,-1.3472251119979626,1.6398794769890577,-0.1850527164138102,2.1243761071660128,-0.039106121401168
-0.3008128419550218,-0.40188890407980943,0.2889261491047637,-0.3008250903261957,-0.401663894330005,0.28867062712624086,0.7886529797059039,-1.4404498189706796,1.7595595581579264,-0.261335861776284,2.054776516506685,-0.1291655750246363
-0.28080124980241133,-0.3750345110781473,0.2892098103438245,-0.28086658660204566,-0.3748208647970997,0.28896155317987554,0.788554175518569,-1.5279627569909575,1.877269449420485,-0.403288342907226,2.120163092823443,-0.0493202329834225
-0.2608082453689273,-0.3482280300771326,0.2893683958343792,-0.2608949120990123,-0.34806559226026607,0.2890624619695764,0.7760369179261994,-1.615585566483851,1.9755860757344423,-0.4647033132402618,2.111090944808778,-0.0693582766119527
-0.24113077478507225,-0.3209502531695713,0.28946390250381,-0.24116832455736867,-0.3208422816830251,0.2889854028118372,0.7906524502753323,-1.6683139106701683,2.0132358049982173,-0.4049850700863731,2.2745905928581376,-0.0105039977041099
-0.20146603304662902,-0.347546994617985,0.178624596590151,-0.2015532325980921,-0.3473104129943026,0.17851967234035587,0.8925946987893276,-1.5374024326222435,2.2721072087429075,-1.0049763457635985,2.18685642793422,-0.0701533355505494
-0.2185108158221447,-0.3764057314237614,0.1780383012983314,-0.21852580273426825,-0.37611523991878765,0.1778704161346495,0.8941617711311931,-1.4587500457493794,2.1129386499599585,-0.6474983216309083,2.1218782338479336,-0.1570732934524459
-0.23531149143318109,-0.4047683841257617,0.17848582479667946,-0.23533919244628104,-0.40454078502668256,0.17825224021576086,0.9476330556095968,-1.3623173139100426,2.0304179871577315,-0.8382182536587752,2.438144060119134,-0.2407922765219732
-0.2523882643769925,-0.4336112648742266,0.17719231010905134,-0.25221316146687245,-0.4334532656140757,0.17702944344966803,0.9186455984524596,-1.2565258033934168,1.797674710536883,-0.1559034003260198,2.1500431392163897,0.3311254114775592
-0.26888133301236267,-0.46277547799912605,0.1776022915688654,-0.26883338120320754,-0.4625551172089676,0.17735502998133318,0.9287703300137756,-1.2131945897319982,1.7534055411269271,-0.3068847498247531,2.1658914416642965,0.0802750637229796
-0.2858686820036044,-0.49124219997912544,0.1773142620202425,-0.285698683727975,-0.49108771892250536,0.17714405023249646,0.9484706322909808,-1.1038819204041252,1.580666805620437,-0.105179539234526,2.2751971794049304,0.1142423329090296
-0.3022405361822987,-0.5201821485708126,0.1784505545474494,-0.3022136169920652,-0.5199601904032741,0.17808518616917798,0.9767797423329928,-1.0774141270697908,1.603605057097198,-0.6369054700935619,2.52059014007782,-0.023253600211853
-0.31857928615454384,-0.5495514205477176,0.17840736748766298,-0.31863524993724124,-0.5493401258644359,0.17829038169233982,0.9668258875916268,-1.0385196085693007,1.5653900182450684,-0.7371842916322819,2.3580493199841035,-0.0626842248024504
-0.3357482533159864,-0.5783426154383216,0.17726392639006994,-0.3356296040586384,-0.5782060967345991,0.1771903760141863,0.95345382900061,-0.9210072033945448,1.2879398521798435,-0.1006728979361679,2.1748598352607464,0.2155942286231744
-0.3525727054611467,-0.6069169802480516,0.17737328801766558,-0.35246519916532937,-0.6067780110137984,0.17725497359689896,0.9727837010169864,-0.8152789480401981,1.1091176978326232,-0.0175282430592633,2.337695271210809,0.315002147084062
-0.5385648423090283,-0.27003014133124686,0.3446563201161465,-0.538565148513422,-0.26989257951578516,0.3444752876189024,0.3073615639620701,-1.3045788770447144,1.497361579185105,-0.3617885802893776,1.75048150667811,0.0410078978131958
-0.5089474426558516,-0.25444044911111136,0.3441493754961188,-0.5089280988689894,-0.25442774358108317,0.34392459855064494,0.3076335843795812,-1.3399084333217364,1.4929527890484398,-0.100243653931745,1.8176156792000429,0.0568192647185399
-0.47909431214161063,-0.23949946445803325,0.3440501703304837,-0.4790839678024243,-0.23950897434709156,0.34375318278268124,0.286505222631614,-1.4144971275715357,1.57452073353069,-0.0620829523161381,1.744653302972872,-0.0008966321472412
-0.44904360464612697,-0.22505598326289927,0.3435458943199291,-0.44907900055169403,-0.2250562359879911,0.34344280612160805,0.2271030665331497,-1.5011675952416113,1.666822070552989,-0.0409188388484911,1.4626433812067772,0.1376205013938669
-0.4191727422640699,-0.20993642024950918,0.3446800878338569,-0.41927083297505796,-0.20984960729704094,0.34435901483534287,0.2517527873556395,-1.618797458641059,1.8420253049565591,-0.361616980746219,1.6949924631080568,0.1452344095146056
-0.389468748739572,-0.1947338837443411,0.3442343222634784,-0.3895365940197112,-0.1947021927497393,0.3439876475223069,0.2286534490100789,-1.6831008601452893,1.8728540932340008,-0.2079459284377911,1.6621335462466726,-0.0454248268096213
-0.3595158309438884,-0.18023070662787413,0.3444496916853803,-0.35953058261701765,-0.18013795147655093,0.3443550278921946,0.1825197153933575,-1.8052152625836069,2.014142019456049,-0.4048685714027584,1.540329797835903,-0.0628481830041085
-0.5685121549937914,-0.2847757737280997,0.3438265577056748,-0.5685721208087176,-0.28477412067968794,0.3435609946111216,0.3026103561780564,-1.1737827340690128,1.25722429971103,0.0403532859455251,1.6497537768335544,-0.1061297269344789
-0.6975343532267972,-0.08289397381891328,-0.10092955114469408,-0.6973742888107725,-0.08265880158524168,-0.10121450283250881,-0.0681178648460885,-0.5211638283588775,1.353080827599375,-0.5931342624966733,1.3347082661694536,0.0433253580333876
